ISO-10303-21;
HEADER;
FILE_DESCRIPTION(('Open CASCADE Model'),'2;1');
FILE_NAME('Open CASCADE Shape Model','2026-09-10T14:48:55',('Author'),(
    'Open CASCADE'),'Open CASCADE STEP processor 7.9','Open CASCADE 7.9'
  ,'Unknown');
FILE_SCHEMA(('AUTOMOTIVE_DESIGN { 1 0 10303 214 1 1 1 1 }'));
ENDSEC;
DATA;
#1 = APPLICATION_PROTOCOL_DEFINITION('international standard',
  'automotive_design',2000,#2);
#2 = APPLICATION_CONTEXT(
  'core data for automotive mechanical design processes');
#3 = SHAPE_DEFINITION_REPRESENTATION(#4,#10);
#4 = PRODUCT_DEFINITION_SHAPE('','',#5);
#5 = PRODUCT_DEFINITION('design','',#6,#9);
#6 = PRODUCT_DEFINITION_FORMATION('','',#7);
#7 = PRODUCT('atlas2_mast_mount','atlas2_mast_mount','',(#8));
#8 = PRODUCT_CONTEXT('',#2,'mechanical');
#9 = PRODUCT_DEFINITION_CONTEXT('part definition',#2,'design');
#10 = SHAPE_REPRESENTATION('',(#11,#15,#19,#23),#27);
#11 = AXIS2_PLACEMENT_3D('',#12,#13,#14);
#12 = CARTESIAN_POINT('',(0.,0.,0.));
#13 = DIRECTION('',(0.,0.,1.));
#14 = DIRECTION('',(1.,0.,-0.));
#15 = AXIS2_PLACEMENT_3D('',#16,#17,#18);
#16 = CARTESIAN_POINT('',(0.,0.,0.));
#17 = DIRECTION('',(0.,0.,1.));
#18 = DIRECTION('',(1.,0.,-0.));
#19 = AXIS2_PLACEMENT_3D('',#20,#21,#22);
#20 = CARTESIAN_POINT('',(0.,0.,0.));
#21 = DIRECTION('',(0.,0.,1.));
#22 = DIRECTION('',(1.,0.,-0.));
#23 = AXIS2_PLACEMENT_3D('',#24,#25,#26);
#24 = CARTESIAN_POINT('',(0.,0.,0.));
#25 = DIRECTION('',(0.,0.,1.));
#26 = DIRECTION('',(1.,0.,-0.));
#27 = ( GEOMETRIC_REPRESENTATION_CONTEXT(3) 
GLOBAL_UNCERTAINTY_ASSIGNED_CONTEXT((#31)) GLOBAL_UNIT_ASSIGNED_CONTEXT(
(#28,#29,#30)) REPRESENTATION_CONTEXT('Context #1',
  '3D Context with UNIT and UNCERTAINTY') );
#28 = ( LENGTH_UNIT() NAMED_UNIT(*) SI_UNIT(.MILLI.,.METRE.) );
#29 = ( NAMED_UNIT(*) PLANE_ANGLE_UNIT() SI_UNIT($,.RADIAN.) );
#30 = ( NAMED_UNIT(*) SI_UNIT($,.STERADIAN.) SOLID_ANGLE_UNIT() );
#31 = UNCERTAINTY_MEASURE_WITH_UNIT(LENGTH_MEASURE(1.E-07),#28,
  'distance_accuracy_value','confusion accuracy');
#32 = PRODUCT_RELATED_PRODUCT_CATEGORY('part',$,(#7));
#33 = SHAPE_DEFINITION_REPRESENTATION(#34,#40);
#34 = PRODUCT_DEFINITION_SHAPE('','',#35);
#35 = PRODUCT_DEFINITION('design','',#36,#39);
#36 = PRODUCT_DEFINITION_FORMATION('','',#37);
#37 = PRODUCT('cradle','cradle','',(#38));
#38 = PRODUCT_CONTEXT('',#2,'mechanical');
#39 = PRODUCT_DEFINITION_CONTEXT('part definition',#2,'design');
#40 = ADVANCED_BREP_SHAPE_REPRESENTATION('',(#11,#41),#11419);
#41 = MANIFOLD_SOLID_BREP('',#42);
#42 = CLOSED_SHELL('',(#43,#161,#237,#313,#422,#552,#624,#696,#766,#898,
    #1026,#1100,#1396,#1451,#1455,#1529,#1598,#1625,#1650,#1727,#1750,
    #1907,#2259,#2314,#2349,#2408,#2543,#2598,#2628,#2702,#2776,#2850,
    #2922,#2994,#3066,#3138,#3210,#3282,#3354,#3426,#3498,#3570,#3642,
    #3714,#3786,#3858,#3930,#4002,#4074,#4146,#4218,#4290,#4362,#4434,
    #4506,#4578,#4650,#4722,#4794,#4866,#4938,#5010,#5082,#5154,#5226,
    #5298,#5370,#5442,#5514,#5586,#5658,#5730,#5802,#5874,#5946,#6018,
    #6088,#6159,#6233,#6307,#6381,#6453,#6525,#6597,#6669,#6741,#6813,
    #6885,#6957,#7029,#7101,#7173,#7245,#7317,#7389,#7461,#7533,#7605,
    #7677,#7749,#7821,#7893,#7965,#8037,#8109,#8181,#8253,#8325,#8397,
    #8469,#8541,#8613,#8685,#8757,#8829,#8901,#8973,#9045,#9117,#9189,
    #9261,#9333,#9405,#9477,#9549,#9619,#9695,#9769,#9845,#9921,#9992,
    #10019,#10095,#10164,#10189,#10214,#10288,#10357,#10384,#10409,
    #10504,#10573,#10642,#10689,#10714,#10741,#10789,#10814,#10850,
    #10945,#10995,#11045,#11072,#11101,#11128,#11271,#11298));
#43 = ADVANCED_FACE('',(#44),#58,.F.);
#44 = FACE_BOUND('',#45,.F.);
#45 = EDGE_LOOP('',(#46,#81,#109,#137));
#46 = ORIENTED_EDGE('',*,*,#47,.F.);
#47 = EDGE_CURVE('',#48,#50,#52,.T.);
#48 = VERTEX_POINT('',#49);
#49 = CARTESIAN_POINT('',(64.322,-49.,57.94));
#50 = VERTEX_POINT('',#51);
#51 = CARTESIAN_POINT('',(64.322,-23.,57.94));
#52 = SURFACE_CURVE('',#53,(#57,#69),.PCURVE_S1.);
#53 = LINE('',#54,#55);
#54 = CARTESIAN_POINT('',(64.322,-49.,57.94));
#55 = VECTOR('',#56,1.);
#56 = DIRECTION('',(0.,1.,0.));
#57 = PCURVE('',#58,#63);
#58 = PLANE('',#59);
#59 = AXIS2_PLACEMENT_3D('',#60,#61,#62);
#60 = CARTESIAN_POINT('',(64.322,-49.,-61.64));
#61 = DIRECTION('',(1.,0.,0.));
#62 = DIRECTION('',(0.,0.,1.));
#63 = DEFINITIONAL_REPRESENTATION('',(#64),#68);
#64 = LINE('',#65,#66);
#65 = CARTESIAN_POINT('',(119.58,0.));
#66 = VECTOR('',#67,1.);
#67 = DIRECTION('',(0.,-1.));
#68 = ( GEOMETRIC_REPRESENTATION_CONTEXT(2) 
PARAMETRIC_REPRESENTATION_CONTEXT() REPRESENTATION_CONTEXT('2D SPACE',''
  ) );
#69 = PCURVE('',#70,#75);
#70 = PLANE('',#71);
#71 = AXIS2_PLACEMENT_3D('',#72,#73,#74);
#72 = CARTESIAN_POINT('',(64.322,-49.,57.94));
#73 = DIRECTION('',(0.,0.,1.));
#74 = DIRECTION('',(1.,0.,0.));
#75 = DEFINITIONAL_REPRESENTATION('',(#76),#80);
#76 = LINE('',#77,#78);
#77 = CARTESIAN_POINT('',(0.,0.));
#78 = VECTOR('',#79,1.);
#79 = DIRECTION('',(0.,1.));
#80 = ( GEOMETRIC_REPRESENTATION_CONTEXT(2) 
PARAMETRIC_REPRESENTATION_CONTEXT() REPRESENTATION_CONTEXT('2D SPACE',''
  ) );
#81 = ORIENTED_EDGE('',*,*,#82,.F.);
#82 = EDGE_CURVE('',#83,#48,#85,.T.);
#83 = VERTEX_POINT('',#84);
#84 = CARTESIAN_POINT('',(64.322,-49.,-61.64));
#85 = SURFACE_CURVE('',#86,(#90,#97),.PCURVE_S1.);
#86 = LINE('',#87,#88);
#87 = CARTESIAN_POINT('',(64.322,-49.,-61.64));
#88 = VECTOR('',#89,1.);
#89 = DIRECTION('',(0.,0.,1.));
#90 = PCURVE('',#58,#91);
#91 = DEFINITIONAL_REPRESENTATION('',(#92),#96);
#92 = LINE('',#93,#94);
#93 = CARTESIAN_POINT('',(0.,0.));
#94 = VECTOR('',#95,1.);
#95 = DIRECTION('',(1.,0.));
#96 = ( GEOMETRIC_REPRESENTATION_CONTEXT(2) 
PARAMETRIC_REPRESENTATION_CONTEXT() REPRESENTATION_CONTEXT('2D SPACE',''
  ) );
#97 = PCURVE('',#98,#103);
#98 = PLANE('',#99);
#99 = AXIS2_PLACEMENT_3D('',#100,#101,#102);
#100 = CARTESIAN_POINT('',(64.322,-49.,-61.64));
#101 = DIRECTION('',(0.,1.,0.));
#102 = DIRECTION('',(0.,0.,1.));
#103 = DEFINITIONAL_REPRESENTATION('',(#104),#108);
#104 = LINE('',#105,#106);
#105 = CARTESIAN_POINT('',(0.,0.));
#106 = VECTOR('',#107,1.);
#107 = DIRECTION('',(1.,0.));
#108 = ( GEOMETRIC_REPRESENTATION_CONTEXT(2) 
PARAMETRIC_REPRESENTATION_CONTEXT() REPRESENTATION_CONTEXT('2D SPACE',''
  ) );
#109 = ORIENTED_EDGE('',*,*,#110,.T.);
#110 = EDGE_CURVE('',#83,#111,#113,.T.);
#111 = VERTEX_POINT('',#112);
#112 = CARTESIAN_POINT('',(64.322,-23.,-61.64));
#113 = SURFACE_CURVE('',#114,(#118,#125),.PCURVE_S1.);
#114 = LINE('',#115,#116);
#115 = CARTESIAN_POINT('',(64.322,-49.,-61.64));
#116 = VECTOR('',#117,1.);
#117 = DIRECTION('',(0.,1.,0.));
#118 = PCURVE('',#58,#119);
#119 = DEFINITIONAL_REPRESENTATION('',(#120),#124);
#120 = LINE('',#121,#122);
#121 = CARTESIAN_POINT('',(0.,0.));
#122 = VECTOR('',#123,1.);
#123 = DIRECTION('',(0.,-1.));
#124 = ( GEOMETRIC_REPRESENTATION_CONTEXT(2) 
PARAMETRIC_REPRESENTATION_CONTEXT() REPRESENTATION_CONTEXT('2D SPACE',''
  ) );
#125 = PCURVE('',#126,#131);
#126 = PLANE('',#127);
#127 = AXIS2_PLACEMENT_3D('',#128,#129,#130);
#128 = CARTESIAN_POINT('',(64.322,-49.,-61.64));
#129 = DIRECTION('',(0.,0.,1.));
#130 = DIRECTION('',(1.,0.,0.));
#131 = DEFINITIONAL_REPRESENTATION('',(#132),#136);
#132 = LINE('',#133,#134);
#133 = CARTESIAN_POINT('',(0.,0.));
#134 = VECTOR('',#135,1.);
#135 = DIRECTION('',(0.,1.));
#136 = ( GEOMETRIC_REPRESENTATION_CONTEXT(2) 
PARAMETRIC_REPRESENTATION_CONTEXT() REPRESENTATION_CONTEXT('2D SPACE',''
  ) );
#137 = ORIENTED_EDGE('',*,*,#138,.T.);
#138 = EDGE_CURVE('',#111,#50,#139,.T.);
#139 = SURFACE_CURVE('',#140,(#144,#150),.PCURVE_S1.);
#140 = LINE('',#141,#142);
#141 = CARTESIAN_POINT('',(64.322,-23.,-61.64));
#142 = VECTOR('',#143,1.);
#143 = DIRECTION('',(0.,0.,1.));
#144 = PCURVE('',#58,#145);
#145 = DEFINITIONAL_REPRESENTATION('',(#146),#149);
#146 = B_SPLINE_CURVE_WITH_KNOTS('',1,(#147,#148),.UNSPECIFIED.,.F.,.F.,
  (2,2),(0.,119.58),.PIECEWISE_BEZIER_KNOTS.);
#147 = CARTESIAN_POINT('',(0.,-26.));
#148 = CARTESIAN_POINT('',(119.58,-26.));
#149 = ( GEOMETRIC_REPRESENTATION_CONTEXT(2) 
PARAMETRIC_REPRESENTATION_CONTEXT() REPRESENTATION_CONTEXT('2D SPACE',''
  ) );
#150 = PCURVE('',#151,#156);
#151 = PLANE('',#152);
#152 = AXIS2_PLACEMENT_3D('',#153,#154,#155);
#153 = CARTESIAN_POINT('',(57.,-23.,-61.64));
#154 = DIRECTION('',(0.,1.,0.));
#155 = DIRECTION('',(0.,0.,1.));
#156 = DEFINITIONAL_REPRESENTATION('',(#157),#160);
#157 = B_SPLINE_CURVE_WITH_KNOTS('',1,(#158,#159),.UNSPECIFIED.,.F.,.F.,
  (2,2),(0.,119.58),.PIECEWISE_BEZIER_KNOTS.);
#158 = CARTESIAN_POINT('',(0.,7.322));
#159 = CARTESIAN_POINT('',(119.58,7.322));
#160 = ( GEOMETRIC_REPRESENTATION_CONTEXT(2) 
PARAMETRIC_REPRESENTATION_CONTEXT() REPRESENTATION_CONTEXT('2D SPACE',''
  ) );
#161 = ADVANCED_FACE('',(#162),#98,.F.);
#162 = FACE_BOUND('',#163,.F.);
#163 = EDGE_LOOP('',(#164,#187,#188,#211));
#164 = ORIENTED_EDGE('',*,*,#165,.F.);
#165 = EDGE_CURVE('',#83,#166,#168,.T.);
#166 = VERTEX_POINT('',#167);
#167 = CARTESIAN_POINT('',(71.322,-49.,-61.64));
#168 = SURFACE_CURVE('',#169,(#173,#180),.PCURVE_S1.);
#169 = LINE('',#170,#171);
#170 = CARTESIAN_POINT('',(64.322,-49.,-61.64));
#171 = VECTOR('',#172,1.);
#172 = DIRECTION('',(1.,0.,0.));
#173 = PCURVE('',#98,#174);
#174 = DEFINITIONAL_REPRESENTATION('',(#175),#179);
#175 = LINE('',#176,#177);
#176 = CARTESIAN_POINT('',(0.,0.));
#177 = VECTOR('',#178,1.);
#178 = DIRECTION('',(0.,1.));
#179 = ( GEOMETRIC_REPRESENTATION_CONTEXT(2) 
PARAMETRIC_REPRESENTATION_CONTEXT() REPRESENTATION_CONTEXT('2D SPACE',''
  ) );
#180 = PCURVE('',#126,#181);
#181 = DEFINITIONAL_REPRESENTATION('',(#182),#186);
#182 = LINE('',#183,#184);
#183 = CARTESIAN_POINT('',(0.,0.));
#184 = VECTOR('',#185,1.);
#185 = DIRECTION('',(1.,0.));
#186 = ( GEOMETRIC_REPRESENTATION_CONTEXT(2) 
PARAMETRIC_REPRESENTATION_CONTEXT() REPRESENTATION_CONTEXT('2D SPACE',''
  ) );
#187 = ORIENTED_EDGE('',*,*,#82,.T.);
#188 = ORIENTED_EDGE('',*,*,#189,.T.);
#189 = EDGE_CURVE('',#48,#190,#192,.T.);
#190 = VERTEX_POINT('',#191);
#191 = CARTESIAN_POINT('',(71.322,-49.,57.94));
#192 = SURFACE_CURVE('',#193,(#197,#204),.PCURVE_S1.);
#193 = LINE('',#194,#195);
#194 = CARTESIAN_POINT('',(64.322,-49.,57.94));
#195 = VECTOR('',#196,1.);
#196 = DIRECTION('',(1.,0.,0.));
#197 = PCURVE('',#98,#198);
#198 = DEFINITIONAL_REPRESENTATION('',(#199),#203);
#199 = LINE('',#200,#201);
#200 = CARTESIAN_POINT('',(119.58,0.));
#201 = VECTOR('',#202,1.);
#202 = DIRECTION('',(0.,1.));
#203 = ( GEOMETRIC_REPRESENTATION_CONTEXT(2) 
PARAMETRIC_REPRESENTATION_CONTEXT() REPRESENTATION_CONTEXT('2D SPACE',''
  ) );
#204 = PCURVE('',#70,#205);
#205 = DEFINITIONAL_REPRESENTATION('',(#206),#210);
#206 = LINE('',#207,#208);
#207 = CARTESIAN_POINT('',(0.,0.));
#208 = VECTOR('',#209,1.);
#209 = DIRECTION('',(1.,0.));
#210 = ( GEOMETRIC_REPRESENTATION_CONTEXT(2) 
PARAMETRIC_REPRESENTATION_CONTEXT() REPRESENTATION_CONTEXT('2D SPACE',''
  ) );
#211 = ORIENTED_EDGE('',*,*,#212,.F.);
#212 = EDGE_CURVE('',#166,#190,#213,.T.);
#213 = SURFACE_CURVE('',#214,(#218,#225),.PCURVE_S1.);
#214 = LINE('',#215,#216);
#215 = CARTESIAN_POINT('',(71.322,-49.,-61.64));
#216 = VECTOR('',#217,1.);
#217 = DIRECTION('',(0.,0.,1.));
#218 = PCURVE('',#98,#219);
#219 = DEFINITIONAL_REPRESENTATION('',(#220),#224);
#220 = LINE('',#221,#222);
#221 = CARTESIAN_POINT('',(0.,7.));
#222 = VECTOR('',#223,1.);
#223 = DIRECTION('',(1.,0.));
#224 = ( GEOMETRIC_REPRESENTATION_CONTEXT(2) 
PARAMETRIC_REPRESENTATION_CONTEXT() REPRESENTATION_CONTEXT('2D SPACE',''
  ) );
#225 = PCURVE('',#226,#231);
#226 = PLANE('',#227);
#227 = AXIS2_PLACEMENT_3D('',#228,#229,#230);
#228 = CARTESIAN_POINT('',(71.322,-49.,-61.64));
#229 = DIRECTION('',(1.,0.,0.));
#230 = DIRECTION('',(0.,0.,1.));
#231 = DEFINITIONAL_REPRESENTATION('',(#232),#236);
#232 = LINE('',#233,#234);
#233 = CARTESIAN_POINT('',(0.,0.));
#234 = VECTOR('',#235,1.);
#235 = DIRECTION('',(1.,0.));
#236 = ( GEOMETRIC_REPRESENTATION_CONTEXT(2) 
PARAMETRIC_REPRESENTATION_CONTEXT() REPRESENTATION_CONTEXT('2D SPACE',''
  ) );
#237 = ADVANCED_FACE('',(#238),#226,.T.);
#238 = FACE_BOUND('',#239,.T.);
#239 = EDGE_LOOP('',(#240,#263,#264,#287));
#240 = ORIENTED_EDGE('',*,*,#241,.F.);
#241 = EDGE_CURVE('',#190,#242,#244,.T.);
#242 = VERTEX_POINT('',#243);
#243 = CARTESIAN_POINT('',(71.322,-47.74,57.94));
#244 = SURFACE_CURVE('',#245,(#249,#256),.PCURVE_S1.);
#245 = LINE('',#246,#247);
#246 = CARTESIAN_POINT('',(71.322,-49.,57.94));
#247 = VECTOR('',#248,1.);
#248 = DIRECTION('',(0.,1.,0.));
#249 = PCURVE('',#226,#250);
#250 = DEFINITIONAL_REPRESENTATION('',(#251),#255);
#251 = LINE('',#252,#253);
#252 = CARTESIAN_POINT('',(119.58,0.));
#253 = VECTOR('',#254,1.);
#254 = DIRECTION('',(0.,-1.));
#255 = ( GEOMETRIC_REPRESENTATION_CONTEXT(2) 
PARAMETRIC_REPRESENTATION_CONTEXT() REPRESENTATION_CONTEXT('2D SPACE',''
  ) );
#256 = PCURVE('',#70,#257);
#257 = DEFINITIONAL_REPRESENTATION('',(#258),#262);
#258 = LINE('',#259,#260);
#259 = CARTESIAN_POINT('',(7.,0.));
#260 = VECTOR('',#261,1.);
#261 = DIRECTION('',(0.,1.));
#262 = ( GEOMETRIC_REPRESENTATION_CONTEXT(2) 
PARAMETRIC_REPRESENTATION_CONTEXT() REPRESENTATION_CONTEXT('2D SPACE',''
  ) );
#263 = ORIENTED_EDGE('',*,*,#212,.F.);
#264 = ORIENTED_EDGE('',*,*,#265,.F.);
#265 = EDGE_CURVE('',#266,#166,#268,.T.);
#266 = VERTEX_POINT('',#267);
#267 = CARTESIAN_POINT('',(71.322,-47.74,-61.64));
#268 = SURFACE_CURVE('',#269,(#273,#280),.PCURVE_S1.);
#269 = LINE('',#270,#271);
#270 = CARTESIAN_POINT('',(71.322,49.,-61.64));
#271 = VECTOR('',#272,1.);
#272 = DIRECTION('',(0.,-1.,0.));
#273 = PCURVE('',#226,#274);
#274 = DEFINITIONAL_REPRESENTATION('',(#275),#279);
#275 = LINE('',#276,#277);
#276 = CARTESIAN_POINT('',(0.,-98.));
#277 = VECTOR('',#278,1.);
#278 = DIRECTION('',(0.,1.));
#279 = ( GEOMETRIC_REPRESENTATION_CONTEXT(2) 
PARAMETRIC_REPRESENTATION_CONTEXT() REPRESENTATION_CONTEXT('2D SPACE',''
  ) );
#280 = PCURVE('',#126,#281);
#281 = DEFINITIONAL_REPRESENTATION('',(#282),#286);
#282 = LINE('',#283,#284);
#283 = CARTESIAN_POINT('',(7.,98.));
#284 = VECTOR('',#285,1.);
#285 = DIRECTION('',(0.,-1.));
#286 = ( GEOMETRIC_REPRESENTATION_CONTEXT(2) 
PARAMETRIC_REPRESENTATION_CONTEXT() REPRESENTATION_CONTEXT('2D SPACE',''
  ) );
#287 = ORIENTED_EDGE('',*,*,#288,.T.);
#288 = EDGE_CURVE('',#266,#242,#289,.T.);
#289 = SURFACE_CURVE('',#290,(#294,#301),.PCURVE_S1.);
#290 = LINE('',#291,#292);
#291 = CARTESIAN_POINT('',(71.322,-47.74,-61.64));
#292 = VECTOR('',#293,1.);
#293 = DIRECTION('',(0.,0.,1.));
#294 = PCURVE('',#226,#295);
#295 = DEFINITIONAL_REPRESENTATION('',(#296),#300);
#296 = LINE('',#297,#298);
#297 = CARTESIAN_POINT('',(0.,-1.26));
#298 = VECTOR('',#299,1.);
#299 = DIRECTION('',(1.,0.));
#300 = ( GEOMETRIC_REPRESENTATION_CONTEXT(2) 
PARAMETRIC_REPRESENTATION_CONTEXT() REPRESENTATION_CONTEXT('2D SPACE',''
  ) );
#301 = PCURVE('',#302,#307);
#302 = PLANE('',#303);
#303 = AXIS2_PLACEMENT_3D('',#304,#305,#306);
#304 = CARTESIAN_POINT('',(71.322,-47.74,-61.64));
#305 = DIRECTION('',(0.,1.,0.));
#306 = DIRECTION('',(0.,0.,1.));
#307 = DEFINITIONAL_REPRESENTATION('',(#308),#312);
#308 = LINE('',#309,#310);
#309 = CARTESIAN_POINT('',(0.,0.));
#310 = VECTOR('',#311,1.);
#311 = DIRECTION('',(1.,0.));
#312 = ( GEOMETRIC_REPRESENTATION_CONTEXT(2) 
PARAMETRIC_REPRESENTATION_CONTEXT() REPRESENTATION_CONTEXT('2D SPACE',''
  ) );
#313 = ADVANCED_FACE('',(#314),#302,.F.);
#314 = FACE_BOUND('',#315,.F.);
#315 = EDGE_LOOP('',(#316,#339,#340,#368,#396));
#316 = ORIENTED_EDGE('',*,*,#317,.T.);
#317 = EDGE_CURVE('',#318,#266,#320,.T.);
#318 = VERTEX_POINT('',#319);
#319 = CARTESIAN_POINT('',(88.772,-47.74,-61.64));
#320 = SURFACE_CURVE('',#321,(#325,#332),.PCURVE_S1.);
#321 = LINE('',#322,#323);
#322 = CARTESIAN_POINT('',(88.772,-47.74,-61.64));
#323 = VECTOR('',#324,1.);
#324 = DIRECTION('',(-1.,0.,0.));
#325 = PCURVE('',#302,#326);
#326 = DEFINITIONAL_REPRESENTATION('',(#327),#331);
#327 = LINE('',#328,#329);
#328 = CARTESIAN_POINT('',(0.,17.45));
#329 = VECTOR('',#330,1.);
#330 = DIRECTION('',(0.,-1.));
#331 = ( GEOMETRIC_REPRESENTATION_CONTEXT(2) 
PARAMETRIC_REPRESENTATION_CONTEXT() REPRESENTATION_CONTEXT('2D SPACE',''
  ) );
#332 = PCURVE('',#126,#333);
#333 = DEFINITIONAL_REPRESENTATION('',(#334),#338);
#334 = LINE('',#335,#336);
#335 = CARTESIAN_POINT('',(24.45,1.26));
#336 = VECTOR('',#337,1.);
#337 = DIRECTION('',(-1.,0.));
#338 = ( GEOMETRIC_REPRESENTATION_CONTEXT(2) 
PARAMETRIC_REPRESENTATION_CONTEXT() REPRESENTATION_CONTEXT('2D SPACE',''
  ) );
#339 = ORIENTED_EDGE('',*,*,#288,.T.);
#340 = ORIENTED_EDGE('',*,*,#341,.T.);
#341 = EDGE_CURVE('',#242,#342,#344,.T.);
#342 = VERTEX_POINT('',#343);
#343 = CARTESIAN_POINT('',(71.322,-47.74,58.04));
#344 = SURFACE_CURVE('',#345,(#349,#356),.PCURVE_S1.);
#345 = LINE('',#346,#347);
#346 = CARTESIAN_POINT('',(71.322,-47.74,-61.64));
#347 = VECTOR('',#348,1.);
#348 = DIRECTION('',(0.,0.,1.));
#349 = PCURVE('',#302,#350);
#350 = DEFINITIONAL_REPRESENTATION('',(#351),#355);
#351 = LINE('',#352,#353);
#352 = CARTESIAN_POINT('',(0.,0.));
#353 = VECTOR('',#354,1.);
#354 = DIRECTION('',(1.,0.));
#355 = ( GEOMETRIC_REPRESENTATION_CONTEXT(2) 
PARAMETRIC_REPRESENTATION_CONTEXT() REPRESENTATION_CONTEXT('2D SPACE',''
  ) );
#356 = PCURVE('',#357,#362);
#357 = PLANE('',#358);
#358 = AXIS2_PLACEMENT_3D('',#359,#360,#361);
#359 = CARTESIAN_POINT('',(71.322,-47.74,-61.64));
#360 = DIRECTION('',(1.,0.,0.));
#361 = DIRECTION('',(0.,0.,1.));
#362 = DEFINITIONAL_REPRESENTATION('',(#363),#367);
#363 = LINE('',#364,#365);
#364 = CARTESIAN_POINT('',(0.,0.));
#365 = VECTOR('',#366,1.);
#366 = DIRECTION('',(1.,0.));
#367 = ( GEOMETRIC_REPRESENTATION_CONTEXT(2) 
PARAMETRIC_REPRESENTATION_CONTEXT() REPRESENTATION_CONTEXT('2D SPACE',''
  ) );
#368 = ORIENTED_EDGE('',*,*,#369,.F.);
#369 = EDGE_CURVE('',#370,#342,#372,.T.);
#370 = VERTEX_POINT('',#371);
#371 = CARTESIAN_POINT('',(88.772,-47.74,58.04));
#372 = SURFACE_CURVE('',#373,(#377,#384),.PCURVE_S1.);
#373 = LINE('',#374,#375);
#374 = CARTESIAN_POINT('',(88.772,-47.74,58.04));
#375 = VECTOR('',#376,1.);
#376 = DIRECTION('',(-1.,0.,0.));
#377 = PCURVE('',#302,#378);
#378 = DEFINITIONAL_REPRESENTATION('',(#379),#383);
#379 = LINE('',#380,#381);
#380 = CARTESIAN_POINT('',(119.68,17.45));
#381 = VECTOR('',#382,1.);
#382 = DIRECTION('',(0.,-1.));
#383 = ( GEOMETRIC_REPRESENTATION_CONTEXT(2) 
PARAMETRIC_REPRESENTATION_CONTEXT() REPRESENTATION_CONTEXT('2D SPACE',''
  ) );
#384 = PCURVE('',#385,#390);
#385 = PLANE('',#386);
#386 = AXIS2_PLACEMENT_3D('',#387,#388,#389);
#387 = CARTESIAN_POINT('',(71.322,-47.74,58.04));
#388 = DIRECTION('',(0.,0.,1.));
#389 = DIRECTION('',(1.,0.,0.));
#390 = DEFINITIONAL_REPRESENTATION('',(#391),#395);
#391 = LINE('',#392,#393);
#392 = CARTESIAN_POINT('',(17.45,0.));
#393 = VECTOR('',#394,1.);
#394 = DIRECTION('',(-1.,0.));
#395 = ( GEOMETRIC_REPRESENTATION_CONTEXT(2) 
PARAMETRIC_REPRESENTATION_CONTEXT() REPRESENTATION_CONTEXT('2D SPACE',''
  ) );
#396 = ORIENTED_EDGE('',*,*,#397,.F.);
#397 = EDGE_CURVE('',#318,#370,#398,.T.);
#398 = SURFACE_CURVE('',#399,(#403,#410),.PCURVE_S1.);
#399 = LINE('',#400,#401);
#400 = CARTESIAN_POINT('',(88.772,-47.74,-61.64));
#401 = VECTOR('',#402,1.);
#402 = DIRECTION('',(0.,0.,1.));
#403 = PCURVE('',#302,#404);
#404 = DEFINITIONAL_REPRESENTATION('',(#405),#409);
#405 = LINE('',#406,#407);
#406 = CARTESIAN_POINT('',(0.,17.45));
#407 = VECTOR('',#408,1.);
#408 = DIRECTION('',(1.,0.));
#409 = ( GEOMETRIC_REPRESENTATION_CONTEXT(2) 
PARAMETRIC_REPRESENTATION_CONTEXT() REPRESENTATION_CONTEXT('2D SPACE',''
  ) );
#410 = PCURVE('',#411,#416);
#411 = PLANE('',#412);
#412 = AXIS2_PLACEMENT_3D('',#413,#414,#415);
#413 = CARTESIAN_POINT('',(88.772,44.74,-61.64));
#414 = DIRECTION('',(1.,0.,0.));
#415 = DIRECTION('',(0.,0.,1.));
#416 = DEFINITIONAL_REPRESENTATION('',(#417),#421);
#417 = LINE('',#418,#419);
#418 = CARTESIAN_POINT('',(0.,92.48));
#419 = VECTOR('',#420,1.);
#420 = DIRECTION('',(1.,0.));
#421 = ( GEOMETRIC_REPRESENTATION_CONTEXT(2) 
PARAMETRIC_REPRESENTATION_CONTEXT() REPRESENTATION_CONTEXT('2D SPACE',''
  ) );
#422 = ADVANCED_FACE('',(#423),#411,.T.);
#423 = FACE_BOUND('',#424,.T.);
#424 = EDGE_LOOP('',(#425,#448,#474,#502,#530,#551));
#425 = ORIENTED_EDGE('',*,*,#426,.F.);
#426 = EDGE_CURVE('',#427,#318,#429,.T.);
#427 = VERTEX_POINT('',#428);
#428 = CARTESIAN_POINT('',(88.772,-39.04,-61.64));
#429 = SURFACE_CURVE('',#430,(#434,#441),.PCURVE_S1.);
#430 = LINE('',#431,#432);
#431 = CARTESIAN_POINT('',(88.772,47.74,-61.64));
#432 = VECTOR('',#433,1.);
#433 = DIRECTION('',(0.,-1.,7.441796562213E-17));
#434 = PCURVE('',#411,#435);
#435 = DEFINITIONAL_REPRESENTATION('',(#436),#440);
#436 = LINE('',#437,#438);
#437 = CARTESIAN_POINT('',(-7.105427357601E-15,-3.));
#438 = VECTOR('',#439,1.);
#439 = DIRECTION('',(7.441796562213E-17,1.));
#440 = ( GEOMETRIC_REPRESENTATION_CONTEXT(2) 
PARAMETRIC_REPRESENTATION_CONTEXT() REPRESENTATION_CONTEXT('2D SPACE',''
  ) );
#441 = PCURVE('',#126,#442);
#442 = DEFINITIONAL_REPRESENTATION('',(#443),#447);
#443 = LINE('',#444,#445);
#444 = CARTESIAN_POINT('',(24.45,96.74));
#445 = VECTOR('',#446,1.);
#446 = DIRECTION('',(0.,-1.));
#447 = ( GEOMETRIC_REPRESENTATION_CONTEXT(2) 
PARAMETRIC_REPRESENTATION_CONTEXT() REPRESENTATION_CONTEXT('2D SPACE',''
  ) );
#448 = ORIENTED_EDGE('',*,*,#449,.T.);
#449 = EDGE_CURVE('',#427,#450,#452,.T.);
#450 = VERTEX_POINT('',#451);
#451 = CARTESIAN_POINT('',(88.772,-39.04,-57.64));
#452 = SURFACE_CURVE('',#453,(#457,#463),.PCURVE_S1.);
#453 = LINE('',#454,#455);
#454 = CARTESIAN_POINT('',(88.772,-39.04,-62.14));
#455 = VECTOR('',#456,1.);
#456 = DIRECTION('',(0.,0.,1.));
#457 = PCURVE('',#411,#458);
#458 = DEFINITIONAL_REPRESENTATION('',(#459),#462);
#459 = B_SPLINE_CURVE_WITH_KNOTS('',1,(#460,#461),.UNSPECIFIED.,.F.,.F.,
  (2,2),(0.5,5.1),.PIECEWISE_BEZIER_KNOTS.);
#460 = CARTESIAN_POINT('',(-7.105427357601E-15,83.78));
#461 = CARTESIAN_POINT('',(4.6,83.78));
#462 = ( GEOMETRIC_REPRESENTATION_CONTEXT(2) 
PARAMETRIC_REPRESENTATION_CONTEXT() REPRESENTATION_CONTEXT('2D SPACE',''
  ) );
#463 = PCURVE('',#464,#469);
#464 = PLANE('',#465);
#465 = AXIS2_PLACEMENT_3D('',#466,#467,#468);
#466 = CARTESIAN_POINT('',(77.552,-39.04,-62.64));
#467 = DIRECTION('',(0.,1.,0.));
#468 = DIRECTION('',(0.,0.,1.));
#469 = DEFINITIONAL_REPRESENTATION('',(#470),#473);
#470 = B_SPLINE_CURVE_WITH_KNOTS('',1,(#471,#472),.UNSPECIFIED.,.F.,.F.,
  (2,2),(0.5,5.1),.PIECEWISE_BEZIER_KNOTS.);
#471 = CARTESIAN_POINT('',(1.,11.22));
#472 = CARTESIAN_POINT('',(5.6,11.22));
#473 = ( GEOMETRIC_REPRESENTATION_CONTEXT(2) 
PARAMETRIC_REPRESENTATION_CONTEXT() REPRESENTATION_CONTEXT('2D SPACE',''
  ) );
#474 = ORIENTED_EDGE('',*,*,#475,.F.);
#475 = EDGE_CURVE('',#476,#450,#478,.T.);
#476 = VERTEX_POINT('',#477);
#477 = CARTESIAN_POINT('',(88.772,-41.44,-57.64));
#478 = SURFACE_CURVE('',#479,(#483,#490),.PCURVE_S1.);
#479 = LINE('',#480,#481);
#480 = CARTESIAN_POINT('',(88.772,-47.74,-57.64));
#481 = VECTOR('',#482,1.);
#482 = DIRECTION('',(0.,1.,0.));
#483 = PCURVE('',#411,#484);
#484 = DEFINITIONAL_REPRESENTATION('',(#485),#489);
#485 = LINE('',#486,#487);
#486 = CARTESIAN_POINT('',(4.,92.48));
#487 = VECTOR('',#488,1.);
#488 = DIRECTION('',(0.,-1.));
#489 = ( GEOMETRIC_REPRESENTATION_CONTEXT(2) 
PARAMETRIC_REPRESENTATION_CONTEXT() REPRESENTATION_CONTEXT('2D SPACE',''
  ) );
#490 = PCURVE('',#491,#496);
#491 = PLANE('',#492);
#492 = AXIS2_PLACEMENT_3D('',#493,#494,#495);
#493 = CARTESIAN_POINT('',(71.322,-47.74,-57.64));
#494 = DIRECTION('',(0.,0.,1.));
#495 = DIRECTION('',(1.,0.,0.));
#496 = DEFINITIONAL_REPRESENTATION('',(#497),#501);
#497 = LINE('',#498,#499);
#498 = CARTESIAN_POINT('',(17.45,0.));
#499 = VECTOR('',#500,1.);
#500 = DIRECTION('',(0.,1.));
#501 = ( GEOMETRIC_REPRESENTATION_CONTEXT(2) 
PARAMETRIC_REPRESENTATION_CONTEXT() REPRESENTATION_CONTEXT('2D SPACE',''
  ) );
#502 = ORIENTED_EDGE('',*,*,#503,.T.);
#503 = EDGE_CURVE('',#476,#504,#506,.T.);
#504 = VERTEX_POINT('',#505);
#505 = CARTESIAN_POINT('',(88.772,-41.44,58.04));
#506 = SURFACE_CURVE('',#507,(#511,#518),.PCURVE_S1.);
#507 = LINE('',#508,#509);
#508 = CARTESIAN_POINT('',(88.772,-41.44,-61.64));
#509 = VECTOR('',#510,1.);
#510 = DIRECTION('',(0.,0.,1.));
#511 = PCURVE('',#411,#512);
#512 = DEFINITIONAL_REPRESENTATION('',(#513),#517);
#513 = LINE('',#514,#515);
#514 = CARTESIAN_POINT('',(0.,86.18));
#515 = VECTOR('',#516,1.);
#516 = DIRECTION('',(1.,0.));
#517 = ( GEOMETRIC_REPRESENTATION_CONTEXT(2) 
PARAMETRIC_REPRESENTATION_CONTEXT() REPRESENTATION_CONTEXT('2D SPACE',''
  ) );
#518 = PCURVE('',#519,#524);
#519 = PLANE('',#520);
#520 = AXIS2_PLACEMENT_3D('',#521,#522,#523);
#521 = CARTESIAN_POINT('',(85.772,-41.44,-61.64));
#522 = DIRECTION('',(0.,1.,0.));
#523 = DIRECTION('',(0.,0.,1.));
#524 = DEFINITIONAL_REPRESENTATION('',(#525),#529);
#525 = LINE('',#526,#527);
#526 = CARTESIAN_POINT('',(0.,3.));
#527 = VECTOR('',#528,1.);
#528 = DIRECTION('',(1.,0.));
#529 = ( GEOMETRIC_REPRESENTATION_CONTEXT(2) 
PARAMETRIC_REPRESENTATION_CONTEXT() REPRESENTATION_CONTEXT('2D SPACE',''
  ) );
#530 = ORIENTED_EDGE('',*,*,#531,.F.);
#531 = EDGE_CURVE('',#370,#504,#532,.T.);
#532 = SURFACE_CURVE('',#533,(#537,#544),.PCURVE_S1.);
#533 = LINE('',#534,#535);
#534 = CARTESIAN_POINT('',(88.772,-47.74,58.04));
#535 = VECTOR('',#536,1.);
#536 = DIRECTION('',(0.,1.,0.));
#537 = PCURVE('',#411,#538);
#538 = DEFINITIONAL_REPRESENTATION('',(#539),#543);
#539 = LINE('',#540,#541);
#540 = CARTESIAN_POINT('',(119.68,92.48));
#541 = VECTOR('',#542,1.);
#542 = DIRECTION('',(0.,-1.));
#543 = ( GEOMETRIC_REPRESENTATION_CONTEXT(2) 
PARAMETRIC_REPRESENTATION_CONTEXT() REPRESENTATION_CONTEXT('2D SPACE',''
  ) );
#544 = PCURVE('',#385,#545);
#545 = DEFINITIONAL_REPRESENTATION('',(#546),#550);
#546 = LINE('',#547,#548);
#547 = CARTESIAN_POINT('',(17.45,0.));
#548 = VECTOR('',#549,1.);
#549 = DIRECTION('',(0.,1.));
#550 = ( GEOMETRIC_REPRESENTATION_CONTEXT(2) 
PARAMETRIC_REPRESENTATION_CONTEXT() REPRESENTATION_CONTEXT('2D SPACE',''
  ) );
#551 = ORIENTED_EDGE('',*,*,#397,.F.);
#552 = ADVANCED_FACE('',(#553),#464,.T.);
#553 = FACE_BOUND('',#554,.T.);
#554 = EDGE_LOOP('',(#555,#576,#604,#623));
#555 = ORIENTED_EDGE('',*,*,#556,.T.);
#556 = EDGE_CURVE('',#427,#557,#559,.T.);
#557 = VERTEX_POINT('',#558);
#558 = CARTESIAN_POINT('',(77.552,-39.04,-61.64));
#559 = SURFACE_CURVE('',#560,(#564,#570),.PCURVE_S1.);
#560 = LINE('',#561,#562);
#561 = CARTESIAN_POINT('',(70.937,-39.04,-61.64));
#562 = VECTOR('',#563,1.);
#563 = DIRECTION('',(-1.,0.,0.));
#564 = PCURVE('',#464,#565);
#565 = DEFINITIONAL_REPRESENTATION('',(#566),#569);
#566 = B_SPLINE_CURVE_WITH_KNOTS('',1,(#567,#568),.UNSPECIFIED.,.F.,.F.,
  (2,2),(-17.835,-6.615),.PIECEWISE_BEZIER_KNOTS.);
#567 = CARTESIAN_POINT('',(1.,11.22));
#568 = CARTESIAN_POINT('',(1.,0.));
#569 = ( GEOMETRIC_REPRESENTATION_CONTEXT(2) 
PARAMETRIC_REPRESENTATION_CONTEXT() REPRESENTATION_CONTEXT('2D SPACE',''
  ) );
#570 = PCURVE('',#126,#571);
#571 = DEFINITIONAL_REPRESENTATION('',(#572),#575);
#572 = B_SPLINE_CURVE_WITH_KNOTS('',1,(#573,#574),.UNSPECIFIED.,.F.,.F.,
  (2,2),(-17.835,-6.615),.PIECEWISE_BEZIER_KNOTS.);
#573 = CARTESIAN_POINT('',(24.45,9.96));
#574 = CARTESIAN_POINT('',(13.23,9.96));
#575 = ( GEOMETRIC_REPRESENTATION_CONTEXT(2) 
PARAMETRIC_REPRESENTATION_CONTEXT() REPRESENTATION_CONTEXT('2D SPACE',''
  ) );
#576 = ORIENTED_EDGE('',*,*,#577,.T.);
#577 = EDGE_CURVE('',#557,#578,#580,.T.);
#578 = VERTEX_POINT('',#579);
#579 = CARTESIAN_POINT('',(77.552,-39.04,-57.64));
#580 = SURFACE_CURVE('',#581,(#585,#592),.PCURVE_S1.);
#581 = LINE('',#582,#583);
#582 = CARTESIAN_POINT('',(77.552,-39.04,-62.64));
#583 = VECTOR('',#584,1.);
#584 = DIRECTION('',(0.,0.,1.));
#585 = PCURVE('',#464,#586);
#586 = DEFINITIONAL_REPRESENTATION('',(#587),#591);
#587 = LINE('',#588,#589);
#588 = CARTESIAN_POINT('',(0.,0.));
#589 = VECTOR('',#590,1.);
#590 = DIRECTION('',(1.,0.));
#591 = ( GEOMETRIC_REPRESENTATION_CONTEXT(2) 
PARAMETRIC_REPRESENTATION_CONTEXT() REPRESENTATION_CONTEXT('2D SPACE',''
  ) );
#592 = PCURVE('',#593,#598);
#593 = PLANE('',#594);
#594 = AXIS2_PLACEMENT_3D('',#595,#596,#597);
#595 = CARTESIAN_POINT('',(77.552,-39.04,-62.64));
#596 = DIRECTION('',(1.,0.,0.));
#597 = DIRECTION('',(0.,0.,1.));
#598 = DEFINITIONAL_REPRESENTATION('',(#599),#603);
#599 = LINE('',#600,#601);
#600 = CARTESIAN_POINT('',(0.,0.));
#601 = VECTOR('',#602,1.);
#602 = DIRECTION('',(1.,0.));
#603 = ( GEOMETRIC_REPRESENTATION_CONTEXT(2) 
PARAMETRIC_REPRESENTATION_CONTEXT() REPRESENTATION_CONTEXT('2D SPACE',''
  ) );
#604 = ORIENTED_EDGE('',*,*,#605,.F.);
#605 = EDGE_CURVE('',#450,#578,#606,.T.);
#606 = SURFACE_CURVE('',#607,(#611,#617),.PCURVE_S1.);
#607 = LINE('',#608,#609);
#608 = CARTESIAN_POINT('',(74.437,-39.04,-57.64));
#609 = VECTOR('',#610,1.);
#610 = DIRECTION('',(-1.,0.,0.));
#611 = PCURVE('',#464,#612);
#612 = DEFINITIONAL_REPRESENTATION('',(#613),#616);
#613 = B_SPLINE_CURVE_WITH_KNOTS('',1,(#614,#615),.UNSPECIFIED.,.F.,.F.,
  (2,2),(-14.335,-3.115),.PIECEWISE_BEZIER_KNOTS.);
#614 = CARTESIAN_POINT('',(5.,11.22));
#615 = CARTESIAN_POINT('',(5.,0.));
#616 = ( GEOMETRIC_REPRESENTATION_CONTEXT(2) 
PARAMETRIC_REPRESENTATION_CONTEXT() REPRESENTATION_CONTEXT('2D SPACE',''
  ) );
#617 = PCURVE('',#491,#618);
#618 = DEFINITIONAL_REPRESENTATION('',(#619),#622);
#619 = B_SPLINE_CURVE_WITH_KNOTS('',1,(#620,#621),.UNSPECIFIED.,.F.,.F.,
  (2,2),(-14.335,-3.115),.PIECEWISE_BEZIER_KNOTS.);
#620 = CARTESIAN_POINT('',(17.45,8.7));
#621 = CARTESIAN_POINT('',(6.23,8.7));
#622 = ( GEOMETRIC_REPRESENTATION_CONTEXT(2) 
PARAMETRIC_REPRESENTATION_CONTEXT() REPRESENTATION_CONTEXT('2D SPACE',''
  ) );
#623 = ORIENTED_EDGE('',*,*,#449,.F.);
#624 = ADVANCED_FACE('',(#625),#593,.T.);
#625 = FACE_BOUND('',#626,.T.);
#626 = EDGE_LOOP('',(#627,#628,#649,#677));
#627 = ORIENTED_EDGE('',*,*,#577,.F.);
#628 = ORIENTED_EDGE('',*,*,#629,.T.);
#629 = EDGE_CURVE('',#557,#630,#632,.T.);
#630 = VERTEX_POINT('',#631);
#631 = CARTESIAN_POINT('',(77.552,-25.11,-61.64));
#632 = SURFACE_CURVE('',#633,(#637,#643),.PCURVE_S1.);
#633 = LINE('',#634,#635);
#634 = CARTESIAN_POINT('',(77.552,-44.02,-61.64));
#635 = VECTOR('',#636,1.);
#636 = DIRECTION('',(0.,1.,0.));
#637 = PCURVE('',#593,#638);
#638 = DEFINITIONAL_REPRESENTATION('',(#639),#642);
#639 = B_SPLINE_CURVE_WITH_KNOTS('',1,(#640,#641),.UNSPECIFIED.,.F.,.F.,
  (2,2),(4.98,18.91),.PIECEWISE_BEZIER_KNOTS.);
#640 = CARTESIAN_POINT('',(1.,0.));
#641 = CARTESIAN_POINT('',(1.,-13.93));
#642 = ( GEOMETRIC_REPRESENTATION_CONTEXT(2) 
PARAMETRIC_REPRESENTATION_CONTEXT() REPRESENTATION_CONTEXT('2D SPACE',''
  ) );
#643 = PCURVE('',#126,#644);
#644 = DEFINITIONAL_REPRESENTATION('',(#645),#648);
#645 = B_SPLINE_CURVE_WITH_KNOTS('',1,(#646,#647),.UNSPECIFIED.,.F.,.F.,
  (2,2),(4.98,18.91),.PIECEWISE_BEZIER_KNOTS.);
#646 = CARTESIAN_POINT('',(13.23,9.96));
#647 = CARTESIAN_POINT('',(13.23,23.89));
#648 = ( GEOMETRIC_REPRESENTATION_CONTEXT(2) 
PARAMETRIC_REPRESENTATION_CONTEXT() REPRESENTATION_CONTEXT('2D SPACE',''
  ) );
#649 = ORIENTED_EDGE('',*,*,#650,.T.);
#650 = EDGE_CURVE('',#630,#651,#653,.T.);
#651 = VERTEX_POINT('',#652);
#652 = CARTESIAN_POINT('',(77.552,-25.11,-57.64));
#653 = SURFACE_CURVE('',#654,(#658,#665),.PCURVE_S1.);
#654 = LINE('',#655,#656);
#655 = CARTESIAN_POINT('',(77.552,-25.11,-62.64));
#656 = VECTOR('',#657,1.);
#657 = DIRECTION('',(0.,0.,1.));
#658 = PCURVE('',#593,#659);
#659 = DEFINITIONAL_REPRESENTATION('',(#660),#664);
#660 = LINE('',#661,#662);
#661 = CARTESIAN_POINT('',(0.,-13.93));
#662 = VECTOR('',#663,1.);
#663 = DIRECTION('',(1.,0.));
#664 = ( GEOMETRIC_REPRESENTATION_CONTEXT(2) 
PARAMETRIC_REPRESENTATION_CONTEXT() REPRESENTATION_CONTEXT('2D SPACE',''
  ) );
#665 = PCURVE('',#666,#671);
#666 = PLANE('',#667);
#667 = AXIS2_PLACEMENT_3D('',#668,#669,#670);
#668 = CARTESIAN_POINT('',(77.552,-25.11,-62.64));
#669 = DIRECTION('',(0.,1.,0.));
#670 = DIRECTION('',(0.,0.,1.));
#671 = DEFINITIONAL_REPRESENTATION('',(#672),#676);
#672 = LINE('',#673,#674);
#673 = CARTESIAN_POINT('',(0.,0.));
#674 = VECTOR('',#675,1.);
#675 = DIRECTION('',(1.,0.));
#676 = ( GEOMETRIC_REPRESENTATION_CONTEXT(2) 
PARAMETRIC_REPRESENTATION_CONTEXT() REPRESENTATION_CONTEXT('2D SPACE',''
  ) );
#677 = ORIENTED_EDGE('',*,*,#678,.F.);
#678 = EDGE_CURVE('',#578,#651,#679,.T.);
#679 = SURFACE_CURVE('',#680,(#684,#690),.PCURVE_S1.);
#680 = LINE('',#681,#682);
#681 = CARTESIAN_POINT('',(77.552,-43.39,-57.64));
#682 = VECTOR('',#683,1.);
#683 = DIRECTION('',(0.,1.,0.));
#684 = PCURVE('',#593,#685);
#685 = DEFINITIONAL_REPRESENTATION('',(#686),#689);
#686 = B_SPLINE_CURVE_WITH_KNOTS('',1,(#687,#688),.UNSPECIFIED.,.F.,.F.,
  (2,2),(4.35,18.28),.PIECEWISE_BEZIER_KNOTS.);
#687 = CARTESIAN_POINT('',(5.,0.));
#688 = CARTESIAN_POINT('',(5.,-13.93));
#689 = ( GEOMETRIC_REPRESENTATION_CONTEXT(2) 
PARAMETRIC_REPRESENTATION_CONTEXT() REPRESENTATION_CONTEXT('2D SPACE',''
  ) );
#690 = PCURVE('',#491,#691);
#691 = DEFINITIONAL_REPRESENTATION('',(#692),#695);
#692 = B_SPLINE_CURVE_WITH_KNOTS('',1,(#693,#694),.UNSPECIFIED.,.F.,.F.,
  (2,2),(4.35,18.28),.PIECEWISE_BEZIER_KNOTS.);
#693 = CARTESIAN_POINT('',(6.23,8.7));
#694 = CARTESIAN_POINT('',(6.23,22.63));
#695 = ( GEOMETRIC_REPRESENTATION_CONTEXT(2) 
PARAMETRIC_REPRESENTATION_CONTEXT() REPRESENTATION_CONTEXT('2D SPACE',''
  ) );
#696 = ADVANCED_FACE('',(#697),#666,.F.);
#697 = FACE_BOUND('',#698,.F.);
#698 = EDGE_LOOP('',(#699,#720,#721,#742));
#699 = ORIENTED_EDGE('',*,*,#700,.T.);
#700 = EDGE_CURVE('',#701,#630,#703,.T.);
#701 = VERTEX_POINT('',#702);
#702 = CARTESIAN_POINT('',(88.772,-25.11,-61.64));
#703 = SURFACE_CURVE('',#704,(#708,#714),.PCURVE_S1.);
#704 = LINE('',#705,#706);
#705 = CARTESIAN_POINT('',(70.937,-25.11,-61.64));
#706 = VECTOR('',#707,1.);
#707 = DIRECTION('',(-1.,0.,0.));
#708 = PCURVE('',#666,#709);
#709 = DEFINITIONAL_REPRESENTATION('',(#710),#713);
#710 = B_SPLINE_CURVE_WITH_KNOTS('',1,(#711,#712),.UNSPECIFIED.,.F.,.F.,
  (2,2),(-17.835,-6.615),.PIECEWISE_BEZIER_KNOTS.);
#711 = CARTESIAN_POINT('',(1.,11.22));
#712 = CARTESIAN_POINT('',(1.,0.));
#713 = ( GEOMETRIC_REPRESENTATION_CONTEXT(2) 
PARAMETRIC_REPRESENTATION_CONTEXT() REPRESENTATION_CONTEXT('2D SPACE',''
  ) );
#714 = PCURVE('',#126,#715);
#715 = DEFINITIONAL_REPRESENTATION('',(#716),#719);
#716 = B_SPLINE_CURVE_WITH_KNOTS('',1,(#717,#718),.UNSPECIFIED.,.F.,.F.,
  (2,2),(-17.835,-6.615),.PIECEWISE_BEZIER_KNOTS.);
#717 = CARTESIAN_POINT('',(24.45,23.89));
#718 = CARTESIAN_POINT('',(13.23,23.89));
#719 = ( GEOMETRIC_REPRESENTATION_CONTEXT(2) 
PARAMETRIC_REPRESENTATION_CONTEXT() REPRESENTATION_CONTEXT('2D SPACE',''
  ) );
#720 = ORIENTED_EDGE('',*,*,#650,.T.);
#721 = ORIENTED_EDGE('',*,*,#722,.F.);
#722 = EDGE_CURVE('',#723,#651,#725,.T.);
#723 = VERTEX_POINT('',#724);
#724 = CARTESIAN_POINT('',(88.772,-25.11,-57.64));
#725 = SURFACE_CURVE('',#726,(#730,#736),.PCURVE_S1.);
#726 = LINE('',#727,#728);
#727 = CARTESIAN_POINT('',(74.437,-25.11,-57.64));
#728 = VECTOR('',#729,1.);
#729 = DIRECTION('',(-1.,0.,0.));
#730 = PCURVE('',#666,#731);
#731 = DEFINITIONAL_REPRESENTATION('',(#732),#735);
#732 = B_SPLINE_CURVE_WITH_KNOTS('',1,(#733,#734),.UNSPECIFIED.,.F.,.F.,
  (2,2),(-14.335,-3.115),.PIECEWISE_BEZIER_KNOTS.);
#733 = CARTESIAN_POINT('',(5.,11.22));
#734 = CARTESIAN_POINT('',(5.,0.));
#735 = ( GEOMETRIC_REPRESENTATION_CONTEXT(2) 
PARAMETRIC_REPRESENTATION_CONTEXT() REPRESENTATION_CONTEXT('2D SPACE',''
  ) );
#736 = PCURVE('',#491,#737);
#737 = DEFINITIONAL_REPRESENTATION('',(#738),#741);
#738 = B_SPLINE_CURVE_WITH_KNOTS('',1,(#739,#740),.UNSPECIFIED.,.F.,.F.,
  (2,2),(-14.335,-3.115),.PIECEWISE_BEZIER_KNOTS.);
#739 = CARTESIAN_POINT('',(17.45,22.63));
#740 = CARTESIAN_POINT('',(6.23,22.63));
#741 = ( GEOMETRIC_REPRESENTATION_CONTEXT(2) 
PARAMETRIC_REPRESENTATION_CONTEXT() REPRESENTATION_CONTEXT('2D SPACE',''
  ) );
#742 = ORIENTED_EDGE('',*,*,#743,.F.);
#743 = EDGE_CURVE('',#701,#723,#744,.T.);
#744 = SURFACE_CURVE('',#745,(#749,#755),.PCURVE_S1.);
#745 = LINE('',#746,#747);
#746 = CARTESIAN_POINT('',(88.772,-25.11,-62.14));
#747 = VECTOR('',#748,1.);
#748 = DIRECTION('',(0.,0.,1.));
#749 = PCURVE('',#666,#750);
#750 = DEFINITIONAL_REPRESENTATION('',(#751),#754);
#751 = B_SPLINE_CURVE_WITH_KNOTS('',1,(#752,#753),.UNSPECIFIED.,.F.,.F.,
  (2,2),(0.5,5.1),.PIECEWISE_BEZIER_KNOTS.);
#752 = CARTESIAN_POINT('',(1.,11.22));
#753 = CARTESIAN_POINT('',(5.6,11.22));
#754 = ( GEOMETRIC_REPRESENTATION_CONTEXT(2) 
PARAMETRIC_REPRESENTATION_CONTEXT() REPRESENTATION_CONTEXT('2D SPACE',''
  ) );
#755 = PCURVE('',#756,#761);
#756 = PLANE('',#757);
#757 = AXIS2_PLACEMENT_3D('',#758,#759,#760);
#758 = CARTESIAN_POINT('',(88.772,44.74,-61.64));
#759 = DIRECTION('',(1.,0.,0.));
#760 = DIRECTION('',(0.,0.,1.));
#761 = DEFINITIONAL_REPRESENTATION('',(#762),#765);
#762 = B_SPLINE_CURVE_WITH_KNOTS('',1,(#763,#764),.UNSPECIFIED.,.F.,.F.,
  (2,2),(0.5,5.1),.PIECEWISE_BEZIER_KNOTS.);
#763 = CARTESIAN_POINT('',(-7.105427357601E-15,69.85));
#764 = CARTESIAN_POINT('',(4.6,69.85));
#765 = ( GEOMETRIC_REPRESENTATION_CONTEXT(2) 
PARAMETRIC_REPRESENTATION_CONTEXT() REPRESENTATION_CONTEXT('2D SPACE',''
  ) );
#766 = ADVANCED_FACE('',(#767),#756,.T.);
#767 = FACE_BOUND('',#768,.T.);
#768 = EDGE_LOOP('',(#769,#799,#827,#855,#876,#877));
#769 = ORIENTED_EDGE('',*,*,#770,.F.);
#770 = EDGE_CURVE('',#771,#773,#775,.T.);
#771 = VERTEX_POINT('',#772);
#772 = CARTESIAN_POINT('',(88.772,47.74,58.04));
#773 = VERTEX_POINT('',#774);
#774 = CARTESIAN_POINT('',(88.772,47.74,-61.64));
#775 = SURFACE_CURVE('',#776,(#780,#787),.PCURVE_S1.);
#776 = LINE('',#777,#778);
#777 = CARTESIAN_POINT('',(88.772,47.74,58.04));
#778 = VECTOR('',#779,1.);
#779 = DIRECTION('',(0.,-5.93702152206E-17,-1.));
#780 = PCURVE('',#756,#781);
#781 = DEFINITIONAL_REPRESENTATION('',(#782),#786);
#782 = LINE('',#783,#784);
#783 = CARTESIAN_POINT('',(119.68,-3.));
#784 = VECTOR('',#785,1.);
#785 = DIRECTION('',(-1.,5.93702152206E-17));
#786 = ( GEOMETRIC_REPRESENTATION_CONTEXT(2) 
PARAMETRIC_REPRESENTATION_CONTEXT() REPRESENTATION_CONTEXT('2D SPACE',''
  ) );
#787 = PCURVE('',#788,#793);
#788 = PLANE('',#789);
#789 = AXIS2_PLACEMENT_3D('',#790,#791,#792);
#790 = CARTESIAN_POINT('',(71.322,47.74,-61.64));
#791 = DIRECTION('',(0.,1.,0.));
#792 = DIRECTION('',(0.,0.,1.));
#793 = DEFINITIONAL_REPRESENTATION('',(#794),#798);
#794 = LINE('',#795,#796);
#795 = CARTESIAN_POINT('',(119.68,17.45));
#796 = VECTOR('',#797,1.);
#797 = DIRECTION('',(-1.,0.));
#798 = ( GEOMETRIC_REPRESENTATION_CONTEXT(2) 
PARAMETRIC_REPRESENTATION_CONTEXT() REPRESENTATION_CONTEXT('2D SPACE',''
  ) );
#799 = ORIENTED_EDGE('',*,*,#800,.F.);
#800 = EDGE_CURVE('',#801,#771,#803,.T.);
#801 = VERTEX_POINT('',#802);
#802 = CARTESIAN_POINT('',(88.772,41.44,58.04));
#803 = SURFACE_CURVE('',#804,(#808,#815),.PCURVE_S1.);
#804 = LINE('',#805,#806);
#805 = CARTESIAN_POINT('',(88.772,41.44,58.04));
#806 = VECTOR('',#807,1.);
#807 = DIRECTION('',(0.,1.,0.));
#808 = PCURVE('',#756,#809);
#809 = DEFINITIONAL_REPRESENTATION('',(#810),#814);
#810 = LINE('',#811,#812);
#811 = CARTESIAN_POINT('',(119.68,3.3));
#812 = VECTOR('',#813,1.);
#813 = DIRECTION('',(0.,-1.));
#814 = ( GEOMETRIC_REPRESENTATION_CONTEXT(2) 
PARAMETRIC_REPRESENTATION_CONTEXT() REPRESENTATION_CONTEXT('2D SPACE',''
  ) );
#815 = PCURVE('',#816,#821);
#816 = PLANE('',#817);
#817 = AXIS2_PLACEMENT_3D('',#818,#819,#820);
#818 = CARTESIAN_POINT('',(71.322,44.74,58.04));
#819 = DIRECTION('',(0.,0.,1.));
#820 = DIRECTION('',(1.,0.,0.));
#821 = DEFINITIONAL_REPRESENTATION('',(#822),#826);
#822 = LINE('',#823,#824);
#823 = CARTESIAN_POINT('',(17.45,-3.3));
#824 = VECTOR('',#825,1.);
#825 = DIRECTION('',(0.,1.));
#826 = ( GEOMETRIC_REPRESENTATION_CONTEXT(2) 
PARAMETRIC_REPRESENTATION_CONTEXT() REPRESENTATION_CONTEXT('2D SPACE',''
  ) );
#827 = ORIENTED_EDGE('',*,*,#828,.F.);
#828 = EDGE_CURVE('',#829,#801,#831,.T.);
#829 = VERTEX_POINT('',#830);
#830 = CARTESIAN_POINT('',(88.772,41.44,-57.64));
#831 = SURFACE_CURVE('',#832,(#836,#843),.PCURVE_S1.);
#832 = LINE('',#833,#834);
#833 = CARTESIAN_POINT('',(88.772,41.44,-61.64));
#834 = VECTOR('',#835,1.);
#835 = DIRECTION('',(0.,0.,1.));
#836 = PCURVE('',#756,#837);
#837 = DEFINITIONAL_REPRESENTATION('',(#838),#842);
#838 = LINE('',#839,#840);
#839 = CARTESIAN_POINT('',(0.,3.3));
#840 = VECTOR('',#841,1.);
#841 = DIRECTION('',(1.,0.));
#842 = ( GEOMETRIC_REPRESENTATION_CONTEXT(2) 
PARAMETRIC_REPRESENTATION_CONTEXT() REPRESENTATION_CONTEXT('2D SPACE',''
  ) );
#843 = PCURVE('',#844,#849);
#844 = PLANE('',#845);
#845 = AXIS2_PLACEMENT_3D('',#846,#847,#848);
#846 = CARTESIAN_POINT('',(85.772,41.44,-61.64));
#847 = DIRECTION('',(0.,1.,0.));
#848 = DIRECTION('',(0.,0.,1.));
#849 = DEFINITIONAL_REPRESENTATION('',(#850),#854);
#850 = LINE('',#851,#852);
#851 = CARTESIAN_POINT('',(0.,3.));
#852 = VECTOR('',#853,1.);
#853 = DIRECTION('',(1.,0.));
#854 = ( GEOMETRIC_REPRESENTATION_CONTEXT(2) 
PARAMETRIC_REPRESENTATION_CONTEXT() REPRESENTATION_CONTEXT('2D SPACE',''
  ) );
#855 = ORIENTED_EDGE('',*,*,#856,.F.);
#856 = EDGE_CURVE('',#723,#829,#857,.T.);
#857 = SURFACE_CURVE('',#858,(#862,#869),.PCURVE_S1.);
#858 = LINE('',#859,#860);
#859 = CARTESIAN_POINT('',(88.772,-47.74,-57.64));
#860 = VECTOR('',#861,1.);
#861 = DIRECTION('',(0.,1.,0.));
#862 = PCURVE('',#756,#863);
#863 = DEFINITIONAL_REPRESENTATION('',(#864),#868);
#864 = LINE('',#865,#866);
#865 = CARTESIAN_POINT('',(4.,92.48));
#866 = VECTOR('',#867,1.);
#867 = DIRECTION('',(0.,-1.));
#868 = ( GEOMETRIC_REPRESENTATION_CONTEXT(2) 
PARAMETRIC_REPRESENTATION_CONTEXT() REPRESENTATION_CONTEXT('2D SPACE',''
  ) );
#869 = PCURVE('',#491,#870);
#870 = DEFINITIONAL_REPRESENTATION('',(#871),#875);
#871 = LINE('',#872,#873);
#872 = CARTESIAN_POINT('',(17.45,0.));
#873 = VECTOR('',#874,1.);
#874 = DIRECTION('',(0.,1.));
#875 = ( GEOMETRIC_REPRESENTATION_CONTEXT(2) 
PARAMETRIC_REPRESENTATION_CONTEXT() REPRESENTATION_CONTEXT('2D SPACE',''
  ) );
#876 = ORIENTED_EDGE('',*,*,#743,.F.);
#877 = ORIENTED_EDGE('',*,*,#878,.F.);
#878 = EDGE_CURVE('',#773,#701,#879,.T.);
#879 = SURFACE_CURVE('',#880,(#884,#891),.PCURVE_S1.);
#880 = LINE('',#881,#882);
#881 = CARTESIAN_POINT('',(88.772,47.74,-61.64));
#882 = VECTOR('',#883,1.);
#883 = DIRECTION('',(0.,-1.,7.441796562213E-17));
#884 = PCURVE('',#756,#885);
#885 = DEFINITIONAL_REPRESENTATION('',(#886),#890);
#886 = LINE('',#887,#888);
#887 = CARTESIAN_POINT('',(-7.105427357601E-15,-3.));
#888 = VECTOR('',#889,1.);
#889 = DIRECTION('',(7.441796562213E-17,1.));
#890 = ( GEOMETRIC_REPRESENTATION_CONTEXT(2) 
PARAMETRIC_REPRESENTATION_CONTEXT() REPRESENTATION_CONTEXT('2D SPACE',''
  ) );
#891 = PCURVE('',#126,#892);
#892 = DEFINITIONAL_REPRESENTATION('',(#893),#897);
#893 = LINE('',#894,#895);
#894 = CARTESIAN_POINT('',(24.45,96.74));
#895 = VECTOR('',#896,1.);
#896 = DIRECTION('',(0.,-1.));
#897 = ( GEOMETRIC_REPRESENTATION_CONTEXT(2) 
PARAMETRIC_REPRESENTATION_CONTEXT() REPRESENTATION_CONTEXT('2D SPACE',''
  ) );
#898 = ADVANCED_FACE('',(#899),#816,.T.);
#899 = FACE_BOUND('',#900,.T.);
#900 = EDGE_LOOP('',(#901,#924,#950,#976,#1004,#1025));
#901 = ORIENTED_EDGE('',*,*,#902,.F.);
#902 = EDGE_CURVE('',#903,#771,#905,.T.);
#903 = VERTEX_POINT('',#904);
#904 = CARTESIAN_POINT('',(86.6,47.74,58.04));
#905 = SURFACE_CURVE('',#906,(#910,#917),.PCURVE_S1.);
#906 = LINE('',#907,#908);
#907 = CARTESIAN_POINT('',(71.322,47.74,58.04));
#908 = VECTOR('',#909,1.);
#909 = DIRECTION('',(1.,0.,0.));
#910 = PCURVE('',#816,#911);
#911 = DEFINITIONAL_REPRESENTATION('',(#912),#916);
#912 = LINE('',#913,#914);
#913 = CARTESIAN_POINT('',(0.,3.));
#914 = VECTOR('',#915,1.);
#915 = DIRECTION('',(1.,0.));
#916 = ( GEOMETRIC_REPRESENTATION_CONTEXT(2) 
PARAMETRIC_REPRESENTATION_CONTEXT() REPRESENTATION_CONTEXT('2D SPACE',''
  ) );
#917 = PCURVE('',#788,#918);
#918 = DEFINITIONAL_REPRESENTATION('',(#919),#923);
#919 = LINE('',#920,#921);
#920 = CARTESIAN_POINT('',(119.68,0.));
#921 = VECTOR('',#922,1.);
#922 = DIRECTION('',(0.,1.));
#923 = ( GEOMETRIC_REPRESENTATION_CONTEXT(2) 
PARAMETRIC_REPRESENTATION_CONTEXT() REPRESENTATION_CONTEXT('2D SPACE',''
  ) );
#924 = ORIENTED_EDGE('',*,*,#925,.F.);
#925 = EDGE_CURVE('',#926,#903,#928,.T.);
#926 = VERTEX_POINT('',#927);
#927 = CARTESIAN_POINT('',(86.6,44.74,58.04));
#928 = SURFACE_CURVE('',#929,(#933,#939),.PCURVE_S1.);
#929 = LINE('',#930,#931);
#930 = CARTESIAN_POINT('',(86.6,44.74,58.04));
#931 = VECTOR('',#932,1.);
#932 = DIRECTION('',(0.,1.,0.));
#933 = PCURVE('',#816,#934);
#934 = DEFINITIONAL_REPRESENTATION('',(#935),#938);
#935 = B_SPLINE_CURVE_WITH_KNOTS('',1,(#936,#937),.UNSPECIFIED.,.F.,.F.,
  (2,2),(0.,3.),.PIECEWISE_BEZIER_KNOTS.);
#936 = CARTESIAN_POINT('',(15.278,0.));
#937 = CARTESIAN_POINT('',(15.278,3.));
#938 = ( GEOMETRIC_REPRESENTATION_CONTEXT(2) 
PARAMETRIC_REPRESENTATION_CONTEXT() REPRESENTATION_CONTEXT('2D SPACE',''
  ) );
#939 = PCURVE('',#940,#945);
#940 = PLANE('',#941);
#941 = AXIS2_PLACEMENT_3D('',#942,#943,#944);
#942 = CARTESIAN_POINT('',(86.6,44.74,57.49));
#943 = DIRECTION('',(1.,0.,0.));
#944 = DIRECTION('',(0.,0.,1.));
#945 = DEFINITIONAL_REPRESENTATION('',(#946),#949);
#946 = B_SPLINE_CURVE_WITH_KNOTS('',1,(#947,#948),.UNSPECIFIED.,.F.,.F.,
  (2,2),(0.,3.),.PIECEWISE_BEZIER_KNOTS.);
#947 = CARTESIAN_POINT('',(0.55,0.));
#948 = CARTESIAN_POINT('',(0.55,-3.));
#949 = ( GEOMETRIC_REPRESENTATION_CONTEXT(2) 
PARAMETRIC_REPRESENTATION_CONTEXT() REPRESENTATION_CONTEXT('2D SPACE',''
  ) );
#950 = ORIENTED_EDGE('',*,*,#951,.T.);
#951 = EDGE_CURVE('',#926,#952,#954,.T.);
#952 = VERTEX_POINT('',#953);
#953 = CARTESIAN_POINT('',(85.772,44.74,58.04));
#954 = SURFACE_CURVE('',#955,(#959,#965),.PCURVE_S1.);
#955 = LINE('',#956,#957);
#956 = CARTESIAN_POINT('',(71.361,44.74,58.04));
#957 = VECTOR('',#958,1.);
#958 = DIRECTION('',(-1.,0.,0.));
#959 = PCURVE('',#816,#960);
#960 = DEFINITIONAL_REPRESENTATION('',(#961),#964);
#961 = B_SPLINE_CURVE_WITH_KNOTS('',1,(#962,#963),.UNSPECIFIED.,.F.,.F.,
  (2,2),(-15.239,-3.9E-02),.PIECEWISE_BEZIER_KNOTS.);
#962 = CARTESIAN_POINT('',(15.278,0.));
#963 = CARTESIAN_POINT('',(7.8E-02,0.));
#964 = ( GEOMETRIC_REPRESENTATION_CONTEXT(2) 
PARAMETRIC_REPRESENTATION_CONTEXT() REPRESENTATION_CONTEXT('2D SPACE',''
  ) );
#965 = PCURVE('',#966,#971);
#966 = PLANE('',#967);
#967 = AXIS2_PLACEMENT_3D('',#968,#969,#970);
#968 = CARTESIAN_POINT('',(71.4,44.74,57.49));
#969 = DIRECTION('',(0.,1.,0.));
#970 = DIRECTION('',(0.,0.,1.));
#971 = DEFINITIONAL_REPRESENTATION('',(#972),#975);
#972 = B_SPLINE_CURVE_WITH_KNOTS('',1,(#973,#974),.UNSPECIFIED.,.F.,.F.,
  (2,2),(-15.239,-3.9E-02),.PIECEWISE_BEZIER_KNOTS.);
#973 = CARTESIAN_POINT('',(0.55,15.2));
#974 = CARTESIAN_POINT('',(0.55,0.));
#975 = ( GEOMETRIC_REPRESENTATION_CONTEXT(2) 
PARAMETRIC_REPRESENTATION_CONTEXT() REPRESENTATION_CONTEXT('2D SPACE',''
  ) );
#976 = ORIENTED_EDGE('',*,*,#977,.F.);
#977 = EDGE_CURVE('',#978,#952,#980,.T.);
#978 = VERTEX_POINT('',#979);
#979 = CARTESIAN_POINT('',(85.772,41.44,58.04));
#980 = SURFACE_CURVE('',#981,(#985,#992),.PCURVE_S1.);
#981 = LINE('',#982,#983);
#982 = CARTESIAN_POINT('',(85.772,41.44,58.04));
#983 = VECTOR('',#984,1.);
#984 = DIRECTION('',(0.,1.,0.));
#985 = PCURVE('',#816,#986);
#986 = DEFINITIONAL_REPRESENTATION('',(#987),#991);
#987 = LINE('',#988,#989);
#988 = CARTESIAN_POINT('',(14.45,-3.3));
#989 = VECTOR('',#990,1.);
#990 = DIRECTION('',(0.,1.));
#991 = ( GEOMETRIC_REPRESENTATION_CONTEXT(2) 
PARAMETRIC_REPRESENTATION_CONTEXT() REPRESENTATION_CONTEXT('2D SPACE',''
  ) );
#992 = PCURVE('',#993,#998);
#993 = PLANE('',#994);
#994 = AXIS2_PLACEMENT_3D('',#995,#996,#997);
#995 = CARTESIAN_POINT('',(85.772,41.44,-61.64));
#996 = DIRECTION('',(1.,0.,0.));
#997 = DIRECTION('',(0.,0.,1.));
#998 = DEFINITIONAL_REPRESENTATION('',(#999),#1003);
#999 = LINE('',#1000,#1001);
#1000 = CARTESIAN_POINT('',(119.68,0.));
#1001 = VECTOR('',#1002,1.);
#1002 = DIRECTION('',(0.,-1.));
#1003 = ( GEOMETRIC_REPRESENTATION_CONTEXT(2) 
PARAMETRIC_REPRESENTATION_CONTEXT() REPRESENTATION_CONTEXT('2D SPACE',''
  ) );
#1004 = ORIENTED_EDGE('',*,*,#1005,.T.);
#1005 = EDGE_CURVE('',#978,#801,#1006,.T.);
#1006 = SURFACE_CURVE('',#1007,(#1011,#1018),.PCURVE_S1.);
#1007 = LINE('',#1008,#1009);
#1008 = CARTESIAN_POINT('',(85.772,41.44,58.04));
#1009 = VECTOR('',#1010,1.);
#1010 = DIRECTION('',(1.,0.,0.));
#1011 = PCURVE('',#816,#1012);
#1012 = DEFINITIONAL_REPRESENTATION('',(#1013),#1017);
#1013 = LINE('',#1014,#1015);
#1014 = CARTESIAN_POINT('',(14.45,-3.3));
#1015 = VECTOR('',#1016,1.);
#1016 = DIRECTION('',(1.,0.));
#1017 = ( GEOMETRIC_REPRESENTATION_CONTEXT(2) 
PARAMETRIC_REPRESENTATION_CONTEXT() REPRESENTATION_CONTEXT('2D SPACE',''
  ) );
#1018 = PCURVE('',#844,#1019);
#1019 = DEFINITIONAL_REPRESENTATION('',(#1020),#1024);
#1020 = LINE('',#1021,#1022);
#1021 = CARTESIAN_POINT('',(119.68,0.));
#1022 = VECTOR('',#1023,1.);
#1023 = DIRECTION('',(0.,1.));
#1024 = ( GEOMETRIC_REPRESENTATION_CONTEXT(2) 
PARAMETRIC_REPRESENTATION_CONTEXT() REPRESENTATION_CONTEXT('2D SPACE',''
  ) );
#1025 = ORIENTED_EDGE('',*,*,#800,.T.);
#1026 = ADVANCED_FACE('',(#1027),#940,.F.);
#1027 = FACE_BOUND('',#1028,.F.);
#1028 = EDGE_LOOP('',(#1029,#1052,#1080,#1099));
#1029 = ORIENTED_EDGE('',*,*,#1030,.F.);
#1030 = EDGE_CURVE('',#1031,#926,#1033,.T.);
#1031 = VERTEX_POINT('',#1032);
#1032 = CARTESIAN_POINT('',(86.6,44.74,57.49));
#1033 = SURFACE_CURVE('',#1034,(#1038,#1045),.PCURVE_S1.);
#1034 = LINE('',#1035,#1036);
#1035 = CARTESIAN_POINT('',(86.6,44.74,57.49));
#1036 = VECTOR('',#1037,1.);
#1037 = DIRECTION('',(0.,0.,1.));
#1038 = PCURVE('',#940,#1039);
#1039 = DEFINITIONAL_REPRESENTATION('',(#1040),#1044);
#1040 = LINE('',#1041,#1042);
#1041 = CARTESIAN_POINT('',(0.,0.));
#1042 = VECTOR('',#1043,1.);
#1043 = DIRECTION('',(1.,0.));
#1044 = ( GEOMETRIC_REPRESENTATION_CONTEXT(2) 
PARAMETRIC_REPRESENTATION_CONTEXT() REPRESENTATION_CONTEXT('2D SPACE',''
  ) );
#1045 = PCURVE('',#966,#1046);
#1046 = DEFINITIONAL_REPRESENTATION('',(#1047),#1051);
#1047 = LINE('',#1048,#1049);
#1048 = CARTESIAN_POINT('',(0.,15.2));
#1049 = VECTOR('',#1050,1.);
#1050 = DIRECTION('',(1.,0.));
#1051 = ( GEOMETRIC_REPRESENTATION_CONTEXT(2) 
PARAMETRIC_REPRESENTATION_CONTEXT() REPRESENTATION_CONTEXT('2D SPACE',''
  ) );
#1052 = ORIENTED_EDGE('',*,*,#1053,.T.);
#1053 = EDGE_CURVE('',#1031,#1054,#1056,.T.);
#1054 = VERTEX_POINT('',#1055);
#1055 = CARTESIAN_POINT('',(86.6,47.74,57.49));
#1056 = SURFACE_CURVE('',#1057,(#1061,#1068),.PCURVE_S1.);
#1057 = LINE('',#1058,#1059);
#1058 = CARTESIAN_POINT('',(86.6,44.74,57.49));
#1059 = VECTOR('',#1060,1.);
#1060 = DIRECTION('',(0.,1.,0.));
#1061 = PCURVE('',#940,#1062);
#1062 = DEFINITIONAL_REPRESENTATION('',(#1063),#1067);
#1063 = LINE('',#1064,#1065);
#1064 = CARTESIAN_POINT('',(0.,0.));
#1065 = VECTOR('',#1066,1.);
#1066 = DIRECTION('',(0.,-1.));
#1067 = ( GEOMETRIC_REPRESENTATION_CONTEXT(2) 
PARAMETRIC_REPRESENTATION_CONTEXT() REPRESENTATION_CONTEXT('2D SPACE',''
  ) );
#1068 = PCURVE('',#1069,#1074);
#1069 = PLANE('',#1070);
#1070 = AXIS2_PLACEMENT_3D('',#1071,#1072,#1073);
#1071 = CARTESIAN_POINT('',(71.4,44.74,57.49));
#1072 = DIRECTION('',(0.,0.,1.));
#1073 = DIRECTION('',(1.,0.,0.));
#1074 = DEFINITIONAL_REPRESENTATION('',(#1075),#1079);
#1075 = LINE('',#1076,#1077);
#1076 = CARTESIAN_POINT('',(15.2,0.));
#1077 = VECTOR('',#1078,1.);
#1078 = DIRECTION('',(0.,1.));
#1079 = ( GEOMETRIC_REPRESENTATION_CONTEXT(2) 
PARAMETRIC_REPRESENTATION_CONTEXT() REPRESENTATION_CONTEXT('2D SPACE',''
  ) );
#1080 = ORIENTED_EDGE('',*,*,#1081,.F.);
#1081 = EDGE_CURVE('',#903,#1054,#1082,.T.);
#1082 = SURFACE_CURVE('',#1083,(#1087,#1093),.PCURVE_S1.);
#1083 = LINE('',#1084,#1085);
#1084 = CARTESIAN_POINT('',(86.6,47.74,-2.075));
#1085 = VECTOR('',#1086,1.);
#1086 = DIRECTION('',(0.,0.,-1.));
#1087 = PCURVE('',#940,#1088);
#1088 = DEFINITIONAL_REPRESENTATION('',(#1089),#1092);
#1089 = B_SPLINE_CURVE_WITH_KNOTS('',1,(#1090,#1091),.UNSPECIFIED.,.F.,
  .F.,(2,2),(-60.115,-59.565),.PIECEWISE_BEZIER_KNOTS.);
#1090 = CARTESIAN_POINT('',(0.55,-3.));
#1091 = CARTESIAN_POINT('',(0.,-3.));
#1092 = ( GEOMETRIC_REPRESENTATION_CONTEXT(2) 
PARAMETRIC_REPRESENTATION_CONTEXT() REPRESENTATION_CONTEXT('2D SPACE',''
  ) );
#1093 = PCURVE('',#788,#1094);
#1094 = DEFINITIONAL_REPRESENTATION('',(#1095),#1098);
#1095 = B_SPLINE_CURVE_WITH_KNOTS('',1,(#1096,#1097),.UNSPECIFIED.,.F.,
  .F.,(2,2),(-60.115,-59.565),.PIECEWISE_BEZIER_KNOTS.);
#1096 = CARTESIAN_POINT('',(119.68,15.278));
#1097 = CARTESIAN_POINT('',(119.13,15.278));
#1098 = ( GEOMETRIC_REPRESENTATION_CONTEXT(2) 
PARAMETRIC_REPRESENTATION_CONTEXT() REPRESENTATION_CONTEXT('2D SPACE',''
  ) );
#1099 = ORIENTED_EDGE('',*,*,#925,.F.);
#1100 = ADVANCED_FACE('',(#1101,#1365),#1069,.T.);
#1101 = FACE_BOUND('',#1102,.T.);
#1102 = EDGE_LOOP('',(#1103,#1133,#1161,#1194,#1217,#1238,#1239,#1261,
    #1289,#1317,#1345));
#1103 = ORIENTED_EDGE('',*,*,#1104,.F.);
#1104 = EDGE_CURVE('',#1105,#1107,#1109,.T.);
#1105 = VERTEX_POINT('',#1106);
#1106 = CARTESIAN_POINT('',(71.4,44.74,57.49));
#1107 = VERTEX_POINT('',#1108);
#1108 = CARTESIAN_POINT('',(71.4,47.74,57.49));
#1109 = SURFACE_CURVE('',#1110,(#1114,#1121),.PCURVE_S1.);
#1110 = LINE('',#1111,#1112);
#1111 = CARTESIAN_POINT('',(71.4,44.74,57.49));
#1112 = VECTOR('',#1113,1.);
#1113 = DIRECTION('',(0.,1.,0.));
#1114 = PCURVE('',#1069,#1115);
#1115 = DEFINITIONAL_REPRESENTATION('',(#1116),#1120);
#1116 = LINE('',#1117,#1118);
#1117 = CARTESIAN_POINT('',(0.,0.));
#1118 = VECTOR('',#1119,1.);
#1119 = DIRECTION('',(0.,1.));
#1120 = ( GEOMETRIC_REPRESENTATION_CONTEXT(2) 
PARAMETRIC_REPRESENTATION_CONTEXT() REPRESENTATION_CONTEXT('2D SPACE',''
  ) );
#1121 = PCURVE('',#1122,#1127);
#1122 = PLANE('',#1123);
#1123 = AXIS2_PLACEMENT_3D('',#1124,#1125,#1126);
#1124 = CARTESIAN_POINT('',(71.4,44.74,57.49));
#1125 = DIRECTION('',(1.,0.,0.));
#1126 = DIRECTION('',(0.,0.,1.));
#1127 = DEFINITIONAL_REPRESENTATION('',(#1128),#1132);
#1128 = LINE('',#1129,#1130);
#1129 = CARTESIAN_POINT('',(0.,0.));
#1130 = VECTOR('',#1131,1.);
#1131 = DIRECTION('',(0.,-1.));
#1132 = ( GEOMETRIC_REPRESENTATION_CONTEXT(2) 
PARAMETRIC_REPRESENTATION_CONTEXT() REPRESENTATION_CONTEXT('2D SPACE',''
  ) );
#1133 = ORIENTED_EDGE('',*,*,#1134,.T.);
#1134 = EDGE_CURVE('',#1105,#1135,#1137,.T.);
#1135 = VERTEX_POINT('',#1136);
#1136 = CARTESIAN_POINT('',(77.042348345593,44.74,57.49));
#1137 = SURFACE_CURVE('',#1138,(#1142,#1149),.PCURVE_S1.);
#1138 = LINE('',#1139,#1140);
#1139 = CARTESIAN_POINT('',(71.4,44.74,57.49));
#1140 = VECTOR('',#1141,1.);
#1141 = DIRECTION('',(1.,0.,0.));
#1142 = PCURVE('',#1069,#1143);
#1143 = DEFINITIONAL_REPRESENTATION('',(#1144),#1148);
#1144 = LINE('',#1145,#1146);
#1145 = CARTESIAN_POINT('',(0.,0.));
#1146 = VECTOR('',#1147,1.);
#1147 = DIRECTION('',(1.,0.));
#1148 = ( GEOMETRIC_REPRESENTATION_CONTEXT(2) 
PARAMETRIC_REPRESENTATION_CONTEXT() REPRESENTATION_CONTEXT('2D SPACE',''
  ) );
#1149 = PCURVE('',#1150,#1155);
#1150 = PLANE('',#1151);
#1151 = AXIS2_PLACEMENT_3D('',#1152,#1153,#1154);
#1152 = CARTESIAN_POINT('',(71.322,44.74,-61.64));
#1153 = DIRECTION('',(0.,1.,0.));
#1154 = DIRECTION('',(0.,0.,1.));
#1155 = DEFINITIONAL_REPRESENTATION('',(#1156),#1160);
#1156 = LINE('',#1157,#1158);
#1157 = CARTESIAN_POINT('',(119.13,7.8E-02));
#1158 = VECTOR('',#1159,1.);
#1159 = DIRECTION('',(0.,1.));
#1160 = ( GEOMETRIC_REPRESENTATION_CONTEXT(2) 
PARAMETRIC_REPRESENTATION_CONTEXT() REPRESENTATION_CONTEXT('2D SPACE',''
  ) );
#1161 = ORIENTED_EDGE('',*,*,#1162,.T.);
#1162 = EDGE_CURVE('',#1135,#1163,#1165,.T.);
#1163 = VERTEX_POINT('',#1164);
#1164 = CARTESIAN_POINT('',(80.957651654407,44.74,57.49));
#1165 = SURFACE_CURVE('',#1166,(#1171,#1182),.PCURVE_S1.);
#1166 = CIRCLE('',#1167,2.1);
#1167 = AXIS2_PLACEMENT_3D('',#1168,#1169,#1170);
#1168 = CARTESIAN_POINT('',(79.,45.5,57.49));
#1169 = DIRECTION('',(-0.,0.,-1.));
#1170 = DIRECTION('',(-0.932215073527,-0.361904761905,0.));
#1171 = PCURVE('',#1069,#1172);
#1172 = DEFINITIONAL_REPRESENTATION('',(#1173),#1181);
#1173 = ( BOUNDED_CURVE() B_SPLINE_CURVE(2,(#1174,#1175,#1176,#1177,
#1178,#1179,#1180),.UNSPECIFIED.,.T.,.F.) B_SPLINE_CURVE_WITH_KNOTS((1,2
    ,2,2,2,1),(-2.094395102393,0.,2.094395102393,4.188790204786,
6.28318530718,8.377580409573),.UNSPECIFIED.) CURVE() 
GEOMETRIC_REPRESENTATION_ITEM() RATIONAL_B_SPLINE_CURVE((1.,0.5,1.,0.5,
1.,0.5,1.)) REPRESENTATION_ITEM('') );
#1174 = CARTESIAN_POINT('',(5.642348345594,7.638334409421E-14));
#1175 = CARTESIAN_POINT('',(4.325989731841,3.390752128953));
#1176 = CARTESIAN_POINT('',(7.920646520327,2.835376064477));
#1177 = CARTESIAN_POINT('',(11.515303308813,2.28));
#1178 = CARTESIAN_POINT('',(9.237005134079,-0.555376064477));
#1179 = CARTESIAN_POINT('',(6.958706959346,-3.390752128953));
#1180 = CARTESIAN_POINT('',(5.642348345594,7.638334409421E-14));
#1181 = ( GEOMETRIC_REPRESENTATION_CONTEXT(2) 
PARAMETRIC_REPRESENTATION_CONTEXT() REPRESENTATION_CONTEXT('2D SPACE',''
  ) );
#1182 = PCURVE('',#1183,#1188);
#1183 = CYLINDRICAL_SURFACE('',#1184,2.1);
#1184 = AXIS2_PLACEMENT_3D('',#1185,#1186,#1187);
#1185 = CARTESIAN_POINT('',(79.,45.5,47.49));
#1186 = DIRECTION('',(0.,0.,1.));
#1187 = DIRECTION('',(1.,0.,0.));
#1188 = DEFINITIONAL_REPRESENTATION('',(#1189),#1193);
#1189 = LINE('',#1190,#1191);
#1190 = CARTESIAN_POINT('',(9.795088310306,10.));
#1191 = VECTOR('',#1192,1.);
#1192 = DIRECTION('',(-1.,-0.));
#1193 = ( GEOMETRIC_REPRESENTATION_CONTEXT(2) 
PARAMETRIC_REPRESENTATION_CONTEXT() REPRESENTATION_CONTEXT('2D SPACE',''
  ) );
#1194 = ORIENTED_EDGE('',*,*,#1195,.T.);
#1195 = EDGE_CURVE('',#1163,#1196,#1198,.T.);
#1196 = VERTEX_POINT('',#1197);
#1197 = CARTESIAN_POINT('',(85.772,44.74,57.49));
#1198 = SURFACE_CURVE('',#1199,(#1203,#1210),.PCURVE_S1.);
#1199 = LINE('',#1200,#1201);
#1200 = CARTESIAN_POINT('',(71.4,44.74,57.49));
#1201 = VECTOR('',#1202,1.);
#1202 = DIRECTION('',(1.,0.,0.));
#1203 = PCURVE('',#1069,#1204);
#1204 = DEFINITIONAL_REPRESENTATION('',(#1205),#1209);
#1205 = LINE('',#1206,#1207);
#1206 = CARTESIAN_POINT('',(0.,0.));
#1207 = VECTOR('',#1208,1.);
#1208 = DIRECTION('',(1.,0.));
#1209 = ( GEOMETRIC_REPRESENTATION_CONTEXT(2) 
PARAMETRIC_REPRESENTATION_CONTEXT() REPRESENTATION_CONTEXT('2D SPACE',''
  ) );
#1210 = PCURVE('',#1150,#1211);
#1211 = DEFINITIONAL_REPRESENTATION('',(#1212),#1216);
#1212 = LINE('',#1213,#1214);
#1213 = CARTESIAN_POINT('',(119.13,7.8E-02));
#1214 = VECTOR('',#1215,1.);
#1215 = DIRECTION('',(0.,1.));
#1216 = ( GEOMETRIC_REPRESENTATION_CONTEXT(2) 
PARAMETRIC_REPRESENTATION_CONTEXT() REPRESENTATION_CONTEXT('2D SPACE',''
  ) );
#1217 = ORIENTED_EDGE('',*,*,#1218,.T.);
#1218 = EDGE_CURVE('',#1196,#1031,#1219,.T.);
#1219 = SURFACE_CURVE('',#1220,(#1224,#1231),.PCURVE_S1.);
#1220 = LINE('',#1221,#1222);
#1221 = CARTESIAN_POINT('',(71.4,44.74,57.49));
#1222 = VECTOR('',#1223,1.);
#1223 = DIRECTION('',(1.,0.,0.));
#1224 = PCURVE('',#1069,#1225);
#1225 = DEFINITIONAL_REPRESENTATION('',(#1226),#1230);
#1226 = LINE('',#1227,#1228);
#1227 = CARTESIAN_POINT('',(0.,0.));
#1228 = VECTOR('',#1229,1.);
#1229 = DIRECTION('',(1.,0.));
#1230 = ( GEOMETRIC_REPRESENTATION_CONTEXT(2) 
PARAMETRIC_REPRESENTATION_CONTEXT() REPRESENTATION_CONTEXT('2D SPACE',''
  ) );
#1231 = PCURVE('',#966,#1232);
#1232 = DEFINITIONAL_REPRESENTATION('',(#1233),#1237);
#1233 = LINE('',#1234,#1235);
#1234 = CARTESIAN_POINT('',(0.,0.));
#1235 = VECTOR('',#1236,1.);
#1236 = DIRECTION('',(0.,1.));
#1237 = ( GEOMETRIC_REPRESENTATION_CONTEXT(2) 
PARAMETRIC_REPRESENTATION_CONTEXT() REPRESENTATION_CONTEXT('2D SPACE',''
  ) );
#1238 = ORIENTED_EDGE('',*,*,#1053,.T.);
#1239 = ORIENTED_EDGE('',*,*,#1240,.F.);
#1240 = EDGE_CURVE('',#1241,#1054,#1243,.T.);
#1241 = VERTEX_POINT('',#1242);
#1242 = CARTESIAN_POINT('',(86.,47.74,57.49));
#1243 = SURFACE_CURVE('',#1244,(#1248,#1255),.PCURVE_S1.);
#1244 = LINE('',#1245,#1246);
#1245 = CARTESIAN_POINT('',(71.361,47.74,57.49));
#1246 = VECTOR('',#1247,1.);
#1247 = DIRECTION('',(1.,0.,0.));
#1248 = PCURVE('',#1069,#1249);
#1249 = DEFINITIONAL_REPRESENTATION('',(#1250),#1254);
#1250 = LINE('',#1251,#1252);
#1251 = CARTESIAN_POINT('',(-3.9E-02,3.));
#1252 = VECTOR('',#1253,1.);
#1253 = DIRECTION('',(1.,0.));
#1254 = ( GEOMETRIC_REPRESENTATION_CONTEXT(2) 
PARAMETRIC_REPRESENTATION_CONTEXT() REPRESENTATION_CONTEXT('2D SPACE',''
  ) );
#1255 = PCURVE('',#788,#1256);
#1256 = DEFINITIONAL_REPRESENTATION('',(#1257),#1260);
#1257 = B_SPLINE_CURVE_WITH_KNOTS('',1,(#1258,#1259),.UNSPECIFIED.,.F.,
  .F.,(2,2),(3.9E-02,15.239),.PIECEWISE_BEZIER_KNOTS.);
#1258 = CARTESIAN_POINT('',(119.13,7.8E-02));
#1259 = CARTESIAN_POINT('',(119.13,15.278));
#1260 = ( GEOMETRIC_REPRESENTATION_CONTEXT(2) 
PARAMETRIC_REPRESENTATION_CONTEXT() REPRESENTATION_CONTEXT('2D SPACE',''
  ) );
#1261 = ORIENTED_EDGE('',*,*,#1262,.T.);
#1262 = EDGE_CURVE('',#1241,#1263,#1265,.T.);
#1263 = VERTEX_POINT('',#1264);
#1264 = CARTESIAN_POINT('',(86.,58.,57.49));
#1265 = SURFACE_CURVE('',#1266,(#1270,#1277),.PCURVE_S1.);
#1266 = LINE('',#1267,#1268);
#1267 = CARTESIAN_POINT('',(86.,44.74,57.49));
#1268 = VECTOR('',#1269,1.);
#1269 = DIRECTION('',(0.,1.,0.));
#1270 = PCURVE('',#1069,#1271);
#1271 = DEFINITIONAL_REPRESENTATION('',(#1272),#1276);
#1272 = LINE('',#1273,#1274);
#1273 = CARTESIAN_POINT('',(14.6,0.));
#1274 = VECTOR('',#1275,1.);
#1275 = DIRECTION('',(0.,1.));
#1276 = ( GEOMETRIC_REPRESENTATION_CONTEXT(2) 
PARAMETRIC_REPRESENTATION_CONTEXT() REPRESENTATION_CONTEXT('2D SPACE',''
  ) );
#1277 = PCURVE('',#1278,#1283);
#1278 = PLANE('',#1279);
#1279 = AXIS2_PLACEMENT_3D('',#1280,#1281,#1282);
#1280 = CARTESIAN_POINT('',(86.,44.74,30.));
#1281 = DIRECTION('',(1.,0.,0.));
#1282 = DIRECTION('',(0.,0.,1.));
#1283 = DEFINITIONAL_REPRESENTATION('',(#1284),#1288);
#1284 = LINE('',#1285,#1286);
#1285 = CARTESIAN_POINT('',(27.49,0.));
#1286 = VECTOR('',#1287,1.);
#1287 = DIRECTION('',(0.,-1.));
#1288 = ( GEOMETRIC_REPRESENTATION_CONTEXT(2) 
PARAMETRIC_REPRESENTATION_CONTEXT() REPRESENTATION_CONTEXT('2D SPACE',''
  ) );
#1289 = ORIENTED_EDGE('',*,*,#1290,.F.);
#1290 = EDGE_CURVE('',#1291,#1263,#1293,.T.);
#1291 = VERTEX_POINT('',#1292);
#1292 = CARTESIAN_POINT('',(72.,58.,57.49));
#1293 = SURFACE_CURVE('',#1294,(#1298,#1305),.PCURVE_S1.);
#1294 = LINE('',#1295,#1296);
#1295 = CARTESIAN_POINT('',(72.,58.,57.49));
#1296 = VECTOR('',#1297,1.);
#1297 = DIRECTION('',(1.,0.,0.));
#1298 = PCURVE('',#1069,#1299);
#1299 = DEFINITIONAL_REPRESENTATION('',(#1300),#1304);
#1300 = LINE('',#1301,#1302);
#1301 = CARTESIAN_POINT('',(0.6,13.26));
#1302 = VECTOR('',#1303,1.);
#1303 = DIRECTION('',(1.,0.));
#1304 = ( GEOMETRIC_REPRESENTATION_CONTEXT(2) 
PARAMETRIC_REPRESENTATION_CONTEXT() REPRESENTATION_CONTEXT('2D SPACE',''
  ) );
#1305 = PCURVE('',#1306,#1311);
#1306 = PLANE('',#1307);
#1307 = AXIS2_PLACEMENT_3D('',#1308,#1309,#1310);
#1308 = CARTESIAN_POINT('',(72.,58.,30.));
#1309 = DIRECTION('',(0.,1.,0.));
#1310 = DIRECTION('',(0.,0.,1.));
#1311 = DEFINITIONAL_REPRESENTATION('',(#1312),#1316);
#1312 = LINE('',#1313,#1314);
#1313 = CARTESIAN_POINT('',(27.49,0.));
#1314 = VECTOR('',#1315,1.);
#1315 = DIRECTION('',(0.,1.));
#1316 = ( GEOMETRIC_REPRESENTATION_CONTEXT(2) 
PARAMETRIC_REPRESENTATION_CONTEXT() REPRESENTATION_CONTEXT('2D SPACE',''
  ) );
#1317 = ORIENTED_EDGE('',*,*,#1318,.F.);
#1318 = EDGE_CURVE('',#1319,#1291,#1321,.T.);
#1319 = VERTEX_POINT('',#1320);
#1320 = CARTESIAN_POINT('',(72.,47.74,57.49));
#1321 = SURFACE_CURVE('',#1322,(#1326,#1333),.PCURVE_S1.);
#1322 = LINE('',#1323,#1324);
#1323 = CARTESIAN_POINT('',(72.,44.74,57.49));
#1324 = VECTOR('',#1325,1.);
#1325 = DIRECTION('',(0.,1.,0.));
#1326 = PCURVE('',#1069,#1327);
#1327 = DEFINITIONAL_REPRESENTATION('',(#1328),#1332);
#1328 = LINE('',#1329,#1330);
#1329 = CARTESIAN_POINT('',(0.6,0.));
#1330 = VECTOR('',#1331,1.);
#1331 = DIRECTION('',(0.,1.));
#1332 = ( GEOMETRIC_REPRESENTATION_CONTEXT(2) 
PARAMETRIC_REPRESENTATION_CONTEXT() REPRESENTATION_CONTEXT('2D SPACE',''
  ) );
#1333 = PCURVE('',#1334,#1339);
#1334 = PLANE('',#1335);
#1335 = AXIS2_PLACEMENT_3D('',#1336,#1337,#1338);
#1336 = CARTESIAN_POINT('',(72.,44.74,30.));
#1337 = DIRECTION('',(1.,0.,0.));
#1338 = DIRECTION('',(0.,0.,1.));
#1339 = DEFINITIONAL_REPRESENTATION('',(#1340),#1344);
#1340 = LINE('',#1341,#1342);
#1341 = CARTESIAN_POINT('',(27.49,0.));
#1342 = VECTOR('',#1343,1.);
#1343 = DIRECTION('',(0.,-1.));
#1344 = ( GEOMETRIC_REPRESENTATION_CONTEXT(2) 
PARAMETRIC_REPRESENTATION_CONTEXT() REPRESENTATION_CONTEXT('2D SPACE',''
  ) );
#1345 = ORIENTED_EDGE('',*,*,#1346,.F.);
#1346 = EDGE_CURVE('',#1107,#1319,#1347,.T.);
#1347 = SURFACE_CURVE('',#1348,(#1352,#1359),.PCURVE_S1.);
#1348 = LINE('',#1349,#1350);
#1349 = CARTESIAN_POINT('',(71.361,47.74,57.49));
#1350 = VECTOR('',#1351,1.);
#1351 = DIRECTION('',(1.,0.,0.));
#1352 = PCURVE('',#1069,#1353);
#1353 = DEFINITIONAL_REPRESENTATION('',(#1354),#1358);
#1354 = LINE('',#1355,#1356);
#1355 = CARTESIAN_POINT('',(-3.9E-02,3.));
#1356 = VECTOR('',#1357,1.);
#1357 = DIRECTION('',(1.,0.));
#1358 = ( GEOMETRIC_REPRESENTATION_CONTEXT(2) 
PARAMETRIC_REPRESENTATION_CONTEXT() REPRESENTATION_CONTEXT('2D SPACE',''
  ) );
#1359 = PCURVE('',#788,#1360);
#1360 = DEFINITIONAL_REPRESENTATION('',(#1361),#1364);
#1361 = B_SPLINE_CURVE_WITH_KNOTS('',1,(#1362,#1363),.UNSPECIFIED.,.F.,
  .F.,(2,2),(3.9E-02,15.239),.PIECEWISE_BEZIER_KNOTS.);
#1362 = CARTESIAN_POINT('',(119.13,7.8E-02));
#1363 = CARTESIAN_POINT('',(119.13,15.278));
#1364 = ( GEOMETRIC_REPRESENTATION_CONTEXT(2) 
PARAMETRIC_REPRESENTATION_CONTEXT() REPRESENTATION_CONTEXT('2D SPACE',''
  ) );
#1365 = FACE_BOUND('',#1366,.T.);
#1366 = EDGE_LOOP('',(#1367));
#1367 = ORIENTED_EDGE('',*,*,#1368,.F.);
#1368 = EDGE_CURVE('',#1369,#1369,#1371,.T.);
#1369 = VERTEX_POINT('',#1370);
#1370 = CARTESIAN_POINT('',(82.2,51.5,57.49));
#1371 = SURFACE_CURVE('',#1372,(#1377,#1384),.PCURVE_S1.);
#1372 = CIRCLE('',#1373,3.2);
#1373 = AXIS2_PLACEMENT_3D('',#1374,#1375,#1376);
#1374 = CARTESIAN_POINT('',(79.,51.5,57.49));
#1375 = DIRECTION('',(0.,0.,1.));
#1376 = DIRECTION('',(1.,0.,-0.));
#1377 = PCURVE('',#1069,#1378);
#1378 = DEFINITIONAL_REPRESENTATION('',(#1379),#1383);
#1379 = CIRCLE('',#1380,3.2);
#1380 = AXIS2_PLACEMENT_2D('',#1381,#1382);
#1381 = CARTESIAN_POINT('',(7.6,6.76));
#1382 = DIRECTION('',(1.,0.));
#1383 = ( GEOMETRIC_REPRESENTATION_CONTEXT(2) 
PARAMETRIC_REPRESENTATION_CONTEXT() REPRESENTATION_CONTEXT('2D SPACE',''
  ) );
#1384 = PCURVE('',#1385,#1390);
#1385 = CYLINDRICAL_SURFACE('',#1386,3.2);
#1386 = AXIS2_PLACEMENT_3D('',#1387,#1388,#1389);
#1387 = CARTESIAN_POINT('',(79.,51.5,47.99));
#1388 = DIRECTION('',(0.,0.,1.));
#1389 = DIRECTION('',(1.,0.,0.));
#1390 = DEFINITIONAL_REPRESENTATION('',(#1391),#1395);
#1391 = LINE('',#1392,#1393);
#1392 = CARTESIAN_POINT('',(0.,9.5));
#1393 = VECTOR('',#1394,1.);
#1394 = DIRECTION('',(1.,0.));
#1395 = ( GEOMETRIC_REPRESENTATION_CONTEXT(2) 
PARAMETRIC_REPRESENTATION_CONTEXT() REPRESENTATION_CONTEXT('2D SPACE',''
  ) );
#1396 = ADVANCED_FACE('',(#1397),#1385,.F.);
#1397 = FACE_BOUND('',#1398,.F.);
#1398 = EDGE_LOOP('',(#1399,#1400,#1423,#1450));
#1399 = ORIENTED_EDGE('',*,*,#1368,.F.);
#1400 = ORIENTED_EDGE('',*,*,#1401,.F.);
#1401 = EDGE_CURVE('',#1402,#1369,#1404,.T.);
#1402 = VERTEX_POINT('',#1403);
#1403 = CARTESIAN_POINT('',(82.2,51.5,47.99));
#1404 = SEAM_CURVE('',#1405,(#1409,#1416),.PCURVE_S1.);
#1405 = LINE('',#1406,#1407);
#1406 = CARTESIAN_POINT('',(82.2,51.5,47.99));
#1407 = VECTOR('',#1408,1.);
#1408 = DIRECTION('',(0.,0.,1.));
#1409 = PCURVE('',#1385,#1410);
#1410 = DEFINITIONAL_REPRESENTATION('',(#1411),#1415);
#1411 = LINE('',#1412,#1413);
#1412 = CARTESIAN_POINT('',(6.28318530718,-0.));
#1413 = VECTOR('',#1414,1.);
#1414 = DIRECTION('',(0.,1.));
#1415 = ( GEOMETRIC_REPRESENTATION_CONTEXT(2) 
PARAMETRIC_REPRESENTATION_CONTEXT() REPRESENTATION_CONTEXT('2D SPACE',''
  ) );
#1416 = PCURVE('',#1385,#1417);
#1417 = DEFINITIONAL_REPRESENTATION('',(#1418),#1422);
#1418 = LINE('',#1419,#1420);
#1419 = CARTESIAN_POINT('',(0.,-0.));
#1420 = VECTOR('',#1421,1.);
#1421 = DIRECTION('',(0.,1.));
#1422 = ( GEOMETRIC_REPRESENTATION_CONTEXT(2) 
PARAMETRIC_REPRESENTATION_CONTEXT() REPRESENTATION_CONTEXT('2D SPACE',''
  ) );
#1423 = ORIENTED_EDGE('',*,*,#1424,.T.);
#1424 = EDGE_CURVE('',#1402,#1402,#1425,.T.);
#1425 = SURFACE_CURVE('',#1426,(#1431,#1438),.PCURVE_S1.);
#1426 = CIRCLE('',#1427,3.2);
#1427 = AXIS2_PLACEMENT_3D('',#1428,#1429,#1430);
#1428 = CARTESIAN_POINT('',(79.,51.5,47.99));
#1429 = DIRECTION('',(0.,0.,1.));
#1430 = DIRECTION('',(1.,0.,0.));
#1431 = PCURVE('',#1385,#1432);
#1432 = DEFINITIONAL_REPRESENTATION('',(#1433),#1437);
#1433 = LINE('',#1434,#1435);
#1434 = CARTESIAN_POINT('',(0.,0.));
#1435 = VECTOR('',#1436,1.);
#1436 = DIRECTION('',(1.,0.));
#1437 = ( GEOMETRIC_REPRESENTATION_CONTEXT(2) 
PARAMETRIC_REPRESENTATION_CONTEXT() REPRESENTATION_CONTEXT('2D SPACE',''
  ) );
#1438 = PCURVE('',#1439,#1444);
#1439 = PLANE('',#1440);
#1440 = AXIS2_PLACEMENT_3D('',#1441,#1442,#1443);
#1441 = CARTESIAN_POINT('',(79.,51.5,47.99));
#1442 = DIRECTION('',(0.,0.,1.));
#1443 = DIRECTION('',(1.,0.,0.));
#1444 = DEFINITIONAL_REPRESENTATION('',(#1445),#1449);
#1445 = CIRCLE('',#1446,3.2);
#1446 = AXIS2_PLACEMENT_2D('',#1447,#1448);
#1447 = CARTESIAN_POINT('',(0.,0.));
#1448 = DIRECTION('',(1.,0.));
#1449 = ( GEOMETRIC_REPRESENTATION_CONTEXT(2) 
PARAMETRIC_REPRESENTATION_CONTEXT() REPRESENTATION_CONTEXT('2D SPACE',''
  ) );
#1450 = ORIENTED_EDGE('',*,*,#1401,.T.);
#1451 = ADVANCED_FACE('',(#1452),#1439,.T.);
#1452 = FACE_BOUND('',#1453,.F.);
#1453 = EDGE_LOOP('',(#1454));
#1454 = ORIENTED_EDGE('',*,*,#1424,.F.);
#1455 = ADVANCED_FACE('',(#1456),#1334,.F.);
#1456 = FACE_BOUND('',#1457,.F.);
#1457 = EDGE_LOOP('',(#1458,#1459,#1480,#1508));
#1458 = ORIENTED_EDGE('',*,*,#1318,.F.);
#1459 = ORIENTED_EDGE('',*,*,#1460,.T.);
#1460 = EDGE_CURVE('',#1319,#1461,#1463,.T.);
#1461 = VERTEX_POINT('',#1462);
#1462 = CARTESIAN_POINT('',(72.,47.74,30.));
#1463 = SURFACE_CURVE('',#1464,(#1468,#1474),.PCURVE_S1.);
#1464 = LINE('',#1465,#1466);
#1465 = CARTESIAN_POINT('',(72.,47.74,-15.82));
#1466 = VECTOR('',#1467,1.);
#1467 = DIRECTION('',(0.,0.,-1.));
#1468 = PCURVE('',#1334,#1469);
#1469 = DEFINITIONAL_REPRESENTATION('',(#1470),#1473);
#1470 = B_SPLINE_CURVE_WITH_KNOTS('',1,(#1471,#1472),.UNSPECIFIED.,.F.,
  .F.,(2,2),(-73.31,-45.82),.PIECEWISE_BEZIER_KNOTS.);
#1471 = CARTESIAN_POINT('',(27.49,-3.));
#1472 = CARTESIAN_POINT('',(0.,-3.));
#1473 = ( GEOMETRIC_REPRESENTATION_CONTEXT(2) 
PARAMETRIC_REPRESENTATION_CONTEXT() REPRESENTATION_CONTEXT('2D SPACE',''
  ) );
#1474 = PCURVE('',#788,#1475);
#1475 = DEFINITIONAL_REPRESENTATION('',(#1476),#1479);
#1476 = B_SPLINE_CURVE_WITH_KNOTS('',1,(#1477,#1478),.UNSPECIFIED.,.F.,
  .F.,(2,2),(-73.31,-45.82),.PIECEWISE_BEZIER_KNOTS.);
#1477 = CARTESIAN_POINT('',(119.13,0.678));
#1478 = CARTESIAN_POINT('',(91.64,0.678));
#1479 = ( GEOMETRIC_REPRESENTATION_CONTEXT(2) 
PARAMETRIC_REPRESENTATION_CONTEXT() REPRESENTATION_CONTEXT('2D SPACE',''
  ) );
#1480 = ORIENTED_EDGE('',*,*,#1481,.T.);
#1481 = EDGE_CURVE('',#1461,#1482,#1484,.T.);
#1482 = VERTEX_POINT('',#1483);
#1483 = CARTESIAN_POINT('',(72.,58.,30.));
#1484 = SURFACE_CURVE('',#1485,(#1489,#1496),.PCURVE_S1.);
#1485 = LINE('',#1486,#1487);
#1486 = CARTESIAN_POINT('',(72.,44.74,30.));
#1487 = VECTOR('',#1488,1.);
#1488 = DIRECTION('',(0.,1.,0.));
#1489 = PCURVE('',#1334,#1490);
#1490 = DEFINITIONAL_REPRESENTATION('',(#1491),#1495);
#1491 = LINE('',#1492,#1493);
#1492 = CARTESIAN_POINT('',(0.,0.));
#1493 = VECTOR('',#1494,1.);
#1494 = DIRECTION('',(0.,-1.));
#1495 = ( GEOMETRIC_REPRESENTATION_CONTEXT(2) 
PARAMETRIC_REPRESENTATION_CONTEXT() REPRESENTATION_CONTEXT('2D SPACE',''
  ) );
#1496 = PCURVE('',#1497,#1502);
#1497 = PLANE('',#1498);
#1498 = AXIS2_PLACEMENT_3D('',#1499,#1500,#1501);
#1499 = CARTESIAN_POINT('',(72.,44.74,30.));
#1500 = DIRECTION('',(0.,0.,1.));
#1501 = DIRECTION('',(1.,0.,0.));
#1502 = DEFINITIONAL_REPRESENTATION('',(#1503),#1507);
#1503 = LINE('',#1504,#1505);
#1504 = CARTESIAN_POINT('',(0.,0.));
#1505 = VECTOR('',#1506,1.);
#1506 = DIRECTION('',(0.,1.));
#1507 = ( GEOMETRIC_REPRESENTATION_CONTEXT(2) 
PARAMETRIC_REPRESENTATION_CONTEXT() REPRESENTATION_CONTEXT('2D SPACE',''
  ) );
#1508 = ORIENTED_EDGE('',*,*,#1509,.T.);
#1509 = EDGE_CURVE('',#1482,#1291,#1510,.T.);
#1510 = SURFACE_CURVE('',#1511,(#1515,#1522),.PCURVE_S1.);
#1511 = LINE('',#1512,#1513);
#1512 = CARTESIAN_POINT('',(72.,58.,30.));
#1513 = VECTOR('',#1514,1.);
#1514 = DIRECTION('',(0.,0.,1.));
#1515 = PCURVE('',#1334,#1516);
#1516 = DEFINITIONAL_REPRESENTATION('',(#1517),#1521);
#1517 = LINE('',#1518,#1519);
#1518 = CARTESIAN_POINT('',(0.,-13.26));
#1519 = VECTOR('',#1520,1.);
#1520 = DIRECTION('',(1.,0.));
#1521 = ( GEOMETRIC_REPRESENTATION_CONTEXT(2) 
PARAMETRIC_REPRESENTATION_CONTEXT() REPRESENTATION_CONTEXT('2D SPACE',''
  ) );
#1522 = PCURVE('',#1306,#1523);
#1523 = DEFINITIONAL_REPRESENTATION('',(#1524),#1528);
#1524 = LINE('',#1525,#1526);
#1525 = CARTESIAN_POINT('',(0.,0.));
#1526 = VECTOR('',#1527,1.);
#1527 = DIRECTION('',(1.,0.));
#1528 = ( GEOMETRIC_REPRESENTATION_CONTEXT(2) 
PARAMETRIC_REPRESENTATION_CONTEXT() REPRESENTATION_CONTEXT('2D SPACE',''
  ) );
#1529 = ADVANCED_FACE('',(#1530),#1497,.F.);
#1530 = FACE_BOUND('',#1531,.F.);
#1531 = EDGE_LOOP('',(#1532,#1533,#1554,#1577));
#1532 = ORIENTED_EDGE('',*,*,#1481,.F.);
#1533 = ORIENTED_EDGE('',*,*,#1534,.T.);
#1534 = EDGE_CURVE('',#1461,#1535,#1537,.T.);
#1535 = VERTEX_POINT('',#1536);
#1536 = CARTESIAN_POINT('',(86.,47.74,30.));
#1537 = SURFACE_CURVE('',#1538,(#1542,#1548),.PCURVE_S1.);
#1538 = LINE('',#1539,#1540);
#1539 = CARTESIAN_POINT('',(71.661,47.74,30.));
#1540 = VECTOR('',#1541,1.);
#1541 = DIRECTION('',(1.,0.,0.));
#1542 = PCURVE('',#1497,#1543);
#1543 = DEFINITIONAL_REPRESENTATION('',(#1544),#1547);
#1544 = B_SPLINE_CURVE_WITH_KNOTS('',1,(#1545,#1546),.UNSPECIFIED.,.F.,
  .F.,(2,2),(0.339,14.339),.PIECEWISE_BEZIER_KNOTS.);
#1545 = CARTESIAN_POINT('',(0.,3.));
#1546 = CARTESIAN_POINT('',(14.,3.));
#1547 = ( GEOMETRIC_REPRESENTATION_CONTEXT(2) 
PARAMETRIC_REPRESENTATION_CONTEXT() REPRESENTATION_CONTEXT('2D SPACE',''
  ) );
#1548 = PCURVE('',#788,#1549);
#1549 = DEFINITIONAL_REPRESENTATION('',(#1550),#1553);
#1550 = B_SPLINE_CURVE_WITH_KNOTS('',1,(#1551,#1552),.UNSPECIFIED.,.F.,
  .F.,(2,2),(0.339,14.339),.PIECEWISE_BEZIER_KNOTS.);
#1551 = CARTESIAN_POINT('',(91.64,0.678));
#1552 = CARTESIAN_POINT('',(91.64,14.678));
#1553 = ( GEOMETRIC_REPRESENTATION_CONTEXT(2) 
PARAMETRIC_REPRESENTATION_CONTEXT() REPRESENTATION_CONTEXT('2D SPACE',''
  ) );
#1554 = ORIENTED_EDGE('',*,*,#1555,.T.);
#1555 = EDGE_CURVE('',#1535,#1556,#1558,.T.);
#1556 = VERTEX_POINT('',#1557);
#1557 = CARTESIAN_POINT('',(86.,58.,30.));
#1558 = SURFACE_CURVE('',#1559,(#1563,#1570),.PCURVE_S1.);
#1559 = LINE('',#1560,#1561);
#1560 = CARTESIAN_POINT('',(86.,44.74,30.));
#1561 = VECTOR('',#1562,1.);
#1562 = DIRECTION('',(0.,1.,0.));
#1563 = PCURVE('',#1497,#1564);
#1564 = DEFINITIONAL_REPRESENTATION('',(#1565),#1569);
#1565 = LINE('',#1566,#1567);
#1566 = CARTESIAN_POINT('',(14.,0.));
#1567 = VECTOR('',#1568,1.);
#1568 = DIRECTION('',(0.,1.));
#1569 = ( GEOMETRIC_REPRESENTATION_CONTEXT(2) 
PARAMETRIC_REPRESENTATION_CONTEXT() REPRESENTATION_CONTEXT('2D SPACE',''
  ) );
#1570 = PCURVE('',#1278,#1571);
#1571 = DEFINITIONAL_REPRESENTATION('',(#1572),#1576);
#1572 = LINE('',#1573,#1574);
#1573 = CARTESIAN_POINT('',(0.,0.));
#1574 = VECTOR('',#1575,1.);
#1575 = DIRECTION('',(0.,-1.));
#1576 = ( GEOMETRIC_REPRESENTATION_CONTEXT(2) 
PARAMETRIC_REPRESENTATION_CONTEXT() REPRESENTATION_CONTEXT('2D SPACE',''
  ) );
#1577 = ORIENTED_EDGE('',*,*,#1578,.F.);
#1578 = EDGE_CURVE('',#1482,#1556,#1579,.T.);
#1579 = SURFACE_CURVE('',#1580,(#1584,#1591),.PCURVE_S1.);
#1580 = LINE('',#1581,#1582);
#1581 = CARTESIAN_POINT('',(72.,58.,30.));
#1582 = VECTOR('',#1583,1.);
#1583 = DIRECTION('',(1.,0.,0.));
#1584 = PCURVE('',#1497,#1585);
#1585 = DEFINITIONAL_REPRESENTATION('',(#1586),#1590);
#1586 = LINE('',#1587,#1588);
#1587 = CARTESIAN_POINT('',(0.,13.26));
#1588 = VECTOR('',#1589,1.);
#1589 = DIRECTION('',(1.,0.));
#1590 = ( GEOMETRIC_REPRESENTATION_CONTEXT(2) 
PARAMETRIC_REPRESENTATION_CONTEXT() REPRESENTATION_CONTEXT('2D SPACE',''
  ) );
#1591 = PCURVE('',#1306,#1592);
#1592 = DEFINITIONAL_REPRESENTATION('',(#1593),#1597);
#1593 = LINE('',#1594,#1595);
#1594 = CARTESIAN_POINT('',(0.,0.));
#1595 = VECTOR('',#1596,1.);
#1596 = DIRECTION('',(0.,1.));
#1597 = ( GEOMETRIC_REPRESENTATION_CONTEXT(2) 
PARAMETRIC_REPRESENTATION_CONTEXT() REPRESENTATION_CONTEXT('2D SPACE',''
  ) );
#1598 = ADVANCED_FACE('',(#1599),#1306,.T.);
#1599 = FACE_BOUND('',#1600,.T.);
#1600 = EDGE_LOOP('',(#1601,#1602,#1603,#1604));
#1601 = ORIENTED_EDGE('',*,*,#1578,.F.);
#1602 = ORIENTED_EDGE('',*,*,#1509,.T.);
#1603 = ORIENTED_EDGE('',*,*,#1290,.T.);
#1604 = ORIENTED_EDGE('',*,*,#1605,.F.);
#1605 = EDGE_CURVE('',#1556,#1263,#1606,.T.);
#1606 = SURFACE_CURVE('',#1607,(#1611,#1618),.PCURVE_S1.);
#1607 = LINE('',#1608,#1609);
#1608 = CARTESIAN_POINT('',(86.,58.,30.));
#1609 = VECTOR('',#1610,1.);
#1610 = DIRECTION('',(0.,0.,1.));
#1611 = PCURVE('',#1306,#1612);
#1612 = DEFINITIONAL_REPRESENTATION('',(#1613),#1617);
#1613 = LINE('',#1614,#1615);
#1614 = CARTESIAN_POINT('',(0.,14.));
#1615 = VECTOR('',#1616,1.);
#1616 = DIRECTION('',(1.,0.));
#1617 = ( GEOMETRIC_REPRESENTATION_CONTEXT(2) 
PARAMETRIC_REPRESENTATION_CONTEXT() REPRESENTATION_CONTEXT('2D SPACE',''
  ) );
#1618 = PCURVE('',#1278,#1619);
#1619 = DEFINITIONAL_REPRESENTATION('',(#1620),#1624);
#1620 = LINE('',#1621,#1622);
#1621 = CARTESIAN_POINT('',(0.,-13.26));
#1622 = VECTOR('',#1623,1.);
#1623 = DIRECTION('',(1.,0.));
#1624 = ( GEOMETRIC_REPRESENTATION_CONTEXT(2) 
PARAMETRIC_REPRESENTATION_CONTEXT() REPRESENTATION_CONTEXT('2D SPACE',''
  ) );
#1625 = ADVANCED_FACE('',(#1626),#1278,.T.);
#1626 = FACE_BOUND('',#1627,.T.);
#1627 = EDGE_LOOP('',(#1628,#1629,#1648,#1649));
#1628 = ORIENTED_EDGE('',*,*,#1262,.F.);
#1629 = ORIENTED_EDGE('',*,*,#1630,.T.);
#1630 = EDGE_CURVE('',#1241,#1535,#1631,.T.);
#1631 = SURFACE_CURVE('',#1632,(#1636,#1642),.PCURVE_S1.);
#1632 = LINE('',#1633,#1634);
#1633 = CARTESIAN_POINT('',(86.,47.74,-15.82));
#1634 = VECTOR('',#1635,1.);
#1635 = DIRECTION('',(0.,0.,-1.));
#1636 = PCURVE('',#1278,#1637);
#1637 = DEFINITIONAL_REPRESENTATION('',(#1638),#1641);
#1638 = B_SPLINE_CURVE_WITH_KNOTS('',1,(#1639,#1640),.UNSPECIFIED.,.F.,
  .F.,(2,2),(-73.31,-45.82),.PIECEWISE_BEZIER_KNOTS.);
#1639 = CARTESIAN_POINT('',(27.49,-3.));
#1640 = CARTESIAN_POINT('',(0.,-3.));
#1641 = ( GEOMETRIC_REPRESENTATION_CONTEXT(2) 
PARAMETRIC_REPRESENTATION_CONTEXT() REPRESENTATION_CONTEXT('2D SPACE',''
  ) );
#1642 = PCURVE('',#788,#1643);
#1643 = DEFINITIONAL_REPRESENTATION('',(#1644),#1647);
#1644 = B_SPLINE_CURVE_WITH_KNOTS('',1,(#1645,#1646),.UNSPECIFIED.,.F.,
  .F.,(2,2),(-73.31,-45.82),.PIECEWISE_BEZIER_KNOTS.);
#1645 = CARTESIAN_POINT('',(119.13,14.678));
#1646 = CARTESIAN_POINT('',(91.64,14.678));
#1647 = ( GEOMETRIC_REPRESENTATION_CONTEXT(2) 
PARAMETRIC_REPRESENTATION_CONTEXT() REPRESENTATION_CONTEXT('2D SPACE',''
  ) );
#1648 = ORIENTED_EDGE('',*,*,#1555,.T.);
#1649 = ORIENTED_EDGE('',*,*,#1605,.T.);
#1650 = ADVANCED_FACE('',(#1651),#1183,.F.);
#1651 = FACE_BOUND('',#1652,.F.);
#1652 = EDGE_LOOP('',(#1653,#1688,#1707,#1708));
#1653 = ORIENTED_EDGE('',*,*,#1654,.F.);
#1654 = EDGE_CURVE('',#1655,#1657,#1659,.T.);
#1655 = VERTEX_POINT('',#1656);
#1656 = CARTESIAN_POINT('',(77.042348345594,44.74,47.49));
#1657 = VERTEX_POINT('',#1658);
#1658 = CARTESIAN_POINT('',(80.957651654406,44.74,47.49));
#1659 = SURFACE_CURVE('',#1660,(#1665,#1672),.PCURVE_S1.);
#1660 = CIRCLE('',#1661,2.1);
#1661 = AXIS2_PLACEMENT_3D('',#1662,#1663,#1664);
#1662 = CARTESIAN_POINT('',(79.,45.5,47.49));
#1663 = DIRECTION('',(-0.,0.,-1.));
#1664 = DIRECTION('',(-0.932215073527,-0.361904761905,0.));
#1665 = PCURVE('',#1183,#1666);
#1666 = DEFINITIONAL_REPRESENTATION('',(#1667),#1671);
#1667 = LINE('',#1668,#1669);
#1668 = CARTESIAN_POINT('',(9.795088310306,0.));
#1669 = VECTOR('',#1670,1.);
#1670 = DIRECTION('',(-1.,-0.));
#1671 = ( GEOMETRIC_REPRESENTATION_CONTEXT(2) 
PARAMETRIC_REPRESENTATION_CONTEXT() REPRESENTATION_CONTEXT('2D SPACE',''
  ) );
#1672 = PCURVE('',#1673,#1678);
#1673 = PLANE('',#1674);
#1674 = AXIS2_PLACEMENT_3D('',#1675,#1676,#1677);
#1675 = CARTESIAN_POINT('',(79.,45.5,47.49));
#1676 = DIRECTION('',(0.,0.,1.));
#1677 = DIRECTION('',(1.,0.,0.));
#1678 = DEFINITIONAL_REPRESENTATION('',(#1679),#1687);
#1679 = ( BOUNDED_CURVE() B_SPLINE_CURVE(2,(#1680,#1681,#1682,#1683,
#1684,#1685,#1686),.UNSPECIFIED.,.T.,.F.) B_SPLINE_CURVE_WITH_KNOTS((1,2
    ,2,2,2,1),(-2.094395102393,0.,2.094395102393,4.188790204786,
6.28318530718,8.377580409573),.UNSPECIFIED.) CURVE() 
GEOMETRIC_REPRESENTATION_ITEM() RATIONAL_B_SPLINE_CURVE((1.,0.5,1.,0.5,
1.,0.5,1.)) REPRESENTATION_ITEM('') );
#1680 = CARTESIAN_POINT('',(-1.957651654406,-0.76));
#1681 = CARTESIAN_POINT('',(-3.274010268159,2.630752128953));
#1682 = CARTESIAN_POINT('',(0.320646520327,2.075376064477));
#1683 = CARTESIAN_POINT('',(3.915303308813,1.52));
#1684 = CARTESIAN_POINT('',(1.637005134079,-1.315376064477));
#1685 = CARTESIAN_POINT('',(-0.641293040654,-4.150752128953));
#1686 = CARTESIAN_POINT('',(-1.957651654406,-0.76));
#1687 = ( GEOMETRIC_REPRESENTATION_CONTEXT(2) 
PARAMETRIC_REPRESENTATION_CONTEXT() REPRESENTATION_CONTEXT('2D SPACE',''
  ) );
#1688 = ORIENTED_EDGE('',*,*,#1689,.T.);
#1689 = EDGE_CURVE('',#1655,#1135,#1690,.T.);
#1690 = SURFACE_CURVE('',#1691,(#1695,#1701),.PCURVE_S1.);
#1691 = LINE('',#1692,#1693);
#1692 = CARTESIAN_POINT('',(77.042348345594,44.74,47.49));
#1693 = VECTOR('',#1694,1.);
#1694 = DIRECTION('',(0.,0.,1.));
#1695 = PCURVE('',#1183,#1696);
#1696 = DEFINITIONAL_REPRESENTATION('',(#1697),#1700);
#1697 = B_SPLINE_CURVE_WITH_KNOTS('',1,(#1698,#1699),.UNSPECIFIED.,.F.,
  .F.,(2,2),(0.,10.),.PIECEWISE_BEZIER_KNOTS.);
#1698 = CARTESIAN_POINT('',(9.795088310306,0.));
#1699 = CARTESIAN_POINT('',(9.795088310306,10.));
#1700 = ( GEOMETRIC_REPRESENTATION_CONTEXT(2) 
PARAMETRIC_REPRESENTATION_CONTEXT() REPRESENTATION_CONTEXT('2D SPACE',''
  ) );
#1701 = PCURVE('',#1150,#1702);
#1702 = DEFINITIONAL_REPRESENTATION('',(#1703),#1706);
#1703 = B_SPLINE_CURVE_WITH_KNOTS('',1,(#1704,#1705),.UNSPECIFIED.,.F.,
  .F.,(2,2),(-5.999999999062E-07,10.1000006),.PIECEWISE_BEZIER_KNOTS.);
#1704 = CARTESIAN_POINT('',(109.1299994,5.720348345594));
#1705 = CARTESIAN_POINT('',(119.2300006,5.720348345594));
#1706 = ( GEOMETRIC_REPRESENTATION_CONTEXT(2) 
PARAMETRIC_REPRESENTATION_CONTEXT() REPRESENTATION_CONTEXT('2D SPACE',''
  ) );
#1707 = ORIENTED_EDGE('',*,*,#1162,.T.);
#1708 = ORIENTED_EDGE('',*,*,#1709,.F.);
#1709 = EDGE_CURVE('',#1657,#1163,#1710,.T.);
#1710 = SURFACE_CURVE('',#1711,(#1715,#1721),.PCURVE_S1.);
#1711 = LINE('',#1712,#1713);
#1712 = CARTESIAN_POINT('',(80.957651654406,44.74,47.49));
#1713 = VECTOR('',#1714,1.);
#1714 = DIRECTION('',(0.,0.,1.));
#1715 = PCURVE('',#1183,#1716);
#1716 = DEFINITIONAL_REPRESENTATION('',(#1717),#1720);
#1717 = B_SPLINE_CURVE_WITH_KNOTS('',1,(#1718,#1719),.UNSPECIFIED.,.F.,
  .F.,(2,2),(0.,10.),.PIECEWISE_BEZIER_KNOTS.);
#1718 = CARTESIAN_POINT('',(5.912874957643,0.));
#1719 = CARTESIAN_POINT('',(5.912874957643,10.));
#1720 = ( GEOMETRIC_REPRESENTATION_CONTEXT(2) 
PARAMETRIC_REPRESENTATION_CONTEXT() REPRESENTATION_CONTEXT('2D SPACE',''
  ) );
#1721 = PCURVE('',#1150,#1722);
#1722 = DEFINITIONAL_REPRESENTATION('',(#1723),#1726);
#1723 = B_SPLINE_CURVE_WITH_KNOTS('',1,(#1724,#1725),.UNSPECIFIED.,.F.,
  .F.,(2,2),(-5.999999999062E-07,10.1000006),.PIECEWISE_BEZIER_KNOTS.);
#1724 = CARTESIAN_POINT('',(109.1299994,9.635651654406));
#1725 = CARTESIAN_POINT('',(119.2300006,9.635651654406));
#1726 = ( GEOMETRIC_REPRESENTATION_CONTEXT(2) 
PARAMETRIC_REPRESENTATION_CONTEXT() REPRESENTATION_CONTEXT('2D SPACE',''
  ) );
#1727 = ADVANCED_FACE('',(#1728),#1673,.T.);
#1728 = FACE_BOUND('',#1729,.T.);
#1729 = EDGE_LOOP('',(#1730,#1749));
#1730 = ORIENTED_EDGE('',*,*,#1731,.T.);
#1731 = EDGE_CURVE('',#1655,#1657,#1732,.T.);
#1732 = SURFACE_CURVE('',#1733,(#1737,#1743),.PCURVE_S1.);
#1733 = LINE('',#1734,#1735);
#1734 = CARTESIAN_POINT('',(75.161,44.74,47.49));
#1735 = VECTOR('',#1736,1.);
#1736 = DIRECTION('',(1.,0.,0.));
#1737 = PCURVE('',#1673,#1738);
#1738 = DEFINITIONAL_REPRESENTATION('',(#1739),#1742);
#1739 = B_SPLINE_CURVE_WITH_KNOTS('',1,(#1740,#1741),.UNSPECIFIED.,.F.,
  .F.,(2,2),(1.739,5.939),.PIECEWISE_BEZIER_KNOTS.);
#1740 = CARTESIAN_POINT('',(-2.1,-0.76));
#1741 = CARTESIAN_POINT('',(2.1,-0.76));
#1742 = ( GEOMETRIC_REPRESENTATION_CONTEXT(2) 
PARAMETRIC_REPRESENTATION_CONTEXT() REPRESENTATION_CONTEXT('2D SPACE',''
  ) );
#1743 = PCURVE('',#1150,#1744);
#1744 = DEFINITIONAL_REPRESENTATION('',(#1745),#1748);
#1745 = B_SPLINE_CURVE_WITH_KNOTS('',1,(#1746,#1747),.UNSPECIFIED.,.F.,
  .F.,(2,2),(1.739,5.939),.PIECEWISE_BEZIER_KNOTS.);
#1746 = CARTESIAN_POINT('',(109.13,5.578));
#1747 = CARTESIAN_POINT('',(109.13,9.778));
#1748 = ( GEOMETRIC_REPRESENTATION_CONTEXT(2) 
PARAMETRIC_REPRESENTATION_CONTEXT() REPRESENTATION_CONTEXT('2D SPACE',''
  ) );
#1749 = ORIENTED_EDGE('',*,*,#1654,.F.);
#1750 = ADVANCED_FACE('',(#1751),#1150,.F.);
#1751 = FACE_BOUND('',#1752,.F.);
#1752 = EDGE_LOOP('',(#1753,#1776,#1804,#1832,#1860,#1881,#1882,#1883,
    #1884,#1885,#1886));
#1753 = ORIENTED_EDGE('',*,*,#1754,.F.);
#1754 = EDGE_CURVE('',#1755,#1757,#1759,.T.);
#1755 = VERTEX_POINT('',#1756);
#1756 = CARTESIAN_POINT('',(71.322,44.74,-57.64));
#1757 = VERTEX_POINT('',#1758);
#1758 = CARTESIAN_POINT('',(85.772,44.74,-57.64));
#1759 = SURFACE_CURVE('',#1760,(#1764,#1770),.PCURVE_S1.);
#1760 = LINE('',#1761,#1762);
#1761 = CARTESIAN_POINT('',(71.322,44.74,-57.64));
#1762 = VECTOR('',#1763,1.);
#1763 = DIRECTION('',(1.,0.,0.));
#1764 = PCURVE('',#1150,#1765);
#1765 = DEFINITIONAL_REPRESENTATION('',(#1766),#1769);
#1766 = B_SPLINE_CURVE_WITH_KNOTS('',1,(#1767,#1768),.UNSPECIFIED.,.F.,
  .F.,(2,2),(0.,14.45),.PIECEWISE_BEZIER_KNOTS.);
#1767 = CARTESIAN_POINT('',(4.,0.));
#1768 = CARTESIAN_POINT('',(4.,14.45));
#1769 = ( GEOMETRIC_REPRESENTATION_CONTEXT(2) 
PARAMETRIC_REPRESENTATION_CONTEXT() REPRESENTATION_CONTEXT('2D SPACE',''
  ) );
#1770 = PCURVE('',#491,#1771);
#1771 = DEFINITIONAL_REPRESENTATION('',(#1772),#1775);
#1772 = B_SPLINE_CURVE_WITH_KNOTS('',1,(#1773,#1774),.UNSPECIFIED.,.F.,
  .F.,(2,2),(0.,14.45),.PIECEWISE_BEZIER_KNOTS.);
#1773 = CARTESIAN_POINT('',(0.,92.48));
#1774 = CARTESIAN_POINT('',(14.45,92.48));
#1775 = ( GEOMETRIC_REPRESENTATION_CONTEXT(2) 
PARAMETRIC_REPRESENTATION_CONTEXT() REPRESENTATION_CONTEXT('2D SPACE',''
  ) );
#1776 = ORIENTED_EDGE('',*,*,#1777,.T.);
#1777 = EDGE_CURVE('',#1755,#1778,#1780,.T.);
#1778 = VERTEX_POINT('',#1779);
#1779 = CARTESIAN_POINT('',(71.322,44.74,57.94));
#1780 = SURFACE_CURVE('',#1781,(#1785,#1792),.PCURVE_S1.);
#1781 = LINE('',#1782,#1783);
#1782 = CARTESIAN_POINT('',(71.322,44.74,-61.64));
#1783 = VECTOR('',#1784,1.);
#1784 = DIRECTION('',(0.,0.,1.));
#1785 = PCURVE('',#1150,#1786);
#1786 = DEFINITIONAL_REPRESENTATION('',(#1787),#1791);
#1787 = LINE('',#1788,#1789);
#1788 = CARTESIAN_POINT('',(0.,0.));
#1789 = VECTOR('',#1790,1.);
#1790 = DIRECTION('',(1.,0.));
#1791 = ( GEOMETRIC_REPRESENTATION_CONTEXT(2) 
PARAMETRIC_REPRESENTATION_CONTEXT() REPRESENTATION_CONTEXT('2D SPACE',''
  ) );
#1792 = PCURVE('',#1793,#1798);
#1793 = PLANE('',#1794);
#1794 = AXIS2_PLACEMENT_3D('',#1795,#1796,#1797);
#1795 = CARTESIAN_POINT('',(71.322,-49.,-61.64));
#1796 = DIRECTION('',(1.,0.,0.));
#1797 = DIRECTION('',(0.,0.,1.));
#1798 = DEFINITIONAL_REPRESENTATION('',(#1799),#1803);
#1799 = LINE('',#1800,#1801);
#1800 = CARTESIAN_POINT('',(0.,-93.74));
#1801 = VECTOR('',#1802,1.);
#1802 = DIRECTION('',(1.,0.));
#1803 = ( GEOMETRIC_REPRESENTATION_CONTEXT(2) 
PARAMETRIC_REPRESENTATION_CONTEXT() REPRESENTATION_CONTEXT('2D SPACE',''
  ) );
#1804 = ORIENTED_EDGE('',*,*,#1805,.T.);
#1805 = EDGE_CURVE('',#1778,#1806,#1808,.T.);
#1806 = VERTEX_POINT('',#1807);
#1807 = CARTESIAN_POINT('',(71.322,44.74,58.04));
#1808 = SURFACE_CURVE('',#1809,(#1813,#1820),.PCURVE_S1.);
#1809 = LINE('',#1810,#1811);
#1810 = CARTESIAN_POINT('',(71.322,44.74,-61.64));
#1811 = VECTOR('',#1812,1.);
#1812 = DIRECTION('',(0.,0.,1.));
#1813 = PCURVE('',#1150,#1814);
#1814 = DEFINITIONAL_REPRESENTATION('',(#1815),#1819);
#1815 = LINE('',#1816,#1817);
#1816 = CARTESIAN_POINT('',(0.,0.));
#1817 = VECTOR('',#1818,1.);
#1818 = DIRECTION('',(1.,0.));
#1819 = ( GEOMETRIC_REPRESENTATION_CONTEXT(2) 
PARAMETRIC_REPRESENTATION_CONTEXT() REPRESENTATION_CONTEXT('2D SPACE',''
  ) );
#1820 = PCURVE('',#1821,#1826);
#1821 = PLANE('',#1822);
#1822 = AXIS2_PLACEMENT_3D('',#1823,#1824,#1825);
#1823 = CARTESIAN_POINT('',(71.322,44.74,-61.64));
#1824 = DIRECTION('',(1.,0.,0.));
#1825 = DIRECTION('',(0.,0.,1.));
#1826 = DEFINITIONAL_REPRESENTATION('',(#1827),#1831);
#1827 = LINE('',#1828,#1829);
#1828 = CARTESIAN_POINT('',(0.,0.));
#1829 = VECTOR('',#1830,1.);
#1830 = DIRECTION('',(1.,0.));
#1831 = ( GEOMETRIC_REPRESENTATION_CONTEXT(2) 
PARAMETRIC_REPRESENTATION_CONTEXT() REPRESENTATION_CONTEXT('2D SPACE',''
  ) );
#1832 = ORIENTED_EDGE('',*,*,#1833,.T.);
#1833 = EDGE_CURVE('',#1806,#1834,#1836,.T.);
#1834 = VERTEX_POINT('',#1835);
#1835 = CARTESIAN_POINT('',(71.4,44.74,58.04));
#1836 = SURFACE_CURVE('',#1837,(#1841,#1848),.PCURVE_S1.);
#1837 = LINE('',#1838,#1839);
#1838 = CARTESIAN_POINT('',(71.322,44.74,58.04));
#1839 = VECTOR('',#1840,1.);
#1840 = DIRECTION('',(1.,0.,0.));
#1841 = PCURVE('',#1150,#1842);
#1842 = DEFINITIONAL_REPRESENTATION('',(#1843),#1847);
#1843 = LINE('',#1844,#1845);
#1844 = CARTESIAN_POINT('',(119.68,0.));
#1845 = VECTOR('',#1846,1.);
#1846 = DIRECTION('',(0.,1.));
#1847 = ( GEOMETRIC_REPRESENTATION_CONTEXT(2) 
PARAMETRIC_REPRESENTATION_CONTEXT() REPRESENTATION_CONTEXT('2D SPACE',''
  ) );
#1848 = PCURVE('',#1849,#1854);
#1849 = PLANE('',#1850);
#1850 = AXIS2_PLACEMENT_3D('',#1851,#1852,#1853);
#1851 = CARTESIAN_POINT('',(71.322,44.74,58.04));
#1852 = DIRECTION('',(0.,0.,1.));
#1853 = DIRECTION('',(1.,0.,0.));
#1854 = DEFINITIONAL_REPRESENTATION('',(#1855),#1859);
#1855 = LINE('',#1856,#1857);
#1856 = CARTESIAN_POINT('',(0.,0.));
#1857 = VECTOR('',#1858,1.);
#1858 = DIRECTION('',(1.,0.));
#1859 = ( GEOMETRIC_REPRESENTATION_CONTEXT(2) 
PARAMETRIC_REPRESENTATION_CONTEXT() REPRESENTATION_CONTEXT('2D SPACE',''
  ) );
#1860 = ORIENTED_EDGE('',*,*,#1861,.F.);
#1861 = EDGE_CURVE('',#1105,#1834,#1862,.T.);
#1862 = SURFACE_CURVE('',#1863,(#1867,#1874),.PCURVE_S1.);
#1863 = LINE('',#1864,#1865);
#1864 = CARTESIAN_POINT('',(71.4,44.74,57.49));
#1865 = VECTOR('',#1866,1.);
#1866 = DIRECTION('',(0.,0.,1.));
#1867 = PCURVE('',#1150,#1868);
#1868 = DEFINITIONAL_REPRESENTATION('',(#1869),#1873);
#1869 = LINE('',#1870,#1871);
#1870 = CARTESIAN_POINT('',(119.13,7.8E-02));
#1871 = VECTOR('',#1872,1.);
#1872 = DIRECTION('',(1.,0.));
#1873 = ( GEOMETRIC_REPRESENTATION_CONTEXT(2) 
PARAMETRIC_REPRESENTATION_CONTEXT() REPRESENTATION_CONTEXT('2D SPACE',''
  ) );
#1874 = PCURVE('',#1122,#1875);
#1875 = DEFINITIONAL_REPRESENTATION('',(#1876),#1880);
#1876 = LINE('',#1877,#1878);
#1877 = CARTESIAN_POINT('',(0.,0.));
#1878 = VECTOR('',#1879,1.);
#1879 = DIRECTION('',(1.,0.));
#1880 = ( GEOMETRIC_REPRESENTATION_CONTEXT(2) 
PARAMETRIC_REPRESENTATION_CONTEXT() REPRESENTATION_CONTEXT('2D SPACE',''
  ) );
#1881 = ORIENTED_EDGE('',*,*,#1134,.T.);
#1882 = ORIENTED_EDGE('',*,*,#1689,.F.);
#1883 = ORIENTED_EDGE('',*,*,#1731,.T.);
#1884 = ORIENTED_EDGE('',*,*,#1709,.T.);
#1885 = ORIENTED_EDGE('',*,*,#1195,.T.);
#1886 = ORIENTED_EDGE('',*,*,#1887,.F.);
#1887 = EDGE_CURVE('',#1757,#1196,#1888,.T.);
#1888 = SURFACE_CURVE('',#1889,(#1893,#1900),.PCURVE_S1.);
#1889 = LINE('',#1890,#1891);
#1890 = CARTESIAN_POINT('',(85.772,44.74,-61.64));
#1891 = VECTOR('',#1892,1.);
#1892 = DIRECTION('',(0.,0.,1.));
#1893 = PCURVE('',#1150,#1894);
#1894 = DEFINITIONAL_REPRESENTATION('',(#1895),#1899);
#1895 = LINE('',#1896,#1897);
#1896 = CARTESIAN_POINT('',(0.,14.45));
#1897 = VECTOR('',#1898,1.);
#1898 = DIRECTION('',(1.,0.));
#1899 = ( GEOMETRIC_REPRESENTATION_CONTEXT(2) 
PARAMETRIC_REPRESENTATION_CONTEXT() REPRESENTATION_CONTEXT('2D SPACE',''
  ) );
#1900 = PCURVE('',#993,#1901);
#1901 = DEFINITIONAL_REPRESENTATION('',(#1902),#1906);
#1902 = LINE('',#1903,#1904);
#1903 = CARTESIAN_POINT('',(0.,-3.3));
#1904 = VECTOR('',#1905,1.);
#1905 = DIRECTION('',(1.,0.));
#1906 = ( GEOMETRIC_REPRESENTATION_CONTEXT(2) 
PARAMETRIC_REPRESENTATION_CONTEXT() REPRESENTATION_CONTEXT('2D SPACE',''
  ) );
#1907 = ADVANCED_FACE('',(#1908,#2197,#2228),#1793,.T.);
#1908 = FACE_BOUND('',#1909,.T.);
#1909 = EDGE_LOOP('',(#1910,#1935,#1963,#1984,#1985,#2008,#2036,#2064,
    #2092,#2115,#2143,#2171));
#1910 = ORIENTED_EDGE('',*,*,#1911,.F.);
#1911 = EDGE_CURVE('',#1912,#1914,#1916,.T.);
#1912 = VERTEX_POINT('',#1913);
#1913 = CARTESIAN_POINT('',(71.322,-44.74,57.94));
#1914 = VERTEX_POINT('',#1915);
#1915 = CARTESIAN_POINT('',(71.322,-18.53,57.94));
#1916 = SURFACE_CURVE('',#1917,(#1921,#1928),.PCURVE_S1.);
#1917 = LINE('',#1918,#1919);
#1918 = CARTESIAN_POINT('',(71.322,-49.,57.94));
#1919 = VECTOR('',#1920,1.);
#1920 = DIRECTION('',(0.,1.,0.));
#1921 = PCURVE('',#1793,#1922);
#1922 = DEFINITIONAL_REPRESENTATION('',(#1923),#1927);
#1923 = LINE('',#1924,#1925);
#1924 = CARTESIAN_POINT('',(119.58,0.));
#1925 = VECTOR('',#1926,1.);
#1926 = DIRECTION('',(0.,-1.));
#1927 = ( GEOMETRIC_REPRESENTATION_CONTEXT(2) 
PARAMETRIC_REPRESENTATION_CONTEXT() REPRESENTATION_CONTEXT('2D SPACE',''
  ) );
#1928 = PCURVE('',#70,#1929);
#1929 = DEFINITIONAL_REPRESENTATION('',(#1930),#1934);
#1930 = LINE('',#1931,#1932);
#1931 = CARTESIAN_POINT('',(7.,0.));
#1932 = VECTOR('',#1933,1.);
#1933 = DIRECTION('',(0.,1.));
#1934 = ( GEOMETRIC_REPRESENTATION_CONTEXT(2) 
PARAMETRIC_REPRESENTATION_CONTEXT() REPRESENTATION_CONTEXT('2D SPACE',''
  ) );
#1935 = ORIENTED_EDGE('',*,*,#1936,.F.);
#1936 = EDGE_CURVE('',#1937,#1912,#1939,.T.);
#1937 = VERTEX_POINT('',#1938);
#1938 = CARTESIAN_POINT('',(71.322,-44.74,-57.64));
#1939 = SURFACE_CURVE('',#1940,(#1944,#1951),.PCURVE_S1.);
#1940 = LINE('',#1941,#1942);
#1941 = CARTESIAN_POINT('',(71.322,-44.74,-61.64));
#1942 = VECTOR('',#1943,1.);
#1943 = DIRECTION('',(0.,0.,1.));
#1944 = PCURVE('',#1793,#1945);
#1945 = DEFINITIONAL_REPRESENTATION('',(#1946),#1950);
#1946 = LINE('',#1947,#1948);
#1947 = CARTESIAN_POINT('',(0.,-4.26));
#1948 = VECTOR('',#1949,1.);
#1949 = DIRECTION('',(1.,0.));
#1950 = ( GEOMETRIC_REPRESENTATION_CONTEXT(2) 
PARAMETRIC_REPRESENTATION_CONTEXT() REPRESENTATION_CONTEXT('2D SPACE',''
  ) );
#1951 = PCURVE('',#1952,#1957);
#1952 = PLANE('',#1953);
#1953 = AXIS2_PLACEMENT_3D('',#1954,#1955,#1956);
#1954 = CARTESIAN_POINT('',(71.322,-44.74,-61.64));
#1955 = DIRECTION('',(0.,1.,0.));
#1956 = DIRECTION('',(0.,0.,1.));
#1957 = DEFINITIONAL_REPRESENTATION('',(#1958),#1962);
#1958 = LINE('',#1959,#1960);
#1959 = CARTESIAN_POINT('',(0.,0.));
#1960 = VECTOR('',#1961,1.);
#1961 = DIRECTION('',(1.,0.));
#1962 = ( GEOMETRIC_REPRESENTATION_CONTEXT(2) 
PARAMETRIC_REPRESENTATION_CONTEXT() REPRESENTATION_CONTEXT('2D SPACE',''
  ) );
#1963 = ORIENTED_EDGE('',*,*,#1964,.T.);
#1964 = EDGE_CURVE('',#1937,#1755,#1965,.T.);
#1965 = SURFACE_CURVE('',#1966,(#1970,#1977),.PCURVE_S1.);
#1966 = LINE('',#1967,#1968);
#1967 = CARTESIAN_POINT('',(71.322,-47.74,-57.64));
#1968 = VECTOR('',#1969,1.);
#1969 = DIRECTION('',(0.,1.,0.));
#1970 = PCURVE('',#1793,#1971);
#1971 = DEFINITIONAL_REPRESENTATION('',(#1972),#1976);
#1972 = LINE('',#1973,#1974);
#1973 = CARTESIAN_POINT('',(4.,-1.26));
#1974 = VECTOR('',#1975,1.);
#1975 = DIRECTION('',(0.,-1.));
#1976 = ( GEOMETRIC_REPRESENTATION_CONTEXT(2) 
PARAMETRIC_REPRESENTATION_CONTEXT() REPRESENTATION_CONTEXT('2D SPACE',''
  ) );
#1977 = PCURVE('',#491,#1978);
#1978 = DEFINITIONAL_REPRESENTATION('',(#1979),#1983);
#1979 = LINE('',#1980,#1981);
#1980 = CARTESIAN_POINT('',(0.,0.));
#1981 = VECTOR('',#1982,1.);
#1982 = DIRECTION('',(0.,1.));
#1983 = ( GEOMETRIC_REPRESENTATION_CONTEXT(2) 
PARAMETRIC_REPRESENTATION_CONTEXT() REPRESENTATION_CONTEXT('2D SPACE',''
  ) );
#1984 = ORIENTED_EDGE('',*,*,#1777,.T.);
#1985 = ORIENTED_EDGE('',*,*,#1986,.F.);
#1986 = EDGE_CURVE('',#1987,#1778,#1989,.T.);
#1987 = VERTEX_POINT('',#1988);
#1988 = CARTESIAN_POINT('',(71.322,18.53,57.94));
#1989 = SURFACE_CURVE('',#1990,(#1994,#2001),.PCURVE_S1.);
#1990 = LINE('',#1991,#1992);
#1991 = CARTESIAN_POINT('',(71.322,-49.,57.94));
#1992 = VECTOR('',#1993,1.);
#1993 = DIRECTION('',(0.,1.,0.));
#1994 = PCURVE('',#1793,#1995);
#1995 = DEFINITIONAL_REPRESENTATION('',(#1996),#2000);
#1996 = LINE('',#1997,#1998);
#1997 = CARTESIAN_POINT('',(119.58,0.));
#1998 = VECTOR('',#1999,1.);
#1999 = DIRECTION('',(0.,-1.));
#2000 = ( GEOMETRIC_REPRESENTATION_CONTEXT(2) 
PARAMETRIC_REPRESENTATION_CONTEXT() REPRESENTATION_CONTEXT('2D SPACE',''
  ) );
#2001 = PCURVE('',#70,#2002);
#2002 = DEFINITIONAL_REPRESENTATION('',(#2003),#2007);
#2003 = LINE('',#2004,#2005);
#2004 = CARTESIAN_POINT('',(7.,0.));
#2005 = VECTOR('',#2006,1.);
#2006 = DIRECTION('',(0.,1.));
#2007 = ( GEOMETRIC_REPRESENTATION_CONTEXT(2) 
PARAMETRIC_REPRESENTATION_CONTEXT() REPRESENTATION_CONTEXT('2D SPACE',''
  ) );
#2008 = ORIENTED_EDGE('',*,*,#2009,.F.);
#2009 = EDGE_CURVE('',#2010,#1987,#2012,.T.);
#2010 = VERTEX_POINT('',#2011);
#2011 = CARTESIAN_POINT('',(71.322,18.53,-57.));
#2012 = SURFACE_CURVE('',#2013,(#2017,#2024),.PCURVE_S1.);
#2013 = LINE('',#2014,#2015);
#2014 = CARTESIAN_POINT('',(71.322,18.53,-57.));
#2015 = VECTOR('',#2016,1.);
#2016 = DIRECTION('',(0.,0.,1.));
#2017 = PCURVE('',#1793,#2018);
#2018 = DEFINITIONAL_REPRESENTATION('',(#2019),#2023);
#2019 = LINE('',#2020,#2021);
#2020 = CARTESIAN_POINT('',(4.64,-67.53));
#2021 = VECTOR('',#2022,1.);
#2022 = DIRECTION('',(1.,0.));
#2023 = ( GEOMETRIC_REPRESENTATION_CONTEXT(2) 
PARAMETRIC_REPRESENTATION_CONTEXT() REPRESENTATION_CONTEXT('2D SPACE',''
  ) );
#2024 = PCURVE('',#2025,#2030);
#2025 = PLANE('',#2026);
#2026 = AXIS2_PLACEMENT_3D('',#2027,#2028,#2029);
#2027 = CARTESIAN_POINT('',(69.322,18.53,-57.));
#2028 = DIRECTION('',(0.,1.,0.));
#2029 = DIRECTION('',(0.,0.,1.));
#2030 = DEFINITIONAL_REPRESENTATION('',(#2031),#2035);
#2031 = LINE('',#2032,#2033);
#2032 = CARTESIAN_POINT('',(0.,2.));
#2033 = VECTOR('',#2034,1.);
#2034 = DIRECTION('',(1.,0.));
#2035 = ( GEOMETRIC_REPRESENTATION_CONTEXT(2) 
PARAMETRIC_REPRESENTATION_CONTEXT() REPRESENTATION_CONTEXT('2D SPACE',''
  ) );
#2036 = ORIENTED_EDGE('',*,*,#2037,.F.);
#2037 = EDGE_CURVE('',#2038,#2010,#2040,.T.);
#2038 = VERTEX_POINT('',#2039);
#2039 = CARTESIAN_POINT('',(71.322,11.96,-57.));
#2040 = SURFACE_CURVE('',#2041,(#2045,#2052),.PCURVE_S1.);
#2041 = LINE('',#2042,#2043);
#2042 = CARTESIAN_POINT('',(71.322,11.96,-57.));
#2043 = VECTOR('',#2044,1.);
#2044 = DIRECTION('',(0.,1.,0.));
#2045 = PCURVE('',#1793,#2046);
#2046 = DEFINITIONAL_REPRESENTATION('',(#2047),#2051);
#2047 = LINE('',#2048,#2049);
#2048 = CARTESIAN_POINT('',(4.64,-60.96));
#2049 = VECTOR('',#2050,1.);
#2050 = DIRECTION('',(0.,-1.));
#2051 = ( GEOMETRIC_REPRESENTATION_CONTEXT(2) 
PARAMETRIC_REPRESENTATION_CONTEXT() REPRESENTATION_CONTEXT('2D SPACE',''
  ) );
#2052 = PCURVE('',#2053,#2058);
#2053 = PLANE('',#2054);
#2054 = AXIS2_PLACEMENT_3D('',#2055,#2056,#2057);
#2055 = CARTESIAN_POINT('',(69.322,11.96,-57.));
#2056 = DIRECTION('',(0.,0.,1.));
#2057 = DIRECTION('',(1.,0.,0.));
#2058 = DEFINITIONAL_REPRESENTATION('',(#2059),#2063);
#2059 = LINE('',#2060,#2061);
#2060 = CARTESIAN_POINT('',(2.,0.));
#2061 = VECTOR('',#2062,1.);
#2062 = DIRECTION('',(0.,1.));
#2063 = ( GEOMETRIC_REPRESENTATION_CONTEXT(2) 
PARAMETRIC_REPRESENTATION_CONTEXT() REPRESENTATION_CONTEXT('2D SPACE',''
  ) );
#2064 = ORIENTED_EDGE('',*,*,#2065,.T.);
#2065 = EDGE_CURVE('',#2038,#2066,#2068,.T.);
#2066 = VERTEX_POINT('',#2067);
#2067 = CARTESIAN_POINT('',(71.322,11.96,57.94));
#2068 = SURFACE_CURVE('',#2069,(#2073,#2080),.PCURVE_S1.);
#2069 = LINE('',#2070,#2071);
#2070 = CARTESIAN_POINT('',(71.322,11.96,-57.));
#2071 = VECTOR('',#2072,1.);
#2072 = DIRECTION('',(0.,0.,1.));
#2073 = PCURVE('',#1793,#2074);
#2074 = DEFINITIONAL_REPRESENTATION('',(#2075),#2079);
#2075 = LINE('',#2076,#2077);
#2076 = CARTESIAN_POINT('',(4.64,-60.96));
#2077 = VECTOR('',#2078,1.);
#2078 = DIRECTION('',(1.,0.));
#2079 = ( GEOMETRIC_REPRESENTATION_CONTEXT(2) 
PARAMETRIC_REPRESENTATION_CONTEXT() REPRESENTATION_CONTEXT('2D SPACE',''
  ) );
#2080 = PCURVE('',#2081,#2086);
#2081 = PLANE('',#2082);
#2082 = AXIS2_PLACEMENT_3D('',#2083,#2084,#2085);
#2083 = CARTESIAN_POINT('',(69.322,11.96,-57.));
#2084 = DIRECTION('',(0.,1.,0.));
#2085 = DIRECTION('',(0.,0.,1.));
#2086 = DEFINITIONAL_REPRESENTATION('',(#2087),#2091);
#2087 = LINE('',#2088,#2089);
#2088 = CARTESIAN_POINT('',(0.,2.));
#2089 = VECTOR('',#2090,1.);
#2090 = DIRECTION('',(1.,0.));
#2091 = ( GEOMETRIC_REPRESENTATION_CONTEXT(2) 
PARAMETRIC_REPRESENTATION_CONTEXT() REPRESENTATION_CONTEXT('2D SPACE',''
  ) );
#2092 = ORIENTED_EDGE('',*,*,#2093,.F.);
#2093 = EDGE_CURVE('',#2094,#2066,#2096,.T.);
#2094 = VERTEX_POINT('',#2095);
#2095 = CARTESIAN_POINT('',(71.322,-11.96,57.94));
#2096 = SURFACE_CURVE('',#2097,(#2101,#2108),.PCURVE_S1.);
#2097 = LINE('',#2098,#2099);
#2098 = CARTESIAN_POINT('',(71.322,-49.,57.94));
#2099 = VECTOR('',#2100,1.);
#2100 = DIRECTION('',(0.,1.,0.));
#2101 = PCURVE('',#1793,#2102);
#2102 = DEFINITIONAL_REPRESENTATION('',(#2103),#2107);
#2103 = LINE('',#2104,#2105);
#2104 = CARTESIAN_POINT('',(119.58,0.));
#2105 = VECTOR('',#2106,1.);
#2106 = DIRECTION('',(0.,-1.));
#2107 = ( GEOMETRIC_REPRESENTATION_CONTEXT(2) 
PARAMETRIC_REPRESENTATION_CONTEXT() REPRESENTATION_CONTEXT('2D SPACE',''
  ) );
#2108 = PCURVE('',#70,#2109);
#2109 = DEFINITIONAL_REPRESENTATION('',(#2110),#2114);
#2110 = LINE('',#2111,#2112);
#2111 = CARTESIAN_POINT('',(7.,0.));
#2112 = VECTOR('',#2113,1.);
#2113 = DIRECTION('',(0.,1.));
#2114 = ( GEOMETRIC_REPRESENTATION_CONTEXT(2) 
PARAMETRIC_REPRESENTATION_CONTEXT() REPRESENTATION_CONTEXT('2D SPACE',''
  ) );
#2115 = ORIENTED_EDGE('',*,*,#2116,.F.);
#2116 = EDGE_CURVE('',#2117,#2094,#2119,.T.);
#2117 = VERTEX_POINT('',#2118);
#2118 = CARTESIAN_POINT('',(71.322,-11.96,-57.));
#2119 = SURFACE_CURVE('',#2120,(#2124,#2131),.PCURVE_S1.);
#2120 = LINE('',#2121,#2122);
#2121 = CARTESIAN_POINT('',(71.322,-11.96,-57.));
#2122 = VECTOR('',#2123,1.);
#2123 = DIRECTION('',(0.,0.,1.));
#2124 = PCURVE('',#1793,#2125);
#2125 = DEFINITIONAL_REPRESENTATION('',(#2126),#2130);
#2126 = LINE('',#2127,#2128);
#2127 = CARTESIAN_POINT('',(4.64,-37.04));
#2128 = VECTOR('',#2129,1.);
#2129 = DIRECTION('',(1.,0.));
#2130 = ( GEOMETRIC_REPRESENTATION_CONTEXT(2) 
PARAMETRIC_REPRESENTATION_CONTEXT() REPRESENTATION_CONTEXT('2D SPACE',''
  ) );
#2131 = PCURVE('',#2132,#2137);
#2132 = PLANE('',#2133);
#2133 = AXIS2_PLACEMENT_3D('',#2134,#2135,#2136);
#2134 = CARTESIAN_POINT('',(69.322,-11.96,-57.));
#2135 = DIRECTION('',(0.,1.,0.));
#2136 = DIRECTION('',(0.,0.,1.));
#2137 = DEFINITIONAL_REPRESENTATION('',(#2138),#2142);
#2138 = LINE('',#2139,#2140);
#2139 = CARTESIAN_POINT('',(0.,2.));
#2140 = VECTOR('',#2141,1.);
#2141 = DIRECTION('',(1.,0.));
#2142 = ( GEOMETRIC_REPRESENTATION_CONTEXT(2) 
PARAMETRIC_REPRESENTATION_CONTEXT() REPRESENTATION_CONTEXT('2D SPACE',''
  ) );
#2143 = ORIENTED_EDGE('',*,*,#2144,.F.);
#2144 = EDGE_CURVE('',#2145,#2117,#2147,.T.);
#2145 = VERTEX_POINT('',#2146);
#2146 = CARTESIAN_POINT('',(71.322,-18.53,-57.));
#2147 = SURFACE_CURVE('',#2148,(#2152,#2159),.PCURVE_S1.);
#2148 = LINE('',#2149,#2150);
#2149 = CARTESIAN_POINT('',(71.322,-18.53,-57.));
#2150 = VECTOR('',#2151,1.);
#2151 = DIRECTION('',(0.,1.,0.));
#2152 = PCURVE('',#1793,#2153);
#2153 = DEFINITIONAL_REPRESENTATION('',(#2154),#2158);
#2154 = LINE('',#2155,#2156);
#2155 = CARTESIAN_POINT('',(4.64,-30.47));
#2156 = VECTOR('',#2157,1.);
#2157 = DIRECTION('',(0.,-1.));
#2158 = ( GEOMETRIC_REPRESENTATION_CONTEXT(2) 
PARAMETRIC_REPRESENTATION_CONTEXT() REPRESENTATION_CONTEXT('2D SPACE',''
  ) );
#2159 = PCURVE('',#2160,#2165);
#2160 = PLANE('',#2161);
#2161 = AXIS2_PLACEMENT_3D('',#2162,#2163,#2164);
#2162 = CARTESIAN_POINT('',(69.322,-18.53,-57.));
#2163 = DIRECTION('',(0.,0.,1.));
#2164 = DIRECTION('',(1.,0.,0.));
#2165 = DEFINITIONAL_REPRESENTATION('',(#2166),#2170);
#2166 = LINE('',#2167,#2168);
#2167 = CARTESIAN_POINT('',(2.,0.));
#2168 = VECTOR('',#2169,1.);
#2169 = DIRECTION('',(0.,1.));
#2170 = ( GEOMETRIC_REPRESENTATION_CONTEXT(2) 
PARAMETRIC_REPRESENTATION_CONTEXT() REPRESENTATION_CONTEXT('2D SPACE',''
  ) );
#2171 = ORIENTED_EDGE('',*,*,#2172,.T.);
#2172 = EDGE_CURVE('',#2145,#1914,#2173,.T.);
#2173 = SURFACE_CURVE('',#2174,(#2178,#2185),.PCURVE_S1.);
#2174 = LINE('',#2175,#2176);
#2175 = CARTESIAN_POINT('',(71.322,-18.53,-57.));
#2176 = VECTOR('',#2177,1.);
#2177 = DIRECTION('',(0.,0.,1.));
#2178 = PCURVE('',#1793,#2179);
#2179 = DEFINITIONAL_REPRESENTATION('',(#2180),#2184);
#2180 = LINE('',#2181,#2182);
#2181 = CARTESIAN_POINT('',(4.64,-30.47));
#2182 = VECTOR('',#2183,1.);
#2183 = DIRECTION('',(1.,0.));
#2184 = ( GEOMETRIC_REPRESENTATION_CONTEXT(2) 
PARAMETRIC_REPRESENTATION_CONTEXT() REPRESENTATION_CONTEXT('2D SPACE',''
  ) );
#2185 = PCURVE('',#2186,#2191);
#2186 = PLANE('',#2187);
#2187 = AXIS2_PLACEMENT_3D('',#2188,#2189,#2190);
#2188 = CARTESIAN_POINT('',(69.322,-18.53,-57.));
#2189 = DIRECTION('',(0.,1.,0.));
#2190 = DIRECTION('',(0.,0.,1.));
#2191 = DEFINITIONAL_REPRESENTATION('',(#2192),#2196);
#2192 = LINE('',#2193,#2194);
#2193 = CARTESIAN_POINT('',(0.,2.));
#2194 = VECTOR('',#2195,1.);
#2195 = DIRECTION('',(1.,0.));
#2196 = ( GEOMETRIC_REPRESENTATION_CONTEXT(2) 
PARAMETRIC_REPRESENTATION_CONTEXT() REPRESENTATION_CONTEXT('2D SPACE',''
  ) );
#2197 = FACE_BOUND('',#2198,.T.);
#2198 = EDGE_LOOP('',(#2199));
#2199 = ORIENTED_EDGE('',*,*,#2200,.F.);
#2200 = EDGE_CURVE('',#2201,#2201,#2203,.T.);
#2201 = VERTEX_POINT('',#2202);
#2202 = CARTESIAN_POINT('',(71.322,-1.102182119233E-15,-39.5));
#2203 = SURFACE_CURVE('',#2204,(#2209,#2216),.PCURVE_S1.);
#2204 = CIRCLE('',#2205,4.5);
#2205 = AXIS2_PLACEMENT_3D('',#2206,#2207,#2208);
#2206 = CARTESIAN_POINT('',(71.322,0.,-35.));
#2207 = DIRECTION('',(1.,0.,1.110223024625E-16));
#2208 = DIRECTION('',(1.110223024625E-16,0.,-1.));
#2209 = PCURVE('',#1793,#2210);
#2210 = DEFINITIONAL_REPRESENTATION('',(#2211),#2215);
#2211 = CIRCLE('',#2212,4.5);
#2212 = AXIS2_PLACEMENT_2D('',#2213,#2214);
#2213 = CARTESIAN_POINT('',(26.64,-49.));
#2214 = DIRECTION('',(-1.,0.));
#2215 = ( GEOMETRIC_REPRESENTATION_CONTEXT(2) 
PARAMETRIC_REPRESENTATION_CONTEXT() REPRESENTATION_CONTEXT('2D SPACE',''
  ) );
#2216 = PCURVE('',#2217,#2222);
#2217 = CYLINDRICAL_SURFACE('',#2218,4.5);
#2218 = AXIS2_PLACEMENT_3D('',#2219,#2220,#2221);
#2219 = CARTESIAN_POINT('',(66.822,0.,-35.));
#2220 = DIRECTION('',(1.,0.,1.110223024625E-16));
#2221 = DIRECTION('',(1.110223024625E-16,0.,-1.));
#2222 = DEFINITIONAL_REPRESENTATION('',(#2223),#2227);
#2223 = LINE('',#2224,#2225);
#2224 = CARTESIAN_POINT('',(0.,4.5));
#2225 = VECTOR('',#2226,1.);
#2226 = DIRECTION('',(1.,0.));
#2227 = ( GEOMETRIC_REPRESENTATION_CONTEXT(2) 
PARAMETRIC_REPRESENTATION_CONTEXT() REPRESENTATION_CONTEXT('2D SPACE',''
  ) );
#2228 = FACE_BOUND('',#2229,.T.);
#2229 = EDGE_LOOP('',(#2230));
#2230 = ORIENTED_EDGE('',*,*,#2231,.F.);
#2231 = EDGE_CURVE('',#2232,#2232,#2234,.T.);
#2232 = VERTEX_POINT('',#2233);
#2233 = CARTESIAN_POINT('',(71.322,-1.102182119233E-15,30.5));
#2234 = SURFACE_CURVE('',#2235,(#2240,#2247),.PCURVE_S1.);
#2235 = CIRCLE('',#2236,4.5);
#2236 = AXIS2_PLACEMENT_3D('',#2237,#2238,#2239);
#2237 = CARTESIAN_POINT('',(71.322,0.,35.));
#2238 = DIRECTION('',(1.,0.,1.110223024625E-16));
#2239 = DIRECTION('',(1.110223024625E-16,0.,-1.));
#2240 = PCURVE('',#1793,#2241);
#2241 = DEFINITIONAL_REPRESENTATION('',(#2242),#2246);
#2242 = CIRCLE('',#2243,4.5);
#2243 = AXIS2_PLACEMENT_2D('',#2244,#2245);
#2244 = CARTESIAN_POINT('',(96.64,-49.));
#2245 = DIRECTION('',(-1.,0.));
#2246 = ( GEOMETRIC_REPRESENTATION_CONTEXT(2) 
PARAMETRIC_REPRESENTATION_CONTEXT() REPRESENTATION_CONTEXT('2D SPACE',''
  ) );
#2247 = PCURVE('',#2248,#2253);
#2248 = CYLINDRICAL_SURFACE('',#2249,4.5);
#2249 = AXIS2_PLACEMENT_3D('',#2250,#2251,#2252);
#2250 = CARTESIAN_POINT('',(66.822,0.,35.));
#2251 = DIRECTION('',(1.,0.,1.110223024625E-16));
#2252 = DIRECTION('',(1.110223024625E-16,0.,-1.));
#2253 = DEFINITIONAL_REPRESENTATION('',(#2254),#2258);
#2254 = LINE('',#2255,#2256);
#2255 = CARTESIAN_POINT('',(0.,4.5));
#2256 = VECTOR('',#2257,1.);
#2257 = DIRECTION('',(1.,0.));
#2258 = ( GEOMETRIC_REPRESENTATION_CONTEXT(2) 
PARAMETRIC_REPRESENTATION_CONTEXT() REPRESENTATION_CONTEXT('2D SPACE',''
  ) );
#2259 = ADVANCED_FACE('',(#2260),#2248,.F.);
#2260 = FACE_BOUND('',#2261,.F.);
#2261 = EDGE_LOOP('',(#2262,#2263,#2286,#2313));
#2262 = ORIENTED_EDGE('',*,*,#2231,.F.);
#2263 = ORIENTED_EDGE('',*,*,#2264,.F.);
#2264 = EDGE_CURVE('',#2265,#2232,#2267,.T.);
#2265 = VERTEX_POINT('',#2266);
#2266 = CARTESIAN_POINT('',(66.822,-1.102182119233E-15,30.5));
#2267 = SEAM_CURVE('',#2268,(#2272,#2279),.PCURVE_S1.);
#2268 = LINE('',#2269,#2270);
#2269 = CARTESIAN_POINT('',(66.822,-1.102182119233E-15,30.5));
#2270 = VECTOR('',#2271,1.);
#2271 = DIRECTION('',(1.,0.,1.110223024625E-16));
#2272 = PCURVE('',#2248,#2273);
#2273 = DEFINITIONAL_REPRESENTATION('',(#2274),#2278);
#2274 = LINE('',#2275,#2276);
#2275 = CARTESIAN_POINT('',(6.28318530718,-0.));
#2276 = VECTOR('',#2277,1.);
#2277 = DIRECTION('',(0.,1.));
#2278 = ( GEOMETRIC_REPRESENTATION_CONTEXT(2) 
PARAMETRIC_REPRESENTATION_CONTEXT() REPRESENTATION_CONTEXT('2D SPACE',''
  ) );
#2279 = PCURVE('',#2248,#2280);
#2280 = DEFINITIONAL_REPRESENTATION('',(#2281),#2285);
#2281 = LINE('',#2282,#2283);
#2282 = CARTESIAN_POINT('',(0.,-0.));
#2283 = VECTOR('',#2284,1.);
#2284 = DIRECTION('',(0.,1.));
#2285 = ( GEOMETRIC_REPRESENTATION_CONTEXT(2) 
PARAMETRIC_REPRESENTATION_CONTEXT() REPRESENTATION_CONTEXT('2D SPACE',''
  ) );
#2286 = ORIENTED_EDGE('',*,*,#2287,.T.);
#2287 = EDGE_CURVE('',#2265,#2265,#2288,.T.);
#2288 = SURFACE_CURVE('',#2289,(#2294,#2301),.PCURVE_S1.);
#2289 = CIRCLE('',#2290,4.5);
#2290 = AXIS2_PLACEMENT_3D('',#2291,#2292,#2293);
#2291 = CARTESIAN_POINT('',(66.822,0.,35.));
#2292 = DIRECTION('',(1.,-0.,1.110223024625E-16));
#2293 = DIRECTION('',(1.110223024625E-16,0.,-1.));
#2294 = PCURVE('',#2248,#2295);
#2295 = DEFINITIONAL_REPRESENTATION('',(#2296),#2300);
#2296 = LINE('',#2297,#2298);
#2297 = CARTESIAN_POINT('',(0.,0.));
#2298 = VECTOR('',#2299,1.);
#2299 = DIRECTION('',(1.,0.));
#2300 = ( GEOMETRIC_REPRESENTATION_CONTEXT(2) 
PARAMETRIC_REPRESENTATION_CONTEXT() REPRESENTATION_CONTEXT('2D SPACE',''
  ) );
#2301 = PCURVE('',#2302,#2307);
#2302 = PLANE('',#2303);
#2303 = AXIS2_PLACEMENT_3D('',#2304,#2305,#2306);
#2304 = CARTESIAN_POINT('',(66.822,0.,35.));
#2305 = DIRECTION('',(1.,0.,1.110223024625E-16));
#2306 = DIRECTION('',(1.110223024625E-16,0.,-1.));
#2307 = DEFINITIONAL_REPRESENTATION('',(#2308),#2312);
#2308 = CIRCLE('',#2309,4.5);
#2309 = AXIS2_PLACEMENT_2D('',#2310,#2311);
#2310 = CARTESIAN_POINT('',(0.,0.));
#2311 = DIRECTION('',(1.,0.));
#2312 = ( GEOMETRIC_REPRESENTATION_CONTEXT(2) 
PARAMETRIC_REPRESENTATION_CONTEXT() REPRESENTATION_CONTEXT('2D SPACE',''
  ) );
#2313 = ORIENTED_EDGE('',*,*,#2264,.T.);
#2314 = ADVANCED_FACE('',(#2315,#2318),#2302,.T.);
#2315 = FACE_BOUND('',#2316,.T.);
#2316 = EDGE_LOOP('',(#2317));
#2317 = ORIENTED_EDGE('',*,*,#2287,.T.);
#2318 = FACE_BOUND('',#2319,.T.);
#2319 = EDGE_LOOP('',(#2320));
#2320 = ORIENTED_EDGE('',*,*,#2321,.F.);
#2321 = EDGE_CURVE('',#2322,#2322,#2324,.T.);
#2322 = VERTEX_POINT('',#2323);
#2323 = CARTESIAN_POINT('',(66.822,-5.510910596163E-16,32.75));
#2324 = SURFACE_CURVE('',#2325,(#2330,#2337),.PCURVE_S1.);
#2325 = CIRCLE('',#2326,2.25);
#2326 = AXIS2_PLACEMENT_3D('',#2327,#2328,#2329);
#2327 = CARTESIAN_POINT('',(66.822,0.,35.));
#2328 = DIRECTION('',(1.,0.,1.110223024625E-16));
#2329 = DIRECTION('',(1.110223024625E-16,0.,-1.));
#2330 = PCURVE('',#2302,#2331);
#2331 = DEFINITIONAL_REPRESENTATION('',(#2332),#2336);
#2332 = CIRCLE('',#2333,2.25);
#2333 = AXIS2_PLACEMENT_2D('',#2334,#2335);
#2334 = CARTESIAN_POINT('',(0.,0.));
#2335 = DIRECTION('',(1.,0.));
#2336 = ( GEOMETRIC_REPRESENTATION_CONTEXT(2) 
PARAMETRIC_REPRESENTATION_CONTEXT() REPRESENTATION_CONTEXT('2D SPACE',''
  ) );
#2337 = PCURVE('',#2338,#2343);
#2338 = CYLINDRICAL_SURFACE('',#2339,2.25);
#2339 = AXIS2_PLACEMENT_3D('',#2340,#2341,#2342);
#2340 = CARTESIAN_POINT('',(49.3,0.,35.));
#2341 = DIRECTION('',(1.,0.,1.110223024625E-16));
#2342 = DIRECTION('',(1.110223024625E-16,0.,-1.));
#2343 = DEFINITIONAL_REPRESENTATION('',(#2344),#2348);
#2344 = LINE('',#2345,#2346);
#2345 = CARTESIAN_POINT('',(0.,17.522));
#2346 = VECTOR('',#2347,1.);
#2347 = DIRECTION('',(1.,0.));
#2348 = ( GEOMETRIC_REPRESENTATION_CONTEXT(2) 
PARAMETRIC_REPRESENTATION_CONTEXT() REPRESENTATION_CONTEXT('2D SPACE',''
  ) );
#2349 = ADVANCED_FACE('',(#2350),#2338,.F.);
#2350 = FACE_BOUND('',#2351,.F.);
#2351 = EDGE_LOOP('',(#2352,#2353,#2376,#2407));
#2352 = ORIENTED_EDGE('',*,*,#2321,.F.);
#2353 = ORIENTED_EDGE('',*,*,#2354,.F.);
#2354 = EDGE_CURVE('',#2355,#2322,#2357,.T.);
#2355 = VERTEX_POINT('',#2356);
#2356 = CARTESIAN_POINT('',(53.996,-5.510910596163E-16,32.75));
#2357 = SEAM_CURVE('',#2358,(#2362,#2369),.PCURVE_S1.);
#2358 = LINE('',#2359,#2360);
#2359 = CARTESIAN_POINT('',(49.3,-5.510910596163E-16,32.75));
#2360 = VECTOR('',#2361,1.);
#2361 = DIRECTION('',(1.,0.,1.110223024625E-16));
#2362 = PCURVE('',#2338,#2363);
#2363 = DEFINITIONAL_REPRESENTATION('',(#2364),#2368);
#2364 = LINE('',#2365,#2366);
#2365 = CARTESIAN_POINT('',(6.28318530718,-0.));
#2366 = VECTOR('',#2367,1.);
#2367 = DIRECTION('',(0.,1.));
#2368 = ( GEOMETRIC_REPRESENTATION_CONTEXT(2) 
PARAMETRIC_REPRESENTATION_CONTEXT() REPRESENTATION_CONTEXT('2D SPACE',''
  ) );
#2369 = PCURVE('',#2338,#2370);
#2370 = DEFINITIONAL_REPRESENTATION('',(#2371),#2375);
#2371 = LINE('',#2372,#2373);
#2372 = CARTESIAN_POINT('',(0.,-0.));
#2373 = VECTOR('',#2374,1.);
#2374 = DIRECTION('',(0.,1.));
#2375 = ( GEOMETRIC_REPRESENTATION_CONTEXT(2) 
PARAMETRIC_REPRESENTATION_CONTEXT() REPRESENTATION_CONTEXT('2D SPACE',''
  ) );
#2376 = ORIENTED_EDGE('',*,*,#2377,.T.);
#2377 = EDGE_CURVE('',#2355,#2355,#2378,.T.);
#2378 = SURFACE_CURVE('',#2379,(#2384,#2391),.PCURVE_S1.);
#2379 = CIRCLE('',#2380,2.25);
#2380 = AXIS2_PLACEMENT_3D('',#2381,#2382,#2383);
#2381 = CARTESIAN_POINT('',(53.996,0.,35.));
#2382 = DIRECTION('',(1.,0.,1.110223024625E-16));
#2383 = DIRECTION('',(1.110223024625E-16,0.,-1.));
#2384 = PCURVE('',#2338,#2385);
#2385 = DEFINITIONAL_REPRESENTATION('',(#2386),#2390);
#2386 = LINE('',#2387,#2388);
#2387 = CARTESIAN_POINT('',(0.,4.696));
#2388 = VECTOR('',#2389,1.);
#2389 = DIRECTION('',(1.,0.));
#2390 = ( GEOMETRIC_REPRESENTATION_CONTEXT(2) 
PARAMETRIC_REPRESENTATION_CONTEXT() REPRESENTATION_CONTEXT('2D SPACE',''
  ) );
#2391 = PCURVE('',#2392,#2397);
#2392 = PLANE('',#2393);
#2393 = AXIS2_PLACEMENT_3D('',#2394,#2395,#2396);
#2394 = CARTESIAN_POINT('',(53.996,-9.8,-200.));
#2395 = DIRECTION('',(-1.,0.,0.));
#2396 = DIRECTION('',(0.,1.,0.));
#2397 = DEFINITIONAL_REPRESENTATION('',(#2398),#2406);
#2398 = ( BOUNDED_CURVE() B_SPLINE_CURVE(2,(#2399,#2400,#2401,#2402,
#2403,#2404,#2405),.UNSPECIFIED.,.T.,.F.) B_SPLINE_CURVE_WITH_KNOTS((1,2
    ,2,2,2,1),(-2.094395102393,0.,2.094395102393,4.188790204786,
6.28318530718,8.377580409573),.UNSPECIFIED.) CURVE() 
GEOMETRIC_REPRESENTATION_ITEM() RATIONAL_B_SPLINE_CURVE((1.,0.5,1.,0.5,
1.,0.5,1.)) REPRESENTATION_ITEM('') );
#2399 = CARTESIAN_POINT('',(9.8,-232.75));
#2400 = CARTESIAN_POINT('',(13.69711431703,-232.75));
#2401 = CARTESIAN_POINT('',(11.748557158515,-236.125));
#2402 = CARTESIAN_POINT('',(9.8,-239.5));
#2403 = CARTESIAN_POINT('',(7.851442841485,-236.125));
#2404 = CARTESIAN_POINT('',(5.90288568297,-232.75));
#2405 = CARTESIAN_POINT('',(9.8,-232.75));
#2406 = ( GEOMETRIC_REPRESENTATION_CONTEXT(2) 
PARAMETRIC_REPRESENTATION_CONTEXT() REPRESENTATION_CONTEXT('2D SPACE',''
  ) );
#2407 = ORIENTED_EDGE('',*,*,#2354,.T.);
#2408 = ADVANCED_FACE('',(#2409,#2505,#2508),#2392,.T.);
#2409 = FACE_BOUND('',#2410,.T.);
#2410 = EDGE_LOOP('',(#2411,#2439,#2460,#2486));
#2411 = ORIENTED_EDGE('',*,*,#2412,.F.);
#2412 = EDGE_CURVE('',#2413,#2415,#2417,.T.);
#2413 = VERTEX_POINT('',#2414);
#2414 = CARTESIAN_POINT('',(53.996,9.7,-61.64));
#2415 = VERTEX_POINT('',#2416);
#2416 = CARTESIAN_POINT('',(53.996,9.7,57.94));
#2417 = SURFACE_CURVE('',#2418,(#2422,#2428),.PCURVE_S1.);
#2418 = LINE('',#2419,#2420);
#2419 = CARTESIAN_POINT('',(53.996,9.7,-130.82));
#2420 = VECTOR('',#2421,1.);
#2421 = DIRECTION('',(0.,-0.,1.));
#2422 = PCURVE('',#2392,#2423);
#2423 = DEFINITIONAL_REPRESENTATION('',(#2424),#2427);
#2424 = B_SPLINE_CURVE_WITH_KNOTS('',1,(#2425,#2426),.UNSPECIFIED.,.F.,
  .F.,(2,2),(69.18,188.76),.PIECEWISE_BEZIER_KNOTS.);
#2425 = CARTESIAN_POINT('',(19.5,-138.36));
#2426 = CARTESIAN_POINT('',(19.5,-257.94));
#2427 = ( GEOMETRIC_REPRESENTATION_CONTEXT(2) 
PARAMETRIC_REPRESENTATION_CONTEXT() REPRESENTATION_CONTEXT('2D SPACE',''
  ) );
#2428 = PCURVE('',#2429,#2434);
#2429 = PLANE('',#2430);
#2430 = AXIS2_PLACEMENT_3D('',#2431,#2432,#2433);
#2431 = CARTESIAN_POINT('',(50.496,9.7,-61.64));
#2432 = DIRECTION('',(0.,1.,0.));
#2433 = DIRECTION('',(0.,0.,1.));
#2434 = DEFINITIONAL_REPRESENTATION('',(#2435),#2438);
#2435 = B_SPLINE_CURVE_WITH_KNOTS('',1,(#2436,#2437),.UNSPECIFIED.,.F.,
  .F.,(2,2),(69.18,188.76),.PIECEWISE_BEZIER_KNOTS.);
#2436 = CARTESIAN_POINT('',(0.,3.5));
#2437 = CARTESIAN_POINT('',(119.58,3.5));
#2438 = ( GEOMETRIC_REPRESENTATION_CONTEXT(2) 
PARAMETRIC_REPRESENTATION_CONTEXT() REPRESENTATION_CONTEXT('2D SPACE',''
  ) );
#2439 = ORIENTED_EDGE('',*,*,#2440,.T.);
#2440 = EDGE_CURVE('',#2413,#2441,#2443,.T.);
#2441 = VERTEX_POINT('',#2442);
#2442 = CARTESIAN_POINT('',(53.996,-9.7,-61.64));
#2443 = SURFACE_CURVE('',#2444,(#2448,#2454),.PCURVE_S1.);
#2444 = LINE('',#2445,#2446);
#2445 = CARTESIAN_POINT('',(53.996,-29.4,-61.64));
#2446 = VECTOR('',#2447,1.);
#2447 = DIRECTION('',(0.,-1.,0.));
#2448 = PCURVE('',#2392,#2449);
#2449 = DEFINITIONAL_REPRESENTATION('',(#2450),#2453);
#2450 = B_SPLINE_CURVE_WITH_KNOTS('',1,(#2451,#2452),.UNSPECIFIED.,.F.,
  .F.,(2,2),(-39.4,-19.6),.PIECEWISE_BEZIER_KNOTS.);
#2451 = CARTESIAN_POINT('',(19.8,-138.36));
#2452 = CARTESIAN_POINT('',(0.,-138.36));
#2453 = ( GEOMETRIC_REPRESENTATION_CONTEXT(2) 
PARAMETRIC_REPRESENTATION_CONTEXT() REPRESENTATION_CONTEXT('2D SPACE',''
  ) );
#2454 = PCURVE('',#126,#2455);
#2455 = DEFINITIONAL_REPRESENTATION('',(#2456),#2459);
#2456 = B_SPLINE_CURVE_WITH_KNOTS('',1,(#2457,#2458),.UNSPECIFIED.,.F.,
  .F.,(2,2),(-39.4,-19.6),.PIECEWISE_BEZIER_KNOTS.);
#2457 = CARTESIAN_POINT('',(-10.326,59.));
#2458 = CARTESIAN_POINT('',(-10.326,39.2));
#2459 = ( GEOMETRIC_REPRESENTATION_CONTEXT(2) 
PARAMETRIC_REPRESENTATION_CONTEXT() REPRESENTATION_CONTEXT('2D SPACE',''
  ) );
#2460 = ORIENTED_EDGE('',*,*,#2461,.T.);
#2461 = EDGE_CURVE('',#2441,#2462,#2464,.T.);
#2462 = VERTEX_POINT('',#2463);
#2463 = CARTESIAN_POINT('',(53.996,-9.7,57.94));
#2464 = SURFACE_CURVE('',#2465,(#2469,#2475),.PCURVE_S1.);
#2465 = LINE('',#2466,#2467);
#2466 = CARTESIAN_POINT('',(53.996,-9.7,-130.82));
#2467 = VECTOR('',#2468,1.);
#2468 = DIRECTION('',(0.,-0.,1.));
#2469 = PCURVE('',#2392,#2470);
#2470 = DEFINITIONAL_REPRESENTATION('',(#2471),#2474);
#2471 = B_SPLINE_CURVE_WITH_KNOTS('',1,(#2472,#2473),.UNSPECIFIED.,.F.,
  .F.,(2,2),(69.18,188.76),.PIECEWISE_BEZIER_KNOTS.);
#2472 = CARTESIAN_POINT('',(1.E-01,-138.36));
#2473 = CARTESIAN_POINT('',(1.E-01,-257.94));
#2474 = ( GEOMETRIC_REPRESENTATION_CONTEXT(2) 
PARAMETRIC_REPRESENTATION_CONTEXT() REPRESENTATION_CONTEXT('2D SPACE',''
  ) );
#2475 = PCURVE('',#2476,#2481);
#2476 = PLANE('',#2477);
#2477 = AXIS2_PLACEMENT_3D('',#2478,#2479,#2480);
#2478 = CARTESIAN_POINT('',(50.496,-9.7,-61.64));
#2479 = DIRECTION('',(0.,1.,0.));
#2480 = DIRECTION('',(0.,0.,1.));
#2481 = DEFINITIONAL_REPRESENTATION('',(#2482),#2485);
#2482 = B_SPLINE_CURVE_WITH_KNOTS('',1,(#2483,#2484),.UNSPECIFIED.,.F.,
  .F.,(2,2),(69.18,188.76),.PIECEWISE_BEZIER_KNOTS.);
#2483 = CARTESIAN_POINT('',(0.,3.5));
#2484 = CARTESIAN_POINT('',(119.58,3.5));
#2485 = ( GEOMETRIC_REPRESENTATION_CONTEXT(2) 
PARAMETRIC_REPRESENTATION_CONTEXT() REPRESENTATION_CONTEXT('2D SPACE',''
  ) );
#2486 = ORIENTED_EDGE('',*,*,#2487,.F.);
#2487 = EDGE_CURVE('',#2415,#2462,#2488,.T.);
#2488 = SURFACE_CURVE('',#2489,(#2493,#2499),.PCURVE_S1.);
#2489 = LINE('',#2490,#2491);
#2490 = CARTESIAN_POINT('',(53.996,-29.4,57.94));
#2491 = VECTOR('',#2492,1.);
#2492 = DIRECTION('',(0.,-1.,0.));
#2493 = PCURVE('',#2392,#2494);
#2494 = DEFINITIONAL_REPRESENTATION('',(#2495),#2498);
#2495 = B_SPLINE_CURVE_WITH_KNOTS('',1,(#2496,#2497),.UNSPECIFIED.,.F.,
  .F.,(2,2),(-39.4,-19.6),.PIECEWISE_BEZIER_KNOTS.);
#2496 = CARTESIAN_POINT('',(19.8,-257.94));
#2497 = CARTESIAN_POINT('',(0.,-257.94));
#2498 = ( GEOMETRIC_REPRESENTATION_CONTEXT(2) 
PARAMETRIC_REPRESENTATION_CONTEXT() REPRESENTATION_CONTEXT('2D SPACE',''
  ) );
#2499 = PCURVE('',#70,#2500);
#2500 = DEFINITIONAL_REPRESENTATION('',(#2501),#2504);
#2501 = B_SPLINE_CURVE_WITH_KNOTS('',1,(#2502,#2503),.UNSPECIFIED.,.F.,
  .F.,(2,2),(-39.4,-19.6),.PIECEWISE_BEZIER_KNOTS.);
#2502 = CARTESIAN_POINT('',(-10.326,59.));
#2503 = CARTESIAN_POINT('',(-10.326,39.2));
#2504 = ( GEOMETRIC_REPRESENTATION_CONTEXT(2) 
PARAMETRIC_REPRESENTATION_CONTEXT() REPRESENTATION_CONTEXT('2D SPACE',''
  ) );
#2505 = FACE_BOUND('',#2506,.T.);
#2506 = EDGE_LOOP('',(#2507));
#2507 = ORIENTED_EDGE('',*,*,#2377,.T.);
#2508 = FACE_BOUND('',#2509,.T.);
#2509 = EDGE_LOOP('',(#2510));
#2510 = ORIENTED_EDGE('',*,*,#2511,.T.);
#2511 = EDGE_CURVE('',#2512,#2512,#2514,.T.);
#2512 = VERTEX_POINT('',#2513);
#2513 = CARTESIAN_POINT('',(53.996,-5.510910596163E-16,-37.25));
#2514 = SURFACE_CURVE('',#2515,(#2520,#2531),.PCURVE_S1.);
#2515 = CIRCLE('',#2516,2.25);
#2516 = AXIS2_PLACEMENT_3D('',#2517,#2518,#2519);
#2517 = CARTESIAN_POINT('',(53.996,0.,-35.));
#2518 = DIRECTION('',(1.,0.,1.110223024625E-16));
#2519 = DIRECTION('',(1.110223024625E-16,0.,-1.));
#2520 = PCURVE('',#2392,#2521);
#2521 = DEFINITIONAL_REPRESENTATION('',(#2522),#2530);
#2522 = ( BOUNDED_CURVE() B_SPLINE_CURVE(2,(#2523,#2524,#2525,#2526,
#2527,#2528,#2529),.UNSPECIFIED.,.T.,.F.) B_SPLINE_CURVE_WITH_KNOTS((1,2
    ,2,2,2,1),(-2.094395102393,0.,2.094395102393,4.188790204786,
6.28318530718,8.377580409573),.UNSPECIFIED.) CURVE() 
GEOMETRIC_REPRESENTATION_ITEM() RATIONAL_B_SPLINE_CURVE((1.,0.5,1.,0.5,
1.,0.5,1.)) REPRESENTATION_ITEM('') );
#2523 = CARTESIAN_POINT('',(9.8,-162.75));
#2524 = CARTESIAN_POINT('',(13.69711431703,-162.75));
#2525 = CARTESIAN_POINT('',(11.748557158515,-166.125));
#2526 = CARTESIAN_POINT('',(9.8,-169.5));
#2527 = CARTESIAN_POINT('',(7.851442841485,-166.125));
#2528 = CARTESIAN_POINT('',(5.90288568297,-162.75));
#2529 = CARTESIAN_POINT('',(9.8,-162.75));
#2530 = ( GEOMETRIC_REPRESENTATION_CONTEXT(2) 
PARAMETRIC_REPRESENTATION_CONTEXT() REPRESENTATION_CONTEXT('2D SPACE',''
  ) );
#2531 = PCURVE('',#2532,#2537);
#2532 = CYLINDRICAL_SURFACE('',#2533,2.25);
#2533 = AXIS2_PLACEMENT_3D('',#2534,#2535,#2536);
#2534 = CARTESIAN_POINT('',(49.3,0.,-35.));
#2535 = DIRECTION('',(1.,0.,1.110223024625E-16));
#2536 = DIRECTION('',(1.110223024625E-16,0.,-1.));
#2537 = DEFINITIONAL_REPRESENTATION('',(#2538),#2542);
#2538 = LINE('',#2539,#2540);
#2539 = CARTESIAN_POINT('',(0.,4.696));
#2540 = VECTOR('',#2541,1.);
#2541 = DIRECTION('',(1.,0.));
#2542 = ( GEOMETRIC_REPRESENTATION_CONTEXT(2) 
PARAMETRIC_REPRESENTATION_CONTEXT() REPRESENTATION_CONTEXT('2D SPACE',''
  ) );
#2543 = ADVANCED_FACE('',(#2544),#2532,.F.);
#2544 = FACE_BOUND('',#2545,.F.);
#2545 = EDGE_LOOP('',(#2546,#2575,#2596,#2597));
#2546 = ORIENTED_EDGE('',*,*,#2547,.F.);
#2547 = EDGE_CURVE('',#2548,#2548,#2550,.T.);
#2548 = VERTEX_POINT('',#2549);
#2549 = CARTESIAN_POINT('',(66.822,-5.510910596163E-16,-37.25));
#2550 = SURFACE_CURVE('',#2551,(#2556,#2563),.PCURVE_S1.);
#2551 = CIRCLE('',#2552,2.25);
#2552 = AXIS2_PLACEMENT_3D('',#2553,#2554,#2555);
#2553 = CARTESIAN_POINT('',(66.822,0.,-35.));
#2554 = DIRECTION('',(1.,0.,1.110223024625E-16));
#2555 = DIRECTION('',(1.110223024625E-16,0.,-1.));
#2556 = PCURVE('',#2532,#2557);
#2557 = DEFINITIONAL_REPRESENTATION('',(#2558),#2562);
#2558 = LINE('',#2559,#2560);
#2559 = CARTESIAN_POINT('',(0.,17.522));
#2560 = VECTOR('',#2561,1.);
#2561 = DIRECTION('',(1.,0.));
#2562 = ( GEOMETRIC_REPRESENTATION_CONTEXT(2) 
PARAMETRIC_REPRESENTATION_CONTEXT() REPRESENTATION_CONTEXT('2D SPACE',''
  ) );
#2563 = PCURVE('',#2564,#2569);
#2564 = PLANE('',#2565);
#2565 = AXIS2_PLACEMENT_3D('',#2566,#2567,#2568);
#2566 = CARTESIAN_POINT('',(66.822,0.,-35.));
#2567 = DIRECTION('',(1.,0.,1.110223024625E-16));
#2568 = DIRECTION('',(1.110223024625E-16,0.,-1.));
#2569 = DEFINITIONAL_REPRESENTATION('',(#2570),#2574);
#2570 = CIRCLE('',#2571,2.25);
#2571 = AXIS2_PLACEMENT_2D('',#2572,#2573);
#2572 = CARTESIAN_POINT('',(0.,0.));
#2573 = DIRECTION('',(1.,0.));
#2574 = ( GEOMETRIC_REPRESENTATION_CONTEXT(2) 
PARAMETRIC_REPRESENTATION_CONTEXT() REPRESENTATION_CONTEXT('2D SPACE',''
  ) );
#2575 = ORIENTED_EDGE('',*,*,#2576,.F.);
#2576 = EDGE_CURVE('',#2512,#2548,#2577,.T.);
#2577 = SEAM_CURVE('',#2578,(#2582,#2589),.PCURVE_S1.);
#2578 = LINE('',#2579,#2580);
#2579 = CARTESIAN_POINT('',(49.3,-5.510910596163E-16,-37.25));
#2580 = VECTOR('',#2581,1.);
#2581 = DIRECTION('',(1.,0.,1.110223024625E-16));
#2582 = PCURVE('',#2532,#2583);
#2583 = DEFINITIONAL_REPRESENTATION('',(#2584),#2588);
#2584 = LINE('',#2585,#2586);
#2585 = CARTESIAN_POINT('',(6.28318530718,-0.));
#2586 = VECTOR('',#2587,1.);
#2587 = DIRECTION('',(0.,1.));
#2588 = ( GEOMETRIC_REPRESENTATION_CONTEXT(2) 
PARAMETRIC_REPRESENTATION_CONTEXT() REPRESENTATION_CONTEXT('2D SPACE',''
  ) );
#2589 = PCURVE('',#2532,#2590);
#2590 = DEFINITIONAL_REPRESENTATION('',(#2591),#2595);
#2591 = LINE('',#2592,#2593);
#2592 = CARTESIAN_POINT('',(0.,-0.));
#2593 = VECTOR('',#2594,1.);
#2594 = DIRECTION('',(0.,1.));
#2595 = ( GEOMETRIC_REPRESENTATION_CONTEXT(2) 
PARAMETRIC_REPRESENTATION_CONTEXT() REPRESENTATION_CONTEXT('2D SPACE',''
  ) );
#2596 = ORIENTED_EDGE('',*,*,#2511,.T.);
#2597 = ORIENTED_EDGE('',*,*,#2576,.T.);
#2598 = ADVANCED_FACE('',(#2599,#2625),#2564,.T.);
#2599 = FACE_BOUND('',#2600,.T.);
#2600 = EDGE_LOOP('',(#2601));
#2601 = ORIENTED_EDGE('',*,*,#2602,.T.);
#2602 = EDGE_CURVE('',#2603,#2603,#2605,.T.);
#2603 = VERTEX_POINT('',#2604);
#2604 = CARTESIAN_POINT('',(66.822,-1.102182119233E-15,-39.5));
#2605 = SURFACE_CURVE('',#2606,(#2611,#2618),.PCURVE_S1.);
#2606 = CIRCLE('',#2607,4.5);
#2607 = AXIS2_PLACEMENT_3D('',#2608,#2609,#2610);
#2608 = CARTESIAN_POINT('',(66.822,0.,-35.));
#2609 = DIRECTION('',(1.,-0.,1.110223024625E-16));
#2610 = DIRECTION('',(1.110223024625E-16,0.,-1.));
#2611 = PCURVE('',#2564,#2612);
#2612 = DEFINITIONAL_REPRESENTATION('',(#2613),#2617);
#2613 = CIRCLE('',#2614,4.5);
#2614 = AXIS2_PLACEMENT_2D('',#2615,#2616);
#2615 = CARTESIAN_POINT('',(0.,0.));
#2616 = DIRECTION('',(1.,0.));
#2617 = ( GEOMETRIC_REPRESENTATION_CONTEXT(2) 
PARAMETRIC_REPRESENTATION_CONTEXT() REPRESENTATION_CONTEXT('2D SPACE',''
  ) );
#2618 = PCURVE('',#2217,#2619);
#2619 = DEFINITIONAL_REPRESENTATION('',(#2620),#2624);
#2620 = LINE('',#2621,#2622);
#2621 = CARTESIAN_POINT('',(0.,0.));
#2622 = VECTOR('',#2623,1.);
#2623 = DIRECTION('',(1.,0.));
#2624 = ( GEOMETRIC_REPRESENTATION_CONTEXT(2) 
PARAMETRIC_REPRESENTATION_CONTEXT() REPRESENTATION_CONTEXT('2D SPACE',''
  ) );
#2625 = FACE_BOUND('',#2626,.T.);
#2626 = EDGE_LOOP('',(#2627));
#2627 = ORIENTED_EDGE('',*,*,#2547,.F.);
#2628 = ADVANCED_FACE('',(#2629),#2476,.F.);
#2629 = FACE_BOUND('',#2630,.F.);
#2630 = EDGE_LOOP('',(#2631,#2654,#2655,#2678));
#2631 = ORIENTED_EDGE('',*,*,#2632,.F.);
#2632 = EDGE_CURVE('',#2441,#2633,#2635,.T.);
#2633 = VERTEX_POINT('',#2634);
#2634 = CARTESIAN_POINT('',(64.322,-9.7,-61.64));
#2635 = SURFACE_CURVE('',#2636,(#2640,#2647),.PCURVE_S1.);
#2636 = LINE('',#2637,#2638);
#2637 = CARTESIAN_POINT('',(50.496,-9.7,-61.64));
#2638 = VECTOR('',#2639,1.);
#2639 = DIRECTION('',(1.,0.,0.));
#2640 = PCURVE('',#2476,#2641);
#2641 = DEFINITIONAL_REPRESENTATION('',(#2642),#2646);
#2642 = LINE('',#2643,#2644);
#2643 = CARTESIAN_POINT('',(0.,0.));
#2644 = VECTOR('',#2645,1.);
#2645 = DIRECTION('',(0.,1.));
#2646 = ( GEOMETRIC_REPRESENTATION_CONTEXT(2) 
PARAMETRIC_REPRESENTATION_CONTEXT() REPRESENTATION_CONTEXT('2D SPACE',''
  ) );
#2647 = PCURVE('',#126,#2648);
#2648 = DEFINITIONAL_REPRESENTATION('',(#2649),#2653);
#2649 = LINE('',#2650,#2651);
#2650 = CARTESIAN_POINT('',(-13.826,39.3));
#2651 = VECTOR('',#2652,1.);
#2652 = DIRECTION('',(1.,0.));
#2653 = ( GEOMETRIC_REPRESENTATION_CONTEXT(2) 
PARAMETRIC_REPRESENTATION_CONTEXT() REPRESENTATION_CONTEXT('2D SPACE',''
  ) );
#2654 = ORIENTED_EDGE('',*,*,#2461,.T.);
#2655 = ORIENTED_EDGE('',*,*,#2656,.T.);
#2656 = EDGE_CURVE('',#2462,#2657,#2659,.T.);
#2657 = VERTEX_POINT('',#2658);
#2658 = CARTESIAN_POINT('',(64.322,-9.7,57.94));
#2659 = SURFACE_CURVE('',#2660,(#2664,#2671),.PCURVE_S1.);
#2660 = LINE('',#2661,#2662);
#2661 = CARTESIAN_POINT('',(50.496,-9.7,57.94));
#2662 = VECTOR('',#2663,1.);
#2663 = DIRECTION('',(1.,0.,0.));
#2664 = PCURVE('',#2476,#2665);
#2665 = DEFINITIONAL_REPRESENTATION('',(#2666),#2670);
#2666 = LINE('',#2667,#2668);
#2667 = CARTESIAN_POINT('',(119.58,0.));
#2668 = VECTOR('',#2669,1.);
#2669 = DIRECTION('',(0.,1.));
#2670 = ( GEOMETRIC_REPRESENTATION_CONTEXT(2) 
PARAMETRIC_REPRESENTATION_CONTEXT() REPRESENTATION_CONTEXT('2D SPACE',''
  ) );
#2671 = PCURVE('',#70,#2672);
#2672 = DEFINITIONAL_REPRESENTATION('',(#2673),#2677);
#2673 = LINE('',#2674,#2675);
#2674 = CARTESIAN_POINT('',(-13.826,39.3));
#2675 = VECTOR('',#2676,1.);
#2676 = DIRECTION('',(1.,0.));
#2677 = ( GEOMETRIC_REPRESENTATION_CONTEXT(2) 
PARAMETRIC_REPRESENTATION_CONTEXT() REPRESENTATION_CONTEXT('2D SPACE',''
  ) );
#2678 = ORIENTED_EDGE('',*,*,#2679,.F.);
#2679 = EDGE_CURVE('',#2633,#2657,#2680,.T.);
#2680 = SURFACE_CURVE('',#2681,(#2685,#2691),.PCURVE_S1.);
#2681 = LINE('',#2682,#2683);
#2682 = CARTESIAN_POINT('',(64.322,-9.7,-61.64));
#2683 = VECTOR('',#2684,1.);
#2684 = DIRECTION('',(0.,0.,1.));
#2685 = PCURVE('',#2476,#2686);
#2686 = DEFINITIONAL_REPRESENTATION('',(#2687),#2690);
#2687 = B_SPLINE_CURVE_WITH_KNOTS('',1,(#2688,#2689),.UNSPECIFIED.,.F.,
  .F.,(2,2),(0.,119.58),.PIECEWISE_BEZIER_KNOTS.);
#2688 = CARTESIAN_POINT('',(0.,13.826));
#2689 = CARTESIAN_POINT('',(119.58,13.826));
#2690 = ( GEOMETRIC_REPRESENTATION_CONTEXT(2) 
PARAMETRIC_REPRESENTATION_CONTEXT() REPRESENTATION_CONTEXT('2D SPACE',''
  ) );
#2691 = PCURVE('',#2692,#2697);
#2692 = PLANE('',#2693);
#2693 = AXIS2_PLACEMENT_3D('',#2694,#2695,#2696);
#2694 = CARTESIAN_POINT('',(64.322,-49.,-61.64));
#2695 = DIRECTION('',(1.,0.,0.));
#2696 = DIRECTION('',(0.,0.,1.));
#2697 = DEFINITIONAL_REPRESENTATION('',(#2698),#2701);
#2698 = B_SPLINE_CURVE_WITH_KNOTS('',1,(#2699,#2700),.UNSPECIFIED.,.F.,
  .F.,(2,2),(0.,119.58),.PIECEWISE_BEZIER_KNOTS.);
#2699 = CARTESIAN_POINT('',(0.,-39.3));
#2700 = CARTESIAN_POINT('',(119.58,-39.3));
#2701 = ( GEOMETRIC_REPRESENTATION_CONTEXT(2) 
PARAMETRIC_REPRESENTATION_CONTEXT() REPRESENTATION_CONTEXT('2D SPACE',''
  ) );
#2702 = ADVANCED_FACE('',(#2703),#2692,.F.);
#2703 = FACE_BOUND('',#2704,.F.);
#2704 = EDGE_LOOP('',(#2705,#2728,#2754,#2775));
#2705 = ORIENTED_EDGE('',*,*,#2706,.F.);
#2706 = EDGE_CURVE('',#2707,#2657,#2709,.T.);
#2707 = VERTEX_POINT('',#2708);
#2708 = CARTESIAN_POINT('',(64.322,-12.,57.94));
#2709 = SURFACE_CURVE('',#2710,(#2714,#2721),.PCURVE_S1.);
#2710 = LINE('',#2711,#2712);
#2711 = CARTESIAN_POINT('',(64.322,-49.,57.94));
#2712 = VECTOR('',#2713,1.);
#2713 = DIRECTION('',(0.,1.,0.));
#2714 = PCURVE('',#2692,#2715);
#2715 = DEFINITIONAL_REPRESENTATION('',(#2716),#2720);
#2716 = LINE('',#2717,#2718);
#2717 = CARTESIAN_POINT('',(119.58,0.));
#2718 = VECTOR('',#2719,1.);
#2719 = DIRECTION('',(0.,-1.));
#2720 = ( GEOMETRIC_REPRESENTATION_CONTEXT(2) 
PARAMETRIC_REPRESENTATION_CONTEXT() REPRESENTATION_CONTEXT('2D SPACE',''
  ) );
#2721 = PCURVE('',#70,#2722);
#2722 = DEFINITIONAL_REPRESENTATION('',(#2723),#2727);
#2723 = LINE('',#2724,#2725);
#2724 = CARTESIAN_POINT('',(0.,0.));
#2725 = VECTOR('',#2726,1.);
#2726 = DIRECTION('',(0.,1.));
#2727 = ( GEOMETRIC_REPRESENTATION_CONTEXT(2) 
PARAMETRIC_REPRESENTATION_CONTEXT() REPRESENTATION_CONTEXT('2D SPACE',''
  ) );
#2728 = ORIENTED_EDGE('',*,*,#2729,.F.);
#2729 = EDGE_CURVE('',#2730,#2707,#2732,.T.);
#2730 = VERTEX_POINT('',#2731);
#2731 = CARTESIAN_POINT('',(64.322,-12.,-61.64));
#2732 = SURFACE_CURVE('',#2733,(#2737,#2743),.PCURVE_S1.);
#2733 = LINE('',#2734,#2735);
#2734 = CARTESIAN_POINT('',(64.322,-12.,-61.64));
#2735 = VECTOR('',#2736,1.);
#2736 = DIRECTION('',(0.,0.,1.));
#2737 = PCURVE('',#2692,#2738);
#2738 = DEFINITIONAL_REPRESENTATION('',(#2739),#2742);
#2739 = B_SPLINE_CURVE_WITH_KNOTS('',1,(#2740,#2741),.UNSPECIFIED.,.F.,
  .F.,(2,2),(0.,119.58),.PIECEWISE_BEZIER_KNOTS.);
#2740 = CARTESIAN_POINT('',(0.,-37.));
#2741 = CARTESIAN_POINT('',(119.58,-37.));
#2742 = ( GEOMETRIC_REPRESENTATION_CONTEXT(2) 
PARAMETRIC_REPRESENTATION_CONTEXT() REPRESENTATION_CONTEXT('2D SPACE',''
  ) );
#2743 = PCURVE('',#2744,#2749);
#2744 = PLANE('',#2745);
#2745 = AXIS2_PLACEMENT_3D('',#2746,#2747,#2748);
#2746 = CARTESIAN_POINT('',(57.,-12.,-61.64));
#2747 = DIRECTION('',(0.,1.,0.));
#2748 = DIRECTION('',(0.,0.,1.));
#2749 = DEFINITIONAL_REPRESENTATION('',(#2750),#2753);
#2750 = B_SPLINE_CURVE_WITH_KNOTS('',1,(#2751,#2752),.UNSPECIFIED.,.F.,
  .F.,(2,2),(0.,119.58),.PIECEWISE_BEZIER_KNOTS.);
#2751 = CARTESIAN_POINT('',(0.,7.322));
#2752 = CARTESIAN_POINT('',(119.58,7.322));
#2753 = ( GEOMETRIC_REPRESENTATION_CONTEXT(2) 
PARAMETRIC_REPRESENTATION_CONTEXT() REPRESENTATION_CONTEXT('2D SPACE',''
  ) );
#2754 = ORIENTED_EDGE('',*,*,#2755,.T.);
#2755 = EDGE_CURVE('',#2730,#2633,#2756,.T.);
#2756 = SURFACE_CURVE('',#2757,(#2761,#2768),.PCURVE_S1.);
#2757 = LINE('',#2758,#2759);
#2758 = CARTESIAN_POINT('',(64.322,-49.,-61.64));
#2759 = VECTOR('',#2760,1.);
#2760 = DIRECTION('',(0.,1.,0.));
#2761 = PCURVE('',#2692,#2762);
#2762 = DEFINITIONAL_REPRESENTATION('',(#2763),#2767);
#2763 = LINE('',#2764,#2765);
#2764 = CARTESIAN_POINT('',(0.,0.));
#2765 = VECTOR('',#2766,1.);
#2766 = DIRECTION('',(0.,-1.));
#2767 = ( GEOMETRIC_REPRESENTATION_CONTEXT(2) 
PARAMETRIC_REPRESENTATION_CONTEXT() REPRESENTATION_CONTEXT('2D SPACE',''
  ) );
#2768 = PCURVE('',#126,#2769);
#2769 = DEFINITIONAL_REPRESENTATION('',(#2770),#2774);
#2770 = LINE('',#2771,#2772);
#2771 = CARTESIAN_POINT('',(0.,0.));
#2772 = VECTOR('',#2773,1.);
#2773 = DIRECTION('',(0.,1.));
#2774 = ( GEOMETRIC_REPRESENTATION_CONTEXT(2) 
PARAMETRIC_REPRESENTATION_CONTEXT() REPRESENTATION_CONTEXT('2D SPACE',''
  ) );
#2775 = ORIENTED_EDGE('',*,*,#2679,.T.);
#2776 = ADVANCED_FACE('',(#2777),#2744,.T.);
#2777 = FACE_BOUND('',#2778,.T.);
#2778 = EDGE_LOOP('',(#2779,#2802,#2828,#2849));
#2779 = ORIENTED_EDGE('',*,*,#2780,.F.);
#2780 = EDGE_CURVE('',#2781,#2730,#2783,.T.);
#2781 = VERTEX_POINT('',#2782);
#2782 = CARTESIAN_POINT('',(62.485473479305,-12.,-61.64));
#2783 = SURFACE_CURVE('',#2784,(#2788,#2795),.PCURVE_S1.);
#2784 = LINE('',#2785,#2786);
#2785 = CARTESIAN_POINT('',(57.,-12.,-61.64));
#2786 = VECTOR('',#2787,1.);
#2787 = DIRECTION('',(1.,0.,0.));
#2788 = PCURVE('',#2744,#2789);
#2789 = DEFINITIONAL_REPRESENTATION('',(#2790),#2794);
#2790 = LINE('',#2791,#2792);
#2791 = CARTESIAN_POINT('',(0.,0.));
#2792 = VECTOR('',#2793,1.);
#2793 = DIRECTION('',(0.,1.));
#2794 = ( GEOMETRIC_REPRESENTATION_CONTEXT(2) 
PARAMETRIC_REPRESENTATION_CONTEXT() REPRESENTATION_CONTEXT('2D SPACE',''
  ) );
#2795 = PCURVE('',#126,#2796);
#2796 = DEFINITIONAL_REPRESENTATION('',(#2797),#2801);
#2797 = LINE('',#2798,#2799);
#2798 = CARTESIAN_POINT('',(-7.322,37.));
#2799 = VECTOR('',#2800,1.);
#2800 = DIRECTION('',(1.,0.));
#2801 = ( GEOMETRIC_REPRESENTATION_CONTEXT(2) 
PARAMETRIC_REPRESENTATION_CONTEXT() REPRESENTATION_CONTEXT('2D SPACE',''
  ) );
#2802 = ORIENTED_EDGE('',*,*,#2803,.T.);
#2803 = EDGE_CURVE('',#2781,#2804,#2806,.T.);
#2804 = VERTEX_POINT('',#2805);
#2805 = CARTESIAN_POINT('',(62.485473479305,-12.,57.94));
#2806 = SURFACE_CURVE('',#2807,(#2811,#2817),.PCURVE_S1.);
#2807 = LINE('',#2808,#2809);
#2808 = CARTESIAN_POINT('',(62.485473479305,-12.,-130.82));
#2809 = VECTOR('',#2810,1.);
#2810 = DIRECTION('',(0.,-0.,1.));
#2811 = PCURVE('',#2744,#2812);
#2812 = DEFINITIONAL_REPRESENTATION('',(#2813),#2816);
#2813 = B_SPLINE_CURVE_WITH_KNOTS('',1,(#2814,#2815),.UNSPECIFIED.,.F.,
  .F.,(2,2),(69.18,188.76),.PIECEWISE_BEZIER_KNOTS.);
#2814 = CARTESIAN_POINT('',(0.,5.485473479305));
#2815 = CARTESIAN_POINT('',(119.58,5.485473479305));
#2816 = ( GEOMETRIC_REPRESENTATION_CONTEXT(2) 
PARAMETRIC_REPRESENTATION_CONTEXT() REPRESENTATION_CONTEXT('2D SPACE',''
  ) );
#2817 = PCURVE('',#2818,#2823);
#2818 = PLANE('',#2819);
#2819 = AXIS2_PLACEMENT_3D('',#2820,#2821,#2822);
#2820 = CARTESIAN_POINT('',(64.283294306864,-13.8,-200.));
#2821 = DIRECTION('',(-0.707534940548,-0.706678362413,0.));
#2822 = DIRECTION('',(-0.706678362413,0.707534940548,0.));
#2823 = DEFINITIONAL_REPRESENTATION('',(#2824),#2827);
#2824 = B_SPLINE_CURVE_WITH_KNOTS('',1,(#2825,#2826),.UNSPECIFIED.,.F.,
  .F.,(2,2),(69.18,188.76),.PIECEWISE_BEZIER_KNOTS.);
#2825 = CARTESIAN_POINT('',(2.544043971319,-138.36));
#2826 = CARTESIAN_POINT('',(2.544043971319,-257.94));
#2827 = ( GEOMETRIC_REPRESENTATION_CONTEXT(2) 
PARAMETRIC_REPRESENTATION_CONTEXT() REPRESENTATION_CONTEXT('2D SPACE',''
  ) );
#2828 = ORIENTED_EDGE('',*,*,#2829,.T.);
#2829 = EDGE_CURVE('',#2804,#2707,#2830,.T.);
#2830 = SURFACE_CURVE('',#2831,(#2835,#2842),.PCURVE_S1.);
#2831 = LINE('',#2832,#2833);
#2832 = CARTESIAN_POINT('',(57.,-12.,57.94));
#2833 = VECTOR('',#2834,1.);
#2834 = DIRECTION('',(1.,0.,0.));
#2835 = PCURVE('',#2744,#2836);
#2836 = DEFINITIONAL_REPRESENTATION('',(#2837),#2841);
#2837 = LINE('',#2838,#2839);
#2838 = CARTESIAN_POINT('',(119.58,0.));
#2839 = VECTOR('',#2840,1.);
#2840 = DIRECTION('',(0.,1.));
#2841 = ( GEOMETRIC_REPRESENTATION_CONTEXT(2) 
PARAMETRIC_REPRESENTATION_CONTEXT() REPRESENTATION_CONTEXT('2D SPACE',''
  ) );
#2842 = PCURVE('',#70,#2843);
#2843 = DEFINITIONAL_REPRESENTATION('',(#2844),#2848);
#2844 = LINE('',#2845,#2846);
#2845 = CARTESIAN_POINT('',(-7.322,37.));
#2846 = VECTOR('',#2847,1.);
#2847 = DIRECTION('',(1.,0.));
#2848 = ( GEOMETRIC_REPRESENTATION_CONTEXT(2) 
PARAMETRIC_REPRESENTATION_CONTEXT() REPRESENTATION_CONTEXT('2D SPACE',''
  ) );
#2849 = ORIENTED_EDGE('',*,*,#2729,.F.);
#2850 = ADVANCED_FACE('',(#2851),#2818,.T.);
#2851 = FACE_BOUND('',#2852,.T.);
#2852 = EDGE_LOOP('',(#2853,#2874,#2902,#2921));
#2853 = ORIENTED_EDGE('',*,*,#2854,.T.);
#2854 = EDGE_CURVE('',#2781,#2855,#2857,.T.);
#2855 = VERTEX_POINT('',#2856);
#2856 = CARTESIAN_POINT('',(64.283294306864,-13.8,-61.64));
#2857 = SURFACE_CURVE('',#2858,(#2862,#2868),.PCURVE_S1.);
#2858 = LINE('',#2859,#2860);
#2859 = CARTESIAN_POINT('',(73.092952551492,-22.62033659709,-61.64));
#2860 = VECTOR('',#2861,1.);
#2861 = DIRECTION('',(0.706678362413,-0.707534940548,0.));
#2862 = PCURVE('',#2818,#2863);
#2863 = DEFINITIONAL_REPRESENTATION('',(#2864),#2867);
#2864 = B_SPLINE_CURVE_WITH_KNOTS('',1,(#2865,#2866),.UNSPECIFIED.,.F.,
  .F.,(2,2),(-17.55437913421,-12.46629119157),.PIECEWISE_BEZIER_KNOTS.);
#2865 = CARTESIAN_POINT('',(5.088087942638,-138.36));
#2866 = CARTESIAN_POINT('',(0.,-138.36));
#2867 = ( GEOMETRIC_REPRESENTATION_CONTEXT(2) 
PARAMETRIC_REPRESENTATION_CONTEXT() REPRESENTATION_CONTEXT('2D SPACE',''
  ) );
#2868 = PCURVE('',#126,#2869);
#2869 = DEFINITIONAL_REPRESENTATION('',(#2870),#2873);
#2870 = B_SPLINE_CURVE_WITH_KNOTS('',1,(#2871,#2872),.UNSPECIFIED.,.F.,
  .F.,(2,2),(-17.55437913421,-12.46629119157),.PIECEWISE_BEZIER_KNOTS.);
#2871 = CARTESIAN_POINT('',(-3.634347348254,38.8));
#2872 = CARTESIAN_POINT('',(-3.870569313619E-02,35.2));
#2873 = ( GEOMETRIC_REPRESENTATION_CONTEXT(2) 
PARAMETRIC_REPRESENTATION_CONTEXT() REPRESENTATION_CONTEXT('2D SPACE',''
  ) );
#2874 = ORIENTED_EDGE('',*,*,#2875,.T.);
#2875 = EDGE_CURVE('',#2855,#2876,#2878,.T.);
#2876 = VERTEX_POINT('',#2877);
#2877 = CARTESIAN_POINT('',(64.283294306864,-13.8,57.94));
#2878 = SURFACE_CURVE('',#2879,(#2883,#2890),.PCURVE_S1.);
#2879 = LINE('',#2880,#2881);
#2880 = CARTESIAN_POINT('',(64.283294306864,-13.8,-200.));
#2881 = VECTOR('',#2882,1.);
#2882 = DIRECTION('',(0.,0.,1.));
#2883 = PCURVE('',#2818,#2884);
#2884 = DEFINITIONAL_REPRESENTATION('',(#2885),#2889);
#2885 = LINE('',#2886,#2887);
#2886 = CARTESIAN_POINT('',(0.,0.));
#2887 = VECTOR('',#2888,1.);
#2888 = DIRECTION('',(0.,-1.));
#2889 = ( GEOMETRIC_REPRESENTATION_CONTEXT(2) 
PARAMETRIC_REPRESENTATION_CONTEXT() REPRESENTATION_CONTEXT('2D SPACE',''
  ) );
#2890 = PCURVE('',#2891,#2896);
#2891 = PLANE('',#2892);
#2892 = AXIS2_PLACEMENT_3D('',#2893,#2894,#2895);
#2893 = CARTESIAN_POINT('',(64.298953655579,-14.,-200.));
#2894 = DIRECTION('',(-0.996948831445,-7.805784701343E-02,0.));
#2895 = DIRECTION('',(-7.805784701343E-02,0.996948831445,0.));
#2896 = DEFINITIONAL_REPRESENTATION('',(#2897),#2901);
#2897 = LINE('',#2898,#2899);
#2898 = CARTESIAN_POINT('',(0.200612101335,0.));
#2899 = VECTOR('',#2900,1.);
#2900 = DIRECTION('',(0.,-1.));
#2901 = ( GEOMETRIC_REPRESENTATION_CONTEXT(2) 
PARAMETRIC_REPRESENTATION_CONTEXT() REPRESENTATION_CONTEXT('2D SPACE',''
  ) );
#2902 = ORIENTED_EDGE('',*,*,#2903,.F.);
#2903 = EDGE_CURVE('',#2804,#2876,#2904,.T.);
#2904 = SURFACE_CURVE('',#2905,(#2909,#2915),.PCURVE_S1.);
#2905 = LINE('',#2906,#2907);
#2906 = CARTESIAN_POINT('',(73.092952551492,-22.62033659709,57.94));
#2907 = VECTOR('',#2908,1.);
#2908 = DIRECTION('',(0.706678362413,-0.707534940548,0.));
#2909 = PCURVE('',#2818,#2910);
#2910 = DEFINITIONAL_REPRESENTATION('',(#2911),#2914);
#2911 = B_SPLINE_CURVE_WITH_KNOTS('',1,(#2912,#2913),.UNSPECIFIED.,.F.,
  .F.,(2,2),(-17.55437913421,-12.46629119157),.PIECEWISE_BEZIER_KNOTS.);
#2912 = CARTESIAN_POINT('',(5.088087942638,-257.94));
#2913 = CARTESIAN_POINT('',(0.,-257.94));
#2914 = ( GEOMETRIC_REPRESENTATION_CONTEXT(2) 
PARAMETRIC_REPRESENTATION_CONTEXT() REPRESENTATION_CONTEXT('2D SPACE',''
  ) );
#2915 = PCURVE('',#70,#2916);
#2916 = DEFINITIONAL_REPRESENTATION('',(#2917),#2920);
#2917 = B_SPLINE_CURVE_WITH_KNOTS('',1,(#2918,#2919),.UNSPECIFIED.,.F.,
  .F.,(2,2),(-17.55437913421,-12.46629119157),.PIECEWISE_BEZIER_KNOTS.);
#2918 = CARTESIAN_POINT('',(-3.634347348254,38.8));
#2919 = CARTESIAN_POINT('',(-3.870569313619E-02,35.2));
#2920 = ( GEOMETRIC_REPRESENTATION_CONTEXT(2) 
PARAMETRIC_REPRESENTATION_CONTEXT() REPRESENTATION_CONTEXT('2D SPACE',''
  ) );
#2921 = ORIENTED_EDGE('',*,*,#2803,.F.);
#2922 = ADVANCED_FACE('',(#2923),#2891,.T.);
#2923 = FACE_BOUND('',#2924,.T.);
#2924 = EDGE_LOOP('',(#2925,#2946,#2974,#2993));
#2925 = ORIENTED_EDGE('',*,*,#2926,.T.);
#2926 = EDGE_CURVE('',#2855,#2927,#2929,.T.);
#2927 = VERTEX_POINT('',#2928);
#2928 = CARTESIAN_POINT('',(64.298953655579,-14.,-61.64));
#2929 = SURFACE_CURVE('',#2930,(#2934,#2940),.PCURVE_S1.);
#2930 = LINE('',#2931,#2932);
#2931 = CARTESIAN_POINT('',(65.660868255474,-31.39426874866,-61.64));
#2932 = VECTOR('',#2933,1.);
#2933 = DIRECTION('',(7.805784701343E-02,-0.996948831445,0.));
#2934 = PCURVE('',#2891,#2935);
#2935 = DEFINITIONAL_REPRESENTATION('',(#2936),#2939);
#2936 = B_SPLINE_CURVE_WITH_KNOTS('',1,(#2937,#2938),.UNSPECIFIED.,.F.,
  .F.,(2,2),(-17.64811612563,-17.4475040243),.PIECEWISE_BEZIER_KNOTS.);
#2937 = CARTESIAN_POINT('',(0.200612101335,-138.36));
#2938 = CARTESIAN_POINT('',(0.,-138.36));
#2939 = ( GEOMETRIC_REPRESENTATION_CONTEXT(2) 
PARAMETRIC_REPRESENTATION_CONTEXT() REPRESENTATION_CONTEXT('2D SPACE',''
  ) );
#2940 = PCURVE('',#126,#2941);
#2941 = DEFINITIONAL_REPRESENTATION('',(#2942),#2945);
#2942 = B_SPLINE_CURVE_WITH_KNOTS('',1,(#2943,#2944),.UNSPECIFIED.,.F.,
  .F.,(2,2),(-17.64811612563,-17.4475040243),.PIECEWISE_BEZIER_KNOTS.);
#2943 = CARTESIAN_POINT('',(-3.87056931362E-02,35.2));
#2944 = CARTESIAN_POINT('',(-2.304634442113E-02,35.));
#2945 = ( GEOMETRIC_REPRESENTATION_CONTEXT(2) 
PARAMETRIC_REPRESENTATION_CONTEXT() REPRESENTATION_CONTEXT('2D SPACE',''
  ) );
#2946 = ORIENTED_EDGE('',*,*,#2947,.T.);
#2947 = EDGE_CURVE('',#2927,#2948,#2950,.T.);
#2948 = VERTEX_POINT('',#2949);
#2949 = CARTESIAN_POINT('',(64.298953655579,-14.,57.94));
#2950 = SURFACE_CURVE('',#2951,(#2955,#2962),.PCURVE_S1.);
#2951 = LINE('',#2952,#2953);
#2952 = CARTESIAN_POINT('',(64.298953655579,-14.,-200.));
#2953 = VECTOR('',#2954,1.);
#2954 = DIRECTION('',(0.,0.,1.));
#2955 = PCURVE('',#2891,#2956);
#2956 = DEFINITIONAL_REPRESENTATION('',(#2957),#2961);
#2957 = LINE('',#2958,#2959);
#2958 = CARTESIAN_POINT('',(0.,0.));
#2959 = VECTOR('',#2960,1.);
#2960 = DIRECTION('',(0.,-1.));
#2961 = ( GEOMETRIC_REPRESENTATION_CONTEXT(2) 
PARAMETRIC_REPRESENTATION_CONTEXT() REPRESENTATION_CONTEXT('2D SPACE',''
  ) );
#2962 = PCURVE('',#2963,#2968);
#2963 = PLANE('',#2964);
#2964 = AXIS2_PLACEMENT_3D('',#2965,#2966,#2967);
#2965 = CARTESIAN_POINT('',(64.307768027214,-14.2,-200.));
#2966 = DIRECTION('',(-0.999030248113,-4.40291194065E-02,0.));
#2967 = DIRECTION('',(-4.40291194065E-02,0.999030248113,0.));
#2968 = DEFINITIONAL_REPRESENTATION('',(#2969),#2973);
#2969 = LINE('',#2970,#2971);
#2970 = CARTESIAN_POINT('',(0.200194138644,0.));
#2971 = VECTOR('',#2972,1.);
#2972 = DIRECTION('',(0.,-1.));
#2973 = ( GEOMETRIC_REPRESENTATION_CONTEXT(2) 
PARAMETRIC_REPRESENTATION_CONTEXT() REPRESENTATION_CONTEXT('2D SPACE',''
  ) );
#2974 = ORIENTED_EDGE('',*,*,#2975,.F.);
#2975 = EDGE_CURVE('',#2876,#2948,#2976,.T.);
#2976 = SURFACE_CURVE('',#2977,(#2981,#2987),.PCURVE_S1.);
#2977 = LINE('',#2978,#2979);
#2978 = CARTESIAN_POINT('',(65.660868255474,-31.39426874866,57.94));
#2979 = VECTOR('',#2980,1.);
#2980 = DIRECTION('',(7.805784701343E-02,-0.996948831445,0.));
#2981 = PCURVE('',#2891,#2982);
#2982 = DEFINITIONAL_REPRESENTATION('',(#2983),#2986);
#2983 = B_SPLINE_CURVE_WITH_KNOTS('',1,(#2984,#2985),.UNSPECIFIED.,.F.,
  .F.,(2,2),(-17.64811612563,-17.4475040243),.PIECEWISE_BEZIER_KNOTS.);
#2984 = CARTESIAN_POINT('',(0.200612101335,-257.94));
#2985 = CARTESIAN_POINT('',(0.,-257.94));
#2986 = ( GEOMETRIC_REPRESENTATION_CONTEXT(2) 
PARAMETRIC_REPRESENTATION_CONTEXT() REPRESENTATION_CONTEXT('2D SPACE',''
  ) );
#2987 = PCURVE('',#70,#2988);
#2988 = DEFINITIONAL_REPRESENTATION('',(#2989),#2992);
#2989 = B_SPLINE_CURVE_WITH_KNOTS('',1,(#2990,#2991),.UNSPECIFIED.,.F.,
  .F.,(2,2),(-17.64811612563,-17.4475040243),.PIECEWISE_BEZIER_KNOTS.);
#2990 = CARTESIAN_POINT('',(-3.87056931362E-02,35.2));
#2991 = CARTESIAN_POINT('',(-2.304634442113E-02,35.));
#2992 = ( GEOMETRIC_REPRESENTATION_CONTEXT(2) 
PARAMETRIC_REPRESENTATION_CONTEXT() REPRESENTATION_CONTEXT('2D SPACE',''
  ) );
#2993 = ORIENTED_EDGE('',*,*,#2875,.F.);
#2994 = ADVANCED_FACE('',(#2995),#2963,.T.);
#2995 = FACE_BOUND('',#2996,.T.);
#2996 = EDGE_LOOP('',(#2997,#3018,#3046,#3065));
#2997 = ORIENTED_EDGE('',*,*,#2998,.T.);
#2998 = EDGE_CURVE('',#2927,#2999,#3001,.T.);
#2999 = VERTEX_POINT('',#3000);
#3000 = CARTESIAN_POINT('',(64.307768027214,-14.2,-61.64));
#3001 = SURFACE_CURVE('',#3002,(#3006,#3012),.PCURVE_S1.);
#3002 = LINE('',#3003,#3004);
#3003 = CARTESIAN_POINT('',(65.073145566281,-31.56658200439,-61.64));
#3004 = VECTOR('',#3005,1.);
#3005 = DIRECTION('',(4.40291194065E-02,-0.999030248113,0.));
#3006 = PCURVE('',#2963,#3007);
#3007 = DEFINITIONAL_REPRESENTATION('',(#3008),#3011);
#3008 = B_SPLINE_CURVE_WITH_KNOTS('',1,(#3009,#3010),.UNSPECIFIED.,.F.,
  .F.,(2,2),(-17.58363376642,-17.38343962777),.PIECEWISE_BEZIER_KNOTS.);
#3009 = CARTESIAN_POINT('',(0.200194138644,-138.36));
#3010 = CARTESIAN_POINT('',(0.,-138.36));
#3011 = ( GEOMETRIC_REPRESENTATION_CONTEXT(2) 
PARAMETRIC_REPRESENTATION_CONTEXT() REPRESENTATION_CONTEXT('2D SPACE',''
  ) );
#3012 = PCURVE('',#126,#3013);
#3013 = DEFINITIONAL_REPRESENTATION('',(#3014),#3017);
#3014 = B_SPLINE_CURVE_WITH_KNOTS('',1,(#3015,#3016),.UNSPECIFIED.,.F.,
  .F.,(2,2),(-17.58363376642,-17.38343962777),.PIECEWISE_BEZIER_KNOTS.);
#3015 = CARTESIAN_POINT('',(-2.304634442112E-02,35.));
#3016 = CARTESIAN_POINT('',(-1.42319727863E-02,34.8));
#3017 = ( GEOMETRIC_REPRESENTATION_CONTEXT(2) 
PARAMETRIC_REPRESENTATION_CONTEXT() REPRESENTATION_CONTEXT('2D SPACE',''
  ) );
#3018 = ORIENTED_EDGE('',*,*,#3019,.T.);
#3019 = EDGE_CURVE('',#2999,#3020,#3022,.T.);
#3020 = VERTEX_POINT('',#3021);
#3021 = CARTESIAN_POINT('',(64.307768027214,-14.2,57.94));
#3022 = SURFACE_CURVE('',#3023,(#3027,#3034),.PCURVE_S1.);
#3023 = LINE('',#3024,#3025);
#3024 = CARTESIAN_POINT('',(64.307768027214,-14.2,-200.));
#3025 = VECTOR('',#3026,1.);
#3026 = DIRECTION('',(0.,0.,1.));
#3027 = PCURVE('',#2963,#3028);
#3028 = DEFINITIONAL_REPRESENTATION('',(#3029),#3033);
#3029 = LINE('',#3030,#3031);
#3030 = CARTESIAN_POINT('',(0.,0.));
#3031 = VECTOR('',#3032,1.);
#3032 = DIRECTION('',(0.,-1.));
#3033 = ( GEOMETRIC_REPRESENTATION_CONTEXT(2) 
PARAMETRIC_REPRESENTATION_CONTEXT() REPRESENTATION_CONTEXT('2D SPACE',''
  ) );
#3034 = PCURVE('',#3035,#3040);
#3035 = PLANE('',#3036);
#3036 = AXIS2_PLACEMENT_3D('',#3037,#3038,#3039);
#3037 = CARTESIAN_POINT('',(64.314962412572,-14.4,-200.));
#3038 = DIRECTION('',(-0.999353637459,-3.59486758838E-02,0.));
#3039 = DIRECTION('',(-3.59486758838E-02,0.999353637459,0.));
#3040 = DEFINITIONAL_REPRESENTATION('',(#3041),#3045);
#3041 = LINE('',#3042,#3043);
#3042 = CARTESIAN_POINT('',(0.200129356119,0.));
#3043 = VECTOR('',#3044,1.);
#3044 = DIRECTION('',(0.,-1.));
#3045 = ( GEOMETRIC_REPRESENTATION_CONTEXT(2) 
PARAMETRIC_REPRESENTATION_CONTEXT() REPRESENTATION_CONTEXT('2D SPACE',''
  ) );
#3046 = ORIENTED_EDGE('',*,*,#3047,.F.);
#3047 = EDGE_CURVE('',#2948,#3020,#3048,.T.);
#3048 = SURFACE_CURVE('',#3049,(#3053,#3059),.PCURVE_S1.);
#3049 = LINE('',#3050,#3051);
#3050 = CARTESIAN_POINT('',(65.073145566281,-31.56658200439,57.94));
#3051 = VECTOR('',#3052,1.);
#3052 = DIRECTION('',(4.40291194065E-02,-0.999030248113,0.));
#3053 = PCURVE('',#2963,#3054);
#3054 = DEFINITIONAL_REPRESENTATION('',(#3055),#3058);
#3055 = B_SPLINE_CURVE_WITH_KNOTS('',1,(#3056,#3057),.UNSPECIFIED.,.F.,
  .F.,(2,2),(-17.58363376642,-17.38343962777),.PIECEWISE_BEZIER_KNOTS.);
#3056 = CARTESIAN_POINT('',(0.200194138644,-257.94));
#3057 = CARTESIAN_POINT('',(0.,-257.94));
#3058 = ( GEOMETRIC_REPRESENTATION_CONTEXT(2) 
PARAMETRIC_REPRESENTATION_CONTEXT() REPRESENTATION_CONTEXT('2D SPACE',''
  ) );
#3059 = PCURVE('',#70,#3060);
#3060 = DEFINITIONAL_REPRESENTATION('',(#3061),#3064);
#3061 = B_SPLINE_CURVE_WITH_KNOTS('',1,(#3062,#3063),.UNSPECIFIED.,.F.,
  .F.,(2,2),(-17.58363376642,-17.38343962777),.PIECEWISE_BEZIER_KNOTS.);
#3062 = CARTESIAN_POINT('',(-2.304634442112E-02,35.));
#3063 = CARTESIAN_POINT('',(-1.42319727863E-02,34.8));
#3064 = ( GEOMETRIC_REPRESENTATION_CONTEXT(2) 
PARAMETRIC_REPRESENTATION_CONTEXT() REPRESENTATION_CONTEXT('2D SPACE',''
  ) );
#3065 = ORIENTED_EDGE('',*,*,#2947,.F.);
#3066 = ADVANCED_FACE('',(#3067),#3035,.T.);
#3067 = FACE_BOUND('',#3068,.T.);
#3068 = EDGE_LOOP('',(#3069,#3090,#3118,#3137));
#3069 = ORIENTED_EDGE('',*,*,#3070,.T.);
#3070 = EDGE_CURVE('',#2999,#3071,#3073,.T.);
#3071 = VERTEX_POINT('',#3072);
#3072 = CARTESIAN_POINT('',(64.314962412572,-14.4,-61.64));
#3073 = SURFACE_CURVE('',#3074,(#3078,#3084),.PCURVE_S1.);
#3074 = LINE('',#3075,#3076);
#3075 = CARTESIAN_POINT('',(64.936477072044,-31.67776949796,-61.64));
#3076 = VECTOR('',#3077,1.);
#3077 = DIRECTION('',(3.59486758838E-02,-0.999353637459,0.));
#3078 = PCURVE('',#3035,#3079);
#3079 = DEFINITIONAL_REPRESENTATION('',(#3080),#3083);
#3080 = B_SPLINE_CURVE_WITH_KNOTS('',1,(#3081,#3082),.UNSPECIFIED.,.F.,
  .F.,(2,2),(-17.48907378013,-17.28894442401),.PIECEWISE_BEZIER_KNOTS.);
#3081 = CARTESIAN_POINT('',(0.200129356119,-138.36));
#3082 = CARTESIAN_POINT('',(0.,-138.36));
#3083 = ( GEOMETRIC_REPRESENTATION_CONTEXT(2) 
PARAMETRIC_REPRESENTATION_CONTEXT() REPRESENTATION_CONTEXT('2D SPACE',''
  ) );
#3084 = PCURVE('',#126,#3085);
#3085 = DEFINITIONAL_REPRESENTATION('',(#3086),#3089);
#3086 = B_SPLINE_CURVE_WITH_KNOTS('',1,(#3087,#3088),.UNSPECIFIED.,.F.,
  .F.,(2,2),(-17.48907378013,-17.28894442401),.PIECEWISE_BEZIER_KNOTS.);
#3087 = CARTESIAN_POINT('',(-1.423197278629E-02,34.8));
#3088 = CARTESIAN_POINT('',(-7.037587428331E-03,34.6));
#3089 = ( GEOMETRIC_REPRESENTATION_CONTEXT(2) 
PARAMETRIC_REPRESENTATION_CONTEXT() REPRESENTATION_CONTEXT('2D SPACE',''
  ) );
#3090 = ORIENTED_EDGE('',*,*,#3091,.T.);
#3091 = EDGE_CURVE('',#3071,#3092,#3094,.T.);
#3092 = VERTEX_POINT('',#3093);
#3093 = CARTESIAN_POINT('',(64.314962412572,-14.4,57.94));
#3094 = SURFACE_CURVE('',#3095,(#3099,#3106),.PCURVE_S1.);
#3095 = LINE('',#3096,#3097);
#3096 = CARTESIAN_POINT('',(64.314962412572,-14.4,-200.));
#3097 = VECTOR('',#3098,1.);
#3098 = DIRECTION('',(0.,0.,1.));
#3099 = PCURVE('',#3035,#3100);
#3100 = DEFINITIONAL_REPRESENTATION('',(#3101),#3105);
#3101 = LINE('',#3102,#3103);
#3102 = CARTESIAN_POINT('',(0.,0.));
#3103 = VECTOR('',#3104,1.);
#3104 = DIRECTION('',(0.,-1.));
#3105 = ( GEOMETRIC_REPRESENTATION_CONTEXT(2) 
PARAMETRIC_REPRESENTATION_CONTEXT() REPRESENTATION_CONTEXT('2D SPACE',''
  ) );
#3106 = PCURVE('',#3107,#3112);
#3107 = PLANE('',#3108);
#3108 = AXIS2_PLACEMENT_3D('',#3109,#3110,#3111);
#3109 = CARTESIAN_POINT('',(64.320192607943,-14.6,-200.));
#3110 = DIRECTION('',(-0.999658238486,-2.614203945883E-02,0.));
#3111 = DIRECTION('',(-2.614203945883E-02,0.999658238486,0.));
#3112 = DEFINITIONAL_REPRESENTATION('',(#3113),#3117);
#3113 = LINE('',#3114,#3115);
#3114 = CARTESIAN_POINT('',(0.200068375671,0.));
#3115 = VECTOR('',#3116,1.);
#3116 = DIRECTION('',(0.,-1.));
#3117 = ( GEOMETRIC_REPRESENTATION_CONTEXT(2) 
PARAMETRIC_REPRESENTATION_CONTEXT() REPRESENTATION_CONTEXT('2D SPACE',''
  ) );
#3118 = ORIENTED_EDGE('',*,*,#3119,.F.);
#3119 = EDGE_CURVE('',#3020,#3092,#3120,.T.);
#3120 = SURFACE_CURVE('',#3121,(#3125,#3131),.PCURVE_S1.);
#3121 = LINE('',#3122,#3123);
#3122 = CARTESIAN_POINT('',(64.936477072044,-31.67776949796,57.94));
#3123 = VECTOR('',#3124,1.);
#3124 = DIRECTION('',(3.59486758838E-02,-0.999353637459,0.));
#3125 = PCURVE('',#3035,#3126);
#3126 = DEFINITIONAL_REPRESENTATION('',(#3127),#3130);
#3127 = B_SPLINE_CURVE_WITH_KNOTS('',1,(#3128,#3129),.UNSPECIFIED.,.F.,
  .F.,(2,2),(-17.48907378013,-17.28894442401),.PIECEWISE_BEZIER_KNOTS.);
#3128 = CARTESIAN_POINT('',(0.200129356119,-257.94));
#3129 = CARTESIAN_POINT('',(0.,-257.94));
#3130 = ( GEOMETRIC_REPRESENTATION_CONTEXT(2) 
PARAMETRIC_REPRESENTATION_CONTEXT() REPRESENTATION_CONTEXT('2D SPACE',''
  ) );
#3131 = PCURVE('',#70,#3132);
#3132 = DEFINITIONAL_REPRESENTATION('',(#3133),#3136);
#3133 = B_SPLINE_CURVE_WITH_KNOTS('',1,(#3134,#3135),.UNSPECIFIED.,.F.,
  .F.,(2,2),(-17.48907378013,-17.28894442401),.PIECEWISE_BEZIER_KNOTS.);
#3134 = CARTESIAN_POINT('',(-1.423197278629E-02,34.8));
#3135 = CARTESIAN_POINT('',(-7.037587428331E-03,34.6));
#3136 = ( GEOMETRIC_REPRESENTATION_CONTEXT(2) 
PARAMETRIC_REPRESENTATION_CONTEXT() REPRESENTATION_CONTEXT('2D SPACE',''
  ) );
#3137 = ORIENTED_EDGE('',*,*,#3019,.F.);
#3138 = ADVANCED_FACE('',(#3139),#3107,.T.);
#3139 = FACE_BOUND('',#3140,.T.);
#3140 = EDGE_LOOP('',(#3141,#3162,#3190,#3209));
#3141 = ORIENTED_EDGE('',*,*,#3142,.T.);
#3142 = EDGE_CURVE('',#3071,#3143,#3145,.T.);
#3143 = VERTEX_POINT('',#3144);
#3144 = CARTESIAN_POINT('',(64.320192607943,-14.6,-61.64));
#3145 = SURFACE_CURVE('',#3146,(#3150,#3156),.PCURVE_S1.);
#3146 = LINE('',#3147,#3148);
#3147 = CARTESIAN_POINT('',(64.769682633527,-31.78826902927,-61.64));
#3148 = VECTOR('',#3149,1.);
#3149 = DIRECTION('',(2.614203945883E-02,-0.999658238486,0.));
#3150 = PCURVE('',#3107,#3151);
#3151 = DEFINITIONAL_REPRESENTATION('',(#3152),#3155);
#3152 = B_SPLINE_CURVE_WITH_KNOTS('',1,(#3153,#3154),.UNSPECIFIED.,.F.,
  .F.,(2,2),(-17.39421370208,-17.19414532641),.PIECEWISE_BEZIER_KNOTS.);
#3153 = CARTESIAN_POINT('',(0.200068375671,-138.36));
#3154 = CARTESIAN_POINT('',(0.,-138.36));
#3155 = ( GEOMETRIC_REPRESENTATION_CONTEXT(2) 
PARAMETRIC_REPRESENTATION_CONTEXT() REPRESENTATION_CONTEXT('2D SPACE',''
  ) );
#3156 = PCURVE('',#126,#3157);
#3157 = DEFINITIONAL_REPRESENTATION('',(#3158),#3161);
#3158 = B_SPLINE_CURVE_WITH_KNOTS('',1,(#3159,#3160),.UNSPECIFIED.,.F.,
  .F.,(2,2),(-17.39421370208,-17.19414532641),.PIECEWISE_BEZIER_KNOTS.);
#3159 = CARTESIAN_POINT('',(-7.037587428334E-03,34.6));
#3160 = CARTESIAN_POINT('',(-1.807392057079E-03,34.4));
#3161 = ( GEOMETRIC_REPRESENTATION_CONTEXT(2) 
PARAMETRIC_REPRESENTATION_CONTEXT() REPRESENTATION_CONTEXT('2D SPACE',''
  ) );
#3162 = ORIENTED_EDGE('',*,*,#3163,.T.);
#3163 = EDGE_CURVE('',#3143,#3164,#3166,.T.);
#3164 = VERTEX_POINT('',#3165);
#3165 = CARTESIAN_POINT('',(64.320192607943,-14.6,57.94));
#3166 = SURFACE_CURVE('',#3167,(#3171,#3178),.PCURVE_S1.);
#3167 = LINE('',#3168,#3169);
#3168 = CARTESIAN_POINT('',(64.320192607943,-14.6,-200.));
#3169 = VECTOR('',#3170,1.);
#3170 = DIRECTION('',(0.,0.,1.));
#3171 = PCURVE('',#3107,#3172);
#3172 = DEFINITIONAL_REPRESENTATION('',(#3173),#3177);
#3173 = LINE('',#3174,#3175);
#3174 = CARTESIAN_POINT('',(0.,0.));
#3175 = VECTOR('',#3176,1.);
#3176 = DIRECTION('',(0.,-1.));
#3177 = ( GEOMETRIC_REPRESENTATION_CONTEXT(2) 
PARAMETRIC_REPRESENTATION_CONTEXT() REPRESENTATION_CONTEXT('2D SPACE',''
  ) );
#3178 = PCURVE('',#3179,#3184);
#3179 = PLANE('',#3180);
#3180 = AXIS2_PLACEMENT_3D('',#3181,#3182,#3183);
#3181 = CARTESIAN_POINT('',(64.322940127529,-14.8,-200.));
#3182 = DIRECTION('',(-0.999905652555,-1.373630182378E-02,0.));
#3183 = DIRECTION('',(-1.373630182378E-02,0.999905652555,0.));
#3184 = DEFINITIONAL_REPRESENTATION('',(#3185),#3189);
#3185 = LINE('',#3186,#3187);
#3186 = CARTESIAN_POINT('',(0.200018871269,0.));
#3187 = VECTOR('',#3188,1.);
#3188 = DIRECTION('',(0.,-1.));
#3189 = ( GEOMETRIC_REPRESENTATION_CONTEXT(2) 
PARAMETRIC_REPRESENTATION_CONTEXT() REPRESENTATION_CONTEXT('2D SPACE',''
  ) );
#3190 = ORIENTED_EDGE('',*,*,#3191,.F.);
#3191 = EDGE_CURVE('',#3092,#3164,#3192,.T.);
#3192 = SURFACE_CURVE('',#3193,(#3197,#3203),.PCURVE_S1.);
#3193 = LINE('',#3194,#3195);
#3194 = CARTESIAN_POINT('',(64.769682633527,-31.78826902927,57.94));
#3195 = VECTOR('',#3196,1.);
#3196 = DIRECTION('',(2.614203945883E-02,-0.999658238486,0.));
#3197 = PCURVE('',#3107,#3198);
#3198 = DEFINITIONAL_REPRESENTATION('',(#3199),#3202);
#3199 = B_SPLINE_CURVE_WITH_KNOTS('',1,(#3200,#3201),.UNSPECIFIED.,.F.,
  .F.,(2,2),(-17.39421370208,-17.19414532641),.PIECEWISE_BEZIER_KNOTS.);
#3200 = CARTESIAN_POINT('',(0.200068375671,-257.94));
#3201 = CARTESIAN_POINT('',(0.,-257.94));
#3202 = ( GEOMETRIC_REPRESENTATION_CONTEXT(2) 
PARAMETRIC_REPRESENTATION_CONTEXT() REPRESENTATION_CONTEXT('2D SPACE',''
  ) );
#3203 = PCURVE('',#70,#3204);
#3204 = DEFINITIONAL_REPRESENTATION('',(#3205),#3208);
#3205 = B_SPLINE_CURVE_WITH_KNOTS('',1,(#3206,#3207),.UNSPECIFIED.,.F.,
  .F.,(2,2),(-17.39421370208,-17.19414532641),.PIECEWISE_BEZIER_KNOTS.);
#3206 = CARTESIAN_POINT('',(-7.037587428334E-03,34.6));
#3207 = CARTESIAN_POINT('',(-1.807392057079E-03,34.4));
#3208 = ( GEOMETRIC_REPRESENTATION_CONTEXT(2) 
PARAMETRIC_REPRESENTATION_CONTEXT() REPRESENTATION_CONTEXT('2D SPACE',''
  ) );
#3209 = ORIENTED_EDGE('',*,*,#3091,.F.);
#3210 = ADVANCED_FACE('',(#3211),#3179,.T.);
#3211 = FACE_BOUND('',#3212,.T.);
#3212 = EDGE_LOOP('',(#3213,#3234,#3262,#3281));
#3213 = ORIENTED_EDGE('',*,*,#3214,.T.);
#3214 = EDGE_CURVE('',#3143,#3215,#3217,.T.);
#3215 = VERTEX_POINT('',#3216);
#3216 = CARTESIAN_POINT('',(64.322940127529,-14.8,-61.64));
#3217 = SURFACE_CURVE('',#3218,(#3222,#3228),.PCURVE_S1.);
#3218 = LINE('',#3219,#3220);
#3219 = CARTESIAN_POINT('',(64.557808638678,-31.89676701328,-61.64));
#3220 = VECTOR('',#3221,1.);
#3221 = DIRECTION('',(1.373630182378E-02,-0.999905652555,0.));
#3222 = PCURVE('',#3179,#3223);
#3223 = DEFINITIONAL_REPRESENTATION('',(#3224),#3227);
#3224 = B_SPLINE_CURVE_WITH_KNOTS('',1,(#3225,#3226),.UNSPECIFIED.,.F.,
  .F.,(2,2),(-17.29839907302,-17.09838020175),.PIECEWISE_BEZIER_KNOTS.);
#3225 = CARTESIAN_POINT('',(0.200018871269,-138.36));
#3226 = CARTESIAN_POINT('',(0.,-138.36));
#3227 = ( GEOMETRIC_REPRESENTATION_CONTEXT(2) 
PARAMETRIC_REPRESENTATION_CONTEXT() REPRESENTATION_CONTEXT('2D SPACE',''
  ) );
#3228 = PCURVE('',#126,#3229);
#3229 = DEFINITIONAL_REPRESENTATION('',(#3230),#3233);
#3230 = B_SPLINE_CURVE_WITH_KNOTS('',1,(#3231,#3232),.UNSPECIFIED.,.F.,
  .F.,(2,2),(-17.29839907302,-17.09838020175),.PIECEWISE_BEZIER_KNOTS.);
#3231 = CARTESIAN_POINT('',(-1.807392057089E-03,34.4));
#3232 = CARTESIAN_POINT('',(9.401275291191E-04,34.2));
#3233 = ( GEOMETRIC_REPRESENTATION_CONTEXT(2) 
PARAMETRIC_REPRESENTATION_CONTEXT() REPRESENTATION_CONTEXT('2D SPACE',''
  ) );
#3234 = ORIENTED_EDGE('',*,*,#3235,.T.);
#3235 = EDGE_CURVE('',#3215,#3236,#3238,.T.);
#3236 = VERTEX_POINT('',#3237);
#3237 = CARTESIAN_POINT('',(64.322940127529,-14.8,57.94));
#3238 = SURFACE_CURVE('',#3239,(#3243,#3250),.PCURVE_S1.);
#3239 = LINE('',#3240,#3241);
#3240 = CARTESIAN_POINT('',(64.322940127529,-14.8,-200.));
#3241 = VECTOR('',#3242,1.);
#3242 = DIRECTION('',(0.,0.,1.));
#3243 = PCURVE('',#3179,#3244);
#3244 = DEFINITIONAL_REPRESENTATION('',(#3245),#3249);
#3245 = LINE('',#3246,#3247);
#3246 = CARTESIAN_POINT('',(0.,0.));
#3247 = VECTOR('',#3248,1.);
#3248 = DIRECTION('',(0.,-1.));
#3249 = ( GEOMETRIC_REPRESENTATION_CONTEXT(2) 
PARAMETRIC_REPRESENTATION_CONTEXT() REPRESENTATION_CONTEXT('2D SPACE',''
  ) );
#3250 = PCURVE('',#3251,#3256);
#3251 = PLANE('',#3252);
#3252 = AXIS2_PLACEMENT_3D('',#3253,#3254,#3255);
#3253 = CARTESIAN_POINT('',(64.322396876631,-15.,-200.));
#3254 = DIRECTION('',(-0.999996311001,2.716244471897E-03,0.));
#3255 = DIRECTION('',(2.716244471897E-03,0.999996311001,0.));
#3256 = DEFINITIONAL_REPRESENTATION('',(#3257),#3261);
#3257 = LINE('',#3258,#3259);
#3258 = CARTESIAN_POINT('',(0.200000737802,0.));
#3259 = VECTOR('',#3260,1.);
#3260 = DIRECTION('',(0.,-1.));
#3261 = ( GEOMETRIC_REPRESENTATION_CONTEXT(2) 
PARAMETRIC_REPRESENTATION_CONTEXT() REPRESENTATION_CONTEXT('2D SPACE',''
  ) );
#3262 = ORIENTED_EDGE('',*,*,#3263,.F.);
#3263 = EDGE_CURVE('',#3164,#3236,#3264,.T.);
#3264 = SURFACE_CURVE('',#3265,(#3269,#3275),.PCURVE_S1.);
#3265 = LINE('',#3266,#3267);
#3266 = CARTESIAN_POINT('',(64.557808638678,-31.89676701328,57.94));
#3267 = VECTOR('',#3268,1.);
#3268 = DIRECTION('',(1.373630182378E-02,-0.999905652555,0.));
#3269 = PCURVE('',#3179,#3270);
#3270 = DEFINITIONAL_REPRESENTATION('',(#3271),#3274);
#3271 = B_SPLINE_CURVE_WITH_KNOTS('',1,(#3272,#3273),.UNSPECIFIED.,.F.,
  .F.,(2,2),(-17.29839907302,-17.09838020175),.PIECEWISE_BEZIER_KNOTS.);
#3272 = CARTESIAN_POINT('',(0.200018871269,-257.94));
#3273 = CARTESIAN_POINT('',(0.,-257.94));
#3274 = ( GEOMETRIC_REPRESENTATION_CONTEXT(2) 
PARAMETRIC_REPRESENTATION_CONTEXT() REPRESENTATION_CONTEXT('2D SPACE',''
  ) );
#3275 = PCURVE('',#70,#3276);
#3276 = DEFINITIONAL_REPRESENTATION('',(#3277),#3280);
#3277 = B_SPLINE_CURVE_WITH_KNOTS('',1,(#3278,#3279),.UNSPECIFIED.,.F.,
  .F.,(2,2),(-17.29839907302,-17.09838020175),.PIECEWISE_BEZIER_KNOTS.);
#3278 = CARTESIAN_POINT('',(-1.807392057089E-03,34.4));
#3279 = CARTESIAN_POINT('',(9.401275291191E-04,34.2));
#3280 = ( GEOMETRIC_REPRESENTATION_CONTEXT(2) 
PARAMETRIC_REPRESENTATION_CONTEXT() REPRESENTATION_CONTEXT('2D SPACE',''
  ) );
#3281 = ORIENTED_EDGE('',*,*,#3163,.F.);
#3282 = ADVANCED_FACE('',(#3283),#3251,.T.);
#3283 = FACE_BOUND('',#3284,.T.);
#3284 = EDGE_LOOP('',(#3285,#3306,#3334,#3353));
#3285 = ORIENTED_EDGE('',*,*,#3286,.T.);
#3286 = EDGE_CURVE('',#3215,#3287,#3289,.T.);
#3287 = VERTEX_POINT('',#3288);
#3288 = CARTESIAN_POINT('',(64.322396876631,-15.,-61.64));
#3289 = SURFACE_CURVE('',#3290,(#3294,#3300),.PCURVE_S1.);
#3290 = LINE('',#3291,#3292);
#3291 = CARTESIAN_POINT('',(64.276220889488,-31.99987511327,-61.64));
#3292 = VECTOR('',#3293,1.);
#3293 = DIRECTION('',(-2.716244471897E-03,-0.999996311001,0.));
#3294 = PCURVE('',#3251,#3295);
#3295 = DEFINITIONAL_REPRESENTATION('',(#3296),#3299);
#3296 = B_SPLINE_CURVE_WITH_KNOTS('',1,(#3297,#3298),.UNSPECIFIED.,.F.,
  .F.,(2,2),(-17.19993856383,-16.99993782602),.PIECEWISE_BEZIER_KNOTS.);
#3297 = CARTESIAN_POINT('',(0.200000737802,-138.36));
#3298 = CARTESIAN_POINT('',(0.,-138.36));
#3299 = ( GEOMETRIC_REPRESENTATION_CONTEXT(2) 
PARAMETRIC_REPRESENTATION_CONTEXT() REPRESENTATION_CONTEXT('2D SPACE',''
  ) );
#3300 = PCURVE('',#126,#3301);
#3301 = DEFINITIONAL_REPRESENTATION('',(#3302),#3305);
#3302 = B_SPLINE_CURVE_WITH_KNOTS('',1,(#3303,#3304),.UNSPECIFIED.,.F.,
  .F.,(2,2),(-17.19993856383,-16.99993782602),.PIECEWISE_BEZIER_KNOTS.);
#3303 = CARTESIAN_POINT('',(9.401275291399E-04,34.2));
#3304 = CARTESIAN_POINT('',(3.968766307086E-04,34.));
#3305 = ( GEOMETRIC_REPRESENTATION_CONTEXT(2) 
PARAMETRIC_REPRESENTATION_CONTEXT() REPRESENTATION_CONTEXT('2D SPACE',''
  ) );
#3306 = ORIENTED_EDGE('',*,*,#3307,.T.);
#3307 = EDGE_CURVE('',#3287,#3308,#3310,.T.);
#3308 = VERTEX_POINT('',#3309);
#3309 = CARTESIAN_POINT('',(64.322396876631,-15.,57.94));
#3310 = SURFACE_CURVE('',#3311,(#3315,#3322),.PCURVE_S1.);
#3311 = LINE('',#3312,#3313);
#3312 = CARTESIAN_POINT('',(64.322396876631,-15.,-200.));
#3313 = VECTOR('',#3314,1.);
#3314 = DIRECTION('',(0.,0.,1.));
#3315 = PCURVE('',#3251,#3316);
#3316 = DEFINITIONAL_REPRESENTATION('',(#3317),#3321);
#3317 = LINE('',#3318,#3319);
#3318 = CARTESIAN_POINT('',(0.,0.));
#3319 = VECTOR('',#3320,1.);
#3320 = DIRECTION('',(0.,-1.));
#3321 = ( GEOMETRIC_REPRESENTATION_CONTEXT(2) 
PARAMETRIC_REPRESENTATION_CONTEXT() REPRESENTATION_CONTEXT('2D SPACE',''
  ) );
#3322 = PCURVE('',#3323,#3328);
#3323 = PLANE('',#3324);
#3324 = AXIS2_PLACEMENT_3D('',#3325,#3326,#3327);
#3325 = CARTESIAN_POINT('',(64.317280559821,-15.2,-200.));
#3326 = DIRECTION('',(-0.99967295179,2.557321763682E-02,0.));
#3327 = DIRECTION('',(2.557321763682E-02,0.99967295179,0.));
#3328 = DEFINITIONAL_REPRESENTATION('',(#3329),#3333);
#3329 = LINE('',#3330,#3331);
#3330 = CARTESIAN_POINT('',(0.200065431041,0.));
#3331 = VECTOR('',#3332,1.);
#3332 = DIRECTION('',(0.,-1.));
#3333 = ( GEOMETRIC_REPRESENTATION_CONTEXT(2) 
PARAMETRIC_REPRESENTATION_CONTEXT() REPRESENTATION_CONTEXT('2D SPACE',''
  ) );
#3334 = ORIENTED_EDGE('',*,*,#3335,.F.);
#3335 = EDGE_CURVE('',#3236,#3308,#3336,.T.);
#3336 = SURFACE_CURVE('',#3337,(#3341,#3347),.PCURVE_S1.);
#3337 = LINE('',#3338,#3339);
#3338 = CARTESIAN_POINT('',(64.276220889488,-31.99987511327,57.94));
#3339 = VECTOR('',#3340,1.);
#3340 = DIRECTION('',(-2.716244471897E-03,-0.999996311001,0.));
#3341 = PCURVE('',#3251,#3342);
#3342 = DEFINITIONAL_REPRESENTATION('',(#3343),#3346);
#3343 = B_SPLINE_CURVE_WITH_KNOTS('',1,(#3344,#3345),.UNSPECIFIED.,.F.,
  .F.,(2,2),(-17.19993856383,-16.99993782602),.PIECEWISE_BEZIER_KNOTS.);
#3344 = CARTESIAN_POINT('',(0.200000737802,-257.94));
#3345 = CARTESIAN_POINT('',(0.,-257.94));
#3346 = ( GEOMETRIC_REPRESENTATION_CONTEXT(2) 
PARAMETRIC_REPRESENTATION_CONTEXT() REPRESENTATION_CONTEXT('2D SPACE',''
  ) );
#3347 = PCURVE('',#70,#3348);
#3348 = DEFINITIONAL_REPRESENTATION('',(#3349),#3352);
#3349 = B_SPLINE_CURVE_WITH_KNOTS('',1,(#3350,#3351),.UNSPECIFIED.,.F.,
  .F.,(2,2),(-17.19993856383,-16.99993782602),.PIECEWISE_BEZIER_KNOTS.);
#3350 = CARTESIAN_POINT('',(9.401275291399E-04,34.2));
#3351 = CARTESIAN_POINT('',(3.968766307086E-04,34.));
#3352 = ( GEOMETRIC_REPRESENTATION_CONTEXT(2) 
PARAMETRIC_REPRESENTATION_CONTEXT() REPRESENTATION_CONTEXT('2D SPACE',''
  ) );
#3353 = ORIENTED_EDGE('',*,*,#3235,.F.);
#3354 = ADVANCED_FACE('',(#3355),#3323,.T.);
#3355 = FACE_BOUND('',#3356,.T.);
#3356 = EDGE_LOOP('',(#3357,#3378,#3406,#3425));
#3357 = ORIENTED_EDGE('',*,*,#3358,.T.);
#3358 = EDGE_CURVE('',#3287,#3359,#3361,.T.);
#3359 = VERTEX_POINT('',#3360);
#3360 = CARTESIAN_POINT('',(64.317280559821,-15.2,-61.64));
#3361 = SURFACE_CURVE('',#3362,(#3366,#3372),.PCURVE_S1.);
#3362 = LINE('',#3363,#3364);
#3363 = CARTESIAN_POINT('',(63.8852360711,-32.08888725222,-61.64));
#3364 = VECTOR('',#3365,1.);
#3365 = DIRECTION('',(-2.557321763682E-02,-0.99967295179,0.));
#3366 = PCURVE('',#3323,#3367);
#3367 = DEFINITIONAL_REPRESENTATION('',(#3368),#3371);
#3368 = B_SPLINE_CURVE_WITH_KNOTS('',1,(#3369,#3370),.UNSPECIFIED.,.F.,
  .F.,(2,2),(-17.09447797065,-16.8944125396),.PIECEWISE_BEZIER_KNOTS.);
#3369 = CARTESIAN_POINT('',(0.200065431041,-138.36));
#3370 = CARTESIAN_POINT('',(0.,-138.36));
#3371 = ( GEOMETRIC_REPRESENTATION_CONTEXT(2) 
PARAMETRIC_REPRESENTATION_CONTEXT() REPRESENTATION_CONTEXT('2D SPACE',''
  ) );
#3372 = PCURVE('',#126,#3373);
#3373 = DEFINITIONAL_REPRESENTATION('',(#3374),#3377);
#3374 = B_SPLINE_CURVE_WITH_KNOTS('',1,(#3375,#3376),.UNSPECIFIED.,.F.,
  .F.,(2,2),(-17.09447797065,-16.8944125396),.PIECEWISE_BEZIER_KNOTS.);
#3375 = CARTESIAN_POINT('',(3.968766307022E-04,34.));
#3376 = CARTESIAN_POINT('',(-4.719440178917E-03,33.8));
#3377 = ( GEOMETRIC_REPRESENTATION_CONTEXT(2) 
PARAMETRIC_REPRESENTATION_CONTEXT() REPRESENTATION_CONTEXT('2D SPACE',''
  ) );
#3378 = ORIENTED_EDGE('',*,*,#3379,.T.);
#3379 = EDGE_CURVE('',#3359,#3380,#3382,.T.);
#3380 = VERTEX_POINT('',#3381);
#3381 = CARTESIAN_POINT('',(64.317280559821,-15.2,57.94));
#3382 = SURFACE_CURVE('',#3383,(#3387,#3394),.PCURVE_S1.);
#3383 = LINE('',#3384,#3385);
#3384 = CARTESIAN_POINT('',(64.317280559821,-15.2,-200.));
#3385 = VECTOR('',#3386,1.);
#3386 = DIRECTION('',(0.,0.,1.));
#3387 = PCURVE('',#3323,#3388);
#3388 = DEFINITIONAL_REPRESENTATION('',(#3389),#3393);
#3389 = LINE('',#3390,#3391);
#3390 = CARTESIAN_POINT('',(0.,0.));
#3391 = VECTOR('',#3392,1.);
#3392 = DIRECTION('',(0.,-1.));
#3393 = ( GEOMETRIC_REPRESENTATION_CONTEXT(2) 
PARAMETRIC_REPRESENTATION_CONTEXT() REPRESENTATION_CONTEXT('2D SPACE',''
  ) );
#3394 = PCURVE('',#3395,#3400);
#3395 = PLANE('',#3396);
#3396 = AXIS2_PLACEMENT_3D('',#3397,#3398,#3399);
#3397 = CARTESIAN_POINT('',(64.305508377932,-15.4,-200.));
#3398 = DIRECTION('',(-0.998272185025,5.875920868303E-02,0.));
#3399 = DIRECTION('',(5.875920868303E-02,0.998272185025,0.));
#3400 = DEFINITIONAL_REPRESENTATION('',(#3401),#3405);
#3401 = LINE('',#3402,#3403);
#3402 = CARTESIAN_POINT('',(0.200346161097,0.));
#3403 = VECTOR('',#3404,1.);
#3404 = DIRECTION('',(0.,-1.));
#3405 = ( GEOMETRIC_REPRESENTATION_CONTEXT(2) 
PARAMETRIC_REPRESENTATION_CONTEXT() REPRESENTATION_CONTEXT('2D SPACE',''
  ) );
#3406 = ORIENTED_EDGE('',*,*,#3407,.F.);
#3407 = EDGE_CURVE('',#3308,#3380,#3408,.T.);
#3408 = SURFACE_CURVE('',#3409,(#3413,#3419),.PCURVE_S1.);
#3409 = LINE('',#3410,#3411);
#3410 = CARTESIAN_POINT('',(63.8852360711,-32.08888725222,57.94));
#3411 = VECTOR('',#3412,1.);
#3412 = DIRECTION('',(-2.557321763682E-02,-0.99967295179,0.));
#3413 = PCURVE('',#3323,#3414);
#3414 = DEFINITIONAL_REPRESENTATION('',(#3415),#3418);
#3415 = B_SPLINE_CURVE_WITH_KNOTS('',1,(#3416,#3417),.UNSPECIFIED.,.F.,
  .F.,(2,2),(-17.09447797065,-16.8944125396),.PIECEWISE_BEZIER_KNOTS.);
#3416 = CARTESIAN_POINT('',(0.200065431041,-257.94));
#3417 = CARTESIAN_POINT('',(0.,-257.94));
#3418 = ( GEOMETRIC_REPRESENTATION_CONTEXT(2) 
PARAMETRIC_REPRESENTATION_CONTEXT() REPRESENTATION_CONTEXT('2D SPACE',''
  ) );
#3419 = PCURVE('',#70,#3420);
#3420 = DEFINITIONAL_REPRESENTATION('',(#3421),#3424);
#3421 = B_SPLINE_CURVE_WITH_KNOTS('',1,(#3422,#3423),.UNSPECIFIED.,.F.,
  .F.,(2,2),(-17.09447797065,-16.8944125396),.PIECEWISE_BEZIER_KNOTS.);
#3422 = CARTESIAN_POINT('',(3.968766307022E-04,34.));
#3423 = CARTESIAN_POINT('',(-4.719440178917E-03,33.8));
#3424 = ( GEOMETRIC_REPRESENTATION_CONTEXT(2) 
PARAMETRIC_REPRESENTATION_CONTEXT() REPRESENTATION_CONTEXT('2D SPACE',''
  ) );
#3425 = ORIENTED_EDGE('',*,*,#3307,.F.);
#3426 = ADVANCED_FACE('',(#3427),#3395,.T.);
#3427 = FACE_BOUND('',#3428,.T.);
#3428 = EDGE_LOOP('',(#3429,#3450,#3478,#3497));
#3429 = ORIENTED_EDGE('',*,*,#3430,.T.);
#3430 = EDGE_CURVE('',#3359,#3431,#3433,.T.);
#3431 = VERTEX_POINT('',#3432);
#3432 = CARTESIAN_POINT('',(64.305508377932,-15.4,-61.64));
#3433 = SURFACE_CURVE('',#3434,(#3438,#3444),.PCURVE_S1.);
#3434 = LINE('',#3435,#3436);
#3435 = CARTESIAN_POINT('',(63.320087762596,-32.14151189046,-61.64));
#3436 = VECTOR('',#3437,1.);
#3437 = DIRECTION('',(-5.875920868303E-02,-0.998272185025,0.));
#3438 = PCURVE('',#3395,#3439);
#3439 = DEFINITIONAL_REPRESENTATION('',(#3440),#3443);
#3440 = B_SPLINE_CURVE_WITH_KNOTS('',1,(#3441,#3442),.UNSPECIFIED.,.F.,
  .F.,(2,2),(-16.97083435218,-16.77048819109),.PIECEWISE_BEZIER_KNOTS.);
#3441 = CARTESIAN_POINT('',(0.200346161097,-138.36));
#3442 = CARTESIAN_POINT('',(0.,-138.36));
#3443 = ( GEOMETRIC_REPRESENTATION_CONTEXT(2) 
PARAMETRIC_REPRESENTATION_CONTEXT() REPRESENTATION_CONTEXT('2D SPACE',''
  ) );
#3444 = PCURVE('',#126,#3445);
#3445 = DEFINITIONAL_REPRESENTATION('',(#3446),#3449);
#3446 = B_SPLINE_CURVE_WITH_KNOTS('',1,(#3447,#3448),.UNSPECIFIED.,.F.,
  .F.,(2,2),(-16.97083435218,-16.77048819109),.PIECEWISE_BEZIER_KNOTS.);
#3447 = CARTESIAN_POINT('',(-4.719440178919E-03,33.8));
#3448 = CARTESIAN_POINT('',(-1.649162206768E-02,33.6));
#3449 = ( GEOMETRIC_REPRESENTATION_CONTEXT(2) 
PARAMETRIC_REPRESENTATION_CONTEXT() REPRESENTATION_CONTEXT('2D SPACE',''
  ) );
#3450 = ORIENTED_EDGE('',*,*,#3451,.T.);
#3451 = EDGE_CURVE('',#3431,#3452,#3454,.T.);
#3452 = VERTEX_POINT('',#3453);
#3453 = CARTESIAN_POINT('',(64.305508377932,-15.4,57.94));
#3454 = SURFACE_CURVE('',#3455,(#3459,#3466),.PCURVE_S1.);
#3455 = LINE('',#3456,#3457);
#3456 = CARTESIAN_POINT('',(64.305508377932,-15.4,-200.));
#3457 = VECTOR('',#3458,1.);
#3458 = DIRECTION('',(0.,0.,1.));
#3459 = PCURVE('',#3395,#3460);
#3460 = DEFINITIONAL_REPRESENTATION('',(#3461),#3465);
#3461 = LINE('',#3462,#3463);
#3462 = CARTESIAN_POINT('',(0.,0.));
#3463 = VECTOR('',#3464,1.);
#3464 = DIRECTION('',(0.,-1.));
#3465 = ( GEOMETRIC_REPRESENTATION_CONTEXT(2) 
PARAMETRIC_REPRESENTATION_CONTEXT() REPRESENTATION_CONTEXT('2D SPACE',''
  ) );
#3466 = PCURVE('',#3467,#3472);
#3467 = PLANE('',#3468);
#3468 = AXIS2_PLACEMENT_3D('',#3469,#3470,#3471);
#3469 = CARTESIAN_POINT('',(64.283698795059,-15.6,-200.));
#3470 = DIRECTION('',(-0.994106783566,0.108405271406,0.));
#3471 = DIRECTION('',(0.108405271406,0.994106783566,0.));
#3472 = DEFINITIONAL_REPRESENTATION('',(#3473),#3477);
#3473 = LINE('',#3474,#3475);
#3474 = CARTESIAN_POINT('',(0.201185630464,0.));
#3475 = VECTOR('',#3476,1.);
#3476 = DIRECTION('',(0.,-1.));
#3477 = ( GEOMETRIC_REPRESENTATION_CONTEXT(2) 
PARAMETRIC_REPRESENTATION_CONTEXT() REPRESENTATION_CONTEXT('2D SPACE',''
  ) );
#3478 = ORIENTED_EDGE('',*,*,#3479,.F.);
#3479 = EDGE_CURVE('',#3380,#3452,#3480,.T.);
#3480 = SURFACE_CURVE('',#3481,(#3485,#3491),.PCURVE_S1.);
#3481 = LINE('',#3482,#3483);
#3482 = CARTESIAN_POINT('',(63.320087762596,-32.14151189046,57.94));
#3483 = VECTOR('',#3484,1.);
#3484 = DIRECTION('',(-5.875920868303E-02,-0.998272185025,0.));
#3485 = PCURVE('',#3395,#3486);
#3486 = DEFINITIONAL_REPRESENTATION('',(#3487),#3490);
#3487 = B_SPLINE_CURVE_WITH_KNOTS('',1,(#3488,#3489),.UNSPECIFIED.,.F.,
  .F.,(2,2),(-16.97083435218,-16.77048819109),.PIECEWISE_BEZIER_KNOTS.);
#3488 = CARTESIAN_POINT('',(0.200346161097,-257.94));
#3489 = CARTESIAN_POINT('',(0.,-257.94));
#3490 = ( GEOMETRIC_REPRESENTATION_CONTEXT(2) 
PARAMETRIC_REPRESENTATION_CONTEXT() REPRESENTATION_CONTEXT('2D SPACE',''
  ) );
#3491 = PCURVE('',#70,#3492);
#3492 = DEFINITIONAL_REPRESENTATION('',(#3493),#3496);
#3493 = B_SPLINE_CURVE_WITH_KNOTS('',1,(#3494,#3495),.UNSPECIFIED.,.F.,
  .F.,(2,2),(-16.97083435218,-16.77048819109),.PIECEWISE_BEZIER_KNOTS.);
#3494 = CARTESIAN_POINT('',(-4.719440178919E-03,33.8));
#3495 = CARTESIAN_POINT('',(-1.649162206768E-02,33.6));
#3496 = ( GEOMETRIC_REPRESENTATION_CONTEXT(2) 
PARAMETRIC_REPRESENTATION_CONTEXT() REPRESENTATION_CONTEXT('2D SPACE',''
  ) );
#3497 = ORIENTED_EDGE('',*,*,#3379,.F.);
#3498 = ADVANCED_FACE('',(#3499),#3467,.T.);
#3499 = FACE_BOUND('',#3500,.T.);
#3500 = EDGE_LOOP('',(#3501,#3522,#3550,#3569));
#3501 = ORIENTED_EDGE('',*,*,#3502,.T.);
#3502 = EDGE_CURVE('',#3431,#3503,#3505,.T.);
#3503 = VERTEX_POINT('',#3504);
#3504 = CARTESIAN_POINT('',(64.283698795059,-15.6,-61.64));
#3505 = SURFACE_CURVE('',#3506,(#3510,#3516),.PCURVE_S1.);
#3506 = LINE('',#3507,#3508);
#3507 = CARTESIAN_POINT('',(62.484224705403,-32.1016827703,-61.64));
#3508 = VECTOR('',#3509,1.);
#3509 = DIRECTION('',(-0.108405271406,-0.994106783566,0.));
#3510 = PCURVE('',#3467,#3511);
#3511 = DEFINITIONAL_REPRESENTATION('',(#3512),#3515);
#3512 = B_SPLINE_CURVE_WITH_KNOTS('',1,(#3513,#3514),.UNSPECIFIED.,.F.,
  .F.,(2,2),(-16.80069288975,-16.59950725928),.PIECEWISE_BEZIER_KNOTS.);
#3513 = CARTESIAN_POINT('',(0.201185630464,-138.36));
#3514 = CARTESIAN_POINT('',(0.,-138.36));
#3515 = ( GEOMETRIC_REPRESENTATION_CONTEXT(2) 
PARAMETRIC_REPRESENTATION_CONTEXT() REPRESENTATION_CONTEXT('2D SPACE',''
  ) );
#3516 = PCURVE('',#126,#3517);
#3517 = DEFINITIONAL_REPRESENTATION('',(#3518),#3521);
#3518 = B_SPLINE_CURVE_WITH_KNOTS('',1,(#3519,#3520),.UNSPECIFIED.,.F.,
  .F.,(2,2),(-16.80069288975,-16.59950725928),.PIECEWISE_BEZIER_KNOTS.);
#3519 = CARTESIAN_POINT('',(-1.649162206768E-02,33.6));
#3520 = CARTESIAN_POINT('',(-3.830120494118E-02,33.4));
#3521 = ( GEOMETRIC_REPRESENTATION_CONTEXT(2) 
PARAMETRIC_REPRESENTATION_CONTEXT() REPRESENTATION_CONTEXT('2D SPACE',''
  ) );
#3522 = ORIENTED_EDGE('',*,*,#3523,.T.);
#3523 = EDGE_CURVE('',#3503,#3524,#3526,.T.);
#3524 = VERTEX_POINT('',#3525);
#3525 = CARTESIAN_POINT('',(64.283698795059,-15.6,57.94));
#3526 = SURFACE_CURVE('',#3527,(#3531,#3538),.PCURVE_S1.);
#3527 = LINE('',#3528,#3529);
#3528 = CARTESIAN_POINT('',(64.283698795059,-15.6,-200.));
#3529 = VECTOR('',#3530,1.);
#3530 = DIRECTION('',(0.,0.,1.));
#3531 = PCURVE('',#3467,#3532);
#3532 = DEFINITIONAL_REPRESENTATION('',(#3533),#3537);
#3533 = LINE('',#3534,#3535);
#3534 = CARTESIAN_POINT('',(0.,0.));
#3535 = VECTOR('',#3536,1.);
#3536 = DIRECTION('',(0.,-1.));
#3537 = ( GEOMETRIC_REPRESENTATION_CONTEXT(2) 
PARAMETRIC_REPRESENTATION_CONTEXT() REPRESENTATION_CONTEXT('2D SPACE',''
  ) );
#3538 = PCURVE('',#3539,#3544);
#3539 = PLANE('',#3540);
#3540 = AXIS2_PLACEMENT_3D('',#3541,#3542,#3543);
#3541 = CARTESIAN_POINT('',(64.246612466653,-15.8,-200.));
#3542 = DIRECTION('',(-0.983238589812,0.182323546217,0.));
#3543 = DIRECTION('',(0.182323546217,0.983238589812,0.));
#3544 = DEFINITIONAL_REPRESENTATION('',(#3545),#3549);
#3545 = LINE('',#3546,#3547);
#3546 = CARTESIAN_POINT('',(0.203409428874,0.));
#3547 = VECTOR('',#3548,1.);
#3548 = DIRECTION('',(0.,-1.));
#3549 = ( GEOMETRIC_REPRESENTATION_CONTEXT(2) 
PARAMETRIC_REPRESENTATION_CONTEXT() REPRESENTATION_CONTEXT('2D SPACE',''
  ) );
#3550 = ORIENTED_EDGE('',*,*,#3551,.F.);
#3551 = EDGE_CURVE('',#3452,#3524,#3552,.T.);
#3552 = SURFACE_CURVE('',#3553,(#3557,#3563),.PCURVE_S1.);
#3553 = LINE('',#3554,#3555);
#3554 = CARTESIAN_POINT('',(62.484224705403,-32.1016827703,57.94));
#3555 = VECTOR('',#3556,1.);
#3556 = DIRECTION('',(-0.108405271406,-0.994106783566,0.));
#3557 = PCURVE('',#3467,#3558);
#3558 = DEFINITIONAL_REPRESENTATION('',(#3559),#3562);
#3559 = B_SPLINE_CURVE_WITH_KNOTS('',1,(#3560,#3561),.UNSPECIFIED.,.F.,
  .F.,(2,2),(-16.80069288975,-16.59950725928),.PIECEWISE_BEZIER_KNOTS.);
#3560 = CARTESIAN_POINT('',(0.201185630464,-257.94));
#3561 = CARTESIAN_POINT('',(0.,-257.94));
#3562 = ( GEOMETRIC_REPRESENTATION_CONTEXT(2) 
PARAMETRIC_REPRESENTATION_CONTEXT() REPRESENTATION_CONTEXT('2D SPACE',''
  ) );
#3563 = PCURVE('',#70,#3564);
#3564 = DEFINITIONAL_REPRESENTATION('',(#3565),#3568);
#3565 = B_SPLINE_CURVE_WITH_KNOTS('',1,(#3566,#3567),.UNSPECIFIED.,.F.,
  .F.,(2,2),(-16.80069288975,-16.59950725928),.PIECEWISE_BEZIER_KNOTS.);
#3566 = CARTESIAN_POINT('',(-1.649162206768E-02,33.6));
#3567 = CARTESIAN_POINT('',(-3.830120494118E-02,33.4));
#3568 = ( GEOMETRIC_REPRESENTATION_CONTEXT(2) 
PARAMETRIC_REPRESENTATION_CONTEXT() REPRESENTATION_CONTEXT('2D SPACE',''
  ) );
#3569 = ORIENTED_EDGE('',*,*,#3451,.F.);
#3570 = ADVANCED_FACE('',(#3571),#3539,.T.);
#3571 = FACE_BOUND('',#3572,.T.);
#3572 = EDGE_LOOP('',(#3573,#3594,#3622,#3641));
#3573 = ORIENTED_EDGE('',*,*,#3574,.T.);
#3574 = EDGE_CURVE('',#3503,#3575,#3577,.T.);
#3575 = VERTEX_POINT('',#3576);
#3576 = CARTESIAN_POINT('',(64.246612466653,-15.8,-61.64));
#3577 = SURFACE_CURVE('',#3578,(#3582,#3588),.PCURVE_S1.);
#3578 = LINE('',#3579,#3580);
#3579 = CARTESIAN_POINT('',(61.272024206719,-31.84142759754,-61.64));
#3580 = VECTOR('',#3581,1.);
#3581 = DIRECTION('',(-0.182323546217,-0.983238589812,0.));
#3582 = PCURVE('',#3539,#3583);
#3583 = DEFINITIONAL_REPRESENTATION('',(#3584),#3587);
#3584 = B_SPLINE_CURVE_WITH_KNOTS('',1,(#3585,#3586),.UNSPECIFIED.,.F.,
  .F.,(2,2),(-16.51829755853,-16.31488812966),.PIECEWISE_BEZIER_KNOTS.);
#3585 = CARTESIAN_POINT('',(0.203409428874,-138.36));
#3586 = CARTESIAN_POINT('',(0.,-138.36));
#3587 = ( GEOMETRIC_REPRESENTATION_CONTEXT(2) 
PARAMETRIC_REPRESENTATION_CONTEXT() REPRESENTATION_CONTEXT('2D SPACE',''
  ) );
#3588 = PCURVE('',#126,#3589);
#3589 = DEFINITIONAL_REPRESENTATION('',(#3590),#3593);
#3590 = B_SPLINE_CURVE_WITH_KNOTS('',1,(#3591,#3592),.UNSPECIFIED.,.F.,
  .F.,(2,2),(-16.51829755853,-16.31488812966),.PIECEWISE_BEZIER_KNOTS.);
#3591 = CARTESIAN_POINT('',(-3.830120494118E-02,33.4));
#3592 = CARTESIAN_POINT('',(-7.538753334737E-02,33.2));
#3593 = ( GEOMETRIC_REPRESENTATION_CONTEXT(2) 
PARAMETRIC_REPRESENTATION_CONTEXT() REPRESENTATION_CONTEXT('2D SPACE',''
  ) );
#3594 = ORIENTED_EDGE('',*,*,#3595,.T.);
#3595 = EDGE_CURVE('',#3575,#3596,#3598,.T.);
#3596 = VERTEX_POINT('',#3597);
#3597 = CARTESIAN_POINT('',(64.246612466653,-15.8,57.94));
#3598 = SURFACE_CURVE('',#3599,(#3603,#3610),.PCURVE_S1.);
#3599 = LINE('',#3600,#3601);
#3600 = CARTESIAN_POINT('',(64.246612466653,-15.8,-200.));
#3601 = VECTOR('',#3602,1.);
#3602 = DIRECTION('',(0.,0.,1.));
#3603 = PCURVE('',#3539,#3604);
#3604 = DEFINITIONAL_REPRESENTATION('',(#3605),#3609);
#3605 = LINE('',#3606,#3607);
#3606 = CARTESIAN_POINT('',(0.,0.));
#3607 = VECTOR('',#3608,1.);
#3608 = DIRECTION('',(0.,-1.));
#3609 = ( GEOMETRIC_REPRESENTATION_CONTEXT(2) 
PARAMETRIC_REPRESENTATION_CONTEXT() REPRESENTATION_CONTEXT('2D SPACE',''
  ) );
#3610 = PCURVE('',#3611,#3616);
#3611 = PLANE('',#3612);
#3612 = AXIS2_PLACEMENT_3D('',#3613,#3614,#3615);
#3613 = CARTESIAN_POINT('',(64.18746680353,-16.,-200.));
#3614 = DIRECTION('',(-0.958946339103,0.283587585627,0.));
#3615 = DIRECTION('',(0.283587585627,0.958946339103,0.));
#3616 = DEFINITIONAL_REPRESENTATION('',(#3617),#3621);
#3617 = LINE('',#3618,#3619);
#3618 = CARTESIAN_POINT('',(0.208562243626,0.));
#3619 = VECTOR('',#3620,1.);
#3620 = DIRECTION('',(0.,-1.));
#3621 = ( GEOMETRIC_REPRESENTATION_CONTEXT(2) 
PARAMETRIC_REPRESENTATION_CONTEXT() REPRESENTATION_CONTEXT('2D SPACE',''
  ) );
#3622 = ORIENTED_EDGE('',*,*,#3623,.F.);
#3623 = EDGE_CURVE('',#3524,#3596,#3624,.T.);
#3624 = SURFACE_CURVE('',#3625,(#3629,#3635),.PCURVE_S1.);
#3625 = LINE('',#3626,#3627);
#3626 = CARTESIAN_POINT('',(61.272024206719,-31.84142759754,57.94));
#3627 = VECTOR('',#3628,1.);
#3628 = DIRECTION('',(-0.182323546217,-0.983238589812,0.));
#3629 = PCURVE('',#3539,#3630);
#3630 = DEFINITIONAL_REPRESENTATION('',(#3631),#3634);
#3631 = B_SPLINE_CURVE_WITH_KNOTS('',1,(#3632,#3633),.UNSPECIFIED.,.F.,
  .F.,(2,2),(-16.51829755853,-16.31488812966),.PIECEWISE_BEZIER_KNOTS.);
#3632 = CARTESIAN_POINT('',(0.203409428874,-257.94));
#3633 = CARTESIAN_POINT('',(0.,-257.94));
#3634 = ( GEOMETRIC_REPRESENTATION_CONTEXT(2) 
PARAMETRIC_REPRESENTATION_CONTEXT() REPRESENTATION_CONTEXT('2D SPACE',''
  ) );
#3635 = PCURVE('',#70,#3636);
#3636 = DEFINITIONAL_REPRESENTATION('',(#3637),#3640);
#3637 = B_SPLINE_CURVE_WITH_KNOTS('',1,(#3638,#3639),.UNSPECIFIED.,.F.,
  .F.,(2,2),(-16.51829755853,-16.31488812966),.PIECEWISE_BEZIER_KNOTS.);
#3638 = CARTESIAN_POINT('',(-3.830120494118E-02,33.4));
#3639 = CARTESIAN_POINT('',(-7.538753334737E-02,33.2));
#3640 = ( GEOMETRIC_REPRESENTATION_CONTEXT(2) 
PARAMETRIC_REPRESENTATION_CONTEXT() REPRESENTATION_CONTEXT('2D SPACE',''
  ) );
#3641 = ORIENTED_EDGE('',*,*,#3523,.F.);
#3642 = ADVANCED_FACE('',(#3643),#3611,.T.);
#3643 = FACE_BOUND('',#3644,.T.);
#3644 = EDGE_LOOP('',(#3645,#3666,#3694,#3713));
#3645 = ORIENTED_EDGE('',*,*,#3646,.T.);
#3646 = EDGE_CURVE('',#3575,#3647,#3649,.T.);
#3647 = VERTEX_POINT('',#3648);
#3648 = CARTESIAN_POINT('',(64.18746680353,-16.,-61.64));
#3649 = SURFACE_CURVE('',#3650,(#3654,#3660),.PCURVE_S1.);
#3650 = LINE('',#3651,#3652);
#3651 = CARTESIAN_POINT('',(59.705779441065,-31.15474550739,-61.64));
#3652 = VECTOR('',#3653,1.);
#3653 = DIRECTION('',(-0.283587585627,-0.958946339103,0.));
#3654 = PCURVE('',#3611,#3655);
#3655 = DEFINITIONAL_REPRESENTATION('',(#3656),#3659);
#3656 = B_SPLINE_CURVE_WITH_KNOTS('',1,(#3657,#3658),.UNSPECIFIED.,.F.,
  .F.,(2,2),(-16.01210086663,-15.803538623),.PIECEWISE_BEZIER_KNOTS.);
#3657 = CARTESIAN_POINT('',(0.208562243626,-138.36));
#3658 = CARTESIAN_POINT('',(0.,-138.36));
#3659 = ( GEOMETRIC_REPRESENTATION_CONTEXT(2) 
PARAMETRIC_REPRESENTATION_CONTEXT() REPRESENTATION_CONTEXT('2D SPACE',''
  ) );
#3660 = PCURVE('',#126,#3661);
#3661 = DEFINITIONAL_REPRESENTATION('',(#3662),#3665);
#3662 = B_SPLINE_CURVE_WITH_KNOTS('',1,(#3663,#3664),.UNSPECIFIED.,.F.,
  .F.,(2,2),(-16.01210086663,-15.803538623),.PIECEWISE_BEZIER_KNOTS.);
#3663 = CARTESIAN_POINT('',(-7.538753334736E-02,33.2));
#3664 = CARTESIAN_POINT('',(-0.13453319647,33.));
#3665 = ( GEOMETRIC_REPRESENTATION_CONTEXT(2) 
PARAMETRIC_REPRESENTATION_CONTEXT() REPRESENTATION_CONTEXT('2D SPACE',''
  ) );
#3666 = ORIENTED_EDGE('',*,*,#3667,.T.);
#3667 = EDGE_CURVE('',#3647,#3668,#3670,.T.);
#3668 = VERTEX_POINT('',#3669);
#3669 = CARTESIAN_POINT('',(64.18746680353,-16.,57.94));
#3670 = SURFACE_CURVE('',#3671,(#3675,#3682),.PCURVE_S1.);
#3671 = LINE('',#3672,#3673);
#3672 = CARTESIAN_POINT('',(64.18746680353,-16.,-200.));
#3673 = VECTOR('',#3674,1.);
#3674 = DIRECTION('',(0.,0.,1.));
#3675 = PCURVE('',#3611,#3676);
#3676 = DEFINITIONAL_REPRESENTATION('',(#3677),#3681);
#3677 = LINE('',#3678,#3679);
#3678 = CARTESIAN_POINT('',(0.,0.));
#3679 = VECTOR('',#3680,1.);
#3680 = DIRECTION('',(0.,-1.));
#3681 = ( GEOMETRIC_REPRESENTATION_CONTEXT(2) 
PARAMETRIC_REPRESENTATION_CONTEXT() REPRESENTATION_CONTEXT('2D SPACE',''
  ) );
#3682 = PCURVE('',#3683,#3688);
#3683 = PLANE('',#3684);
#3684 = AXIS2_PLACEMENT_3D('',#3685,#3686,#3687);
#3685 = CARTESIAN_POINT('',(64.10030867854,-16.2,-200.));
#3686 = DIRECTION('',(-0.916731827849,0.399503136169,0.));
#3687 = DIRECTION('',(0.399503136169,0.916731827849,0.));
#3688 = DEFINITIONAL_REPRESENTATION('',(#3689),#3693);
#3689 = LINE('',#3690,#3691);
#3690 = CARTESIAN_POINT('',(0.218166309846,0.));
#3691 = VECTOR('',#3692,1.);
#3692 = DIRECTION('',(0.,-1.));
#3693 = ( GEOMETRIC_REPRESENTATION_CONTEXT(2) 
PARAMETRIC_REPRESENTATION_CONTEXT() REPRESENTATION_CONTEXT('2D SPACE',''
  ) );
#3694 = ORIENTED_EDGE('',*,*,#3695,.F.);
#3695 = EDGE_CURVE('',#3596,#3668,#3696,.T.);
#3696 = SURFACE_CURVE('',#3697,(#3701,#3707),.PCURVE_S1.);
#3697 = LINE('',#3698,#3699);
#3698 = CARTESIAN_POINT('',(59.705779441065,-31.15474550739,57.94));
#3699 = VECTOR('',#3700,1.);
#3700 = DIRECTION('',(-0.283587585627,-0.958946339103,0.));
#3701 = PCURVE('',#3611,#3702);
#3702 = DEFINITIONAL_REPRESENTATION('',(#3703),#3706);
#3703 = B_SPLINE_CURVE_WITH_KNOTS('',1,(#3704,#3705),.UNSPECIFIED.,.F.,
  .F.,(2,2),(-16.01210086663,-15.803538623),.PIECEWISE_BEZIER_KNOTS.);
#3704 = CARTESIAN_POINT('',(0.208562243626,-257.94));
#3705 = CARTESIAN_POINT('',(0.,-257.94));
#3706 = ( GEOMETRIC_REPRESENTATION_CONTEXT(2) 
PARAMETRIC_REPRESENTATION_CONTEXT() REPRESENTATION_CONTEXT('2D SPACE',''
  ) );
#3707 = PCURVE('',#70,#3708);
#3708 = DEFINITIONAL_REPRESENTATION('',(#3709),#3712);
#3709 = B_SPLINE_CURVE_WITH_KNOTS('',1,(#3710,#3711),.UNSPECIFIED.,.F.,
  .F.,(2,2),(-16.01210086663,-15.803538623),.PIECEWISE_BEZIER_KNOTS.);
#3710 = CARTESIAN_POINT('',(-7.538753334736E-02,33.2));
#3711 = CARTESIAN_POINT('',(-0.13453319647,33.));
#3712 = ( GEOMETRIC_REPRESENTATION_CONTEXT(2) 
PARAMETRIC_REPRESENTATION_CONTEXT() REPRESENTATION_CONTEXT('2D SPACE',''
  ) );
#3713 = ORIENTED_EDGE('',*,*,#3595,.F.);
#3714 = ADVANCED_FACE('',(#3715),#3683,.T.);
#3715 = FACE_BOUND('',#3716,.T.);
#3716 = EDGE_LOOP('',(#3717,#3738,#3766,#3785));
#3717 = ORIENTED_EDGE('',*,*,#3718,.T.);
#3718 = EDGE_CURVE('',#3647,#3719,#3721,.T.);
#3719 = VERTEX_POINT('',#3720);
#3720 = CARTESIAN_POINT('',(64.10030867854,-16.2,-61.64));
#3721 = SURFACE_CURVE('',#3722,(#3726,#3732),.PCURVE_S1.);
#3722 = LINE('',#3723,#3724);
#3723 = CARTESIAN_POINT('',(58.111709211331,-29.94191899585,-61.64));
#3724 = VECTOR('',#3725,1.);
#3725 = DIRECTION('',(-0.399503136169,-0.916731827849,0.));
#3726 = PCURVE('',#3683,#3727);
#3727 = DEFINITIONAL_REPRESENTATION('',(#3728),#3731);
#3728 = B_SPLINE_CURVE_WITH_KNOTS('',1,(#3729,#3730),.UNSPECIFIED.,.F.,
  .F.,(2,2),(-15.20828509747,-14.99011878762),.PIECEWISE_BEZIER_KNOTS.);
#3729 = CARTESIAN_POINT('',(0.218166309846,-138.36));
#3730 = CARTESIAN_POINT('',(0.,-138.36));
#3731 = ( GEOMETRIC_REPRESENTATION_CONTEXT(2) 
PARAMETRIC_REPRESENTATION_CONTEXT() REPRESENTATION_CONTEXT('2D SPACE',''
  ) );
#3732 = PCURVE('',#126,#3733);
#3733 = DEFINITIONAL_REPRESENTATION('',(#3734),#3737);
#3734 = B_SPLINE_CURVE_WITH_KNOTS('',1,(#3735,#3736),.UNSPECIFIED.,.F.,
  .F.,(2,2),(-15.20828509747,-14.99011878762),.PIECEWISE_BEZIER_KNOTS.);
#3735 = CARTESIAN_POINT('',(-0.13453319647,33.));
#3736 = CARTESIAN_POINT('',(-0.22169132146,32.8));
#3737 = ( GEOMETRIC_REPRESENTATION_CONTEXT(2) 
PARAMETRIC_REPRESENTATION_CONTEXT() REPRESENTATION_CONTEXT('2D SPACE',''
  ) );
#3738 = ORIENTED_EDGE('',*,*,#3739,.T.);
#3739 = EDGE_CURVE('',#3719,#3740,#3742,.T.);
#3740 = VERTEX_POINT('',#3741);
#3741 = CARTESIAN_POINT('',(64.10030867854,-16.2,57.94));
#3742 = SURFACE_CURVE('',#3743,(#3747,#3754),.PCURVE_S1.);
#3743 = LINE('',#3744,#3745);
#3744 = CARTESIAN_POINT('',(64.10030867854,-16.2,-200.));
#3745 = VECTOR('',#3746,1.);
#3746 = DIRECTION('',(0.,0.,1.));
#3747 = PCURVE('',#3683,#3748);
#3748 = DEFINITIONAL_REPRESENTATION('',(#3749),#3753);
#3749 = LINE('',#3750,#3751);
#3750 = CARTESIAN_POINT('',(0.,0.));
#3751 = VECTOR('',#3752,1.);
#3752 = DIRECTION('',(0.,-1.));
#3753 = ( GEOMETRIC_REPRESENTATION_CONTEXT(2) 
PARAMETRIC_REPRESENTATION_CONTEXT() REPRESENTATION_CONTEXT('2D SPACE',''
  ) );
#3754 = PCURVE('',#3755,#3760);
#3755 = PLANE('',#3756);
#3756 = AXIS2_PLACEMENT_3D('',#3757,#3758,#3759);
#3757 = CARTESIAN_POINT('',(63.98351236969,-16.4,-200.));
#3758 = DIRECTION('',(-0.863535176897,0.504288606119,0.));
#3759 = DIRECTION('',(0.504288606119,0.863535176897,0.));
#3760 = DEFINITIONAL_REPRESENTATION('',(#3761),#3765);
#3761 = LINE('',#3762,#3763);
#3762 = CARTESIAN_POINT('',(0.231606083169,0.));
#3763 = VECTOR('',#3764,1.);
#3764 = DIRECTION('',(0.,-1.));
#3765 = ( GEOMETRIC_REPRESENTATION_CONTEXT(2) 
PARAMETRIC_REPRESENTATION_CONTEXT() REPRESENTATION_CONTEXT('2D SPACE',''
  ) );
#3766 = ORIENTED_EDGE('',*,*,#3767,.F.);
#3767 = EDGE_CURVE('',#3668,#3740,#3768,.T.);
#3768 = SURFACE_CURVE('',#3769,(#3773,#3779),.PCURVE_S1.);
#3769 = LINE('',#3770,#3771);
#3770 = CARTESIAN_POINT('',(58.111709211331,-29.94191899585,57.94));
#3771 = VECTOR('',#3772,1.);
#3772 = DIRECTION('',(-0.399503136169,-0.916731827849,0.));
#3773 = PCURVE('',#3683,#3774);
#3774 = DEFINITIONAL_REPRESENTATION('',(#3775),#3778);
#3775 = B_SPLINE_CURVE_WITH_KNOTS('',1,(#3776,#3777),.UNSPECIFIED.,.F.,
  .F.,(2,2),(-15.20828509747,-14.99011878762),.PIECEWISE_BEZIER_KNOTS.);
#3776 = CARTESIAN_POINT('',(0.218166309846,-257.94));
#3777 = CARTESIAN_POINT('',(0.,-257.94));
#3778 = ( GEOMETRIC_REPRESENTATION_CONTEXT(2) 
PARAMETRIC_REPRESENTATION_CONTEXT() REPRESENTATION_CONTEXT('2D SPACE',''
  ) );
#3779 = PCURVE('',#70,#3780);
#3780 = DEFINITIONAL_REPRESENTATION('',(#3781),#3784);
#3781 = B_SPLINE_CURVE_WITH_KNOTS('',1,(#3782,#3783),.UNSPECIFIED.,.F.,
  .F.,(2,2),(-15.20828509747,-14.99011878762),.PIECEWISE_BEZIER_KNOTS.);
#3782 = CARTESIAN_POINT('',(-0.13453319647,33.));
#3783 = CARTESIAN_POINT('',(-0.22169132146,32.8));
#3784 = ( GEOMETRIC_REPRESENTATION_CONTEXT(2) 
PARAMETRIC_REPRESENTATION_CONTEXT() REPRESENTATION_CONTEXT('2D SPACE',''
  ) );
#3785 = ORIENTED_EDGE('',*,*,#3667,.F.);
#3786 = ADVANCED_FACE('',(#3787),#3755,.T.);
#3787 = FACE_BOUND('',#3788,.T.);
#3788 = EDGE_LOOP('',(#3789,#3810,#3838,#3857));
#3789 = ORIENTED_EDGE('',*,*,#3790,.T.);
#3790 = EDGE_CURVE('',#3719,#3791,#3793,.T.);
#3791 = VERTEX_POINT('',#3792);
#3792 = CARTESIAN_POINT('',(63.98351236969,-16.4,-61.64));
#3793 = SURFACE_CURVE('',#3794,(#3798,#3804),.PCURVE_S1.);
#3794 = LINE('',#3795,#3796);
#3795 = CARTESIAN_POINT('',(56.928375760015,-28.48109516325,-61.64));
#3796 = VECTOR('',#3797,1.);
#3797 = DIRECTION('',(-0.504288606119,-0.863535176897,0.));
#3798 = PCURVE('',#3755,#3799);
#3799 = DEFINITIONAL_REPRESENTATION('',(#3800),#3803);
#3800 = B_SPLINE_CURVE_WITH_KNOTS('',1,(#3801,#3802),.UNSPECIFIED.,.F.,
  .F.,(2,2),(-14.22188173895,-13.99027565578),.PIECEWISE_BEZIER_KNOTS.);
#3801 = CARTESIAN_POINT('',(0.231606083169,-138.36));
#3802 = CARTESIAN_POINT('',(0.,-138.36));
#3803 = ( GEOMETRIC_REPRESENTATION_CONTEXT(2) 
PARAMETRIC_REPRESENTATION_CONTEXT() REPRESENTATION_CONTEXT('2D SPACE',''
  ) );
#3804 = PCURVE('',#126,#3805);
#3805 = DEFINITIONAL_REPRESENTATION('',(#3806),#3809);
#3806 = B_SPLINE_CURVE_WITH_KNOTS('',1,(#3807,#3808),.UNSPECIFIED.,.F.,
  .F.,(2,2),(-14.22188173895,-13.99027565578),.PIECEWISE_BEZIER_KNOTS.);
#3807 = CARTESIAN_POINT('',(-0.22169132146,32.8));
#3808 = CARTESIAN_POINT('',(-0.33848763031,32.6));
#3809 = ( GEOMETRIC_REPRESENTATION_CONTEXT(2) 
PARAMETRIC_REPRESENTATION_CONTEXT() REPRESENTATION_CONTEXT('2D SPACE',''
  ) );
#3810 = ORIENTED_EDGE('',*,*,#3811,.T.);
#3811 = EDGE_CURVE('',#3791,#3812,#3814,.T.);
#3812 = VERTEX_POINT('',#3813);
#3813 = CARTESIAN_POINT('',(63.98351236969,-16.4,57.94));
#3814 = SURFACE_CURVE('',#3815,(#3819,#3826),.PCURVE_S1.);
#3815 = LINE('',#3816,#3817);
#3816 = CARTESIAN_POINT('',(63.98351236969,-16.4,-200.));
#3817 = VECTOR('',#3818,1.);
#3818 = DIRECTION('',(0.,0.,1.));
#3819 = PCURVE('',#3755,#3820);
#3820 = DEFINITIONAL_REPRESENTATION('',(#3821),#3825);
#3821 = LINE('',#3822,#3823);
#3822 = CARTESIAN_POINT('',(0.,0.));
#3823 = VECTOR('',#3824,1.);
#3824 = DIRECTION('',(0.,-1.));
#3825 = ( GEOMETRIC_REPRESENTATION_CONTEXT(2) 
PARAMETRIC_REPRESENTATION_CONTEXT() REPRESENTATION_CONTEXT('2D SPACE',''
  ) );
#3826 = PCURVE('',#3827,#3832);
#3827 = PLANE('',#3828);
#3828 = AXIS2_PLACEMENT_3D('',#3829,#3830,#3831);
#3829 = CARTESIAN_POINT('',(63.840554072923,-16.6,-200.));
#3830 = DIRECTION('',(-0.813538814641,0.581510616474,0.));
#3831 = DIRECTION('',(0.581510616474,0.813538814641,0.));
#3832 = DEFINITIONAL_REPRESENTATION('',(#3833),#3837);
#3833 = LINE('',#3834,#3835);
#3834 = CARTESIAN_POINT('',(0.245839530211,0.));
#3835 = VECTOR('',#3836,1.);
#3836 = DIRECTION('',(0.,-1.));
#3837 = ( GEOMETRIC_REPRESENTATION_CONTEXT(2) 
PARAMETRIC_REPRESENTATION_CONTEXT() REPRESENTATION_CONTEXT('2D SPACE',''
  ) );
#3838 = ORIENTED_EDGE('',*,*,#3839,.F.);
#3839 = EDGE_CURVE('',#3740,#3812,#3840,.T.);
#3840 = SURFACE_CURVE('',#3841,(#3845,#3851),.PCURVE_S1.);
#3841 = LINE('',#3842,#3843);
#3842 = CARTESIAN_POINT('',(56.928375760015,-28.48109516325,57.94));
#3843 = VECTOR('',#3844,1.);
#3844 = DIRECTION('',(-0.504288606119,-0.863535176897,0.));
#3845 = PCURVE('',#3755,#3846);
#3846 = DEFINITIONAL_REPRESENTATION('',(#3847),#3850);
#3847 = B_SPLINE_CURVE_WITH_KNOTS('',1,(#3848,#3849),.UNSPECIFIED.,.F.,
  .F.,(2,2),(-14.22188173895,-13.99027565578),.PIECEWISE_BEZIER_KNOTS.);
#3848 = CARTESIAN_POINT('',(0.231606083169,-257.94));
#3849 = CARTESIAN_POINT('',(0.,-257.94));
#3850 = ( GEOMETRIC_REPRESENTATION_CONTEXT(2) 
PARAMETRIC_REPRESENTATION_CONTEXT() REPRESENTATION_CONTEXT('2D SPACE',''
  ) );
#3851 = PCURVE('',#70,#3852);
#3852 = DEFINITIONAL_REPRESENTATION('',(#3853),#3856);
#3853 = B_SPLINE_CURVE_WITH_KNOTS('',1,(#3854,#3855),.UNSPECIFIED.,.F.,
  .F.,(2,2),(-14.22188173895,-13.99027565578),.PIECEWISE_BEZIER_KNOTS.);
#3854 = CARTESIAN_POINT('',(-0.22169132146,32.8));
#3855 = CARTESIAN_POINT('',(-0.33848763031,32.6));
#3856 = ( GEOMETRIC_REPRESENTATION_CONTEXT(2) 
PARAMETRIC_REPRESENTATION_CONTEXT() REPRESENTATION_CONTEXT('2D SPACE',''
  ) );
#3857 = ORIENTED_EDGE('',*,*,#3739,.F.);
#3858 = ADVANCED_FACE('',(#3859),#3827,.T.);
#3859 = FACE_BOUND('',#3860,.T.);
#3860 = EDGE_LOOP('',(#3861,#3882,#3910,#3929));
#3861 = ORIENTED_EDGE('',*,*,#3862,.T.);
#3862 = EDGE_CURVE('',#3791,#3863,#3865,.T.);
#3863 = VERTEX_POINT('',#3864);
#3864 = CARTESIAN_POINT('',(63.840554072923,-16.6,-61.64));
#3865 = SURFACE_CURVE('',#3866,(#3870,#3876),.PCURVE_S1.);
#3866 = LINE('',#3867,#3868);
#3867 = CARTESIAN_POINT('',(56.258036036095,-27.20801395695,-61.64));
#3868 = VECTOR('',#3869,1.);
#3869 = DIRECTION('',(-0.581510616474,-0.813538814641,0.));
#3870 = PCURVE('',#3827,#3871);
#3871 = DEFINITIONAL_REPRESENTATION('',(#3872),#3875);
#3872 = B_SPLINE_CURVE_WITH_KNOTS('',1,(#3873,#3874),.UNSPECIFIED.,.F.,
  .F.,(2,2),(-13.28518536847,-13.03934583826),.PIECEWISE_BEZIER_KNOTS.);
#3873 = CARTESIAN_POINT('',(0.245839530211,-138.36));
#3874 = CARTESIAN_POINT('',(0.,-138.36));
#3875 = ( GEOMETRIC_REPRESENTATION_CONTEXT(2) 
PARAMETRIC_REPRESENTATION_CONTEXT() REPRESENTATION_CONTEXT('2D SPACE',''
  ) );
#3876 = PCURVE('',#126,#3877);
#3877 = DEFINITIONAL_REPRESENTATION('',(#3878),#3881);
#3878 = B_SPLINE_CURVE_WITH_KNOTS('',1,(#3879,#3880),.UNSPECIFIED.,.F.,
  .F.,(2,2),(-13.28518536847,-13.03934583826),.PIECEWISE_BEZIER_KNOTS.);
#3879 = CARTESIAN_POINT('',(-0.33848763031,32.6));
#3880 = CARTESIAN_POINT('',(-0.481445927077,32.4));
#3881 = ( GEOMETRIC_REPRESENTATION_CONTEXT(2) 
PARAMETRIC_REPRESENTATION_CONTEXT() REPRESENTATION_CONTEXT('2D SPACE',''
  ) );
#3882 = ORIENTED_EDGE('',*,*,#3883,.T.);
#3883 = EDGE_CURVE('',#3863,#3884,#3886,.T.);
#3884 = VERTEX_POINT('',#3885);
#3885 = CARTESIAN_POINT('',(63.840554072923,-16.6,57.94));
#3886 = SURFACE_CURVE('',#3887,(#3891,#3898),.PCURVE_S1.);
#3887 = LINE('',#3888,#3889);
#3888 = CARTESIAN_POINT('',(63.840554072923,-16.6,-200.));
#3889 = VECTOR('',#3890,1.);
#3890 = DIRECTION('',(0.,0.,1.));
#3891 = PCURVE('',#3827,#3892);
#3892 = DEFINITIONAL_REPRESENTATION('',(#3893),#3897);
#3893 = LINE('',#3894,#3895);
#3894 = CARTESIAN_POINT('',(0.,0.));
#3895 = VECTOR('',#3896,1.);
#3896 = DIRECTION('',(0.,-1.));
#3897 = ( GEOMETRIC_REPRESENTATION_CONTEXT(2) 
PARAMETRIC_REPRESENTATION_CONTEXT() REPRESENTATION_CONTEXT('2D SPACE',''
  ) );
#3898 = PCURVE('',#3899,#3904);
#3899 = PLANE('',#3900);
#3900 = AXIS2_PLACEMENT_3D('',#3901,#3902,#3903);
#3901 = CARTESIAN_POINT('',(63.677289795772,-16.8,-200.));
#3902 = DIRECTION('',(-0.77466315256,0.632374098193,0.));
#3903 = DIRECTION('',(0.632374098193,0.77466315256,0.));
#3904 = DEFINITIONAL_REPRESENTATION('',(#3905),#3909);
#3905 = LINE('',#3906,#3907);
#3906 = CARTESIAN_POINT('',(0.258176730543,0.));
#3907 = VECTOR('',#3908,1.);
#3908 = DIRECTION('',(0.,-1.));
#3909 = ( GEOMETRIC_REPRESENTATION_CONTEXT(2) 
PARAMETRIC_REPRESENTATION_CONTEXT() REPRESENTATION_CONTEXT('2D SPACE',''
  ) );
#3910 = ORIENTED_EDGE('',*,*,#3911,.F.);
#3911 = EDGE_CURVE('',#3812,#3884,#3912,.T.);
#3912 = SURFACE_CURVE('',#3913,(#3917,#3923),.PCURVE_S1.);
#3913 = LINE('',#3914,#3915);
#3914 = CARTESIAN_POINT('',(56.258036036095,-27.20801395695,57.94));
#3915 = VECTOR('',#3916,1.);
#3916 = DIRECTION('',(-0.581510616474,-0.813538814641,0.));
#3917 = PCURVE('',#3827,#3918);
#3918 = DEFINITIONAL_REPRESENTATION('',(#3919),#3922);
#3919 = B_SPLINE_CURVE_WITH_KNOTS('',1,(#3920,#3921),.UNSPECIFIED.,.F.,
  .F.,(2,2),(-13.28518536847,-13.03934583826),.PIECEWISE_BEZIER_KNOTS.);
#3920 = CARTESIAN_POINT('',(0.245839530211,-257.94));
#3921 = CARTESIAN_POINT('',(0.,-257.94));
#3922 = ( GEOMETRIC_REPRESENTATION_CONTEXT(2) 
PARAMETRIC_REPRESENTATION_CONTEXT() REPRESENTATION_CONTEXT('2D SPACE',''
  ) );
#3923 = PCURVE('',#70,#3924);
#3924 = DEFINITIONAL_REPRESENTATION('',(#3925),#3928);
#3925 = B_SPLINE_CURVE_WITH_KNOTS('',1,(#3926,#3927),.UNSPECIFIED.,.F.,
  .F.,(2,2),(-13.28518536847,-13.03934583826),.PIECEWISE_BEZIER_KNOTS.);
#3926 = CARTESIAN_POINT('',(-0.33848763031,32.6));
#3927 = CARTESIAN_POINT('',(-0.481445927077,32.4));
#3928 = ( GEOMETRIC_REPRESENTATION_CONTEXT(2) 
PARAMETRIC_REPRESENTATION_CONTEXT() REPRESENTATION_CONTEXT('2D SPACE',''
  ) );
#3929 = ORIENTED_EDGE('',*,*,#3811,.F.);
#3930 = ADVANCED_FACE('',(#3931),#3899,.T.);
#3931 = FACE_BOUND('',#3932,.T.);
#3932 = EDGE_LOOP('',(#3933,#3954,#3982,#4001));
#3933 = ORIENTED_EDGE('',*,*,#3934,.T.);
#3934 = EDGE_CURVE('',#3863,#3935,#3937,.T.);
#3935 = VERTEX_POINT('',#3936);
#3936 = CARTESIAN_POINT('',(63.677289795772,-16.8,-61.64));
#3937 = SURFACE_CURVE('',#3938,(#3942,#3948),.PCURVE_S1.);
#3938 = LINE('',#3939,#3940);
#3939 = CARTESIAN_POINT('',(55.919180342755,-26.30374397679,-61.64));
#3940 = VECTOR('',#3941,1.);
#3941 = DIRECTION('',(-0.632374098193,-0.77466315256,0.));
#3942 = PCURVE('',#3899,#3943);
#3943 = DEFINITIONAL_REPRESENTATION('',(#3944),#3947);
#3944 = B_SPLINE_CURVE_WITH_KNOTS('',1,(#3945,#3946),.UNSPECIFIED.,.F.,
  .F.,(2,2),(-12.52640446976,-12.26822773922),.PIECEWISE_BEZIER_KNOTS.);
#3945 = CARTESIAN_POINT('',(0.258176730543,-138.36));
#3946 = CARTESIAN_POINT('',(0.,-138.36));
#3947 = ( GEOMETRIC_REPRESENTATION_CONTEXT(2) 
PARAMETRIC_REPRESENTATION_CONTEXT() REPRESENTATION_CONTEXT('2D SPACE',''
  ) );
#3948 = PCURVE('',#126,#3949);
#3949 = DEFINITIONAL_REPRESENTATION('',(#3950),#3953);
#3950 = B_SPLINE_CURVE_WITH_KNOTS('',1,(#3951,#3952),.UNSPECIFIED.,.F.,
  .F.,(2,2),(-12.52640446976,-12.26822773922),.PIECEWISE_BEZIER_KNOTS.);
#3951 = CARTESIAN_POINT('',(-0.481445927077,32.4));
#3952 = CARTESIAN_POINT('',(-0.644710204228,32.2));
#3953 = ( GEOMETRIC_REPRESENTATION_CONTEXT(2) 
PARAMETRIC_REPRESENTATION_CONTEXT() REPRESENTATION_CONTEXT('2D SPACE',''
  ) );
#3954 = ORIENTED_EDGE('',*,*,#3955,.T.);
#3955 = EDGE_CURVE('',#3935,#3956,#3958,.T.);
#3956 = VERTEX_POINT('',#3957);
#3957 = CARTESIAN_POINT('',(63.677289795772,-16.8,57.94));
#3958 = SURFACE_CURVE('',#3959,(#3963,#3970),.PCURVE_S1.);
#3959 = LINE('',#3960,#3961);
#3960 = CARTESIAN_POINT('',(63.677289795772,-16.8,-200.));
#3961 = VECTOR('',#3962,1.);
#3962 = DIRECTION('',(0.,0.,1.));
#3963 = PCURVE('',#3899,#3964);
#3964 = DEFINITIONAL_REPRESENTATION('',(#3965),#3969);
#3965 = LINE('',#3966,#3967);
#3966 = CARTESIAN_POINT('',(0.,0.));
#3967 = VECTOR('',#3968,1.);
#3968 = DIRECTION('',(0.,-1.));
#3969 = ( GEOMETRIC_REPRESENTATION_CONTEXT(2) 
PARAMETRIC_REPRESENTATION_CONTEXT() REPRESENTATION_CONTEXT('2D SPACE',''
  ) );
#3970 = PCURVE('',#3971,#3976);
#3971 = PLANE('',#3972);
#3972 = AXIS2_PLACEMENT_3D('',#3973,#3974,#3975);
#3973 = CARTESIAN_POINT('',(63.499174482121,-17.,-200.));
#3974 = DIRECTION('',(-0.746783167781,0.66506759079,0.));
#3975 = DIRECTION('',(0.66506759079,0.746783167781,0.));
#3976 = DEFINITIONAL_REPRESENTATION('',(#3977),#3981);
#3977 = LINE('',#3978,#3979);
#3978 = CARTESIAN_POINT('',(0.267815356088,0.));
#3979 = VECTOR('',#3980,1.);
#3980 = DIRECTION('',(0.,-1.));
#3981 = ( GEOMETRIC_REPRESENTATION_CONTEXT(2) 
PARAMETRIC_REPRESENTATION_CONTEXT() REPRESENTATION_CONTEXT('2D SPACE',''
  ) );
#3982 = ORIENTED_EDGE('',*,*,#3983,.F.);
#3983 = EDGE_CURVE('',#3884,#3956,#3984,.T.);
#3984 = SURFACE_CURVE('',#3985,(#3989,#3995),.PCURVE_S1.);
#3985 = LINE('',#3986,#3987);
#3986 = CARTESIAN_POINT('',(55.919180342755,-26.30374397679,57.94));
#3987 = VECTOR('',#3988,1.);
#3988 = DIRECTION('',(-0.632374098193,-0.77466315256,0.));
#3989 = PCURVE('',#3899,#3990);
#3990 = DEFINITIONAL_REPRESENTATION('',(#3991),#3994);
#3991 = B_SPLINE_CURVE_WITH_KNOTS('',1,(#3992,#3993),.UNSPECIFIED.,.F.,
  .F.,(2,2),(-12.52640446976,-12.26822773922),.PIECEWISE_BEZIER_KNOTS.);
#3992 = CARTESIAN_POINT('',(0.258176730543,-257.94));
#3993 = CARTESIAN_POINT('',(0.,-257.94));
#3994 = ( GEOMETRIC_REPRESENTATION_CONTEXT(2) 
PARAMETRIC_REPRESENTATION_CONTEXT() REPRESENTATION_CONTEXT('2D SPACE',''
  ) );
#3995 = PCURVE('',#70,#3996);
#3996 = DEFINITIONAL_REPRESENTATION('',(#3997),#4000);
#3997 = B_SPLINE_CURVE_WITH_KNOTS('',1,(#3998,#3999),.UNSPECIFIED.,.F.,
  .F.,(2,2),(-12.52640446976,-12.26822773922),.PIECEWISE_BEZIER_KNOTS.);
#3998 = CARTESIAN_POINT('',(-0.481445927077,32.4));
#3999 = CARTESIAN_POINT('',(-0.644710204228,32.2));
#4000 = ( GEOMETRIC_REPRESENTATION_CONTEXT(2) 
PARAMETRIC_REPRESENTATION_CONTEXT() REPRESENTATION_CONTEXT('2D SPACE',''
  ) );
#4001 = ORIENTED_EDGE('',*,*,#3883,.F.);
#4002 = ADVANCED_FACE('',(#4003),#3971,.T.);
#4003 = FACE_BOUND('',#4004,.T.);
#4004 = EDGE_LOOP('',(#4005,#4026,#4054,#4073));
#4005 = ORIENTED_EDGE('',*,*,#4006,.T.);
#4006 = EDGE_CURVE('',#3935,#4007,#4009,.T.);
#4007 = VERTEX_POINT('',#4008);
#4008 = CARTESIAN_POINT('',(63.499174482121,-17.,-61.64));
#4009 = SURFACE_CURVE('',#4010,(#4014,#4020),.PCURVE_S1.);
#4010 = LINE('',#4011,#4012);
#4011 = CARTESIAN_POINT('',(55.734567959765,-25.7186288065,-61.64));
#4012 = VECTOR('',#4013,1.);
#4013 = DIRECTION('',(-0.66506759079,-0.746783167781,0.));
#4014 = PCURVE('',#3971,#4015);
#4015 = DEFINITIONAL_REPRESENTATION('',(#4016),#4019);
#4016 = B_SPLINE_CURVE_WITH_KNOTS('',1,(#4017,#4018),.UNSPECIFIED.,.F.,
  .F.,(2,2),(-11.94272874817,-11.67491339208),.PIECEWISE_BEZIER_KNOTS.);
#4017 = CARTESIAN_POINT('',(0.267815356088,-138.36));
#4018 = CARTESIAN_POINT('',(0.,-138.36));
#4019 = ( GEOMETRIC_REPRESENTATION_CONTEXT(2) 
PARAMETRIC_REPRESENTATION_CONTEXT() REPRESENTATION_CONTEXT('2D SPACE',''
  ) );
#4020 = PCURVE('',#126,#4021);
#4021 = DEFINITIONAL_REPRESENTATION('',(#4022),#4025);
#4022 = B_SPLINE_CURVE_WITH_KNOTS('',1,(#4023,#4024),.UNSPECIFIED.,.F.,
  .F.,(2,2),(-11.94272874817,-11.67491339208),.PIECEWISE_BEZIER_KNOTS.);
#4023 = CARTESIAN_POINT('',(-0.644710204228,32.2));
#4024 = CARTESIAN_POINT('',(-0.822825517879,32.));
#4025 = ( GEOMETRIC_REPRESENTATION_CONTEXT(2) 
PARAMETRIC_REPRESENTATION_CONTEXT() REPRESENTATION_CONTEXT('2D SPACE',''
  ) );
#4026 = ORIENTED_EDGE('',*,*,#4027,.T.);
#4027 = EDGE_CURVE('',#4007,#4028,#4030,.T.);
#4028 = VERTEX_POINT('',#4029);
#4029 = CARTESIAN_POINT('',(63.499174482121,-17.,57.94));
#4030 = SURFACE_CURVE('',#4031,(#4035,#4042),.PCURVE_S1.);
#4031 = LINE('',#4032,#4033);
#4032 = CARTESIAN_POINT('',(63.499174482121,-17.,-200.));
#4033 = VECTOR('',#4034,1.);
#4034 = DIRECTION('',(0.,0.,1.));
#4035 = PCURVE('',#3971,#4036);
#4036 = DEFINITIONAL_REPRESENTATION('',(#4037),#4041);
#4037 = LINE('',#4038,#4039);
#4038 = CARTESIAN_POINT('',(0.,0.));
#4039 = VECTOR('',#4040,1.);
#4040 = DIRECTION('',(0.,-1.));
#4041 = ( GEOMETRIC_REPRESENTATION_CONTEXT(2) 
PARAMETRIC_REPRESENTATION_CONTEXT() REPRESENTATION_CONTEXT('2D SPACE',''
  ) );
#4042 = PCURVE('',#4043,#4048);
#4043 = PLANE('',#4044);
#4044 = AXIS2_PLACEMENT_3D('',#4045,#4046,#4047);
#4045 = CARTESIAN_POINT('',(63.310290990652,-17.2,-200.));
#4046 = DIRECTION('',(-0.727022946592,0.686613162653,0.));
#4047 = DIRECTION('',(0.686613162653,0.727022946592,0.));
#4048 = DEFINITIONAL_REPRESENTATION('',(#4049),#4053);
#4049 = LINE('',#4050,#4051);
#4050 = CARTESIAN_POINT('',(0.275094480769,0.));
#4051 = VECTOR('',#4052,1.);
#4052 = DIRECTION('',(0.,-1.));
#4053 = ( GEOMETRIC_REPRESENTATION_CONTEXT(2) 
PARAMETRIC_REPRESENTATION_CONTEXT() REPRESENTATION_CONTEXT('2D SPACE',''
  ) );
#4054 = ORIENTED_EDGE('',*,*,#4055,.F.);
#4055 = EDGE_CURVE('',#3956,#4028,#4056,.T.);
#4056 = SURFACE_CURVE('',#4057,(#4061,#4067),.PCURVE_S1.);
#4057 = LINE('',#4058,#4059);
#4058 = CARTESIAN_POINT('',(55.734567959765,-25.7186288065,57.94));
#4059 = VECTOR('',#4060,1.);
#4060 = DIRECTION('',(-0.66506759079,-0.746783167781,0.));
#4061 = PCURVE('',#3971,#4062);
#4062 = DEFINITIONAL_REPRESENTATION('',(#4063),#4066);
#4063 = B_SPLINE_CURVE_WITH_KNOTS('',1,(#4064,#4065),.UNSPECIFIED.,.F.,
  .F.,(2,2),(-11.94272874817,-11.67491339208),.PIECEWISE_BEZIER_KNOTS.);
#4064 = CARTESIAN_POINT('',(0.267815356088,-257.94));
#4065 = CARTESIAN_POINT('',(0.,-257.94));
#4066 = ( GEOMETRIC_REPRESENTATION_CONTEXT(2) 
PARAMETRIC_REPRESENTATION_CONTEXT() REPRESENTATION_CONTEXT('2D SPACE',''
  ) );
#4067 = PCURVE('',#70,#4068);
#4068 = DEFINITIONAL_REPRESENTATION('',(#4069),#4072);
#4069 = B_SPLINE_CURVE_WITH_KNOTS('',1,(#4070,#4071),.UNSPECIFIED.,.F.,
  .F.,(2,2),(-11.94272874817,-11.67491339208),.PIECEWISE_BEZIER_KNOTS.);
#4070 = CARTESIAN_POINT('',(-0.644710204228,32.2));
#4071 = CARTESIAN_POINT('',(-0.822825517879,32.));
#4072 = ( GEOMETRIC_REPRESENTATION_CONTEXT(2) 
PARAMETRIC_REPRESENTATION_CONTEXT() REPRESENTATION_CONTEXT('2D SPACE',''
  ) );
#4073 = ORIENTED_EDGE('',*,*,#3955,.F.);
#4074 = ADVANCED_FACE('',(#4075),#4043,.T.);
#4075 = FACE_BOUND('',#4076,.T.);
#4076 = EDGE_LOOP('',(#4077,#4098,#4126,#4145));
#4077 = ORIENTED_EDGE('',*,*,#4078,.T.);
#4078 = EDGE_CURVE('',#4007,#4079,#4081,.T.);
#4079 = VERTEX_POINT('',#4080);
#4080 = CARTESIAN_POINT('',(63.310290990652,-17.2,-61.64));
#4081 = SURFACE_CURVE('',#4082,(#4086,#4092),.PCURVE_S1.);
#4082 = LINE('',#4083,#4084);
#4083 = CARTESIAN_POINT('',(55.611751799627,-25.35162736684,-61.64));
#4084 = VECTOR('',#4085,1.);
#4085 = DIRECTION('',(-0.686613162653,-0.727022946592,0.));
#4086 = PCURVE('',#4043,#4087);
#4087 = DEFINITIONAL_REPRESENTATION('',(#4088),#4091);
#4088 = B_SPLINE_CURVE_WITH_KNOTS('',1,(#4089,#4090),.UNSPECIFIED.,.F.,
  .F.,(2,2),(-11.48743297029,-11.21233848952),.PIECEWISE_BEZIER_KNOTS.);
#4089 = CARTESIAN_POINT('',(0.275094480769,-138.36));
#4090 = CARTESIAN_POINT('',(0.,-138.36));
#4091 = ( GEOMETRIC_REPRESENTATION_CONTEXT(2) 
PARAMETRIC_REPRESENTATION_CONTEXT() REPRESENTATION_CONTEXT('2D SPACE',''
  ) );
#4092 = PCURVE('',#126,#4093);
#4093 = DEFINITIONAL_REPRESENTATION('',(#4094),#4097);
#4094 = B_SPLINE_CURVE_WITH_KNOTS('',1,(#4095,#4096),.UNSPECIFIED.,.F.,
  .F.,(2,2),(-11.48743297029,-11.21233848952),.PIECEWISE_BEZIER_KNOTS.);
#4095 = CARTESIAN_POINT('',(-0.822825517879,32.));
#4096 = CARTESIAN_POINT('',(-1.011709009348,31.8));
#4097 = ( GEOMETRIC_REPRESENTATION_CONTEXT(2) 
PARAMETRIC_REPRESENTATION_CONTEXT() REPRESENTATION_CONTEXT('2D SPACE',''
  ) );
#4098 = ORIENTED_EDGE('',*,*,#4099,.T.);
#4099 = EDGE_CURVE('',#4079,#4100,#4102,.T.);
#4100 = VERTEX_POINT('',#4101);
#4101 = CARTESIAN_POINT('',(63.310290990652,-17.2,57.94));
#4102 = SURFACE_CURVE('',#4103,(#4107,#4114),.PCURVE_S1.);
#4103 = LINE('',#4104,#4105);
#4104 = CARTESIAN_POINT('',(63.310290990652,-17.2,-200.));
#4105 = VECTOR('',#4106,1.);
#4106 = DIRECTION('',(0.,0.,1.));
#4107 = PCURVE('',#4043,#4108);
#4108 = DEFINITIONAL_REPRESENTATION('',(#4109),#4113);
#4109 = LINE('',#4110,#4111);
#4110 = CARTESIAN_POINT('',(0.,0.));
#4111 = VECTOR('',#4112,1.);
#4112 = DIRECTION('',(0.,-1.));
#4113 = ( GEOMETRIC_REPRESENTATION_CONTEXT(2) 
PARAMETRIC_REPRESENTATION_CONTEXT() REPRESENTATION_CONTEXT('2D SPACE',''
  ) );
#4114 = PCURVE('',#4115,#4120);
#4115 = PLANE('',#4116);
#4116 = AXIS2_PLACEMENT_3D('',#4117,#4118,#4119);
#4117 = CARTESIAN_POINT('',(63.113447538102,-17.4,-200.));
#4118 = DIRECTION('',(-0.712708660284,0.701460166763,0.));
#4119 = DIRECTION('',(0.701460166763,0.712708660284,0.));
#4120 = DEFINITIONAL_REPRESENTATION('',(#4121),#4125);
#4121 = LINE('',#4122,#4123);
#4122 = CARTESIAN_POINT('',(0.280619573109,0.));
#4123 = VECTOR('',#4124,1.);
#4124 = DIRECTION('',(0.,-1.));
#4125 = ( GEOMETRIC_REPRESENTATION_CONTEXT(2) 
PARAMETRIC_REPRESENTATION_CONTEXT() REPRESENTATION_CONTEXT('2D SPACE',''
  ) );
#4126 = ORIENTED_EDGE('',*,*,#4127,.F.);
#4127 = EDGE_CURVE('',#4028,#4100,#4128,.T.);
#4128 = SURFACE_CURVE('',#4129,(#4133,#4139),.PCURVE_S1.);
#4129 = LINE('',#4130,#4131);
#4130 = CARTESIAN_POINT('',(55.611751799627,-25.35162736684,57.94));
#4131 = VECTOR('',#4132,1.);
#4132 = DIRECTION('',(-0.686613162653,-0.727022946592,0.));
#4133 = PCURVE('',#4043,#4134);
#4134 = DEFINITIONAL_REPRESENTATION('',(#4135),#4138);
#4135 = B_SPLINE_CURVE_WITH_KNOTS('',1,(#4136,#4137),.UNSPECIFIED.,.F.,
  .F.,(2,2),(-11.48743297029,-11.21233848952),.PIECEWISE_BEZIER_KNOTS.);
#4136 = CARTESIAN_POINT('',(0.275094480769,-257.94));
#4137 = CARTESIAN_POINT('',(0.,-257.94));
#4138 = ( GEOMETRIC_REPRESENTATION_CONTEXT(2) 
PARAMETRIC_REPRESENTATION_CONTEXT() REPRESENTATION_CONTEXT('2D SPACE',''
  ) );
#4139 = PCURVE('',#70,#4140);
#4140 = DEFINITIONAL_REPRESENTATION('',(#4141),#4144);
#4141 = B_SPLINE_CURVE_WITH_KNOTS('',1,(#4142,#4143),.UNSPECIFIED.,.F.,
  .F.,(2,2),(-11.48743297029,-11.21233848952),.PIECEWISE_BEZIER_KNOTS.);
#4142 = CARTESIAN_POINT('',(-0.822825517879,32.));
#4143 = CARTESIAN_POINT('',(-1.011709009348,31.8));
#4144 = ( GEOMETRIC_REPRESENTATION_CONTEXT(2) 
PARAMETRIC_REPRESENTATION_CONTEXT() REPRESENTATION_CONTEXT('2D SPACE',''
  ) );
#4145 = ORIENTED_EDGE('',*,*,#4027,.F.);
#4146 = ADVANCED_FACE('',(#4147),#4115,.T.);
#4147 = FACE_BOUND('',#4148,.T.);
#4148 = EDGE_LOOP('',(#4149,#4170,#4198,#4217));
#4149 = ORIENTED_EDGE('',*,*,#4150,.T.);
#4150 = EDGE_CURVE('',#4079,#4151,#4153,.T.);
#4151 = VERTEX_POINT('',#4152);
#4152 = CARTESIAN_POINT('',(63.113447538102,-17.4,-61.64));
#4153 = SURFACE_CURVE('',#4154,(#4158,#4164),.PCURVE_S1.);
#4154 = LINE('',#4155,#4156);
#4155 = CARTESIAN_POINT('',(55.511779037323,-25.12356753785,-61.64));
#4156 = VECTOR('',#4157,1.);
#4157 = DIRECTION('',(-0.701460166763,-0.712708660284,0.));
#4158 = PCURVE('',#4115,#4159);
#4159 = DEFINITIONAL_REPRESENTATION('',(#4160),#4163);
#4160 = B_SPLINE_CURVE_WITH_KNOTS('',1,(#4161,#4162),.UNSPECIFIED.,.F.,
  .F.,(2,2),(-11.11754069986,-10.83692112675),.PIECEWISE_BEZIER_KNOTS.);
#4161 = CARTESIAN_POINT('',(0.280619573109,-138.36));
#4162 = CARTESIAN_POINT('',(0.,-138.36));
#4163 = ( GEOMETRIC_REPRESENTATION_CONTEXT(2) 
PARAMETRIC_REPRESENTATION_CONTEXT() REPRESENTATION_CONTEXT('2D SPACE',''
  ) );
#4164 = PCURVE('',#126,#4165);
#4165 = DEFINITIONAL_REPRESENTATION('',(#4166),#4169);
#4166 = B_SPLINE_CURVE_WITH_KNOTS('',1,(#4167,#4168),.UNSPECIFIED.,.F.,
  .F.,(2,2),(-11.11754069986,-10.83692112675),.PIECEWISE_BEZIER_KNOTS.);
#4167 = CARTESIAN_POINT('',(-1.011709009348,31.8));
#4168 = CARTESIAN_POINT('',(-1.208552461898,31.6));
#4169 = ( GEOMETRIC_REPRESENTATION_CONTEXT(2) 
PARAMETRIC_REPRESENTATION_CONTEXT() REPRESENTATION_CONTEXT('2D SPACE',''
  ) );
#4170 = ORIENTED_EDGE('',*,*,#4171,.T.);
#4171 = EDGE_CURVE('',#4151,#4172,#4174,.T.);
#4172 = VERTEX_POINT('',#4173);
#4173 = CARTESIAN_POINT('',(63.113447538102,-17.4,57.94));
#4174 = SURFACE_CURVE('',#4175,(#4179,#4186),.PCURVE_S1.);
#4175 = LINE('',#4176,#4177);
#4176 = CARTESIAN_POINT('',(63.113447538102,-17.4,-200.));
#4177 = VECTOR('',#4178,1.);
#4178 = DIRECTION('',(0.,0.,1.));
#4179 = PCURVE('',#4115,#4180);
#4180 = DEFINITIONAL_REPRESENTATION('',(#4181),#4185);
#4181 = LINE('',#4182,#4183);
#4182 = CARTESIAN_POINT('',(0.,0.));
#4183 = VECTOR('',#4184,1.);
#4184 = DIRECTION('',(0.,-1.));
#4185 = ( GEOMETRIC_REPRESENTATION_CONTEXT(2) 
PARAMETRIC_REPRESENTATION_CONTEXT() REPRESENTATION_CONTEXT('2D SPACE',''
  ) );
#4186 = PCURVE('',#4187,#4192);
#4187 = PLANE('',#4188);
#4188 = AXIS2_PLACEMENT_3D('',#4189,#4190,#4191);
#4189 = CARTESIAN_POINT('',(62.91053790674,-17.6,-200.));
#4190 = DIRECTION('',(-0.701982071204,0.712194616455,0.));
#4191 = DIRECTION('',(0.712194616455,0.701982071204,0.));
#4192 = DEFINITIONAL_REPRESENTATION('',(#4193),#4197);
#4193 = LINE('',#4194,#4195);
#4194 = CARTESIAN_POINT('',(0.284907561324,0.));
#4195 = VECTOR('',#4196,1.);
#4196 = DIRECTION('',(0.,-1.));
#4197 = ( GEOMETRIC_REPRESENTATION_CONTEXT(2) 
PARAMETRIC_REPRESENTATION_CONTEXT() REPRESENTATION_CONTEXT('2D SPACE',''
  ) );
#4198 = ORIENTED_EDGE('',*,*,#4199,.F.);
#4199 = EDGE_CURVE('',#4100,#4172,#4200,.T.);
#4200 = SURFACE_CURVE('',#4201,(#4205,#4211),.PCURVE_S1.);
#4201 = LINE('',#4202,#4203);
#4202 = CARTESIAN_POINT('',(55.511779037323,-25.12356753785,57.94));
#4203 = VECTOR('',#4204,1.);
#4204 = DIRECTION('',(-0.701460166763,-0.712708660284,0.));
#4205 = PCURVE('',#4115,#4206);
#4206 = DEFINITIONAL_REPRESENTATION('',(#4207),#4210);
#4207 = B_SPLINE_CURVE_WITH_KNOTS('',1,(#4208,#4209),.UNSPECIFIED.,.F.,
  .F.,(2,2),(-11.11754069986,-10.83692112675),.PIECEWISE_BEZIER_KNOTS.);
#4208 = CARTESIAN_POINT('',(0.280619573109,-257.94));
#4209 = CARTESIAN_POINT('',(0.,-257.94));
#4210 = ( GEOMETRIC_REPRESENTATION_CONTEXT(2) 
PARAMETRIC_REPRESENTATION_CONTEXT() REPRESENTATION_CONTEXT('2D SPACE',''
  ) );
#4211 = PCURVE('',#70,#4212);
#4212 = DEFINITIONAL_REPRESENTATION('',(#4213),#4216);
#4213 = B_SPLINE_CURVE_WITH_KNOTS('',1,(#4214,#4215),.UNSPECIFIED.,.F.,
  .F.,(2,2),(-11.11754069986,-10.83692112675),.PIECEWISE_BEZIER_KNOTS.);
#4214 = CARTESIAN_POINT('',(-1.011709009348,31.8));
#4215 = CARTESIAN_POINT('',(-1.208552461898,31.6));
#4216 = ( GEOMETRIC_REPRESENTATION_CONTEXT(2) 
PARAMETRIC_REPRESENTATION_CONTEXT() REPRESENTATION_CONTEXT('2D SPACE',''
  ) );
#4217 = ORIENTED_EDGE('',*,*,#4099,.F.);
#4218 = ADVANCED_FACE('',(#4219),#4187,.T.);
#4219 = FACE_BOUND('',#4220,.T.);
#4220 = EDGE_LOOP('',(#4221,#4242,#4270,#4289));
#4221 = ORIENTED_EDGE('',*,*,#4222,.T.);
#4222 = EDGE_CURVE('',#4151,#4223,#4225,.T.);
#4223 = VERTEX_POINT('',#4224);
#4224 = CARTESIAN_POINT('',(62.91053790674,-17.6,-61.64));
#4225 = SURFACE_CURVE('',#4226,(#4230,#4236),.PCURVE_S1.);
#4226 = LINE('',#4227,#4228);
#4227 = CARTESIAN_POINT('',(55.419318359354,-24.98379888336,-61.64));
#4228 = VECTOR('',#4229,1.);
#4229 = DIRECTION('',(-0.712194616455,-0.701982071204,0.));
#4230 = PCURVE('',#4187,#4231);
#4231 = DEFINITIONAL_REPRESENTATION('',(#4232),#4235);
#4232 = B_SPLINE_CURVE_WITH_KNOTS('',1,(#4233,#4234),.UNSPECIFIED.,.F.,
  .F.,(2,2),(-10.80340822715,-10.51850066583),.PIECEWISE_BEZIER_KNOTS.);
#4233 = CARTESIAN_POINT('',(0.284907561324,-138.36));
#4234 = CARTESIAN_POINT('',(0.,-138.36));
#4235 = ( GEOMETRIC_REPRESENTATION_CONTEXT(2) 
PARAMETRIC_REPRESENTATION_CONTEXT() REPRESENTATION_CONTEXT('2D SPACE',''
  ) );
#4236 = PCURVE('',#126,#4237);
#4237 = DEFINITIONAL_REPRESENTATION('',(#4238),#4241);
#4238 = B_SPLINE_CURVE_WITH_KNOTS('',1,(#4239,#4240),.UNSPECIFIED.,.F.,
  .F.,(2,2),(-10.80340822715,-10.51850066583),.PIECEWISE_BEZIER_KNOTS.);
#4239 = CARTESIAN_POINT('',(-1.208552461898,31.6));
#4240 = CARTESIAN_POINT('',(-1.41146209326,31.4));
#4241 = ( GEOMETRIC_REPRESENTATION_CONTEXT(2) 
PARAMETRIC_REPRESENTATION_CONTEXT() REPRESENTATION_CONTEXT('2D SPACE',''
  ) );
#4242 = ORIENTED_EDGE('',*,*,#4243,.T.);
#4243 = EDGE_CURVE('',#4223,#4244,#4246,.T.);
#4244 = VERTEX_POINT('',#4245);
#4245 = CARTESIAN_POINT('',(62.91053790674,-17.6,57.94));
#4246 = SURFACE_CURVE('',#4247,(#4251,#4258),.PCURVE_S1.);
#4247 = LINE('',#4248,#4249);
#4248 = CARTESIAN_POINT('',(62.91053790674,-17.6,-200.));
#4249 = VECTOR('',#4250,1.);
#4250 = DIRECTION('',(0.,0.,1.));
#4251 = PCURVE('',#4187,#4252);
#4252 = DEFINITIONAL_REPRESENTATION('',(#4253),#4257);
#4253 = LINE('',#4254,#4255);
#4254 = CARTESIAN_POINT('',(0.,0.));
#4255 = VECTOR('',#4256,1.);
#4256 = DIRECTION('',(0.,-1.));
#4257 = ( GEOMETRIC_REPRESENTATION_CONTEXT(2) 
PARAMETRIC_REPRESENTATION_CONTEXT() REPRESENTATION_CONTEXT('2D SPACE',''
  ) );
#4258 = PCURVE('',#4259,#4264);
#4259 = PLANE('',#4260);
#4260 = AXIS2_PLACEMENT_3D('',#4261,#4262,#4263);
#4261 = CARTESIAN_POINT('',(62.702845182432,-17.8,-200.));
#4262 = DIRECTION('',(-0.693640965126,0.720320908692,0.));
#4263 = DIRECTION('',(0.720320908692,0.693640965126,0.));
#4264 = DEFINITIONAL_REPRESENTATION('',(#4265),#4269);
#4265 = LINE('',#4266,#4267);
#4266 = CARTESIAN_POINT('',(0.288333604927,0.));
#4267 = VECTOR('',#4268,1.);
#4268 = DIRECTION('',(0.,-1.));
#4269 = ( GEOMETRIC_REPRESENTATION_CONTEXT(2) 
PARAMETRIC_REPRESENTATION_CONTEXT() REPRESENTATION_CONTEXT('2D SPACE',''
  ) );
#4270 = ORIENTED_EDGE('',*,*,#4271,.F.);
#4271 = EDGE_CURVE('',#4172,#4244,#4272,.T.);
#4272 = SURFACE_CURVE('',#4273,(#4277,#4283),.PCURVE_S1.);
#4273 = LINE('',#4274,#4275);
#4274 = CARTESIAN_POINT('',(55.419318359354,-24.98379888336,57.94));
#4275 = VECTOR('',#4276,1.);
#4276 = DIRECTION('',(-0.712194616455,-0.701982071204,0.));
#4277 = PCURVE('',#4187,#4278);
#4278 = DEFINITIONAL_REPRESENTATION('',(#4279),#4282);
#4279 = B_SPLINE_CURVE_WITH_KNOTS('',1,(#4280,#4281),.UNSPECIFIED.,.F.,
  .F.,(2,2),(-10.80340822715,-10.51850066583),.PIECEWISE_BEZIER_KNOTS.);
#4280 = CARTESIAN_POINT('',(0.284907561324,-257.94));
#4281 = CARTESIAN_POINT('',(0.,-257.94));
#4282 = ( GEOMETRIC_REPRESENTATION_CONTEXT(2) 
PARAMETRIC_REPRESENTATION_CONTEXT() REPRESENTATION_CONTEXT('2D SPACE',''
  ) );
#4283 = PCURVE('',#70,#4284);
#4284 = DEFINITIONAL_REPRESENTATION('',(#4285),#4288);
#4285 = B_SPLINE_CURVE_WITH_KNOTS('',1,(#4286,#4287),.UNSPECIFIED.,.F.,
  .F.,(2,2),(-10.80340822715,-10.51850066583),.PIECEWISE_BEZIER_KNOTS.);
#4286 = CARTESIAN_POINT('',(-1.208552461898,31.6));
#4287 = CARTESIAN_POINT('',(-1.41146209326,31.4));
#4288 = ( GEOMETRIC_REPRESENTATION_CONTEXT(2) 
PARAMETRIC_REPRESENTATION_CONTEXT() REPRESENTATION_CONTEXT('2D SPACE',''
  ) );
#4289 = ORIENTED_EDGE('',*,*,#4171,.F.);
#4290 = ADVANCED_FACE('',(#4291),#4259,.T.);
#4291 = FACE_BOUND('',#4292,.T.);
#4292 = EDGE_LOOP('',(#4293,#4314,#4342,#4361));
#4293 = ORIENTED_EDGE('',*,*,#4294,.T.);
#4294 = EDGE_CURVE('',#4223,#4295,#4297,.T.);
#4295 = VERTEX_POINT('',#4296);
#4296 = CARTESIAN_POINT('',(62.702845182432,-17.8,-61.64));
#4297 = SURFACE_CURVE('',#4298,(#4302,#4308),.PCURVE_S1.);
#4298 = LINE('',#4299,#4300);
#4299 = CARTESIAN_POINT('',(55.328456498365,-24.90124893267,-61.64));
#4300 = VECTOR('',#4301,1.);
#4301 = DIRECTION('',(-0.720320908692,-0.693640965126,0.));
#4302 = PCURVE('',#4259,#4303);
#4303 = DEFINITIONAL_REPRESENTATION('',(#4304),#4307);
#4304 = B_SPLINE_CURVE_WITH_KNOTS('',1,(#4305,#4306),.UNSPECIFIED.,.F.,
  .F.,(2,2),(-10.52597712614,-10.23764352122),.PIECEWISE_BEZIER_KNOTS.);
#4305 = CARTESIAN_POINT('',(0.288333604927,-138.36));
#4306 = CARTESIAN_POINT('',(0.,-138.36));
#4307 = ( GEOMETRIC_REPRESENTATION_CONTEXT(2) 
PARAMETRIC_REPRESENTATION_CONTEXT() REPRESENTATION_CONTEXT('2D SPACE',''
  ) );
#4308 = PCURVE('',#126,#4309);
#4309 = DEFINITIONAL_REPRESENTATION('',(#4310),#4313);
#4310 = B_SPLINE_CURVE_WITH_KNOTS('',1,(#4311,#4312),.UNSPECIFIED.,.F.,
  .F.,(2,2),(-10.52597712614,-10.23764352122),.PIECEWISE_BEZIER_KNOTS.);
#4311 = CARTESIAN_POINT('',(-1.41146209326,31.4));
#4312 = CARTESIAN_POINT('',(-1.619154817568,31.2));
#4313 = ( GEOMETRIC_REPRESENTATION_CONTEXT(2) 
PARAMETRIC_REPRESENTATION_CONTEXT() REPRESENTATION_CONTEXT('2D SPACE',''
  ) );
#4314 = ORIENTED_EDGE('',*,*,#4315,.T.);
#4315 = EDGE_CURVE('',#4295,#4316,#4318,.T.);
#4316 = VERTEX_POINT('',#4317);
#4317 = CARTESIAN_POINT('',(62.702845182432,-17.8,57.94));
#4318 = SURFACE_CURVE('',#4319,(#4323,#4330),.PCURVE_S1.);
#4319 = LINE('',#4320,#4321);
#4320 = CARTESIAN_POINT('',(62.702845182432,-17.8,-200.));
#4321 = VECTOR('',#4322,1.);
#4322 = DIRECTION('',(0.,0.,1.));
#4323 = PCURVE('',#4259,#4324);
#4324 = DEFINITIONAL_REPRESENTATION('',(#4325),#4329);
#4325 = LINE('',#4326,#4327);
#4326 = CARTESIAN_POINT('',(0.,0.));
#4327 = VECTOR('',#4328,1.);
#4328 = DIRECTION('',(0.,-1.));
#4329 = ( GEOMETRIC_REPRESENTATION_CONTEXT(2) 
PARAMETRIC_REPRESENTATION_CONTEXT() REPRESENTATION_CONTEXT('2D SPACE',''
  ) );
#4330 = PCURVE('',#4331,#4336);
#4331 = PLANE('',#4332);
#4332 = AXIS2_PLACEMENT_3D('',#4333,#4334,#4335);
#4333 = CARTESIAN_POINT('',(62.491245264759,-18.,-200.));
#4334 = DIRECTION('',(-0.686906004504,0.726746270012,0.));
#4335 = DIRECTION('',(0.726746270012,0.686906004504,0.));
#4336 = DEFINITIONAL_REPRESENTATION('',(#4337),#4341);
#4337 = LINE('',#4338,#4339);
#4338 = CARTESIAN_POINT('',(0.291160651805,0.));
#4339 = VECTOR('',#4340,1.);
#4340 = DIRECTION('',(0.,-1.));
#4341 = ( GEOMETRIC_REPRESENTATION_CONTEXT(2) 
PARAMETRIC_REPRESENTATION_CONTEXT() REPRESENTATION_CONTEXT('2D SPACE',''
  ) );
#4342 = ORIENTED_EDGE('',*,*,#4343,.F.);
#4343 = EDGE_CURVE('',#4244,#4316,#4344,.T.);
#4344 = SURFACE_CURVE('',#4345,(#4349,#4355),.PCURVE_S1.);
#4345 = LINE('',#4346,#4347);
#4346 = CARTESIAN_POINT('',(55.328456498365,-24.90124893267,57.94));
#4347 = VECTOR('',#4348,1.);
#4348 = DIRECTION('',(-0.720320908692,-0.693640965126,0.));
#4349 = PCURVE('',#4259,#4350);
#4350 = DEFINITIONAL_REPRESENTATION('',(#4351),#4354);
#4351 = B_SPLINE_CURVE_WITH_KNOTS('',1,(#4352,#4353),.UNSPECIFIED.,.F.,
  .F.,(2,2),(-10.52597712614,-10.23764352122),.PIECEWISE_BEZIER_KNOTS.);
#4352 = CARTESIAN_POINT('',(0.288333604927,-257.94));
#4353 = CARTESIAN_POINT('',(0.,-257.94));
#4354 = ( GEOMETRIC_REPRESENTATION_CONTEXT(2) 
PARAMETRIC_REPRESENTATION_CONTEXT() REPRESENTATION_CONTEXT('2D SPACE',''
  ) );
#4355 = PCURVE('',#70,#4356);
#4356 = DEFINITIONAL_REPRESENTATION('',(#4357),#4360);
#4357 = B_SPLINE_CURVE_WITH_KNOTS('',1,(#4358,#4359),.UNSPECIFIED.,.F.,
  .F.,(2,2),(-10.52597712614,-10.23764352122),.PIECEWISE_BEZIER_KNOTS.);
#4358 = CARTESIAN_POINT('',(-1.41146209326,31.4));
#4359 = CARTESIAN_POINT('',(-1.619154817568,31.2));
#4360 = ( GEOMETRIC_REPRESENTATION_CONTEXT(2) 
PARAMETRIC_REPRESENTATION_CONTEXT() REPRESENTATION_CONTEXT('2D SPACE',''
  ) );
#4361 = ORIENTED_EDGE('',*,*,#4243,.F.);
#4362 = ADVANCED_FACE('',(#4363),#4331,.T.);
#4363 = FACE_BOUND('',#4364,.T.);
#4364 = EDGE_LOOP('',(#4365,#4386,#4414,#4433));
#4365 = ORIENTED_EDGE('',*,*,#4366,.T.);
#4366 = EDGE_CURVE('',#4295,#4367,#4369,.T.);
#4367 = VERTEX_POINT('',#4368);
#4368 = CARTESIAN_POINT('',(62.491245264759,-18.,-61.64));
#4369 = SURFACE_CURVE('',#4370,(#4374,#4380),.PCURVE_S1.);
#4370 = LINE('',#4371,#4372);
#4371 = CARTESIAN_POINT('',(55.237012266645,-24.85655559592,-61.64));
#4372 = VECTOR('',#4373,1.);
#4373 = DIRECTION('',(-0.726746270012,-0.686906004504,0.));
#4374 = PCURVE('',#4331,#4375);
#4375 = DEFINITIONAL_REPRESENTATION('',(#4376),#4379);
#4376 = B_SPLINE_CURVE_WITH_KNOTS('',1,(#4377,#4378),.UNSPECIFIED.,.F.,
  .F.,(2,2),(-10.27295663404,-9.981795982236),.PIECEWISE_BEZIER_KNOTS.);
#4377 = CARTESIAN_POINT('',(0.291160651805,-138.36));
#4378 = CARTESIAN_POINT('',(0.,-138.36));
#4379 = ( GEOMETRIC_REPRESENTATION_CONTEXT(2) 
PARAMETRIC_REPRESENTATION_CONTEXT() REPRESENTATION_CONTEXT('2D SPACE',''
  ) );
#4380 = PCURVE('',#126,#4381);
#4381 = DEFINITIONAL_REPRESENTATION('',(#4382),#4385);
#4382 = B_SPLINE_CURVE_WITH_KNOTS('',1,(#4383,#4384),.UNSPECIFIED.,.F.,
  .F.,(2,2),(-10.27295663404,-9.981795982236),.PIECEWISE_BEZIER_KNOTS.);
#4383 = CARTESIAN_POINT('',(-1.619154817568,31.2));
#4384 = CARTESIAN_POINT('',(-1.830754735241,31.));
#4385 = ( GEOMETRIC_REPRESENTATION_CONTEXT(2) 
PARAMETRIC_REPRESENTATION_CONTEXT() REPRESENTATION_CONTEXT('2D SPACE',''
  ) );
#4386 = ORIENTED_EDGE('',*,*,#4387,.T.);
#4387 = EDGE_CURVE('',#4367,#4388,#4390,.T.);
#4388 = VERTEX_POINT('',#4389);
#4389 = CARTESIAN_POINT('',(62.491245264759,-18.,57.94));
#4390 = SURFACE_CURVE('',#4391,(#4395,#4402),.PCURVE_S1.);
#4391 = LINE('',#4392,#4393);
#4392 = CARTESIAN_POINT('',(62.491245264759,-18.,-200.));
#4393 = VECTOR('',#4394,1.);
#4394 = DIRECTION('',(0.,0.,1.));
#4395 = PCURVE('',#4331,#4396);
#4396 = DEFINITIONAL_REPRESENTATION('',(#4397),#4401);
#4397 = LINE('',#4398,#4399);
#4398 = CARTESIAN_POINT('',(0.,0.));
#4399 = VECTOR('',#4400,1.);
#4400 = DIRECTION('',(0.,-1.));
#4401 = ( GEOMETRIC_REPRESENTATION_CONTEXT(2) 
PARAMETRIC_REPRESENTATION_CONTEXT() REPRESENTATION_CONTEXT('2D SPACE',''
  ) );
#4402 = PCURVE('',#4403,#4408);
#4403 = PLANE('',#4404);
#4404 = AXIS2_PLACEMENT_3D('',#4405,#4406,#4407);
#4405 = CARTESIAN_POINT('',(62.276339888019,-18.2,-200.));
#4406 = DIRECTION('',(-0.681264664238,0.732037196638,0.));
#4407 = DIRECTION('',(0.732037196638,0.681264664238,0.));
#4408 = DEFINITIONAL_REPRESENTATION('',(#4409),#4413);
#4409 = LINE('',#4410,#4411);
#4410 = CARTESIAN_POINT('',(0.293571662378,0.));
#4411 = VECTOR('',#4412,1.);
#4412 = DIRECTION('',(0.,-1.));
#4413 = ( GEOMETRIC_REPRESENTATION_CONTEXT(2) 
PARAMETRIC_REPRESENTATION_CONTEXT() REPRESENTATION_CONTEXT('2D SPACE',''
  ) );
#4414 = ORIENTED_EDGE('',*,*,#4415,.F.);
#4415 = EDGE_CURVE('',#4316,#4388,#4416,.T.);
#4416 = SURFACE_CURVE('',#4417,(#4421,#4427),.PCURVE_S1.);
#4417 = LINE('',#4418,#4419);
#4418 = CARTESIAN_POINT('',(55.237012266645,-24.85655559592,57.94));
#4419 = VECTOR('',#4420,1.);
#4420 = DIRECTION('',(-0.726746270012,-0.686906004504,0.));
#4421 = PCURVE('',#4331,#4422);
#4422 = DEFINITIONAL_REPRESENTATION('',(#4423),#4426);
#4423 = B_SPLINE_CURVE_WITH_KNOTS('',1,(#4424,#4425),.UNSPECIFIED.,.F.,
  .F.,(2,2),(-10.27295663404,-9.981795982236),.PIECEWISE_BEZIER_KNOTS.);
#4424 = CARTESIAN_POINT('',(0.291160651805,-257.94));
#4425 = CARTESIAN_POINT('',(0.,-257.94));
#4426 = ( GEOMETRIC_REPRESENTATION_CONTEXT(2) 
PARAMETRIC_REPRESENTATION_CONTEXT() REPRESENTATION_CONTEXT('2D SPACE',''
  ) );
#4427 = PCURVE('',#70,#4428);
#4428 = DEFINITIONAL_REPRESENTATION('',(#4429),#4432);
#4429 = B_SPLINE_CURVE_WITH_KNOTS('',1,(#4430,#4431),.UNSPECIFIED.,.F.,
  .F.,(2,2),(-10.27295663404,-9.981795982236),.PIECEWISE_BEZIER_KNOTS.);
#4430 = CARTESIAN_POINT('',(-1.619154817568,31.2));
#4431 = CARTESIAN_POINT('',(-1.830754735241,31.));
#4432 = ( GEOMETRIC_REPRESENTATION_CONTEXT(2) 
PARAMETRIC_REPRESENTATION_CONTEXT() REPRESENTATION_CONTEXT('2D SPACE',''
  ) );
#4433 = ORIENTED_EDGE('',*,*,#4315,.F.);
#4434 = ADVANCED_FACE('',(#4435),#4403,.T.);
#4435 = FACE_BOUND('',#4436,.T.);
#4436 = EDGE_LOOP('',(#4437,#4458,#4486,#4505));
#4437 = ORIENTED_EDGE('',*,*,#4438,.T.);
#4438 = EDGE_CURVE('',#4367,#4439,#4441,.T.);
#4439 = VERTEX_POINT('',#4440);
#4440 = CARTESIAN_POINT('',(62.276339888019,-18.2,-61.64));
#4441 = SURFACE_CURVE('',#4442,(#4446,#4452),.PCURVE_S1.);
#4442 = LINE('',#4443,#4444);
#4443 = CARTESIAN_POINT('',(55.14430192582,-24.83737508143,-61.64));
#4444 = VECTOR('',#4445,1.);
#4445 = DIRECTION('',(-0.732037196638,-0.681264664238,0.));
#4446 = PCURVE('',#4403,#4447);
#4447 = DEFINITIONAL_REPRESENTATION('',(#4448),#4451);
#4448 = B_SPLINE_CURVE_WITH_KNOTS('',1,(#4449,#4450),.UNSPECIFIED.,.F.,
  .F.,(2,2),(-10.03629784481,-9.742726182438),.PIECEWISE_BEZIER_KNOTS.);
#4449 = CARTESIAN_POINT('',(0.293571662378,-138.36));
#4450 = CARTESIAN_POINT('',(0.,-138.36));
#4451 = ( GEOMETRIC_REPRESENTATION_CONTEXT(2) 
PARAMETRIC_REPRESENTATION_CONTEXT() REPRESENTATION_CONTEXT('2D SPACE',''
  ) );
#4452 = PCURVE('',#126,#4453);
#4453 = DEFINITIONAL_REPRESENTATION('',(#4454),#4457);
#4454 = B_SPLINE_CURVE_WITH_KNOTS('',1,(#4455,#4456),.UNSPECIFIED.,.F.,
  .F.,(2,2),(-10.03629784481,-9.742726182438),.PIECEWISE_BEZIER_KNOTS.);
#4455 = CARTESIAN_POINT('',(-1.830754735241,31.));
#4456 = CARTESIAN_POINT('',(-2.045660111981,30.8));
#4457 = ( GEOMETRIC_REPRESENTATION_CONTEXT(2) 
PARAMETRIC_REPRESENTATION_CONTEXT() REPRESENTATION_CONTEXT('2D SPACE',''
  ) );
#4458 = ORIENTED_EDGE('',*,*,#4459,.T.);
#4459 = EDGE_CURVE('',#4439,#4460,#4462,.T.);
#4460 = VERTEX_POINT('',#4461);
#4461 = CARTESIAN_POINT('',(62.276339888019,-18.2,57.94));
#4462 = SURFACE_CURVE('',#4463,(#4467,#4474),.PCURVE_S1.);
#4463 = LINE('',#4464,#4465);
#4464 = CARTESIAN_POINT('',(62.276339888019,-18.2,-200.));
#4465 = VECTOR('',#4466,1.);
#4466 = DIRECTION('',(0.,0.,1.));
#4467 = PCURVE('',#4403,#4468);
#4468 = DEFINITIONAL_REPRESENTATION('',(#4469),#4473);
#4469 = LINE('',#4470,#4471);
#4470 = CARTESIAN_POINT('',(0.,0.));
#4471 = VECTOR('',#4472,1.);
#4472 = DIRECTION('',(0.,-1.));
#4473 = ( GEOMETRIC_REPRESENTATION_CONTEXT(2) 
PARAMETRIC_REPRESENTATION_CONTEXT() REPRESENTATION_CONTEXT('2D SPACE',''
  ) );
#4474 = PCURVE('',#4475,#4480);
#4475 = PLANE('',#4476);
#4476 = AXIS2_PLACEMENT_3D('',#4477,#4478,#4479);
#4477 = CARTESIAN_POINT('',(62.058542782718,-18.4,-200.));
#4478 = DIRECTION('',(-0.67637243555,0.73655979284,0.));
#4479 = DIRECTION('',(0.73655979284,0.67637243555,0.));
#4480 = DEFINITIONAL_REPRESENTATION('',(#4481),#4485);
#4481 = LINE('',#4482,#4483);
#4482 = CARTESIAN_POINT('',(0.295695077871,0.));
#4483 = VECTOR('',#4484,1.);
#4484 = DIRECTION('',(0.,-1.));
#4485 = ( GEOMETRIC_REPRESENTATION_CONTEXT(2) 
PARAMETRIC_REPRESENTATION_CONTEXT() REPRESENTATION_CONTEXT('2D SPACE',''
  ) );
#4486 = ORIENTED_EDGE('',*,*,#4487,.F.);
#4487 = EDGE_CURVE('',#4388,#4460,#4488,.T.);
#4488 = SURFACE_CURVE('',#4489,(#4493,#4499),.PCURVE_S1.);
#4489 = LINE('',#4490,#4491);
#4490 = CARTESIAN_POINT('',(55.14430192582,-24.83737508143,57.94));
#4491 = VECTOR('',#4492,1.);
#4492 = DIRECTION('',(-0.732037196638,-0.681264664238,0.));
#4493 = PCURVE('',#4403,#4494);
#4494 = DEFINITIONAL_REPRESENTATION('',(#4495),#4498);
#4495 = B_SPLINE_CURVE_WITH_KNOTS('',1,(#4496,#4497),.UNSPECIFIED.,.F.,
  .F.,(2,2),(-10.03629784481,-9.742726182438),.PIECEWISE_BEZIER_KNOTS.);
#4496 = CARTESIAN_POINT('',(0.293571662378,-257.94));
#4497 = CARTESIAN_POINT('',(0.,-257.94));
#4498 = ( GEOMETRIC_REPRESENTATION_CONTEXT(2) 
PARAMETRIC_REPRESENTATION_CONTEXT() REPRESENTATION_CONTEXT('2D SPACE',''
  ) );
#4499 = PCURVE('',#70,#4500);
#4500 = DEFINITIONAL_REPRESENTATION('',(#4501),#4504);
#4501 = B_SPLINE_CURVE_WITH_KNOTS('',1,(#4502,#4503),.UNSPECIFIED.,.F.,
  .F.,(2,2),(-10.03629784481,-9.742726182438),.PIECEWISE_BEZIER_KNOTS.);
#4502 = CARTESIAN_POINT('',(-1.830754735241,31.));
#4503 = CARTESIAN_POINT('',(-2.045660111981,30.8));
#4504 = ( GEOMETRIC_REPRESENTATION_CONTEXT(2) 
PARAMETRIC_REPRESENTATION_CONTEXT() REPRESENTATION_CONTEXT('2D SPACE',''
  ) );
#4505 = ORIENTED_EDGE('',*,*,#4387,.F.);
#4506 = ADVANCED_FACE('',(#4507),#4475,.T.);
#4507 = FACE_BOUND('',#4508,.T.);
#4508 = EDGE_LOOP('',(#4509,#4530,#4558,#4577));
#4509 = ORIENTED_EDGE('',*,*,#4510,.T.);
#4510 = EDGE_CURVE('',#4439,#4511,#4513,.T.);
#4511 = VERTEX_POINT('',#4512);
#4512 = CARTESIAN_POINT('',(62.058542782718,-18.4,-61.64));
#4513 = SURFACE_CURVE('',#4514,(#4518,#4524),.PCURVE_S1.);
#4514 = LINE('',#4515,#4516);
#4515 = CARTESIAN_POINT('',(55.050240821698,-24.83562452434,-61.64));
#4516 = VECTOR('',#4517,1.);
#4517 = DIRECTION('',(-0.73655979284,-0.67637243555,0.));
#4518 = PCURVE('',#4475,#4519);
#4519 = DEFINITIONAL_REPRESENTATION('',(#4520),#4523);
#4520 = B_SPLINE_CURVE_WITH_KNOTS('',1,(#4521,#4522),.UNSPECIFIED.,.F.,
  .F.,(2,2),(-9.810607552253,-9.514912474382),.PIECEWISE_BEZIER_KNOTS.);
#4521 = CARTESIAN_POINT('',(0.295695077871,-138.36));
#4522 = CARTESIAN_POINT('',(0.,-138.36));
#4523 = ( GEOMETRIC_REPRESENTATION_CONTEXT(2) 
PARAMETRIC_REPRESENTATION_CONTEXT() REPRESENTATION_CONTEXT('2D SPACE',''
  ) );
#4524 = PCURVE('',#126,#4525);
#4525 = DEFINITIONAL_REPRESENTATION('',(#4526),#4529);
#4526 = B_SPLINE_CURVE_WITH_KNOTS('',1,(#4527,#4528),.UNSPECIFIED.,.F.,
  .F.,(2,2),(-9.810607552253,-9.514912474382),.PIECEWISE_BEZIER_KNOTS.);
#4527 = CARTESIAN_POINT('',(-2.045660111981,30.8));
#4528 = CARTESIAN_POINT('',(-2.263457217282,30.6));
#4529 = ( GEOMETRIC_REPRESENTATION_CONTEXT(2) 
PARAMETRIC_REPRESENTATION_CONTEXT() REPRESENTATION_CONTEXT('2D SPACE',''
  ) );
#4530 = ORIENTED_EDGE('',*,*,#4531,.T.);
#4531 = EDGE_CURVE('',#4511,#4532,#4534,.T.);
#4532 = VERTEX_POINT('',#4533);
#4533 = CARTESIAN_POINT('',(62.058542782718,-18.4,57.94));
#4534 = SURFACE_CURVE('',#4535,(#4539,#4546),.PCURVE_S1.);
#4535 = LINE('',#4536,#4537);
#4536 = CARTESIAN_POINT('',(62.058542782718,-18.4,-200.));
#4537 = VECTOR('',#4538,1.);
#4538 = DIRECTION('',(0.,0.,1.));
#4539 = PCURVE('',#4475,#4540);
#4540 = DEFINITIONAL_REPRESENTATION('',(#4541),#4545);
#4541 = LINE('',#4542,#4543);
#4542 = CARTESIAN_POINT('',(0.,0.));
#4543 = VECTOR('',#4544,1.);
#4544 = DIRECTION('',(0.,-1.));
#4545 = ( GEOMETRIC_REPRESENTATION_CONTEXT(2) 
PARAMETRIC_REPRESENTATION_CONTEXT() REPRESENTATION_CONTEXT('2D SPACE',''
  ) );
#4546 = PCURVE('',#4547,#4552);
#4547 = PLANE('',#4548);
#4548 = AXIS2_PLACEMENT_3D('',#4549,#4550,#4551);
#4549 = CARTESIAN_POINT('',(61.838134852505,-18.6,-200.));
#4550 = DIRECTION('',(-0.671990296194,0.740559951538,0.));
#4551 = DIRECTION('',(0.740559951538,0.671990296194,0.));
#4552 = DEFINITIONAL_REPRESENTATION('',(#4553),#4557);
#4553 = LINE('',#4554,#4555);
#4554 = CARTESIAN_POINT('',(0.297623345356,0.));
#4555 = VECTOR('',#4556,1.);
#4556 = DIRECTION('',(0.,-1.));
#4557 = ( GEOMETRIC_REPRESENTATION_CONTEXT(2) 
PARAMETRIC_REPRESENTATION_CONTEXT() REPRESENTATION_CONTEXT('2D SPACE',''
  ) );
#4558 = ORIENTED_EDGE('',*,*,#4559,.F.);
#4559 = EDGE_CURVE('',#4460,#4532,#4560,.T.);
#4560 = SURFACE_CURVE('',#4561,(#4565,#4571),.PCURVE_S1.);
#4561 = LINE('',#4562,#4563);
#4562 = CARTESIAN_POINT('',(55.050240821698,-24.83562452434,57.94));
#4563 = VECTOR('',#4564,1.);
#4564 = DIRECTION('',(-0.73655979284,-0.67637243555,0.));
#4565 = PCURVE('',#4475,#4566);
#4566 = DEFINITIONAL_REPRESENTATION('',(#4567),#4570);
#4567 = B_SPLINE_CURVE_WITH_KNOTS('',1,(#4568,#4569),.UNSPECIFIED.,.F.,
  .F.,(2,2),(-9.810607552253,-9.514912474382),.PIECEWISE_BEZIER_KNOTS.);
#4568 = CARTESIAN_POINT('',(0.295695077871,-257.94));
#4569 = CARTESIAN_POINT('',(0.,-257.94));
#4570 = ( GEOMETRIC_REPRESENTATION_CONTEXT(2) 
PARAMETRIC_REPRESENTATION_CONTEXT() REPRESENTATION_CONTEXT('2D SPACE',''
  ) );
#4571 = PCURVE('',#70,#4572);
#4572 = DEFINITIONAL_REPRESENTATION('',(#4573),#4576);
#4573 = B_SPLINE_CURVE_WITH_KNOTS('',1,(#4574,#4575),.UNSPECIFIED.,.F.,
  .F.,(2,2),(-9.810607552253,-9.514912474382),.PIECEWISE_BEZIER_KNOTS.);
#4574 = CARTESIAN_POINT('',(-2.045660111981,30.8));
#4575 = CARTESIAN_POINT('',(-2.263457217282,30.6));
#4576 = ( GEOMETRIC_REPRESENTATION_CONTEXT(2) 
PARAMETRIC_REPRESENTATION_CONTEXT() REPRESENTATION_CONTEXT('2D SPACE',''
  ) );
#4577 = ORIENTED_EDGE('',*,*,#4459,.F.);
#4578 = ADVANCED_FACE('',(#4579),#4547,.T.);
#4579 = FACE_BOUND('',#4580,.T.);
#4580 = EDGE_LOOP('',(#4581,#4602,#4630,#4649));
#4581 = ORIENTED_EDGE('',*,*,#4582,.T.);
#4582 = EDGE_CURVE('',#4511,#4583,#4585,.T.);
#4583 = VERTEX_POINT('',#4584);
#4584 = CARTESIAN_POINT('',(61.838134852505,-18.6,-61.64));
#4585 = SURFACE_CURVE('',#4586,(#4590,#4596),.PCURVE_S1.);
#4586 = LINE('',#4587,#4588);
#4587 = CARTESIAN_POINT('',(54.954980405951,-24.84583193525,-61.64));
#4588 = VECTOR('',#4589,1.);
#4589 = DIRECTION('',(-0.740559951538,-0.671990296194,0.));
#4590 = PCURVE('',#4547,#4591);
#4591 = DEFINITIONAL_REPRESENTATION('',(#4592),#4595);
#4592 = B_SPLINE_CURVE_WITH_KNOTS('',1,(#4593,#4594),.UNSPECIFIED.,.F.,
  .F.,(2,2),(-9.59215032087,-9.294526975514),.PIECEWISE_BEZIER_KNOTS.);
#4593 = CARTESIAN_POINT('',(0.297623345356,-138.36));
#4594 = CARTESIAN_POINT('',(0.,-138.36));
#4595 = ( GEOMETRIC_REPRESENTATION_CONTEXT(2) 
PARAMETRIC_REPRESENTATION_CONTEXT() REPRESENTATION_CONTEXT('2D SPACE',''
  ) );
#4596 = PCURVE('',#126,#4597);
#4597 = DEFINITIONAL_REPRESENTATION('',(#4598),#4601);
#4598 = B_SPLINE_CURVE_WITH_KNOTS('',1,(#4599,#4600),.UNSPECIFIED.,.F.,
  .F.,(2,2),(-9.59215032087,-9.294526975514),.PIECEWISE_BEZIER_KNOTS.);
#4599 = CARTESIAN_POINT('',(-2.263457217282,30.6));
#4600 = CARTESIAN_POINT('',(-2.483865147495,30.4));
#4601 = ( GEOMETRIC_REPRESENTATION_CONTEXT(2) 
PARAMETRIC_REPRESENTATION_CONTEXT() REPRESENTATION_CONTEXT('2D SPACE',''
  ) );
#4602 = ORIENTED_EDGE('',*,*,#4603,.T.);
#4603 = EDGE_CURVE('',#4583,#4604,#4606,.T.);
#4604 = VERTEX_POINT('',#4605);
#4605 = CARTESIAN_POINT('',(61.838134852505,-18.6,57.94));
#4606 = SURFACE_CURVE('',#4607,(#4611,#4618),.PCURVE_S1.);
#4607 = LINE('',#4608,#4609);
#4608 = CARTESIAN_POINT('',(61.838134852505,-18.6,-200.));
#4609 = VECTOR('',#4610,1.);
#4610 = DIRECTION('',(0.,0.,1.));
#4611 = PCURVE('',#4547,#4612);
#4612 = DEFINITIONAL_REPRESENTATION('',(#4613),#4617);
#4613 = LINE('',#4614,#4615);
#4614 = CARTESIAN_POINT('',(0.,0.));
#4615 = VECTOR('',#4616,1.);
#4616 = DIRECTION('',(0.,-1.));
#4617 = ( GEOMETRIC_REPRESENTATION_CONTEXT(2) 
PARAMETRIC_REPRESENTATION_CONTEXT() REPRESENTATION_CONTEXT('2D SPACE',''
  ) );
#4618 = PCURVE('',#4619,#4624);
#4619 = PLANE('',#4620);
#4620 = AXIS2_PLACEMENT_3D('',#4621,#4622,#4623);
#4621 = CARTESIAN_POINT('',(61.615302253911,-18.8,-200.));
#4622 = DIRECTION('',(-0.667950487848,0.744205714695,0.));
#4623 = DIRECTION('',(0.744205714695,0.667950487848,0.));
#4624 = DEFINITIONAL_REPRESENTATION('',(#4625),#4629);
#4625 = LINE('',#4626,#4627);
#4626 = CARTESIAN_POINT('',(0.299423390863,0.));
#4627 = VECTOR('',#4628,1.);
#4628 = DIRECTION('',(0.,-1.));
#4629 = ( GEOMETRIC_REPRESENTATION_CONTEXT(2) 
PARAMETRIC_REPRESENTATION_CONTEXT() REPRESENTATION_CONTEXT('2D SPACE',''
  ) );
#4630 = ORIENTED_EDGE('',*,*,#4631,.F.);
#4631 = EDGE_CURVE('',#4532,#4604,#4632,.T.);
#4632 = SURFACE_CURVE('',#4633,(#4637,#4643),.PCURVE_S1.);
#4633 = LINE('',#4634,#4635);
#4634 = CARTESIAN_POINT('',(54.954980405951,-24.84583193525,57.94));
#4635 = VECTOR('',#4636,1.);
#4636 = DIRECTION('',(-0.740559951538,-0.671990296194,0.));
#4637 = PCURVE('',#4547,#4638);
#4638 = DEFINITIONAL_REPRESENTATION('',(#4639),#4642);
#4639 = B_SPLINE_CURVE_WITH_KNOTS('',1,(#4640,#4641),.UNSPECIFIED.,.F.,
  .F.,(2,2),(-9.59215032087,-9.294526975514),.PIECEWISE_BEZIER_KNOTS.);
#4640 = CARTESIAN_POINT('',(0.297623345356,-257.94));
#4641 = CARTESIAN_POINT('',(0.,-257.94));
#4642 = ( GEOMETRIC_REPRESENTATION_CONTEXT(2) 
PARAMETRIC_REPRESENTATION_CONTEXT() REPRESENTATION_CONTEXT('2D SPACE',''
  ) );
#4643 = PCURVE('',#70,#4644);
#4644 = DEFINITIONAL_REPRESENTATION('',(#4645),#4648);
#4645 = B_SPLINE_CURVE_WITH_KNOTS('',1,(#4646,#4647),.UNSPECIFIED.,.F.,
  .F.,(2,2),(-9.59215032087,-9.294526975514),.PIECEWISE_BEZIER_KNOTS.);
#4646 = CARTESIAN_POINT('',(-2.263457217282,30.6));
#4647 = CARTESIAN_POINT('',(-2.483865147495,30.4));
#4648 = ( GEOMETRIC_REPRESENTATION_CONTEXT(2) 
PARAMETRIC_REPRESENTATION_CONTEXT() REPRESENTATION_CONTEXT('2D SPACE',''
  ) );
#4649 = ORIENTED_EDGE('',*,*,#4531,.F.);
#4650 = ADVANCED_FACE('',(#4651),#4619,.T.);
#4651 = FACE_BOUND('',#4652,.T.);
#4652 = EDGE_LOOP('',(#4653,#4674,#4702,#4721));
#4653 = ORIENTED_EDGE('',*,*,#4654,.T.);
#4654 = EDGE_CURVE('',#4583,#4655,#4657,.T.);
#4655 = VERTEX_POINT('',#4656);
#4656 = CARTESIAN_POINT('',(61.615302253911,-18.8,-61.64));
#4657 = SURFACE_CURVE('',#4658,(#4662,#4668),.PCURVE_S1.);
#4658 = LINE('',#4659,#4660);
#4659 = CARTESIAN_POINT('',(54.858746087895,-24.86424392899,-61.64));
#4660 = VECTOR('',#4661,1.);
#4661 = DIRECTION('',(-0.744205714695,-0.667950487848,0.));
#4662 = PCURVE('',#4619,#4663);
#4663 = DEFINITIONAL_REPRESENTATION('',(#4664),#4667);
#4664 = B_SPLINE_CURVE_WITH_KNOTS('',1,(#4665,#4666),.UNSPECIFIED.,.F.,
  .F.,(2,2),(-9.378305792067,-9.078882401204),.PIECEWISE_BEZIER_KNOTS.);
#4665 = CARTESIAN_POINT('',(0.299423390863,-138.36));
#4666 = CARTESIAN_POINT('',(0.,-138.36));
#4667 = ( GEOMETRIC_REPRESENTATION_CONTEXT(2) 
PARAMETRIC_REPRESENTATION_CONTEXT() REPRESENTATION_CONTEXT('2D SPACE',''
  ) );
#4668 = PCURVE('',#126,#4669);
#4669 = DEFINITIONAL_REPRESENTATION('',(#4670),#4673);
#4670 = B_SPLINE_CURVE_WITH_KNOTS('',1,(#4671,#4672),.UNSPECIFIED.,.F.,
  .F.,(2,2),(-9.378305792067,-9.078882401204),.PIECEWISE_BEZIER_KNOTS.);
#4671 = CARTESIAN_POINT('',(-2.483865147495,30.4));
#4672 = CARTESIAN_POINT('',(-2.706697746089,30.2));
#4673 = ( GEOMETRIC_REPRESENTATION_CONTEXT(2) 
PARAMETRIC_REPRESENTATION_CONTEXT() REPRESENTATION_CONTEXT('2D SPACE',''
  ) );
#4674 = ORIENTED_EDGE('',*,*,#4675,.T.);
#4675 = EDGE_CURVE('',#4655,#4676,#4678,.T.);
#4676 = VERTEX_POINT('',#4677);
#4677 = CARTESIAN_POINT('',(61.615302253911,-18.8,57.94));
#4678 = SURFACE_CURVE('',#4679,(#4683,#4690),.PCURVE_S1.);
#4679 = LINE('',#4680,#4681);
#4680 = CARTESIAN_POINT('',(61.615302253911,-18.8,-200.));
#4681 = VECTOR('',#4682,1.);
#4682 = DIRECTION('',(0.,0.,1.));
#4683 = PCURVE('',#4619,#4684);
#4684 = DEFINITIONAL_REPRESENTATION('',(#4685),#4689);
#4685 = LINE('',#4686,#4687);
#4686 = CARTESIAN_POINT('',(0.,0.));
#4687 = VECTOR('',#4688,1.);
#4688 = DIRECTION('',(0.,-1.));
#4689 = ( GEOMETRIC_REPRESENTATION_CONTEXT(2) 
PARAMETRIC_REPRESENTATION_CONTEXT() REPRESENTATION_CONTEXT('2D SPACE',''
  ) );
#4690 = PCURVE('',#4691,#4696);
#4691 = PLANE('',#4692);
#4692 = AXIS2_PLACEMENT_3D('',#4693,#4694,#4695);
#4693 = CARTESIAN_POINT('',(61.390160958555,-19.,-200.));
#4694 = DIRECTION('',(-0.664130827956,0.747616374458,0.));
#4695 = DIRECTION('',(0.747616374458,0.664130827956,0.));
#4696 = DEFINITIONAL_REPRESENTATION('',(#4697),#4701);
#4697 = LINE('',#4698,#4699);
#4698 = CARTESIAN_POINT('',(0.301145484566,0.));
#4699 = VECTOR('',#4700,1.);
#4700 = DIRECTION('',(0.,-1.));
#4701 = ( GEOMETRIC_REPRESENTATION_CONTEXT(2) 
PARAMETRIC_REPRESENTATION_CONTEXT() REPRESENTATION_CONTEXT('2D SPACE',''
  ) );
#4702 = ORIENTED_EDGE('',*,*,#4703,.F.);
#4703 = EDGE_CURVE('',#4604,#4676,#4704,.T.);
#4704 = SURFACE_CURVE('',#4705,(#4709,#4715),.PCURVE_S1.);
#4705 = LINE('',#4706,#4707);
#4706 = CARTESIAN_POINT('',(54.858746087895,-24.86424392899,57.94));
#4707 = VECTOR('',#4708,1.);
#4708 = DIRECTION('',(-0.744205714695,-0.667950487848,0.));
#4709 = PCURVE('',#4619,#4710);
#4710 = DEFINITIONAL_REPRESENTATION('',(#4711),#4714);
#4711 = B_SPLINE_CURVE_WITH_KNOTS('',1,(#4712,#4713),.UNSPECIFIED.,.F.,
  .F.,(2,2),(-9.378305792067,-9.078882401204),.PIECEWISE_BEZIER_KNOTS.);
#4712 = CARTESIAN_POINT('',(0.299423390863,-257.94));
#4713 = CARTESIAN_POINT('',(0.,-257.94));
#4714 = ( GEOMETRIC_REPRESENTATION_CONTEXT(2) 
PARAMETRIC_REPRESENTATION_CONTEXT() REPRESENTATION_CONTEXT('2D SPACE',''
  ) );
#4715 = PCURVE('',#70,#4716);
#4716 = DEFINITIONAL_REPRESENTATION('',(#4717),#4720);
#4717 = B_SPLINE_CURVE_WITH_KNOTS('',1,(#4718,#4719),.UNSPECIFIED.,.F.,
  .F.,(2,2),(-9.378305792067,-9.078882401204),.PIECEWISE_BEZIER_KNOTS.);
#4718 = CARTESIAN_POINT('',(-2.483865147495,30.4));
#4719 = CARTESIAN_POINT('',(-2.706697746089,30.2));
#4720 = ( GEOMETRIC_REPRESENTATION_CONTEXT(2) 
PARAMETRIC_REPRESENTATION_CONTEXT() REPRESENTATION_CONTEXT('2D SPACE',''
  ) );
#4721 = ORIENTED_EDGE('',*,*,#4603,.F.);
#4722 = ADVANCED_FACE('',(#4723),#4691,.T.);
#4723 = FACE_BOUND('',#4724,.T.);
#4724 = EDGE_LOOP('',(#4725,#4746,#4774,#4793));
#4725 = ORIENTED_EDGE('',*,*,#4726,.T.);
#4726 = EDGE_CURVE('',#4655,#4727,#4729,.T.);
#4727 = VERTEX_POINT('',#4728);
#4728 = CARTESIAN_POINT('',(61.390160958555,-19.,-61.64));
#4729 = SURFACE_CURVE('',#4730,(#4734,#4740),.PCURVE_S1.);
#4730 = LINE('',#4731,#4732);
#4731 = CARTESIAN_POINT('',(54.761781486577,-24.88819519893,-61.64));
#4732 = VECTOR('',#4733,1.);
#4733 = DIRECTION('',(-0.747616374458,-0.664130827956,0.));
#4734 = PCURVE('',#4691,#4735);
#4735 = DEFINITIONAL_REPRESENTATION('',(#4736),#4739);
#4736 = B_SPLINE_CURVE_WITH_KNOTS('',1,(#4737,#4738),.UNSPECIFIED.,.F.,
  .F.,(2,2),(-9.167162466578,-8.866016982012),.PIECEWISE_BEZIER_KNOTS.);
#4737 = CARTESIAN_POINT('',(0.301145484566,-138.36));
#4738 = CARTESIAN_POINT('',(0.,-138.36));
#4739 = ( GEOMETRIC_REPRESENTATION_CONTEXT(2) 
PARAMETRIC_REPRESENTATION_CONTEXT() REPRESENTATION_CONTEXT('2D SPACE',''
  ) );
#4740 = PCURVE('',#126,#4741);
#4741 = DEFINITIONAL_REPRESENTATION('',(#4742),#4745);
#4742 = B_SPLINE_CURVE_WITH_KNOTS('',1,(#4743,#4744),.UNSPECIFIED.,.F.,
  .F.,(2,2),(-9.167162466578,-8.866016982012),.PIECEWISE_BEZIER_KNOTS.);
#4743 = CARTESIAN_POINT('',(-2.706697746089,30.2));
#4744 = CARTESIAN_POINT('',(-2.931839041445,30.));
#4745 = ( GEOMETRIC_REPRESENTATION_CONTEXT(2) 
PARAMETRIC_REPRESENTATION_CONTEXT() REPRESENTATION_CONTEXT('2D SPACE',''
  ) );
#4746 = ORIENTED_EDGE('',*,*,#4747,.T.);
#4747 = EDGE_CURVE('',#4727,#4748,#4750,.T.);
#4748 = VERTEX_POINT('',#4749);
#4749 = CARTESIAN_POINT('',(61.390160958555,-19.,57.94));
#4750 = SURFACE_CURVE('',#4751,(#4755,#4762),.PCURVE_S1.);
#4751 = LINE('',#4752,#4753);
#4752 = CARTESIAN_POINT('',(61.390160958555,-19.,-200.));
#4753 = VECTOR('',#4754,1.);
#4754 = DIRECTION('',(0.,0.,1.));
#4755 = PCURVE('',#4691,#4756);
#4756 = DEFINITIONAL_REPRESENTATION('',(#4757),#4761);
#4757 = LINE('',#4758,#4759);
#4758 = CARTESIAN_POINT('',(0.,0.));
#4759 = VECTOR('',#4760,1.);
#4760 = DIRECTION('',(0.,-1.));
#4761 = ( GEOMETRIC_REPRESENTATION_CONTEXT(2) 
PARAMETRIC_REPRESENTATION_CONTEXT() REPRESENTATION_CONTEXT('2D SPACE',''
  ) );
#4762 = PCURVE('',#4763,#4768);
#4763 = PLANE('',#4764);
#4764 = AXIS2_PLACEMENT_3D('',#4765,#4766,#4767);
#4765 = CARTESIAN_POINT('',(61.162774598676,-19.2,-200.));
#4766 = DIRECTION('',(-0.660441777901,0.750877258947,0.));
#4767 = DIRECTION('',(0.750877258947,0.660441777901,0.));
#4768 = DEFINITIONAL_REPRESENTATION('',(#4769),#4773);
#4769 = LINE('',#4770,#4771);
#4770 = CARTESIAN_POINT('',(0.302827602208,0.));
#4771 = VECTOR('',#4772,1.);
#4772 = DIRECTION('',(0.,-1.));
#4773 = ( GEOMETRIC_REPRESENTATION_CONTEXT(2) 
PARAMETRIC_REPRESENTATION_CONTEXT() REPRESENTATION_CONTEXT('2D SPACE',''
  ) );
#4774 = ORIENTED_EDGE('',*,*,#4775,.F.);
#4775 = EDGE_CURVE('',#4676,#4748,#4776,.T.);
#4776 = SURFACE_CURVE('',#4777,(#4781,#4787),.PCURVE_S1.);
#4777 = LINE('',#4778,#4779);
#4778 = CARTESIAN_POINT('',(54.761781486577,-24.88819519893,57.94));
#4779 = VECTOR('',#4780,1.);
#4780 = DIRECTION('',(-0.747616374458,-0.664130827956,0.));
#4781 = PCURVE('',#4691,#4782);
#4782 = DEFINITIONAL_REPRESENTATION('',(#4783),#4786);
#4783 = B_SPLINE_CURVE_WITH_KNOTS('',1,(#4784,#4785),.UNSPECIFIED.,.F.,
  .F.,(2,2),(-9.167162466578,-8.866016982012),.PIECEWISE_BEZIER_KNOTS.);
#4784 = CARTESIAN_POINT('',(0.301145484566,-257.94));
#4785 = CARTESIAN_POINT('',(0.,-257.94));
#4786 = ( GEOMETRIC_REPRESENTATION_CONTEXT(2) 
PARAMETRIC_REPRESENTATION_CONTEXT() REPRESENTATION_CONTEXT('2D SPACE',''
  ) );
#4787 = PCURVE('',#70,#4788);
#4788 = DEFINITIONAL_REPRESENTATION('',(#4789),#4792);
#4789 = B_SPLINE_CURVE_WITH_KNOTS('',1,(#4790,#4791),.UNSPECIFIED.,.F.,
  .F.,(2,2),(-9.167162466578,-8.866016982012),.PIECEWISE_BEZIER_KNOTS.);
#4790 = CARTESIAN_POINT('',(-2.706697746089,30.2));
#4791 = CARTESIAN_POINT('',(-2.931839041445,30.));
#4792 = ( GEOMETRIC_REPRESENTATION_CONTEXT(2) 
PARAMETRIC_REPRESENTATION_CONTEXT() REPRESENTATION_CONTEXT('2D SPACE',''
  ) );
#4793 = ORIENTED_EDGE('',*,*,#4675,.F.);
#4794 = ADVANCED_FACE('',(#4795),#4763,.T.);
#4795 = FACE_BOUND('',#4796,.T.);
#4796 = EDGE_LOOP('',(#4797,#4818,#4846,#4865));
#4797 = ORIENTED_EDGE('',*,*,#4798,.T.);
#4798 = EDGE_CURVE('',#4727,#4799,#4801,.T.);
#4799 = VERTEX_POINT('',#4800);
#4800 = CARTESIAN_POINT('',(61.162774598676,-19.2,-61.64));
#4801 = SURFACE_CURVE('',#4802,(#4806,#4812),.PCURVE_S1.);
#4802 = LINE('',#4803,#4804);
#4803 = CARTESIAN_POINT('',(54.664316945431,-24.91578493686,-61.64));
#4804 = VECTOR('',#4805,1.);
#4805 = DIRECTION('',(-0.750877258947,-0.660441777901,0.));
#4806 = PCURVE('',#4763,#4807);
#4807 = DEFINITIONAL_REPRESENTATION('',(#4808),#4811);
#4808 = B_SPLINE_CURVE_WITH_KNOTS('',1,(#4809,#4810),.UNSPECIFIED.,.F.,
  .F.,(2,2),(-8.957314838061,-8.654487235852),.PIECEWISE_BEZIER_KNOTS.);
#4809 = CARTESIAN_POINT('',(0.302827602208,-138.36));
#4810 = CARTESIAN_POINT('',(0.,-138.36));
#4811 = ( GEOMETRIC_REPRESENTATION_CONTEXT(2) 
PARAMETRIC_REPRESENTATION_CONTEXT() REPRESENTATION_CONTEXT('2D SPACE',''
  ) );
#4812 = PCURVE('',#126,#4813);
#4813 = DEFINITIONAL_REPRESENTATION('',(#4814),#4817);
#4814 = B_SPLINE_CURVE_WITH_KNOTS('',1,(#4815,#4816),.UNSPECIFIED.,.F.,
  .F.,(2,2),(-8.957314838061,-8.654487235852),.PIECEWISE_BEZIER_KNOTS.);
#4815 = CARTESIAN_POINT('',(-2.931839041445,30.));
#4816 = CARTESIAN_POINT('',(-3.159225401324,29.8));
#4817 = ( GEOMETRIC_REPRESENTATION_CONTEXT(2) 
PARAMETRIC_REPRESENTATION_CONTEXT() REPRESENTATION_CONTEXT('2D SPACE',''
  ) );
#4818 = ORIENTED_EDGE('',*,*,#4819,.T.);
#4819 = EDGE_CURVE('',#4799,#4820,#4822,.T.);
#4820 = VERTEX_POINT('',#4821);
#4821 = CARTESIAN_POINT('',(61.162774598676,-19.2,57.94));
#4822 = SURFACE_CURVE('',#4823,(#4827,#4834),.PCURVE_S1.);
#4823 = LINE('',#4824,#4825);
#4824 = CARTESIAN_POINT('',(61.162774598676,-19.2,-200.));
#4825 = VECTOR('',#4826,1.);
#4826 = DIRECTION('',(0.,0.,1.));
#4827 = PCURVE('',#4763,#4828);
#4828 = DEFINITIONAL_REPRESENTATION('',(#4829),#4833);
#4829 = LINE('',#4830,#4831);
#4830 = CARTESIAN_POINT('',(0.,0.));
#4831 = VECTOR('',#4832,1.);
#4832 = DIRECTION('',(0.,-1.));
#4833 = ( GEOMETRIC_REPRESENTATION_CONTEXT(2) 
PARAMETRIC_REPRESENTATION_CONTEXT() REPRESENTATION_CONTEXT('2D SPACE',''
  ) );
#4834 = PCURVE('',#4835,#4840);
#4835 = PLANE('',#4836);
#4836 = AXIS2_PLACEMENT_3D('',#4837,#4838,#4839);
#4837 = CARTESIAN_POINT('',(60.933169150533,-19.4,-200.));
#4838 = DIRECTION('',(-0.6568200752,0.754047338577,0.));
#4839 = DIRECTION('',(0.754047338577,0.6568200752,0.));
#4840 = DEFINITIONAL_REPRESENTATION('',(#4841),#4845);
#4841 = LINE('',#4842,#4843);
#4842 = CARTESIAN_POINT('',(0.304497392135,0.));
#4843 = VECTOR('',#4844,1.);
#4844 = DIRECTION('',(0.,-1.));
#4845 = ( GEOMETRIC_REPRESENTATION_CONTEXT(2) 
PARAMETRIC_REPRESENTATION_CONTEXT() REPRESENTATION_CONTEXT('2D SPACE',''
  ) );
#4846 = ORIENTED_EDGE('',*,*,#4847,.F.);
#4847 = EDGE_CURVE('',#4748,#4820,#4848,.T.);
#4848 = SURFACE_CURVE('',#4849,(#4853,#4859),.PCURVE_S1.);
#4849 = LINE('',#4850,#4851);
#4850 = CARTESIAN_POINT('',(54.664316945431,-24.91578493686,57.94));
#4851 = VECTOR('',#4852,1.);
#4852 = DIRECTION('',(-0.750877258947,-0.660441777901,0.));
#4853 = PCURVE('',#4763,#4854);
#4854 = DEFINITIONAL_REPRESENTATION('',(#4855),#4858);
#4855 = B_SPLINE_CURVE_WITH_KNOTS('',1,(#4856,#4857),.UNSPECIFIED.,.F.,
  .F.,(2,2),(-8.957314838061,-8.654487235852),.PIECEWISE_BEZIER_KNOTS.);
#4856 = CARTESIAN_POINT('',(0.302827602208,-257.94));
#4857 = CARTESIAN_POINT('',(0.,-257.94));
#4858 = ( GEOMETRIC_REPRESENTATION_CONTEXT(2) 
PARAMETRIC_REPRESENTATION_CONTEXT() REPRESENTATION_CONTEXT('2D SPACE',''
  ) );
#4859 = PCURVE('',#70,#4860);
#4860 = DEFINITIONAL_REPRESENTATION('',(#4861),#4864);
#4861 = B_SPLINE_CURVE_WITH_KNOTS('',1,(#4862,#4863),.UNSPECIFIED.,.F.,
  .F.,(2,2),(-8.957314838061,-8.654487235852),.PIECEWISE_BEZIER_KNOTS.);
#4862 = CARTESIAN_POINT('',(-2.931839041445,30.));
#4863 = CARTESIAN_POINT('',(-3.159225401324,29.8));
#4864 = ( GEOMETRIC_REPRESENTATION_CONTEXT(2) 
PARAMETRIC_REPRESENTATION_CONTEXT() REPRESENTATION_CONTEXT('2D SPACE',''
  ) );
#4865 = ORIENTED_EDGE('',*,*,#4747,.F.);
#4866 = ADVANCED_FACE('',(#4867),#4835,.T.);
#4867 = FACE_BOUND('',#4868,.T.);
#4868 = EDGE_LOOP('',(#4869,#4890,#4918,#4937));
#4869 = ORIENTED_EDGE('',*,*,#4870,.T.);
#4870 = EDGE_CURVE('',#4799,#4871,#4873,.T.);
#4871 = VERTEX_POINT('',#4872);
#4872 = CARTESIAN_POINT('',(60.933169150533,-19.4,-61.64));
#4873 = SURFACE_CURVE('',#4874,(#4878,#4884),.PCURVE_S1.);
#4874 = LINE('',#4875,#4876);
#4875 = CARTESIAN_POINT('',(54.566545633954,-24.94570770691,-61.64));
#4876 = VECTOR('',#4877,1.);
#4877 = DIRECTION('',(-0.754047338577,-0.6568200752,0.));
#4878 = PCURVE('',#4835,#4879);
#4879 = DEFINITIONAL_REPRESENTATION('',(#4880),#4883);
#4880 = B_SPLINE_CURVE_WITH_KNOTS('',1,(#4881,#4882),.UNSPECIFIED.,.F.,
  .F.,(2,2),(-8.747765063624,-8.44326767149),.PIECEWISE_BEZIER_KNOTS.);
#4881 = CARTESIAN_POINT('',(0.304497392135,-138.36));
#4882 = CARTESIAN_POINT('',(0.,-138.36));
#4883 = ( GEOMETRIC_REPRESENTATION_CONTEXT(2) 
PARAMETRIC_REPRESENTATION_CONTEXT() REPRESENTATION_CONTEXT('2D SPACE',''
  ) );
#4884 = PCURVE('',#126,#4885);
#4885 = DEFINITIONAL_REPRESENTATION('',(#4886),#4889);
#4886 = B_SPLINE_CURVE_WITH_KNOTS('',1,(#4887,#4888),.UNSPECIFIED.,.F.,
  .F.,(2,2),(-8.747765063624,-8.44326767149),.PIECEWISE_BEZIER_KNOTS.);
#4887 = CARTESIAN_POINT('',(-3.159225401324,29.8));
#4888 = CARTESIAN_POINT('',(-3.388830849467,29.6));
#4889 = ( GEOMETRIC_REPRESENTATION_CONTEXT(2) 
PARAMETRIC_REPRESENTATION_CONTEXT() REPRESENTATION_CONTEXT('2D SPACE',''
  ) );
#4890 = ORIENTED_EDGE('',*,*,#4891,.T.);
#4891 = EDGE_CURVE('',#4871,#4892,#4894,.T.);
#4892 = VERTEX_POINT('',#4893);
#4893 = CARTESIAN_POINT('',(60.933169150533,-19.4,57.94));
#4894 = SURFACE_CURVE('',#4895,(#4899,#4906),.PCURVE_S1.);
#4895 = LINE('',#4896,#4897);
#4896 = CARTESIAN_POINT('',(60.933169150533,-19.4,-200.));
#4897 = VECTOR('',#4898,1.);
#4898 = DIRECTION('',(0.,0.,1.));
#4899 = PCURVE('',#4835,#4900);
#4900 = DEFINITIONAL_REPRESENTATION('',(#4901),#4905);
#4901 = LINE('',#4902,#4903);
#4902 = CARTESIAN_POINT('',(0.,0.));
#4903 = VECTOR('',#4904,1.);
#4904 = DIRECTION('',(0.,-1.));
#4905 = ( GEOMETRIC_REPRESENTATION_CONTEXT(2) 
PARAMETRIC_REPRESENTATION_CONTEXT() REPRESENTATION_CONTEXT('2D SPACE',''
  ) );
#4906 = PCURVE('',#4907,#4912);
#4907 = PLANE('',#4908);
#4908 = AXIS2_PLACEMENT_3D('',#4909,#4910,#4911);
#4909 = CARTESIAN_POINT('',(60.701341803733,-19.6,-200.));
#4910 = DIRECTION('',(-0.653218451227,0.757169502144,0.));
#4911 = DIRECTION('',(0.757169502144,0.653218451227,0.));
#4912 = DEFINITIONAL_REPRESENTATION('',(#4913),#4917);
#4913 = LINE('',#4914,#4915);
#4914 = CARTESIAN_POINT('',(0.306176287005,0.));
#4915 = VECTOR('',#4916,1.);
#4916 = DIRECTION('',(0.,-1.));
#4917 = ( GEOMETRIC_REPRESENTATION_CONTEXT(2) 
PARAMETRIC_REPRESENTATION_CONTEXT() REPRESENTATION_CONTEXT('2D SPACE',''
  ) );
#4918 = ORIENTED_EDGE('',*,*,#4919,.F.);
#4919 = EDGE_CURVE('',#4820,#4892,#4920,.T.);
#4920 = SURFACE_CURVE('',#4921,(#4925,#4931),.PCURVE_S1.);
#4921 = LINE('',#4922,#4923);
#4922 = CARTESIAN_POINT('',(54.566545633954,-24.94570770691,57.94));
#4923 = VECTOR('',#4924,1.);
#4924 = DIRECTION('',(-0.754047338577,-0.6568200752,0.));
#4925 = PCURVE('',#4835,#4926);
#4926 = DEFINITIONAL_REPRESENTATION('',(#4927),#4930);
#4927 = B_SPLINE_CURVE_WITH_KNOTS('',1,(#4928,#4929),.UNSPECIFIED.,.F.,
  .F.,(2,2),(-8.747765063624,-8.44326767149),.PIECEWISE_BEZIER_KNOTS.);
#4928 = CARTESIAN_POINT('',(0.304497392135,-257.94));
#4929 = CARTESIAN_POINT('',(0.,-257.94));
#4930 = ( GEOMETRIC_REPRESENTATION_CONTEXT(2) 
PARAMETRIC_REPRESENTATION_CONTEXT() REPRESENTATION_CONTEXT('2D SPACE',''
  ) );
#4931 = PCURVE('',#70,#4932);
#4932 = DEFINITIONAL_REPRESENTATION('',(#4933),#4936);
#4933 = B_SPLINE_CURVE_WITH_KNOTS('',1,(#4934,#4935),.UNSPECIFIED.,.F.,
  .F.,(2,2),(-8.747765063624,-8.44326767149),.PIECEWISE_BEZIER_KNOTS.);
#4934 = CARTESIAN_POINT('',(-3.159225401324,29.8));
#4935 = CARTESIAN_POINT('',(-3.388830849467,29.6));
#4936 = ( GEOMETRIC_REPRESENTATION_CONTEXT(2) 
PARAMETRIC_REPRESENTATION_CONTEXT() REPRESENTATION_CONTEXT('2D SPACE',''
  ) );
#4937 = ORIENTED_EDGE('',*,*,#4819,.F.);
#4938 = ADVANCED_FACE('',(#4939),#4907,.T.);
#4939 = FACE_BOUND('',#4940,.T.);
#4940 = EDGE_LOOP('',(#4941,#4962,#4990,#5009));
#4941 = ORIENTED_EDGE('',*,*,#4942,.T.);
#4942 = EDGE_CURVE('',#4871,#4943,#4945,.T.);
#4943 = VERTEX_POINT('',#4944);
#4944 = CARTESIAN_POINT('',(60.701341803733,-19.6,-61.64));
#4945 = SURFACE_CURVE('',#4946,(#4950,#4956),.PCURVE_S1.);
#4946 = LINE('',#4947,#4948);
#4947 = CARTESIAN_POINT('',(54.468636497314,-24.97702336885,-61.64));
#4948 = VECTOR('',#4949,1.);
#4949 = DIRECTION('',(-0.757169502144,-0.653218451227,0.));
#4950 = PCURVE('',#4907,#4951);
#4951 = DEFINITIONAL_REPRESENTATION('',(#4952),#4955);
#4952 = B_SPLINE_CURVE_WITH_KNOTS('',1,(#4953,#4954),.UNSPECIFIED.,.F.,
  .F.,(2,2),(-8.53776153809,-8.231585251085),.PIECEWISE_BEZIER_KNOTS.);
#4953 = CARTESIAN_POINT('',(0.306176287005,-138.36));
#4954 = CARTESIAN_POINT('',(0.,-138.36));
#4955 = ( GEOMETRIC_REPRESENTATION_CONTEXT(2) 
PARAMETRIC_REPRESENTATION_CONTEXT() REPRESENTATION_CONTEXT('2D SPACE',''
  ) );
#4956 = PCURVE('',#126,#4957);
#4957 = DEFINITIONAL_REPRESENTATION('',(#4958),#4961);
#4958 = B_SPLINE_CURVE_WITH_KNOTS('',1,(#4959,#4960),.UNSPECIFIED.,.F.,
  .F.,(2,2),(-8.53776153809,-8.231585251085),.PIECEWISE_BEZIER_KNOTS.);
#4959 = CARTESIAN_POINT('',(-3.388830849467,29.6));
#4960 = CARTESIAN_POINT('',(-3.620658196267,29.4));
#4961 = ( GEOMETRIC_REPRESENTATION_CONTEXT(2) 
PARAMETRIC_REPRESENTATION_CONTEXT() REPRESENTATION_CONTEXT('2D SPACE',''
  ) );
#4962 = ORIENTED_EDGE('',*,*,#4963,.T.);
#4963 = EDGE_CURVE('',#4943,#4964,#4966,.T.);
#4964 = VERTEX_POINT('',#4965);
#4965 = CARTESIAN_POINT('',(60.701341803733,-19.6,57.94));
#4966 = SURFACE_CURVE('',#4967,(#4971,#4978),.PCURVE_S1.);
#4967 = LINE('',#4968,#4969);
#4968 = CARTESIAN_POINT('',(60.701341803733,-19.6,-200.));
#4969 = VECTOR('',#4970,1.);
#4970 = DIRECTION('',(0.,0.,1.));
#4971 = PCURVE('',#4907,#4972);
#4972 = DEFINITIONAL_REPRESENTATION('',(#4973),#4977);
#4973 = LINE('',#4974,#4975);
#4974 = CARTESIAN_POINT('',(0.,0.));
#4975 = VECTOR('',#4976,1.);
#4976 = DIRECTION('',(0.,-1.));
#4977 = ( GEOMETRIC_REPRESENTATION_CONTEXT(2) 
PARAMETRIC_REPRESENTATION_CONTEXT() REPRESENTATION_CONTEXT('2D SPACE',''
  ) );
#4978 = PCURVE('',#4979,#4984);
#4979 = PLANE('',#4980);
#4980 = AXIS2_PLACEMENT_3D('',#4981,#4982,#4983);
#4981 = CARTESIAN_POINT('',(60.467267090916,-19.8,-200.));
#4982 = DIRECTION('',(-0.649600737418,0.760275530282,0.));
#4983 = DIRECTION('',(0.760275530282,0.649600737418,0.));
#4984 = DEFINITIONAL_REPRESENTATION('',(#4985),#4989);
#4985 = LINE('',#4986,#4987);
#4986 = CARTESIAN_POINT('',(0.307881423896,0.));
#4987 = VECTOR('',#4988,1.);
#4988 = DIRECTION('',(0.,-1.));
#4989 = ( GEOMETRIC_REPRESENTATION_CONTEXT(2) 
PARAMETRIC_REPRESENTATION_CONTEXT() REPRESENTATION_CONTEXT('2D SPACE',''
  ) );
#4990 = ORIENTED_EDGE('',*,*,#4991,.F.);
#4991 = EDGE_CURVE('',#4892,#4964,#4992,.T.);
#4992 = SURFACE_CURVE('',#4993,(#4997,#5003),.PCURVE_S1.);
#4993 = LINE('',#4994,#4995);
#4994 = CARTESIAN_POINT('',(54.468636497314,-24.97702336885,57.94));
#4995 = VECTOR('',#4996,1.);
#4996 = DIRECTION('',(-0.757169502144,-0.653218451227,0.));
#4997 = PCURVE('',#4907,#4998);
#4998 = DEFINITIONAL_REPRESENTATION('',(#4999),#5002);
#4999 = B_SPLINE_CURVE_WITH_KNOTS('',1,(#5000,#5001),.UNSPECIFIED.,.F.,
  .F.,(2,2),(-8.53776153809,-8.231585251085),.PIECEWISE_BEZIER_KNOTS.);
#5000 = CARTESIAN_POINT('',(0.306176287005,-257.94));
#5001 = CARTESIAN_POINT('',(0.,-257.94));
#5002 = ( GEOMETRIC_REPRESENTATION_CONTEXT(2) 
PARAMETRIC_REPRESENTATION_CONTEXT() REPRESENTATION_CONTEXT('2D SPACE',''
  ) );
#5003 = PCURVE('',#70,#5004);
#5004 = DEFINITIONAL_REPRESENTATION('',(#5005),#5008);
#5005 = B_SPLINE_CURVE_WITH_KNOTS('',1,(#5006,#5007),.UNSPECIFIED.,.F.,
  .F.,(2,2),(-8.53776153809,-8.231585251085),.PIECEWISE_BEZIER_KNOTS.);
#5006 = CARTESIAN_POINT('',(-3.388830849467,29.6));
#5007 = CARTESIAN_POINT('',(-3.620658196267,29.4));
#5008 = ( GEOMETRIC_REPRESENTATION_CONTEXT(2) 
PARAMETRIC_REPRESENTATION_CONTEXT() REPRESENTATION_CONTEXT('2D SPACE',''
  ) );
#5009 = ORIENTED_EDGE('',*,*,#4891,.F.);
#5010 = ADVANCED_FACE('',(#5011),#4979,.T.);
#5011 = FACE_BOUND('',#5012,.T.);
#5012 = EDGE_LOOP('',(#5013,#5034,#5062,#5081));
#5013 = ORIENTED_EDGE('',*,*,#5014,.T.);
#5014 = EDGE_CURVE('',#4943,#5015,#5017,.T.);
#5015 = VERTEX_POINT('',#5016);
#5016 = CARTESIAN_POINT('',(60.467267090916,-19.8,-61.64));
#5017 = SURFACE_CURVE('',#5018,(#5022,#5028),.PCURVE_S1.);
#5018 = LINE('',#5019,#5020);
#5019 = CARTESIAN_POINT('',(54.370738335434,-25.00904516521,-61.64));
#5020 = VECTOR('',#5021,1.);
#5021 = DIRECTION('',(-0.760275530282,-0.649600737418,0.));
#5022 = PCURVE('',#4979,#5023);
#5023 = DEFINITIONAL_REPRESENTATION('',(#5024),#5027);
#5024 = B_SPLINE_CURVE_WITH_KNOTS('',1,(#5025,#5026),.UNSPECIFIED.,.F.,
  .F.,(2,2),(-8.326722636919,-8.018841213024),.PIECEWISE_BEZIER_KNOTS.);
#5025 = CARTESIAN_POINT('',(0.307881423896,-138.36));
#5026 = CARTESIAN_POINT('',(0.,-138.36));
#5027 = ( GEOMETRIC_REPRESENTATION_CONTEXT(2) 
PARAMETRIC_REPRESENTATION_CONTEXT() REPRESENTATION_CONTEXT('2D SPACE',''
  ) );
#5028 = PCURVE('',#126,#5029);
#5029 = DEFINITIONAL_REPRESENTATION('',(#5030),#5033);
#5030 = B_SPLINE_CURVE_WITH_KNOTS('',1,(#5031,#5032),.UNSPECIFIED.,.F.,
  .F.,(2,2),(-8.326722636919,-8.018841213024),.PIECEWISE_BEZIER_KNOTS.);
#5031 = CARTESIAN_POINT('',(-3.620658196267,29.4));
#5032 = CARTESIAN_POINT('',(-3.854732909084,29.2));
#5033 = ( GEOMETRIC_REPRESENTATION_CONTEXT(2) 
PARAMETRIC_REPRESENTATION_CONTEXT() REPRESENTATION_CONTEXT('2D SPACE',''
  ) );
#5034 = ORIENTED_EDGE('',*,*,#5035,.T.);
#5035 = EDGE_CURVE('',#5015,#5036,#5038,.T.);
#5036 = VERTEX_POINT('',#5037);
#5037 = CARTESIAN_POINT('',(60.467267090916,-19.8,57.94));
#5038 = SURFACE_CURVE('',#5039,(#5043,#5050),.PCURVE_S1.);
#5039 = LINE('',#5040,#5041);
#5040 = CARTESIAN_POINT('',(60.467267090916,-19.8,-200.));
#5041 = VECTOR('',#5042,1.);
#5042 = DIRECTION('',(0.,0.,1.));
#5043 = PCURVE('',#4979,#5044);
#5044 = DEFINITIONAL_REPRESENTATION('',(#5045),#5049);
#5045 = LINE('',#5046,#5047);
#5046 = CARTESIAN_POINT('',(0.,0.));
#5047 = VECTOR('',#5048,1.);
#5048 = DIRECTION('',(0.,-1.));
#5049 = ( GEOMETRIC_REPRESENTATION_CONTEXT(2) 
PARAMETRIC_REPRESENTATION_CONTEXT() REPRESENTATION_CONTEXT('2D SPACE',''
  ) );
#5050 = PCURVE('',#5051,#5056);
#5051 = PLANE('',#5052);
#5052 = AXIS2_PLACEMENT_3D('',#5053,#5054,#5055);
#5053 = CARTESIAN_POINT('',(60.230902493179,-20.,-200.));
#5054 = DIRECTION('',(-0.645940710402,0.763387580882,0.));
#5055 = DIRECTION('',(0.763387580882,0.645940710402,0.));
#5056 = DEFINITIONAL_REPRESENTATION('',(#5057),#5061);
#5057 = LINE('',#5058,#5059);
#5058 = CARTESIAN_POINT('',(0.309625940554,0.));
#5059 = VECTOR('',#5060,1.);
#5060 = DIRECTION('',(0.,-1.));
#5061 = ( GEOMETRIC_REPRESENTATION_CONTEXT(2) 
PARAMETRIC_REPRESENTATION_CONTEXT() REPRESENTATION_CONTEXT('2D SPACE',''
  ) );
#5062 = ORIENTED_EDGE('',*,*,#5063,.F.);
#5063 = EDGE_CURVE('',#4964,#5036,#5064,.T.);
#5064 = SURFACE_CURVE('',#5065,(#5069,#5075),.PCURVE_S1.);
#5065 = LINE('',#5066,#5067);
#5066 = CARTESIAN_POINT('',(54.370738335434,-25.00904516521,57.94));
#5067 = VECTOR('',#5068,1.);
#5068 = DIRECTION('',(-0.760275530282,-0.649600737418,0.));
#5069 = PCURVE('',#4979,#5070);
#5070 = DEFINITIONAL_REPRESENTATION('',(#5071),#5074);
#5071 = B_SPLINE_CURVE_WITH_KNOTS('',1,(#5072,#5073),.UNSPECIFIED.,.F.,
  .F.,(2,2),(-8.326722636919,-8.018841213024),.PIECEWISE_BEZIER_KNOTS.);
#5072 = CARTESIAN_POINT('',(0.307881423896,-257.94));
#5073 = CARTESIAN_POINT('',(0.,-257.94));
#5074 = ( GEOMETRIC_REPRESENTATION_CONTEXT(2) 
PARAMETRIC_REPRESENTATION_CONTEXT() REPRESENTATION_CONTEXT('2D SPACE',''
  ) );
#5075 = PCURVE('',#70,#5076);
#5076 = DEFINITIONAL_REPRESENTATION('',(#5077),#5080);
#5077 = B_SPLINE_CURVE_WITH_KNOTS('',1,(#5078,#5079),.UNSPECIFIED.,.F.,
  .F.,(2,2),(-8.326722636919,-8.018841213024),.PIECEWISE_BEZIER_KNOTS.);
#5078 = CARTESIAN_POINT('',(-3.620658196267,29.4));
#5079 = CARTESIAN_POINT('',(-3.854732909084,29.2));
#5080 = ( GEOMETRIC_REPRESENTATION_CONTEXT(2) 
PARAMETRIC_REPRESENTATION_CONTEXT() REPRESENTATION_CONTEXT('2D SPACE',''
  ) );
#5081 = ORIENTED_EDGE('',*,*,#4963,.F.);
#5082 = ADVANCED_FACE('',(#5083),#5051,.T.);
#5083 = FACE_BOUND('',#5084,.T.);
#5084 = EDGE_LOOP('',(#5085,#5106,#5134,#5153));
#5085 = ORIENTED_EDGE('',*,*,#5086,.T.);
#5086 = EDGE_CURVE('',#5015,#5087,#5089,.T.);
#5087 = VERTEX_POINT('',#5088);
#5088 = CARTESIAN_POINT('',(60.230902493179,-20.,-61.64));
#5089 = SURFACE_CURVE('',#5090,(#5094,#5100),.PCURVE_S1.);
#5090 = LINE('',#5091,#5092);
#5091 = CARTESIAN_POINT('',(54.272972522821,-25.04130485477,-61.64));
#5092 = VECTOR('',#5093,1.);
#5093 = DIRECTION('',(-0.763387580882,-0.645940710402,0.));
#5094 = PCURVE('',#5051,#5095);
#5095 = DEFINITIONAL_REPRESENTATION('',(#5096),#5099);
#5096 = B_SPLINE_CURVE_WITH_KNOTS('',1,(#5097,#5098),.UNSPECIFIED.,.F.,
  .F.,(2,2),(-8.114219726938,-7.804593786385),.PIECEWISE_BEZIER_KNOTS.);
#5097 = CARTESIAN_POINT('',(0.309625940554,-138.36));
#5098 = CARTESIAN_POINT('',(0.,-138.36));
#5099 = ( GEOMETRIC_REPRESENTATION_CONTEXT(2) 
PARAMETRIC_REPRESENTATION_CONTEXT() REPRESENTATION_CONTEXT('2D SPACE',''
  ) );
#5100 = PCURVE('',#126,#5101);
#5101 = DEFINITIONAL_REPRESENTATION('',(#5102),#5105);
#5102 = B_SPLINE_CURVE_WITH_KNOTS('',1,(#5103,#5104),.UNSPECIFIED.,.F.,
  .F.,(2,2),(-8.114219726938,-7.804593786385),.PIECEWISE_BEZIER_KNOTS.);
#5103 = CARTESIAN_POINT('',(-3.854732909084,29.2));
#5104 = CARTESIAN_POINT('',(-4.091097506821,29.));
#5105 = ( GEOMETRIC_REPRESENTATION_CONTEXT(2) 
PARAMETRIC_REPRESENTATION_CONTEXT() REPRESENTATION_CONTEXT('2D SPACE',''
  ) );
#5106 = ORIENTED_EDGE('',*,*,#5107,.T.);
#5107 = EDGE_CURVE('',#5087,#5108,#5110,.T.);
#5108 = VERTEX_POINT('',#5109);
#5109 = CARTESIAN_POINT('',(60.230902493179,-20.,57.94));
#5110 = SURFACE_CURVE('',#5111,(#5115,#5122),.PCURVE_S1.);
#5111 = LINE('',#5112,#5113);
#5112 = CARTESIAN_POINT('',(60.230902493179,-20.,-200.));
#5113 = VECTOR('',#5114,1.);
#5114 = DIRECTION('',(0.,0.,1.));
#5115 = PCURVE('',#5051,#5116);
#5116 = DEFINITIONAL_REPRESENTATION('',(#5117),#5121);
#5117 = LINE('',#5118,#5119);
#5118 = CARTESIAN_POINT('',(0.,0.));
#5119 = VECTOR('',#5120,1.);
#5120 = DIRECTION('',(0.,-1.));
#5121 = ( GEOMETRIC_REPRESENTATION_CONTEXT(2) 
PARAMETRIC_REPRESENTATION_CONTEXT() REPRESENTATION_CONTEXT('2D SPACE',''
  ) );
#5122 = PCURVE('',#5123,#5128);
#5123 = PLANE('',#5124);
#5124 = AXIS2_PLACEMENT_3D('',#5125,#5126,#5127);
#5125 = CARTESIAN_POINT('',(59.992192264786,-20.2,-200.));
#5126 = DIRECTION('',(-0.642218991664,0.766521210891,0.));
#5127 = DIRECTION('',(0.766521210891,0.642218991664,0.));
#5128 = DEFINITIONAL_REPRESENTATION('',(#5129),#5133);
#5129 = LINE('',#5130,#5131);
#5130 = CARTESIAN_POINT('',(0.311420251652,0.));
#5131 = VECTOR('',#5132,1.);
#5132 = DIRECTION('',(0.,-1.));
#5133 = ( GEOMETRIC_REPRESENTATION_CONTEXT(2) 
PARAMETRIC_REPRESENTATION_CONTEXT() REPRESENTATION_CONTEXT('2D SPACE',''
  ) );
#5134 = ORIENTED_EDGE('',*,*,#5135,.F.);
#5135 = EDGE_CURVE('',#5036,#5108,#5136,.T.);
#5136 = SURFACE_CURVE('',#5137,(#5141,#5147),.PCURVE_S1.);
#5137 = LINE('',#5138,#5139);
#5138 = CARTESIAN_POINT('',(54.272972522821,-25.04130485477,57.94));
#5139 = VECTOR('',#5140,1.);
#5140 = DIRECTION('',(-0.763387580882,-0.645940710402,0.));
#5141 = PCURVE('',#5051,#5142);
#5142 = DEFINITIONAL_REPRESENTATION('',(#5143),#5146);
#5143 = B_SPLINE_CURVE_WITH_KNOTS('',1,(#5144,#5145),.UNSPECIFIED.,.F.,
  .F.,(2,2),(-8.114219726938,-7.804593786385),.PIECEWISE_BEZIER_KNOTS.);
#5144 = CARTESIAN_POINT('',(0.309625940554,-257.94));
#5145 = CARTESIAN_POINT('',(0.,-257.94));
#5146 = ( GEOMETRIC_REPRESENTATION_CONTEXT(2) 
PARAMETRIC_REPRESENTATION_CONTEXT() REPRESENTATION_CONTEXT('2D SPACE',''
  ) );
#5147 = PCURVE('',#70,#5148);
#5148 = DEFINITIONAL_REPRESENTATION('',(#5149),#5152);
#5149 = B_SPLINE_CURVE_WITH_KNOTS('',1,(#5150,#5151),.UNSPECIFIED.,.F.,
  .F.,(2,2),(-8.114219726938,-7.804593786385),.PIECEWISE_BEZIER_KNOTS.);
#5150 = CARTESIAN_POINT('',(-3.854732909084,29.2));
#5151 = CARTESIAN_POINT('',(-4.091097506821,29.));
#5152 = ( GEOMETRIC_REPRESENTATION_CONTEXT(2) 
PARAMETRIC_REPRESENTATION_CONTEXT() REPRESENTATION_CONTEXT('2D SPACE',''
  ) );
#5153 = ORIENTED_EDGE('',*,*,#5035,.F.);
#5154 = ADVANCED_FACE('',(#5155),#5123,.T.);
#5155 = FACE_BOUND('',#5156,.T.);
#5156 = EDGE_LOOP('',(#5157,#5178,#5206,#5225));
#5157 = ORIENTED_EDGE('',*,*,#5158,.T.);
#5158 = EDGE_CURVE('',#5087,#5159,#5161,.T.);
#5159 = VERTEX_POINT('',#5160);
#5160 = CARTESIAN_POINT('',(59.992192264786,-20.2,-61.64));
#5161 = SURFACE_CURVE('',#5162,(#5166,#5172),.PCURVE_S1.);
#5162 = LINE('',#5163,#5164);
#5163 = CARTESIAN_POINT('',(54.175439352018,-25.07348443503,-61.64));
#5164 = VECTOR('',#5165,1.);
#5165 = DIRECTION('',(-0.766521210891,-0.642218991664,0.));
#5166 = PCURVE('',#5123,#5167);
#5167 = DEFINITIONAL_REPRESENTATION('',(#5168),#5171);
#5168 = B_SPLINE_CURVE_WITH_KNOTS('',1,(#5169,#5170),.UNSPECIFIED.,.F.,
  .F.,(2,2),(-7.899928997558,-7.588508745905),.PIECEWISE_BEZIER_KNOTS.);
#5169 = CARTESIAN_POINT('',(0.311420251652,-138.36));
#5170 = CARTESIAN_POINT('',(0.,-138.36));
#5171 = ( GEOMETRIC_REPRESENTATION_CONTEXT(2) 
PARAMETRIC_REPRESENTATION_CONTEXT() REPRESENTATION_CONTEXT('2D SPACE',''
  ) );
#5172 = PCURVE('',#126,#5173);
#5173 = DEFINITIONAL_REPRESENTATION('',(#5174),#5177);
#5174 = B_SPLINE_CURVE_WITH_KNOTS('',1,(#5175,#5176),.UNSPECIFIED.,.F.,
  .F.,(2,2),(-7.899928997558,-7.588508745905),.PIECEWISE_BEZIER_KNOTS.);
#5175 = CARTESIAN_POINT('',(-4.091097506821,29.));
#5176 = CARTESIAN_POINT('',(-4.329807735214,28.8));
#5177 = ( GEOMETRIC_REPRESENTATION_CONTEXT(2) 
PARAMETRIC_REPRESENTATION_CONTEXT() REPRESENTATION_CONTEXT('2D SPACE',''
  ) );
#5178 = ORIENTED_EDGE('',*,*,#5179,.T.);
#5179 = EDGE_CURVE('',#5159,#5180,#5182,.T.);
#5180 = VERTEX_POINT('',#5181);
#5181 = CARTESIAN_POINT('',(59.992192264786,-20.2,57.94));
#5182 = SURFACE_CURVE('',#5183,(#5187,#5194),.PCURVE_S1.);
#5183 = LINE('',#5184,#5185);
#5184 = CARTESIAN_POINT('',(59.992192264786,-20.2,-200.));
#5185 = VECTOR('',#5186,1.);
#5186 = DIRECTION('',(0.,0.,1.));
#5187 = PCURVE('',#5123,#5188);
#5188 = DEFINITIONAL_REPRESENTATION('',(#5189),#5193);
#5189 = LINE('',#5190,#5191);
#5190 = CARTESIAN_POINT('',(0.,0.));
#5191 = VECTOR('',#5192,1.);
#5192 = DIRECTION('',(0.,-1.));
#5193 = ( GEOMETRIC_REPRESENTATION_CONTEXT(2) 
PARAMETRIC_REPRESENTATION_CONTEXT() REPRESENTATION_CONTEXT('2D SPACE',''
  ) );
#5194 = PCURVE('',#5195,#5200);
#5195 = PLANE('',#5196);
#5196 = AXIS2_PLACEMENT_3D('',#5197,#5198,#5199);
#5197 = CARTESIAN_POINT('',(59.751071434376,-20.4,-200.));
#5198 = DIRECTION('',(-0.638423136616,0.76968558427,0.));
#5199 = DIRECTION('',(0.76968558427,0.638423136616,0.));
#5200 = DEFINITIONAL_REPRESENTATION('',(#5201),#5205);
#5201 = LINE('',#5202,#5203);
#5202 = CARTESIAN_POINT('',(0.313271854557,0.));
#5203 = VECTOR('',#5204,1.);
#5204 = DIRECTION('',(0.,-1.));
#5205 = ( GEOMETRIC_REPRESENTATION_CONTEXT(2) 
PARAMETRIC_REPRESENTATION_CONTEXT() REPRESENTATION_CONTEXT('2D SPACE',''
  ) );
#5206 = ORIENTED_EDGE('',*,*,#5207,.F.);
#5207 = EDGE_CURVE('',#5108,#5180,#5208,.T.);
#5208 = SURFACE_CURVE('',#5209,(#5213,#5219),.PCURVE_S1.);
#5209 = LINE('',#5210,#5211);
#5210 = CARTESIAN_POINT('',(54.175439352018,-25.07348443503,57.94));
#5211 = VECTOR('',#5212,1.);
#5212 = DIRECTION('',(-0.766521210891,-0.642218991664,0.));
#5213 = PCURVE('',#5123,#5214);
#5214 = DEFINITIONAL_REPRESENTATION('',(#5215),#5218);
#5215 = B_SPLINE_CURVE_WITH_KNOTS('',1,(#5216,#5217),.UNSPECIFIED.,.F.,
  .F.,(2,2),(-7.899928997558,-7.588508745905),.PIECEWISE_BEZIER_KNOTS.);
#5216 = CARTESIAN_POINT('',(0.311420251652,-257.94));
#5217 = CARTESIAN_POINT('',(0.,-257.94));
#5218 = ( GEOMETRIC_REPRESENTATION_CONTEXT(2) 
PARAMETRIC_REPRESENTATION_CONTEXT() REPRESENTATION_CONTEXT('2D SPACE',''
  ) );
#5219 = PCURVE('',#70,#5220);
#5220 = DEFINITIONAL_REPRESENTATION('',(#5221),#5224);
#5221 = B_SPLINE_CURVE_WITH_KNOTS('',1,(#5222,#5223),.UNSPECIFIED.,.F.,
  .F.,(2,2),(-7.899928997558,-7.588508745905),.PIECEWISE_BEZIER_KNOTS.);
#5222 = CARTESIAN_POINT('',(-4.091097506821,29.));
#5223 = CARTESIAN_POINT('',(-4.329807735214,28.8));
#5224 = ( GEOMETRIC_REPRESENTATION_CONTEXT(2) 
PARAMETRIC_REPRESENTATION_CONTEXT() REPRESENTATION_CONTEXT('2D SPACE',''
  ) );
#5225 = ORIENTED_EDGE('',*,*,#5107,.F.);
#5226 = ADVANCED_FACE('',(#5227),#5195,.T.);
#5227 = FACE_BOUND('',#5228,.T.);
#5228 = EDGE_LOOP('',(#5229,#5250,#5278,#5297));
#5229 = ORIENTED_EDGE('',*,*,#5230,.T.);
#5230 = EDGE_CURVE('',#5159,#5231,#5233,.T.);
#5231 = VERTEX_POINT('',#5232);
#5232 = CARTESIAN_POINT('',(59.751071434376,-20.4,-61.64));
#5233 = SURFACE_CURVE('',#5234,(#5238,#5244),.PCURVE_S1.);
#5234 = LINE('',#5235,#5236);
#5235 = CARTESIAN_POINT('',(54.078210096948,-25.10540958885,-61.64));
#5236 = VECTOR('',#5237,1.);
#5237 = DIRECTION('',(-0.76968558427,-0.638423136616,0.));
#5238 = PCURVE('',#5195,#5239);
#5239 = DEFINITIONAL_REPRESENTATION('',(#5240),#5243);
#5240 = B_SPLINE_CURVE_WITH_KNOTS('',1,(#5241,#5242),.UNSPECIFIED.,.F.,
  .F.,(2,2),(-7.683633796318,-7.37036194176),.PIECEWISE_BEZIER_KNOTS.);
#5241 = CARTESIAN_POINT('',(0.313271854557,-138.36));
#5242 = CARTESIAN_POINT('',(0.,-138.36));
#5243 = ( GEOMETRIC_REPRESENTATION_CONTEXT(2) 
PARAMETRIC_REPRESENTATION_CONTEXT() REPRESENTATION_CONTEXT('2D SPACE',''
  ) );
#5244 = PCURVE('',#126,#5245);
#5245 = DEFINITIONAL_REPRESENTATION('',(#5246),#5249);
#5246 = B_SPLINE_CURVE_WITH_KNOTS('',1,(#5247,#5248),.UNSPECIFIED.,.F.,
  .F.,(2,2),(-7.683633796318,-7.37036194176),.PIECEWISE_BEZIER_KNOTS.);
#5247 = CARTESIAN_POINT('',(-4.329807735214,28.8));
#5248 = CARTESIAN_POINT('',(-4.570928565624,28.6));
#5249 = ( GEOMETRIC_REPRESENTATION_CONTEXT(2) 
PARAMETRIC_REPRESENTATION_CONTEXT() REPRESENTATION_CONTEXT('2D SPACE',''
  ) );
#5250 = ORIENTED_EDGE('',*,*,#5251,.T.);
#5251 = EDGE_CURVE('',#5231,#5252,#5254,.T.);
#5252 = VERTEX_POINT('',#5253);
#5253 = CARTESIAN_POINT('',(59.751071434376,-20.4,57.94));
#5254 = SURFACE_CURVE('',#5255,(#5259,#5266),.PCURVE_S1.);
#5255 = LINE('',#5256,#5257);
#5256 = CARTESIAN_POINT('',(59.751071434376,-20.4,-200.));
#5257 = VECTOR('',#5258,1.);
#5258 = DIRECTION('',(0.,0.,1.));
#5259 = PCURVE('',#5195,#5260);
#5260 = DEFINITIONAL_REPRESENTATION('',(#5261),#5265);
#5261 = LINE('',#5262,#5263);
#5262 = CARTESIAN_POINT('',(0.,0.));
#5263 = VECTOR('',#5264,1.);
#5264 = DIRECTION('',(0.,-1.));
#5265 = ( GEOMETRIC_REPRESENTATION_CONTEXT(2) 
PARAMETRIC_REPRESENTATION_CONTEXT() REPRESENTATION_CONTEXT('2D SPACE',''
  ) );
#5266 = PCURVE('',#5267,#5272);
#5267 = PLANE('',#5268);
#5268 = AXIS2_PLACEMENT_3D('',#5269,#5270,#5271);
#5269 = CARTESIAN_POINT('',(59.507467728362,-20.6,-200.));
#5270 = DIRECTION('',(-0.634544190943,0.772886582715,0.));
#5271 = DIRECTION('',(0.772886582715,0.634544190943,0.));
#5272 = DEFINITIONAL_REPRESENTATION('',(#5273),#5277);
#5273 = LINE('',#5274,#5275);
#5274 = CARTESIAN_POINT('',(0.315186874066,0.));
#5275 = VECTOR('',#5276,1.);
#5276 = DIRECTION('',(0.,-1.));
#5277 = ( GEOMETRIC_REPRESENTATION_CONTEXT(2) 
PARAMETRIC_REPRESENTATION_CONTEXT() REPRESENTATION_CONTEXT('2D SPACE',''
  ) );
#5278 = ORIENTED_EDGE('',*,*,#5279,.F.);
#5279 = EDGE_CURVE('',#5180,#5252,#5280,.T.);
#5280 = SURFACE_CURVE('',#5281,(#5285,#5291),.PCURVE_S1.);
#5281 = LINE('',#5282,#5283);
#5282 = CARTESIAN_POINT('',(54.078210096948,-25.10540958885,57.94));
#5283 = VECTOR('',#5284,1.);
#5284 = DIRECTION('',(-0.76968558427,-0.638423136616,0.));
#5285 = PCURVE('',#5195,#5286);
#5286 = DEFINITIONAL_REPRESENTATION('',(#5287),#5290);
#5287 = B_SPLINE_CURVE_WITH_KNOTS('',1,(#5288,#5289),.UNSPECIFIED.,.F.,
  .F.,(2,2),(-7.683633796318,-7.37036194176),.PIECEWISE_BEZIER_KNOTS.);
#5288 = CARTESIAN_POINT('',(0.313271854557,-257.94));
#5289 = CARTESIAN_POINT('',(0.,-257.94));
#5290 = ( GEOMETRIC_REPRESENTATION_CONTEXT(2) 
PARAMETRIC_REPRESENTATION_CONTEXT() REPRESENTATION_CONTEXT('2D SPACE',''
  ) );
#5291 = PCURVE('',#70,#5292);
#5292 = DEFINITIONAL_REPRESENTATION('',(#5293),#5296);
#5293 = B_SPLINE_CURVE_WITH_KNOTS('',1,(#5294,#5295),.UNSPECIFIED.,.F.,
  .F.,(2,2),(-7.683633796318,-7.37036194176),.PIECEWISE_BEZIER_KNOTS.);
#5294 = CARTESIAN_POINT('',(-4.329807735214,28.8));
#5295 = CARTESIAN_POINT('',(-4.570928565624,28.6));
#5296 = ( GEOMETRIC_REPRESENTATION_CONTEXT(2) 
PARAMETRIC_REPRESENTATION_CONTEXT() REPRESENTATION_CONTEXT('2D SPACE',''
  ) );
#5297 = ORIENTED_EDGE('',*,*,#5179,.F.);
#5298 = ADVANCED_FACE('',(#5299),#5267,.T.);
#5299 = FACE_BOUND('',#5300,.T.);
#5300 = EDGE_LOOP('',(#5301,#5322,#5350,#5369));
#5301 = ORIENTED_EDGE('',*,*,#5302,.T.);
#5302 = EDGE_CURVE('',#5231,#5303,#5305,.T.);
#5303 = VERTEX_POINT('',#5304);
#5304 = CARTESIAN_POINT('',(59.507467728362,-20.6,-61.64));
#5305 = SURFACE_CURVE('',#5306,(#5310,#5316),.PCURVE_S1.);
#5306 = LINE('',#5307,#5308);
#5307 = CARTESIAN_POINT('',(53.981341171901,-25.1369806945,-61.64));
#5308 = VECTOR('',#5309,1.);
#5309 = DIRECTION('',(-0.772886582715,-0.634544190943,0.));
#5310 = PCURVE('',#5267,#5311);
#5311 = DEFINITIONAL_REPRESENTATION('',(#5312),#5315);
#5312 = B_SPLINE_CURVE_WITH_KNOTS('',1,(#5313,#5314),.UNSPECIFIED.,.F.,
  .F.,(2,2),(-7.465170688055,-7.149983813989),.PIECEWISE_BEZIER_KNOTS.);
#5313 = CARTESIAN_POINT('',(0.315186874066,-138.36));
#5314 = CARTESIAN_POINT('',(0.,-138.36));
#5315 = ( GEOMETRIC_REPRESENTATION_CONTEXT(2) 
PARAMETRIC_REPRESENTATION_CONTEXT() REPRESENTATION_CONTEXT('2D SPACE',''
  ) );
#5316 = PCURVE('',#126,#5317);
#5317 = DEFINITIONAL_REPRESENTATION('',(#5318),#5321);
#5318 = B_SPLINE_CURVE_WITH_KNOTS('',1,(#5319,#5320),.UNSPECIFIED.,.F.,
  .F.,(2,2),(-7.465170688055,-7.149983813989),.PIECEWISE_BEZIER_KNOTS.);
#5319 = CARTESIAN_POINT('',(-4.570928565624,28.6));
#5320 = CARTESIAN_POINT('',(-4.814532271638,28.4));
#5321 = ( GEOMETRIC_REPRESENTATION_CONTEXT(2) 
PARAMETRIC_REPRESENTATION_CONTEXT() REPRESENTATION_CONTEXT('2D SPACE',''
  ) );
#5322 = ORIENTED_EDGE('',*,*,#5323,.T.);
#5323 = EDGE_CURVE('',#5303,#5324,#5326,.T.);
#5324 = VERTEX_POINT('',#5325);
#5325 = CARTESIAN_POINT('',(59.507467728362,-20.6,57.94));
#5326 = SURFACE_CURVE('',#5327,(#5331,#5338),.PCURVE_S1.);
#5327 = LINE('',#5328,#5329);
#5328 = CARTESIAN_POINT('',(59.507467728362,-20.6,-200.));
#5329 = VECTOR('',#5330,1.);
#5330 = DIRECTION('',(0.,0.,1.));
#5331 = PCURVE('',#5267,#5332);
#5332 = DEFINITIONAL_REPRESENTATION('',(#5333),#5337);
#5333 = LINE('',#5334,#5335);
#5334 = CARTESIAN_POINT('',(0.,0.));
#5335 = VECTOR('',#5336,1.);
#5336 = DIRECTION('',(0.,-1.));
#5337 = ( GEOMETRIC_REPRESENTATION_CONTEXT(2) 
PARAMETRIC_REPRESENTATION_CONTEXT() REPRESENTATION_CONTEXT('2D SPACE',''
  ) );
#5338 = PCURVE('',#5339,#5344);
#5339 = PLANE('',#5340);
#5340 = AXIS2_PLACEMENT_3D('',#5341,#5342,#5343);
#5341 = CARTESIAN_POINT('',(59.261305026916,-20.8,-200.));
#5342 = DIRECTION('',(-0.630578960715,0.776125102225,0.));
#5343 = DIRECTION('',(0.776125102225,0.630578960715,0.));
#5344 = DEFINITIONAL_REPRESENTATION('',(#5345),#5349);
#5345 = LINE('',#5346,#5347);
#5346 = CARTESIAN_POINT('',(0.317168843967,0.));
#5347 = VECTOR('',#5348,1.);
#5348 = DIRECTION('',(0.,-1.));
#5349 = ( GEOMETRIC_REPRESENTATION_CONTEXT(2) 
PARAMETRIC_REPRESENTATION_CONTEXT() REPRESENTATION_CONTEXT('2D SPACE',''
  ) );
#5350 = ORIENTED_EDGE('',*,*,#5351,.F.);
#5351 = EDGE_CURVE('',#5252,#5324,#5352,.T.);
#5352 = SURFACE_CURVE('',#5353,(#5357,#5363),.PCURVE_S1.);
#5353 = LINE('',#5354,#5355);
#5354 = CARTESIAN_POINT('',(53.981341171901,-25.1369806945,57.94));
#5355 = VECTOR('',#5356,1.);
#5356 = DIRECTION('',(-0.772886582715,-0.634544190943,0.));
#5357 = PCURVE('',#5267,#5358);
#5358 = DEFINITIONAL_REPRESENTATION('',(#5359),#5362);
#5359 = B_SPLINE_CURVE_WITH_KNOTS('',1,(#5360,#5361),.UNSPECIFIED.,.F.,
  .F.,(2,2),(-7.465170688055,-7.149983813989),.PIECEWISE_BEZIER_KNOTS.);
#5360 = CARTESIAN_POINT('',(0.315186874066,-257.94));
#5361 = CARTESIAN_POINT('',(0.,-257.94));
#5362 = ( GEOMETRIC_REPRESENTATION_CONTEXT(2) 
PARAMETRIC_REPRESENTATION_CONTEXT() REPRESENTATION_CONTEXT('2D SPACE',''
  ) );
#5363 = PCURVE('',#70,#5364);
#5364 = DEFINITIONAL_REPRESENTATION('',(#5365),#5368);
#5365 = B_SPLINE_CURVE_WITH_KNOTS('',1,(#5366,#5367),.UNSPECIFIED.,.F.,
  .F.,(2,2),(-7.465170688055,-7.149983813989),.PIECEWISE_BEZIER_KNOTS.);
#5366 = CARTESIAN_POINT('',(-4.570928565624,28.6));
#5367 = CARTESIAN_POINT('',(-4.814532271638,28.4));
#5368 = ( GEOMETRIC_REPRESENTATION_CONTEXT(2) 
PARAMETRIC_REPRESENTATION_CONTEXT() REPRESENTATION_CONTEXT('2D SPACE',''
  ) );
#5369 = ORIENTED_EDGE('',*,*,#5251,.F.);
#5370 = ADVANCED_FACE('',(#5371),#5339,.T.);
#5371 = FACE_BOUND('',#5372,.T.);
#5372 = EDGE_LOOP('',(#5373,#5394,#5422,#5441));
#5373 = ORIENTED_EDGE('',*,*,#5374,.T.);
#5374 = EDGE_CURVE('',#5303,#5375,#5377,.T.);
#5375 = VERTEX_POINT('',#5376);
#5376 = CARTESIAN_POINT('',(59.261305026916,-20.8,-61.64));
#5377 = SURFACE_CURVE('',#5378,(#5382,#5388),.PCURVE_S1.);
#5378 = LINE('',#5379,#5380);
#5379 = CARTESIAN_POINT('',(53.884855822554,-25.1682078339,-61.64));
#5380 = VECTOR('',#5381,1.);
#5381 = DIRECTION('',(-0.776125102225,-0.630578960715,0.));
#5382 = PCURVE('',#5339,#5383);
#5383 = DEFINITIONAL_REPRESENTATION('',(#5384),#5387);
#5384 = B_SPLINE_CURVE_WITH_KNOTS('',1,(#5385,#5386),.UNSPECIFIED.,.F.,
  .F.,(2,2),(-7.244465988398,-6.927297144431),.PIECEWISE_BEZIER_KNOTS.);
#5385 = CARTESIAN_POINT('',(0.317168843967,-138.36));
#5386 = CARTESIAN_POINT('',(0.,-138.36));
#5387 = ( GEOMETRIC_REPRESENTATION_CONTEXT(2) 
PARAMETRIC_REPRESENTATION_CONTEXT() REPRESENTATION_CONTEXT('2D SPACE',''
  ) );
#5388 = PCURVE('',#126,#5389);
#5389 = DEFINITIONAL_REPRESENTATION('',(#5390),#5393);
#5390 = B_SPLINE_CURVE_WITH_KNOTS('',1,(#5391,#5392),.UNSPECIFIED.,.F.,
  .F.,(2,2),(-7.244465988398,-6.927297144431),.PIECEWISE_BEZIER_KNOTS.);
#5391 = CARTESIAN_POINT('',(-4.814532271638,28.4));
#5392 = CARTESIAN_POINT('',(-5.060694973084,28.2));
#5393 = ( GEOMETRIC_REPRESENTATION_CONTEXT(2) 
PARAMETRIC_REPRESENTATION_CONTEXT() REPRESENTATION_CONTEXT('2D SPACE',''
  ) );
#5394 = ORIENTED_EDGE('',*,*,#5395,.T.);
#5395 = EDGE_CURVE('',#5375,#5396,#5398,.T.);
#5396 = VERTEX_POINT('',#5397);
#5397 = CARTESIAN_POINT('',(59.261305026916,-20.8,57.94));
#5398 = SURFACE_CURVE('',#5399,(#5403,#5410),.PCURVE_S1.);
#5399 = LINE('',#5400,#5401);
#5400 = CARTESIAN_POINT('',(59.261305026916,-20.8,-200.));
#5401 = VECTOR('',#5402,1.);
#5402 = DIRECTION('',(0.,0.,1.));
#5403 = PCURVE('',#5339,#5404);
#5404 = DEFINITIONAL_REPRESENTATION('',(#5405),#5409);
#5405 = LINE('',#5406,#5407);
#5406 = CARTESIAN_POINT('',(0.,0.));
#5407 = VECTOR('',#5408,1.);
#5408 = DIRECTION('',(0.,-1.));
#5409 = ( GEOMETRIC_REPRESENTATION_CONTEXT(2) 
PARAMETRIC_REPRESENTATION_CONTEXT() REPRESENTATION_CONTEXT('2D SPACE',''
  ) );
#5410 = PCURVE('',#5411,#5416);
#5411 = PLANE('',#5412);
#5412 = AXIS2_PLACEMENT_3D('',#5413,#5414,#5415);
#5413 = CARTESIAN_POINT('',(59.012505825285,-21.,-200.));
#5414 = DIRECTION('',(-0.626528284085,0.779398684398,0.));
#5415 = DIRECTION('',(0.779398684398,0.626528284085,0.));
#5416 = DEFINITIONAL_REPRESENTATION('',(#5417),#5421);
#5417 = LINE('',#5418,#5419);
#5418 = CARTESIAN_POINT('',(0.319219427248,0.));
#5419 = VECTOR('',#5420,1.);
#5420 = DIRECTION('',(0.,-1.));
#5421 = ( GEOMETRIC_REPRESENTATION_CONTEXT(2) 
PARAMETRIC_REPRESENTATION_CONTEXT() REPRESENTATION_CONTEXT('2D SPACE',''
  ) );
#5422 = ORIENTED_EDGE('',*,*,#5423,.F.);
#5423 = EDGE_CURVE('',#5324,#5396,#5424,.T.);
#5424 = SURFACE_CURVE('',#5425,(#5429,#5435),.PCURVE_S1.);
#5425 = LINE('',#5426,#5427);
#5426 = CARTESIAN_POINT('',(53.884855822554,-25.1682078339,57.94));
#5427 = VECTOR('',#5428,1.);
#5428 = DIRECTION('',(-0.776125102225,-0.630578960715,0.));
#5429 = PCURVE('',#5339,#5430);
#5430 = DEFINITIONAL_REPRESENTATION('',(#5431),#5434);
#5431 = B_SPLINE_CURVE_WITH_KNOTS('',1,(#5432,#5433),.UNSPECIFIED.,.F.,
  .F.,(2,2),(-7.244465988398,-6.927297144431),.PIECEWISE_BEZIER_KNOTS.);
#5432 = CARTESIAN_POINT('',(0.317168843967,-257.94));
#5433 = CARTESIAN_POINT('',(0.,-257.94));
#5434 = ( GEOMETRIC_REPRESENTATION_CONTEXT(2) 
PARAMETRIC_REPRESENTATION_CONTEXT() REPRESENTATION_CONTEXT('2D SPACE',''
  ) );
#5435 = PCURVE('',#70,#5436);
#5436 = DEFINITIONAL_REPRESENTATION('',(#5437),#5440);
#5437 = B_SPLINE_CURVE_WITH_KNOTS('',1,(#5438,#5439),.UNSPECIFIED.,.F.,
  .F.,(2,2),(-7.244465988398,-6.927297144431),.PIECEWISE_BEZIER_KNOTS.);
#5438 = CARTESIAN_POINT('',(-4.814532271638,28.4));
#5439 = CARTESIAN_POINT('',(-5.060694973084,28.2));
#5440 = ( GEOMETRIC_REPRESENTATION_CONTEXT(2) 
PARAMETRIC_REPRESENTATION_CONTEXT() REPRESENTATION_CONTEXT('2D SPACE',''
  ) );
#5441 = ORIENTED_EDGE('',*,*,#5323,.F.);
#5442 = ADVANCED_FACE('',(#5443),#5411,.T.);
#5443 = FACE_BOUND('',#5444,.T.);
#5444 = EDGE_LOOP('',(#5445,#5466,#5494,#5513));
#5445 = ORIENTED_EDGE('',*,*,#5446,.T.);
#5446 = EDGE_CURVE('',#5375,#5447,#5449,.T.);
#5447 = VERTEX_POINT('',#5448);
#5448 = CARTESIAN_POINT('',(59.012505825285,-21.,-61.64));
#5449 = SURFACE_CURVE('',#5450,(#5454,#5460),.PCURVE_S1.);
#5450 = LINE('',#5451,#5452);
#5451 = CARTESIAN_POINT('',(53.788750136466,-25.19917399619,-61.64));
#5452 = VECTOR('',#5453,1.);
#5453 = DIRECTION('',(-0.779398684398,-0.626528284085,0.));
#5454 = PCURVE('',#5411,#5455);
#5455 = DEFINITIONAL_REPRESENTATION('',(#5456),#5459);
#5456 = B_SPLINE_CURVE_WITH_KNOTS('',1,(#5457,#5458),.UNSPECIFIED.,.F.,
  .F.,(2,2),(-7.021509017142,-6.702289589895),.PIECEWISE_BEZIER_KNOTS.);
#5457 = CARTESIAN_POINT('',(0.319219427248,-138.36));
#5458 = CARTESIAN_POINT('',(0.,-138.36));
#5459 = ( GEOMETRIC_REPRESENTATION_CONTEXT(2) 
PARAMETRIC_REPRESENTATION_CONTEXT() REPRESENTATION_CONTEXT('2D SPACE',''
  ) );
#5460 = PCURVE('',#126,#5461);
#5461 = DEFINITIONAL_REPRESENTATION('',(#5462),#5465);
#5462 = B_SPLINE_CURVE_WITH_KNOTS('',1,(#5463,#5464),.UNSPECIFIED.,.F.,
  .F.,(2,2),(-7.021509017142,-6.702289589895),.PIECEWISE_BEZIER_KNOTS.);
#5463 = CARTESIAN_POINT('',(-5.060694973084,28.2));
#5464 = CARTESIAN_POINT('',(-5.309494174715,28.));
#5465 = ( GEOMETRIC_REPRESENTATION_CONTEXT(2) 
PARAMETRIC_REPRESENTATION_CONTEXT() REPRESENTATION_CONTEXT('2D SPACE',''
  ) );
#5466 = ORIENTED_EDGE('',*,*,#5467,.T.);
#5467 = EDGE_CURVE('',#5447,#5468,#5470,.T.);
#5468 = VERTEX_POINT('',#5469);
#5469 = CARTESIAN_POINT('',(59.012505825285,-21.,57.94));
#5470 = SURFACE_CURVE('',#5471,(#5475,#5482),.PCURVE_S1.);
#5471 = LINE('',#5472,#5473);
#5472 = CARTESIAN_POINT('',(59.012505825285,-21.,-200.));
#5473 = VECTOR('',#5474,1.);
#5474 = DIRECTION('',(0.,0.,1.));
#5475 = PCURVE('',#5411,#5476);
#5476 = DEFINITIONAL_REPRESENTATION('',(#5477),#5481);
#5477 = LINE('',#5478,#5479);
#5478 = CARTESIAN_POINT('',(0.,0.));
#5479 = VECTOR('',#5480,1.);
#5480 = DIRECTION('',(0.,-1.));
#5481 = ( GEOMETRIC_REPRESENTATION_CONTEXT(2) 
PARAMETRIC_REPRESENTATION_CONTEXT() REPRESENTATION_CONTEXT('2D SPACE',''
  ) );
#5482 = PCURVE('',#5483,#5488);
#5483 = PLANE('',#5484);
#5484 = AXIS2_PLACEMENT_3D('',#5485,#5486,#5487);
#5485 = CARTESIAN_POINT('',(58.760996407803,-21.2,-200.));
#5486 = DIRECTION('',(-0.622400985042,0.782698545942,0.));
#5487 = DIRECTION('',(0.782698545942,0.622400985042,0.));
#5488 = DEFINITIONAL_REPRESENTATION('',(#5489),#5493);
#5489 = LINE('',#5490,#5491);
#5490 = CARTESIAN_POINT('',(0.321336252362,0.));
#5491 = VECTOR('',#5492,1.);
#5492 = DIRECTION('',(0.,-1.));
#5493 = ( GEOMETRIC_REPRESENTATION_CONTEXT(2) 
PARAMETRIC_REPRESENTATION_CONTEXT() REPRESENTATION_CONTEXT('2D SPACE',''
  ) );
#5494 = ORIENTED_EDGE('',*,*,#5495,.F.);
#5495 = EDGE_CURVE('',#5396,#5468,#5496,.T.);
#5496 = SURFACE_CURVE('',#5497,(#5501,#5507),.PCURVE_S1.);
#5497 = LINE('',#5498,#5499);
#5498 = CARTESIAN_POINT('',(53.788750136466,-25.19917399619,57.94));
#5499 = VECTOR('',#5500,1.);
#5500 = DIRECTION('',(-0.779398684398,-0.626528284085,0.));
#5501 = PCURVE('',#5411,#5502);
#5502 = DEFINITIONAL_REPRESENTATION('',(#5503),#5506);
#5503 = B_SPLINE_CURVE_WITH_KNOTS('',1,(#5504,#5505),.UNSPECIFIED.,.F.,
  .F.,(2,2),(-7.021509017142,-6.702289589895),.PIECEWISE_BEZIER_KNOTS.);
#5504 = CARTESIAN_POINT('',(0.319219427248,-257.94));
#5505 = CARTESIAN_POINT('',(0.,-257.94));
#5506 = ( GEOMETRIC_REPRESENTATION_CONTEXT(2) 
PARAMETRIC_REPRESENTATION_CONTEXT() REPRESENTATION_CONTEXT('2D SPACE',''
  ) );
#5507 = PCURVE('',#70,#5508);
#5508 = DEFINITIONAL_REPRESENTATION('',(#5509),#5512);
#5509 = B_SPLINE_CURVE_WITH_KNOTS('',1,(#5510,#5511),.UNSPECIFIED.,.F.,
  .F.,(2,2),(-7.021509017142,-6.702289589895),.PIECEWISE_BEZIER_KNOTS.);
#5510 = CARTESIAN_POINT('',(-5.060694973084,28.2));
#5511 = CARTESIAN_POINT('',(-5.309494174715,28.));
#5512 = ( GEOMETRIC_REPRESENTATION_CONTEXT(2) 
PARAMETRIC_REPRESENTATION_CONTEXT() REPRESENTATION_CONTEXT('2D SPACE',''
  ) );
#5513 = ORIENTED_EDGE('',*,*,#5395,.F.);
#5514 = ADVANCED_FACE('',(#5515),#5483,.T.);
#5515 = FACE_BOUND('',#5516,.T.);
#5516 = EDGE_LOOP('',(#5517,#5538,#5566,#5585));
#5517 = ORIENTED_EDGE('',*,*,#5518,.T.);
#5518 = EDGE_CURVE('',#5447,#5519,#5521,.T.);
#5519 = VERTEX_POINT('',#5520);
#5520 = CARTESIAN_POINT('',(58.760996407803,-21.2,-61.64));
#5521 = SURFACE_CURVE('',#5522,(#5526,#5532),.PCURVE_S1.);
#5522 = LINE('',#5523,#5524);
#5523 = CARTESIAN_POINT('',(53.692961505858,-25.23009553493,-61.64));
#5524 = VECTOR('',#5525,1.);
#5525 = DIRECTION('',(-0.782698545942,-0.622400985042,0.));
#5526 = PCURVE('',#5483,#5527);
#5527 = DEFINITIONAL_REPRESENTATION('',(#5528),#5531);
#5528 = B_SPLINE_CURVE_WITH_KNOTS('',1,(#5529,#5530),.UNSPECIFIED.,.F.,
  .F.,(2,2),(-6.796415231649,-6.475078979287),.PIECEWISE_BEZIER_KNOTS.);
#5529 = CARTESIAN_POINT('',(0.321336252362,-138.36));
#5530 = CARTESIAN_POINT('',(0.,-138.36));
#5531 = ( GEOMETRIC_REPRESENTATION_CONTEXT(2) 
PARAMETRIC_REPRESENTATION_CONTEXT() REPRESENTATION_CONTEXT('2D SPACE',''
  ) );
#5532 = PCURVE('',#126,#5533);
#5533 = DEFINITIONAL_REPRESENTATION('',(#5534),#5537);
#5534 = B_SPLINE_CURVE_WITH_KNOTS('',1,(#5535,#5536),.UNSPECIFIED.,.F.,
  .F.,(2,2),(-6.796415231649,-6.475078979287),.PIECEWISE_BEZIER_KNOTS.);
#5535 = CARTESIAN_POINT('',(-5.309494174715,28.));
#5536 = CARTESIAN_POINT('',(-5.561003592197,27.8));
#5537 = ( GEOMETRIC_REPRESENTATION_CONTEXT(2) 
PARAMETRIC_REPRESENTATION_CONTEXT() REPRESENTATION_CONTEXT('2D SPACE',''
  ) );
#5538 = ORIENTED_EDGE('',*,*,#5539,.T.);
#5539 = EDGE_CURVE('',#5519,#5540,#5542,.T.);
#5540 = VERTEX_POINT('',#5541);
#5541 = CARTESIAN_POINT('',(58.760996407803,-21.2,57.94));
#5542 = SURFACE_CURVE('',#5543,(#5547,#5554),.PCURVE_S1.);
#5543 = LINE('',#5544,#5545);
#5544 = CARTESIAN_POINT('',(58.760996407803,-21.2,-200.));
#5545 = VECTOR('',#5546,1.);
#5546 = DIRECTION('',(0.,0.,1.));
#5547 = PCURVE('',#5483,#5548);
#5548 = DEFINITIONAL_REPRESENTATION('',(#5549),#5553);
#5549 = LINE('',#5550,#5551);
#5550 = CARTESIAN_POINT('',(0.,0.));
#5551 = VECTOR('',#5552,1.);
#5552 = DIRECTION('',(0.,-1.));
#5553 = ( GEOMETRIC_REPRESENTATION_CONTEXT(2) 
PARAMETRIC_REPRESENTATION_CONTEXT() REPRESENTATION_CONTEXT('2D SPACE',''
  ) );
#5554 = PCURVE('',#5555,#5560);
#5555 = PLANE('',#5556);
#5556 = AXIS2_PLACEMENT_3D('',#5557,#5558,#5559);
#5557 = CARTESIAN_POINT('',(58.506709897725,-21.4,-200.));
#5558 = DIRECTION('',(-0.618210319449,0.786012723133,0.));
#5559 = DIRECTION('',(0.786012723133,0.618210319449,0.));
#5560 = DEFINITIONAL_REPRESENTATION('',(#5561),#5565);
#5561 = LINE('',#5562,#5563);
#5562 = CARTESIAN_POINT('',(0.323514496132,0.));
#5563 = VECTOR('',#5564,1.);
#5564 = DIRECTION('',(0.,-1.));
#5565 = ( GEOMETRIC_REPRESENTATION_CONTEXT(2) 
PARAMETRIC_REPRESENTATION_CONTEXT() REPRESENTATION_CONTEXT('2D SPACE',''
  ) );
#5566 = ORIENTED_EDGE('',*,*,#5567,.F.);
#5567 = EDGE_CURVE('',#5468,#5540,#5568,.T.);
#5568 = SURFACE_CURVE('',#5569,(#5573,#5579),.PCURVE_S1.);
#5569 = LINE('',#5570,#5571);
#5570 = CARTESIAN_POINT('',(53.692961505858,-25.23009553493,57.94));
#5571 = VECTOR('',#5572,1.);
#5572 = DIRECTION('',(-0.782698545942,-0.622400985042,0.));
#5573 = PCURVE('',#5483,#5574);
#5574 = DEFINITIONAL_REPRESENTATION('',(#5575),#5578);
#5575 = B_SPLINE_CURVE_WITH_KNOTS('',1,(#5576,#5577),.UNSPECIFIED.,.F.,
  .F.,(2,2),(-6.796415231649,-6.475078979287),.PIECEWISE_BEZIER_KNOTS.);
#5576 = CARTESIAN_POINT('',(0.321336252362,-257.94));
#5577 = CARTESIAN_POINT('',(0.,-257.94));
#5578 = ( GEOMETRIC_REPRESENTATION_CONTEXT(2) 
PARAMETRIC_REPRESENTATION_CONTEXT() REPRESENTATION_CONTEXT('2D SPACE',''
  ) );
#5579 = PCURVE('',#70,#5580);
#5580 = DEFINITIONAL_REPRESENTATION('',(#5581),#5584);
#5581 = B_SPLINE_CURVE_WITH_KNOTS('',1,(#5582,#5583),.UNSPECIFIED.,.F.,
  .F.,(2,2),(-6.796415231649,-6.475078979287),.PIECEWISE_BEZIER_KNOTS.);
#5582 = CARTESIAN_POINT('',(-5.309494174715,28.));
#5583 = CARTESIAN_POINT('',(-5.561003592197,27.8));
#5584 = ( GEOMETRIC_REPRESENTATION_CONTEXT(2) 
PARAMETRIC_REPRESENTATION_CONTEXT() REPRESENTATION_CONTEXT('2D SPACE',''
  ) );
#5585 = ORIENTED_EDGE('',*,*,#5467,.F.);
#5586 = ADVANCED_FACE('',(#5587),#5555,.T.);
#5587 = FACE_BOUND('',#5588,.T.);
#5588 = EDGE_LOOP('',(#5589,#5610,#5638,#5657));
#5589 = ORIENTED_EDGE('',*,*,#5590,.T.);
#5590 = EDGE_CURVE('',#5519,#5591,#5593,.T.);
#5591 = VERTEX_POINT('',#5592);
#5592 = CARTESIAN_POINT('',(58.506709897725,-21.4,-61.64));
#5593 = SURFACE_CURVE('',#5594,(#5598,#5604),.PCURVE_S1.);
#5594 = LINE('',#5595,#5596);
#5595 = CARTESIAN_POINT('',(53.597387297437,-25.26125288266,-61.64));
#5596 = VECTOR('',#5597,1.);
#5597 = DIRECTION('',(-0.786012723133,-0.618210319449,0.));
#5598 = PCURVE('',#5555,#5599);
#5599 = DEFINITIONAL_REPRESENTATION('',(#5600),#5603);
#5600 = B_SPLINE_CURVE_WITH_KNOTS('',1,(#5601,#5602),.UNSPECIFIED.,.F.,
  .F.,(2,2),(-6.569370899985,-6.245856403853),.PIECEWISE_BEZIER_KNOTS.);
#5601 = CARTESIAN_POINT('',(0.323514496132,-138.36));
#5602 = CARTESIAN_POINT('',(0.,-138.36));
#5603 = ( GEOMETRIC_REPRESENTATION_CONTEXT(2) 
PARAMETRIC_REPRESENTATION_CONTEXT() REPRESENTATION_CONTEXT('2D SPACE',''
  ) );
#5604 = PCURVE('',#126,#5605);
#5605 = DEFINITIONAL_REPRESENTATION('',(#5606),#5609);
#5606 = B_SPLINE_CURVE_WITH_KNOTS('',1,(#5607,#5608),.UNSPECIFIED.,.F.,
  .F.,(2,2),(-6.569370899985,-6.245856403853),.PIECEWISE_BEZIER_KNOTS.);
#5607 = CARTESIAN_POINT('',(-5.561003592197,27.8));
#5608 = CARTESIAN_POINT('',(-5.815290102275,27.6));
#5609 = ( GEOMETRIC_REPRESENTATION_CONTEXT(2) 
PARAMETRIC_REPRESENTATION_CONTEXT() REPRESENTATION_CONTEXT('2D SPACE',''
  ) );
#5610 = ORIENTED_EDGE('',*,*,#5611,.T.);
#5611 = EDGE_CURVE('',#5591,#5612,#5614,.T.);
#5612 = VERTEX_POINT('',#5613);
#5613 = CARTESIAN_POINT('',(58.506709897725,-21.4,57.94));
#5614 = SURFACE_CURVE('',#5615,(#5619,#5626),.PCURVE_S1.);
#5615 = LINE('',#5616,#5617);
#5616 = CARTESIAN_POINT('',(58.506709897725,-21.4,-200.));
#5617 = VECTOR('',#5618,1.);
#5618 = DIRECTION('',(0.,0.,1.));
#5619 = PCURVE('',#5555,#5620);
#5620 = DEFINITIONAL_REPRESENTATION('',(#5621),#5625);
#5621 = LINE('',#5622,#5623);
#5622 = CARTESIAN_POINT('',(0.,0.));
#5623 = VECTOR('',#5624,1.);
#5624 = DIRECTION('',(0.,-1.));
#5625 = ( GEOMETRIC_REPRESENTATION_CONTEXT(2) 
PARAMETRIC_REPRESENTATION_CONTEXT() REPRESENTATION_CONTEXT('2D SPACE',''
  ) );
#5626 = PCURVE('',#5627,#5632);
#5627 = PLANE('',#5628);
#5628 = AXIS2_PLACEMENT_3D('',#5629,#5630,#5631);
#5629 = CARTESIAN_POINT('',(58.249591651478,-21.6,-200.));
#5630 = DIRECTION('',(-0.61397722683,0.789323738991,0.));
#5631 = DIRECTION('',(0.789323738991,0.61397722683,0.));
#5632 = DEFINITIONAL_REPRESENTATION('',(#5633),#5637);
#5633 = LINE('',#5634,#5635);
#5634 = CARTESIAN_POINT('',(0.325744980857,0.));
#5635 = VECTOR('',#5636,1.);
#5636 = DIRECTION('',(0.,-1.));
#5637 = ( GEOMETRIC_REPRESENTATION_CONTEXT(2) 
PARAMETRIC_REPRESENTATION_CONTEXT() REPRESENTATION_CONTEXT('2D SPACE',''
  ) );
#5638 = ORIENTED_EDGE('',*,*,#5639,.F.);
#5639 = EDGE_CURVE('',#5540,#5612,#5640,.T.);
#5640 = SURFACE_CURVE('',#5641,(#5645,#5651),.PCURVE_S1.);
#5641 = LINE('',#5642,#5643);
#5642 = CARTESIAN_POINT('',(53.597387297437,-25.26125288266,57.94));
#5643 = VECTOR('',#5644,1.);
#5644 = DIRECTION('',(-0.786012723133,-0.618210319449,0.));
#5645 = PCURVE('',#5555,#5646);
#5646 = DEFINITIONAL_REPRESENTATION('',(#5647),#5650);
#5647 = B_SPLINE_CURVE_WITH_KNOTS('',1,(#5648,#5649),.UNSPECIFIED.,.F.,
  .F.,(2,2),(-6.569370899985,-6.245856403853),.PIECEWISE_BEZIER_KNOTS.);
#5648 = CARTESIAN_POINT('',(0.323514496132,-257.94));
#5649 = CARTESIAN_POINT('',(0.,-257.94));
#5650 = ( GEOMETRIC_REPRESENTATION_CONTEXT(2) 
PARAMETRIC_REPRESENTATION_CONTEXT() REPRESENTATION_CONTEXT('2D SPACE',''
  ) );
#5651 = PCURVE('',#70,#5652);
#5652 = DEFINITIONAL_REPRESENTATION('',(#5653),#5656);
#5653 = B_SPLINE_CURVE_WITH_KNOTS('',1,(#5654,#5655),.UNSPECIFIED.,.F.,
  .F.,(2,2),(-6.569370899985,-6.245856403853),.PIECEWISE_BEZIER_KNOTS.);
#5654 = CARTESIAN_POINT('',(-5.561003592197,27.8));
#5655 = CARTESIAN_POINT('',(-5.815290102275,27.6));
#5656 = ( GEOMETRIC_REPRESENTATION_CONTEXT(2) 
PARAMETRIC_REPRESENTATION_CONTEXT() REPRESENTATION_CONTEXT('2D SPACE',''
  ) );
#5657 = ORIENTED_EDGE('',*,*,#5539,.F.);
#5658 = ADVANCED_FACE('',(#5659),#5627,.T.);
#5659 = FACE_BOUND('',#5660,.T.);
#5660 = EDGE_LOOP('',(#5661,#5682,#5710,#5729));
#5661 = ORIENTED_EDGE('',*,*,#5662,.T.);
#5662 = EDGE_CURVE('',#5591,#5663,#5665,.T.);
#5663 = VERTEX_POINT('',#5664);
#5664 = CARTESIAN_POINT('',(58.249591651478,-21.6,-61.64));
#5665 = SURFACE_CURVE('',#5666,(#5670,#5676),.PCURVE_S1.);
#5666 = LINE('',#5667,#5668);
#5667 = CARTESIAN_POINT('',(53.501856739502,-25.29303616625,-61.64));
#5668 = VECTOR('',#5669,1.);
#5669 = DIRECTION('',(-0.789323738991,-0.61397722683,0.));
#5670 = PCURVE('',#5627,#5671);
#5671 = DEFINITIONAL_REPRESENTATION('',(#5672),#5675);
#5672 = B_SPLINE_CURVE_WITH_KNOTS('',1,(#5673,#5674),.UNSPECIFIED.,.F.,
  .F.,(2,2),(-6.340684957253,-6.014939976397),.PIECEWISE_BEZIER_KNOTS.);
#5673 = CARTESIAN_POINT('',(0.325744980857,-138.36));
#5674 = CARTESIAN_POINT('',(0.,-138.36));
#5675 = ( GEOMETRIC_REPRESENTATION_CONTEXT(2) 
PARAMETRIC_REPRESENTATION_CONTEXT() REPRESENTATION_CONTEXT('2D SPACE',''
  ) );
#5676 = PCURVE('',#126,#5677);
#5677 = DEFINITIONAL_REPRESENTATION('',(#5678),#5681);
#5678 = B_SPLINE_CURVE_WITH_KNOTS('',1,(#5679,#5680),.UNSPECIFIED.,.F.,
  .F.,(2,2),(-6.340684957253,-6.014939976397),.PIECEWISE_BEZIER_KNOTS.);
#5679 = CARTESIAN_POINT('',(-5.815290102275,27.6));
#5680 = CARTESIAN_POINT('',(-6.072408348522,27.4));
#5681 = ( GEOMETRIC_REPRESENTATION_CONTEXT(2) 
PARAMETRIC_REPRESENTATION_CONTEXT() REPRESENTATION_CONTEXT('2D SPACE',''
  ) );
#5682 = ORIENTED_EDGE('',*,*,#5683,.T.);
#5683 = EDGE_CURVE('',#5663,#5684,#5686,.T.);
#5684 = VERTEX_POINT('',#5685);
#5685 = CARTESIAN_POINT('',(58.249591651478,-21.6,57.94));
#5686 = SURFACE_CURVE('',#5687,(#5691,#5698),.PCURVE_S1.);
#5687 = LINE('',#5688,#5689);
#5688 = CARTESIAN_POINT('',(58.249591651478,-21.6,-200.));
#5689 = VECTOR('',#5690,1.);
#5690 = DIRECTION('',(0.,0.,1.));
#5691 = PCURVE('',#5627,#5692);
#5692 = DEFINITIONAL_REPRESENTATION('',(#5693),#5697);
#5693 = LINE('',#5694,#5695);
#5694 = CARTESIAN_POINT('',(0.,0.));
#5695 = VECTOR('',#5696,1.);
#5696 = DIRECTION('',(0.,-1.));
#5697 = ( GEOMETRIC_REPRESENTATION_CONTEXT(2) 
PARAMETRIC_REPRESENTATION_CONTEXT() REPRESENTATION_CONTEXT('2D SPACE',''
  ) );
#5698 = PCURVE('',#5699,#5704);
#5699 = PLANE('',#5700);
#5700 = AXIS2_PLACEMENT_3D('',#5701,#5702,#5703);
#5701 = CARTESIAN_POINT('',(57.989604910945,-21.8,-200.));
#5702 = DIRECTION('',(-0.609730296182,0.792608961543,0.));
#5703 = DIRECTION('',(0.792608961543,0.609730296182,0.));
#5704 = DEFINITIONAL_REPRESENTATION('',(#5705),#5709);
#5705 = LINE('',#5706,#5707);
#5706 = CARTESIAN_POINT('',(0.328013879665,0.));
#5707 = VECTOR('',#5708,1.);
#5708 = DIRECTION('',(0.,-1.));
#5709 = ( GEOMETRIC_REPRESENTATION_CONTEXT(2) 
PARAMETRIC_REPRESENTATION_CONTEXT() REPRESENTATION_CONTEXT('2D SPACE',''
  ) );
#5710 = ORIENTED_EDGE('',*,*,#5711,.F.);
#5711 = EDGE_CURVE('',#5612,#5684,#5712,.T.);
#5712 = SURFACE_CURVE('',#5713,(#5717,#5723),.PCURVE_S1.);
#5713 = LINE('',#5714,#5715);
#5714 = CARTESIAN_POINT('',(53.501856739502,-25.29303616625,57.94));
#5715 = VECTOR('',#5716,1.);
#5716 = DIRECTION('',(-0.789323738991,-0.61397722683,0.));
#5717 = PCURVE('',#5627,#5718);
#5718 = DEFINITIONAL_REPRESENTATION('',(#5719),#5722);
#5719 = B_SPLINE_CURVE_WITH_KNOTS('',1,(#5720,#5721),.UNSPECIFIED.,.F.,
  .F.,(2,2),(-6.340684957253,-6.014939976397),.PIECEWISE_BEZIER_KNOTS.);
#5720 = CARTESIAN_POINT('',(0.325744980857,-257.94));
#5721 = CARTESIAN_POINT('',(0.,-257.94));
#5722 = ( GEOMETRIC_REPRESENTATION_CONTEXT(2) 
PARAMETRIC_REPRESENTATION_CONTEXT() REPRESENTATION_CONTEXT('2D SPACE',''
  ) );
#5723 = PCURVE('',#70,#5724);
#5724 = DEFINITIONAL_REPRESENTATION('',(#5725),#5728);
#5725 = B_SPLINE_CURVE_WITH_KNOTS('',1,(#5726,#5727),.UNSPECIFIED.,.F.,
  .F.,(2,2),(-6.340684957253,-6.014939976397),.PIECEWISE_BEZIER_KNOTS.);
#5726 = CARTESIAN_POINT('',(-5.815290102275,27.6));
#5727 = CARTESIAN_POINT('',(-6.072408348522,27.4));
#5728 = ( GEOMETRIC_REPRESENTATION_CONTEXT(2) 
PARAMETRIC_REPRESENTATION_CONTEXT() REPRESENTATION_CONTEXT('2D SPACE',''
  ) );
#5729 = ORIENTED_EDGE('',*,*,#5611,.F.);
#5730 = ADVANCED_FACE('',(#5731),#5699,.T.);
#5731 = FACE_BOUND('',#5732,.T.);
#5732 = EDGE_LOOP('',(#5733,#5754,#5782,#5801));
#5733 = ORIENTED_EDGE('',*,*,#5734,.T.);
#5734 = EDGE_CURVE('',#5663,#5735,#5737,.T.);
#5735 = VERTEX_POINT('',#5736);
#5736 = CARTESIAN_POINT('',(57.989604910945,-21.8,-61.64));
#5737 = SURFACE_CURVE('',#5738,(#5742,#5748),.PCURVE_S1.);
#5738 = LINE('',#5739,#5740);
#5739 = CARTESIAN_POINT('',(53.406125242694,-25.32593340634,-61.64));
#5740 = VECTOR('',#5741,1.);
#5741 = DIRECTION('',(-0.792608961543,-0.609730296182,0.));
#5742 = PCURVE('',#5699,#5743);
#5743 = DEFINITIONAL_REPRESENTATION('',(#5744),#5747);
#5744 = B_SPLINE_CURVE_WITH_KNOTS('',1,(#5745,#5746),.UNSPECIFIED.,.F.,
  .F.,(2,2),(-6.110789359935,-5.78277548027),.PIECEWISE_BEZIER_KNOTS.);
#5745 = CARTESIAN_POINT('',(0.328013879665,-138.36));
#5746 = CARTESIAN_POINT('',(0.,-138.36));
#5747 = ( GEOMETRIC_REPRESENTATION_CONTEXT(2) 
PARAMETRIC_REPRESENTATION_CONTEXT() REPRESENTATION_CONTEXT('2D SPACE',''
  ) );
#5748 = PCURVE('',#126,#5749);
#5749 = DEFINITIONAL_REPRESENTATION('',(#5750),#5753);
#5750 = B_SPLINE_CURVE_WITH_KNOTS('',1,(#5751,#5752),.UNSPECIFIED.,.F.,
  .F.,(2,2),(-6.110789359935,-5.78277548027),.PIECEWISE_BEZIER_KNOTS.);
#5751 = CARTESIAN_POINT('',(-6.072408348522,27.4));
#5752 = CARTESIAN_POINT('',(-6.332395089055,27.2));
#5753 = ( GEOMETRIC_REPRESENTATION_CONTEXT(2) 
PARAMETRIC_REPRESENTATION_CONTEXT() REPRESENTATION_CONTEXT('2D SPACE',''
  ) );
#5754 = ORIENTED_EDGE('',*,*,#5755,.T.);
#5755 = EDGE_CURVE('',#5735,#5756,#5758,.T.);
#5756 = VERTEX_POINT('',#5757);
#5757 = CARTESIAN_POINT('',(57.989604910945,-21.8,57.94));
#5758 = SURFACE_CURVE('',#5759,(#5763,#5770),.PCURVE_S1.);
#5759 = LINE('',#5760,#5761);
#5760 = CARTESIAN_POINT('',(57.989604910945,-21.8,-200.));
#5761 = VECTOR('',#5762,1.);
#5762 = DIRECTION('',(0.,0.,1.));
#5763 = PCURVE('',#5699,#5764);
#5764 = DEFINITIONAL_REPRESENTATION('',(#5765),#5769);
#5765 = LINE('',#5766,#5767);
#5766 = CARTESIAN_POINT('',(0.,0.));
#5767 = VECTOR('',#5768,1.);
#5768 = DIRECTION('',(0.,-1.));
#5769 = ( GEOMETRIC_REPRESENTATION_CONTEXT(2) 
PARAMETRIC_REPRESENTATION_CONTEXT() REPRESENTATION_CONTEXT('2D SPACE',''
  ) );
#5770 = PCURVE('',#5771,#5776);
#5771 = PLANE('',#5772);
#5772 = AXIS2_PLACEMENT_3D('',#5773,#5774,#5775);
#5773 = CARTESIAN_POINT('',(57.726735176977,-22.,-200.));
#5774 = DIRECTION('',(-0.605503462706,0.795842670791,0.));
#5775 = DIRECTION('',(0.795842670791,0.605503462706,0.));
#5776 = DEFINITIONAL_REPRESENTATION('',(#5777),#5781);
#5777 = LINE('',#5778,#5779);
#5778 = CARTESIAN_POINT('',(0.330303643692,0.));
#5779 = VECTOR('',#5780,1.);
#5780 = DIRECTION('',(0.,-1.));
#5781 = ( GEOMETRIC_REPRESENTATION_CONTEXT(2) 
PARAMETRIC_REPRESENTATION_CONTEXT() REPRESENTATION_CONTEXT('2D SPACE',''
  ) );
#5782 = ORIENTED_EDGE('',*,*,#5783,.F.);
#5783 = EDGE_CURVE('',#5684,#5756,#5784,.T.);
#5784 = SURFACE_CURVE('',#5785,(#5789,#5795),.PCURVE_S1.);
#5785 = LINE('',#5786,#5787);
#5786 = CARTESIAN_POINT('',(53.406125242694,-25.32593340634,57.94));
#5787 = VECTOR('',#5788,1.);
#5788 = DIRECTION('',(-0.792608961543,-0.609730296182,0.));
#5789 = PCURVE('',#5699,#5790);
#5790 = DEFINITIONAL_REPRESENTATION('',(#5791),#5794);
#5791 = B_SPLINE_CURVE_WITH_KNOTS('',1,(#5792,#5793),.UNSPECIFIED.,.F.,
  .F.,(2,2),(-6.110789359935,-5.78277548027),.PIECEWISE_BEZIER_KNOTS.);
#5792 = CARTESIAN_POINT('',(0.328013879665,-257.94));
#5793 = CARTESIAN_POINT('',(0.,-257.94));
#5794 = ( GEOMETRIC_REPRESENTATION_CONTEXT(2) 
PARAMETRIC_REPRESENTATION_CONTEXT() REPRESENTATION_CONTEXT('2D SPACE',''
  ) );
#5795 = PCURVE('',#70,#5796);
#5796 = DEFINITIONAL_REPRESENTATION('',(#5797),#5800);
#5797 = B_SPLINE_CURVE_WITH_KNOTS('',1,(#5798,#5799),.UNSPECIFIED.,.F.,
  .F.,(2,2),(-6.110789359935,-5.78277548027),.PIECEWISE_BEZIER_KNOTS.);
#5798 = CARTESIAN_POINT('',(-6.072408348522,27.4));
#5799 = CARTESIAN_POINT('',(-6.332395089055,27.2));
#5800 = ( GEOMETRIC_REPRESENTATION_CONTEXT(2) 
PARAMETRIC_REPRESENTATION_CONTEXT() REPRESENTATION_CONTEXT('2D SPACE',''
  ) );
#5801 = ORIENTED_EDGE('',*,*,#5683,.F.);
#5802 = ADVANCED_FACE('',(#5803),#5771,.T.);
#5803 = FACE_BOUND('',#5804,.T.);
#5804 = EDGE_LOOP('',(#5805,#5826,#5854,#5873));
#5805 = ORIENTED_EDGE('',*,*,#5806,.T.);
#5806 = EDGE_CURVE('',#5735,#5807,#5809,.T.);
#5807 = VERTEX_POINT('',#5808);
#5808 = CARTESIAN_POINT('',(57.726735176977,-22.,-61.64));
#5809 = SURFACE_CURVE('',#5810,(#5814,#5820),.PCURVE_S1.);
#5810 = LINE('',#5811,#5812);
#5811 = CARTESIAN_POINT('',(53.309887810331,-25.36048376507,-61.64));
#5812 = VECTOR('',#5813,1.);
#5813 = DIRECTION('',(-0.795842670791,-0.605503462706,0.));
#5814 = PCURVE('',#5771,#5815);
#5815 = DEFINITIONAL_REPRESENTATION('',(#5816),#5819);
#5816 = B_SPLINE_CURVE_WITH_KNOTS('',1,(#5817,#5818),.UNSPECIFIED.,.F.,
  .F.,(2,2),(-5.880203804559,-5.549900160867),.PIECEWISE_BEZIER_KNOTS.);
#5817 = CARTESIAN_POINT('',(0.330303643692,-138.36));
#5818 = CARTESIAN_POINT('',(0.,-138.36));
#5819 = ( GEOMETRIC_REPRESENTATION_CONTEXT(2) 
PARAMETRIC_REPRESENTATION_CONTEXT() REPRESENTATION_CONTEXT('2D SPACE',''
  ) );
#5820 = PCURVE('',#126,#5821);
#5821 = DEFINITIONAL_REPRESENTATION('',(#5822),#5825);
#5822 = B_SPLINE_CURVE_WITH_KNOTS('',1,(#5823,#5824),.UNSPECIFIED.,.F.,
  .F.,(2,2),(-5.880203804559,-5.549900160867),.PIECEWISE_BEZIER_KNOTS.);
#5823 = CARTESIAN_POINT('',(-6.332395089055,27.2));
#5824 = CARTESIAN_POINT('',(-6.595264823023,27.));
#5825 = ( GEOMETRIC_REPRESENTATION_CONTEXT(2) 
PARAMETRIC_REPRESENTATION_CONTEXT() REPRESENTATION_CONTEXT('2D SPACE',''
  ) );
#5826 = ORIENTED_EDGE('',*,*,#5827,.T.);
#5827 = EDGE_CURVE('',#5807,#5828,#5830,.T.);
#5828 = VERTEX_POINT('',#5829);
#5829 = CARTESIAN_POINT('',(57.726735176977,-22.,57.94));
#5830 = SURFACE_CURVE('',#5831,(#5835,#5842),.PCURVE_S1.);
#5831 = LINE('',#5832,#5833);
#5832 = CARTESIAN_POINT('',(57.726735176977,-22.,-200.));
#5833 = VECTOR('',#5834,1.);
#5834 = DIRECTION('',(0.,0.,1.));
#5835 = PCURVE('',#5771,#5836);
#5836 = DEFINITIONAL_REPRESENTATION('',(#5837),#5841);
#5837 = LINE('',#5838,#5839);
#5838 = CARTESIAN_POINT('',(0.,0.));
#5839 = VECTOR('',#5840,1.);
#5840 = DIRECTION('',(0.,-1.));
#5841 = ( GEOMETRIC_REPRESENTATION_CONTEXT(2) 
PARAMETRIC_REPRESENTATION_CONTEXT() REPRESENTATION_CONTEXT('2D SPACE',''
  ) );
#5842 = PCURVE('',#5843,#5848);
#5843 = PLANE('',#5844);
#5844 = AXIS2_PLACEMENT_3D('',#5845,#5846,#5847);
#5845 = CARTESIAN_POINT('',(57.460995223574,-22.2,-200.));
#5846 = DIRECTION('',(-0.601336601376,0.798995802145,0.));
#5847 = DIRECTION('',(0.798995802145,0.601336601376,0.));
#5848 = DEFINITIONAL_REPRESENTATION('',(#5849),#5853);
#5849 = LINE('',#5850,#5851);
#5850 = CARTESIAN_POINT('',(0.332592427506,0.));
#5851 = VECTOR('',#5852,1.);
#5852 = DIRECTION('',(0.,-1.));
#5853 = ( GEOMETRIC_REPRESENTATION_CONTEXT(2) 
PARAMETRIC_REPRESENTATION_CONTEXT() REPRESENTATION_CONTEXT('2D SPACE',''
  ) );
#5854 = ORIENTED_EDGE('',*,*,#5855,.F.);
#5855 = EDGE_CURVE('',#5756,#5828,#5856,.T.);
#5856 = SURFACE_CURVE('',#5857,(#5861,#5867),.PCURVE_S1.);
#5857 = LINE('',#5858,#5859);
#5858 = CARTESIAN_POINT('',(53.309887810331,-25.36048376507,57.94));
#5859 = VECTOR('',#5860,1.);
#5860 = DIRECTION('',(-0.795842670791,-0.605503462706,0.));
#5861 = PCURVE('',#5771,#5862);
#5862 = DEFINITIONAL_REPRESENTATION('',(#5863),#5866);
#5863 = B_SPLINE_CURVE_WITH_KNOTS('',1,(#5864,#5865),.UNSPECIFIED.,.F.,
  .F.,(2,2),(-5.880203804559,-5.549900160867),.PIECEWISE_BEZIER_KNOTS.);
#5864 = CARTESIAN_POINT('',(0.330303643692,-257.94));
#5865 = CARTESIAN_POINT('',(0.,-257.94));
#5866 = ( GEOMETRIC_REPRESENTATION_CONTEXT(2) 
PARAMETRIC_REPRESENTATION_CONTEXT() REPRESENTATION_CONTEXT('2D SPACE',''
  ) );
#5867 = PCURVE('',#70,#5868);
#5868 = DEFINITIONAL_REPRESENTATION('',(#5869),#5872);
#5869 = B_SPLINE_CURVE_WITH_KNOTS('',1,(#5870,#5871),.UNSPECIFIED.,.F.,
  .F.,(2,2),(-5.880203804559,-5.549900160867),.PIECEWISE_BEZIER_KNOTS.);
#5870 = CARTESIAN_POINT('',(-6.332395089055,27.2));
#5871 = CARTESIAN_POINT('',(-6.595264823023,27.));
#5872 = ( GEOMETRIC_REPRESENTATION_CONTEXT(2) 
PARAMETRIC_REPRESENTATION_CONTEXT() REPRESENTATION_CONTEXT('2D SPACE',''
  ) );
#5873 = ORIENTED_EDGE('',*,*,#5755,.F.);
#5874 = ADVANCED_FACE('',(#5875),#5843,.T.);
#5875 = FACE_BOUND('',#5876,.T.);
#5876 = EDGE_LOOP('',(#5877,#5898,#5926,#5945));
#5877 = ORIENTED_EDGE('',*,*,#5878,.T.);
#5878 = EDGE_CURVE('',#5807,#5879,#5881,.T.);
#5879 = VERTEX_POINT('',#5880);
#5880 = CARTESIAN_POINT('',(57.460995223574,-22.2,-61.64));
#5881 = SURFACE_CURVE('',#5882,(#5886,#5892),.PCURVE_S1.);
#5882 = LINE('',#5883,#5884);
#5883 = CARTESIAN_POINT('',(53.212771736022,-25.39727871789,-61.64));
#5884 = VECTOR('',#5885,1.);
#5885 = DIRECTION('',(-0.798995802145,-0.601336601376,0.));
#5886 = PCURVE('',#5843,#5887);
#5887 = DEFINITIONAL_REPRESENTATION('',(#5888),#5891);
#5888 = B_SPLINE_CURVE_WITH_KNOTS('',1,(#5889,#5890),.UNSPECIFIED.,.F.,
  .F.,(2,2),(-5.649545878508,-5.316953451001),.PIECEWISE_BEZIER_KNOTS.);
#5889 = CARTESIAN_POINT('',(0.332592427506,-138.36));
#5890 = CARTESIAN_POINT('',(0.,-138.36));
#5891 = ( GEOMETRIC_REPRESENTATION_CONTEXT(2) 
PARAMETRIC_REPRESENTATION_CONTEXT() REPRESENTATION_CONTEXT('2D SPACE',''
  ) );
#5892 = PCURVE('',#126,#5893);
#5893 = DEFINITIONAL_REPRESENTATION('',(#5894),#5897);
#5894 = B_SPLINE_CURVE_WITH_KNOTS('',1,(#5895,#5896),.UNSPECIFIED.,.F.,
  .F.,(2,2),(-5.649545878508,-5.316953451001),.PIECEWISE_BEZIER_KNOTS.);
#5895 = CARTESIAN_POINT('',(-6.595264823023,27.));
#5896 = CARTESIAN_POINT('',(-6.861004776426,26.8));
#5897 = ( GEOMETRIC_REPRESENTATION_CONTEXT(2) 
PARAMETRIC_REPRESENTATION_CONTEXT() REPRESENTATION_CONTEXT('2D SPACE',''
  ) );
#5898 = ORIENTED_EDGE('',*,*,#5899,.T.);
#5899 = EDGE_CURVE('',#5879,#5900,#5902,.T.);
#5900 = VERTEX_POINT('',#5901);
#5901 = CARTESIAN_POINT('',(57.460995223574,-22.2,57.94));
#5902 = SURFACE_CURVE('',#5903,(#5907,#5914),.PCURVE_S1.);
#5903 = LINE('',#5904,#5905);
#5904 = CARTESIAN_POINT('',(57.460995223574,-22.2,-200.));
#5905 = VECTOR('',#5906,1.);
#5906 = DIRECTION('',(0.,0.,1.));
#5907 = PCURVE('',#5843,#5908);
#5908 = DEFINITIONAL_REPRESENTATION('',(#5909),#5913);
#5909 = LINE('',#5910,#5911);
#5910 = CARTESIAN_POINT('',(0.,0.));
#5911 = VECTOR('',#5912,1.);
#5912 = DIRECTION('',(0.,-1.));
#5913 = ( GEOMETRIC_REPRESENTATION_CONTEXT(2) 
PARAMETRIC_REPRESENTATION_CONTEXT() REPRESENTATION_CONTEXT('2D SPACE',''
  ) );
#5914 = PCURVE('',#5915,#5920);
#5915 = PLANE('',#5916);
#5916 = AXIS2_PLACEMENT_3D('',#5917,#5918,#5919);
#5917 = CARTESIAN_POINT('',(57.192431515845,-22.4,-200.));
#5918 = DIRECTION('',(-0.597277191209,0.802034885065,0.));
#5919 = DIRECTION('',(0.802034885065,0.597277191209,0.));
#5920 = DEFINITIONAL_REPRESENTATION('',(#5921),#5925);
#5921 = LINE('',#5922,#5923);
#5922 = CARTESIAN_POINT('',(0.334852900703,0.));
#5923 = VECTOR('',#5924,1.);
#5924 = DIRECTION('',(0.,-1.));
#5925 = ( GEOMETRIC_REPRESENTATION_CONTEXT(2) 
PARAMETRIC_REPRESENTATION_CONTEXT() REPRESENTATION_CONTEXT('2D SPACE',''
  ) );
#5926 = ORIENTED_EDGE('',*,*,#5927,.F.);
#5927 = EDGE_CURVE('',#5828,#5900,#5928,.T.);
#5928 = SURFACE_CURVE('',#5929,(#5933,#5939),.PCURVE_S1.);
#5929 = LINE('',#5930,#5931);
#5930 = CARTESIAN_POINT('',(53.212771736022,-25.39727871789,57.94));
#5931 = VECTOR('',#5932,1.);
#5932 = DIRECTION('',(-0.798995802145,-0.601336601376,0.));
#5933 = PCURVE('',#5843,#5934);
#5934 = DEFINITIONAL_REPRESENTATION('',(#5935),#5938);
#5935 = B_SPLINE_CURVE_WITH_KNOTS('',1,(#5936,#5937),.UNSPECIFIED.,.F.,
  .F.,(2,2),(-5.649545878508,-5.316953451001),.PIECEWISE_BEZIER_KNOTS.);
#5936 = CARTESIAN_POINT('',(0.332592427506,-257.94));
#5937 = CARTESIAN_POINT('',(0.,-257.94));
#5938 = ( GEOMETRIC_REPRESENTATION_CONTEXT(2) 
PARAMETRIC_REPRESENTATION_CONTEXT() REPRESENTATION_CONTEXT('2D SPACE',''
  ) );
#5939 = PCURVE('',#70,#5940);
#5940 = DEFINITIONAL_REPRESENTATION('',(#5941),#5944);
#5941 = B_SPLINE_CURVE_WITH_KNOTS('',1,(#5942,#5943),.UNSPECIFIED.,.F.,
  .F.,(2,2),(-5.649545878508,-5.316953451001),.PIECEWISE_BEZIER_KNOTS.);
#5942 = CARTESIAN_POINT('',(-6.595264823023,27.));
#5943 = CARTESIAN_POINT('',(-6.861004776426,26.8));
#5944 = ( GEOMETRIC_REPRESENTATION_CONTEXT(2) 
PARAMETRIC_REPRESENTATION_CONTEXT() REPRESENTATION_CONTEXT('2D SPACE',''
  ) );
#5945 = ORIENTED_EDGE('',*,*,#5827,.F.);
#5946 = ADVANCED_FACE('',(#5947),#5915,.T.);
#5947 = FACE_BOUND('',#5948,.T.);
#5948 = EDGE_LOOP('',(#5949,#5970,#5998,#6017));
#5949 = ORIENTED_EDGE('',*,*,#5950,.T.);
#5950 = EDGE_CURVE('',#5879,#5951,#5953,.T.);
#5951 = VERTEX_POINT('',#5952);
#5952 = CARTESIAN_POINT('',(57.192431515845,-22.4,-61.64));
#5953 = SURFACE_CURVE('',#5954,(#5958,#5964),.PCURVE_S1.);
#5954 = LINE('',#5955,#5956);
#5955 = CARTESIAN_POINT('',(53.114320466363,-25.43697851356,-61.64));
#5956 = VECTOR('',#5957,1.);
#5957 = DIRECTION('',(-0.802034885065,-0.597277191209,0.));
#5958 = PCURVE('',#5915,#5959);
#5959 = DEFINITIONAL_REPRESENTATION('',(#5960),#5963);
#5960 = B_SPLINE_CURVE_WITH_KNOTS('',1,(#5961,#5962),.UNSPECIFIED.,.F.,
  .F.,(2,2),(-5.419558223899,-5.084705323196),.PIECEWISE_BEZIER_KNOTS.);
#5961 = CARTESIAN_POINT('',(0.334852900703,-138.36));
#5962 = CARTESIAN_POINT('',(0.,-138.36));
#5963 = ( GEOMETRIC_REPRESENTATION_CONTEXT(2) 
PARAMETRIC_REPRESENTATION_CONTEXT() REPRESENTATION_CONTEXT('2D SPACE',''
  ) );
#5964 = PCURVE('',#126,#5965);
#5965 = DEFINITIONAL_REPRESENTATION('',(#5966),#5969);
#5966 = B_SPLINE_CURVE_WITH_KNOTS('',1,(#5967,#5968),.UNSPECIFIED.,.F.,
  .F.,(2,2),(-5.419558223899,-5.084705323196),.PIECEWISE_BEZIER_KNOTS.);
#5967 = CARTESIAN_POINT('',(-6.861004776426,26.8));
#5968 = CARTESIAN_POINT('',(-7.129568484155,26.6));
#5969 = ( GEOMETRIC_REPRESENTATION_CONTEXT(2) 
PARAMETRIC_REPRESENTATION_CONTEXT() REPRESENTATION_CONTEXT('2D SPACE',''
  ) );
#5970 = ORIENTED_EDGE('',*,*,#5971,.T.);
#5971 = EDGE_CURVE('',#5951,#5972,#5974,.T.);
#5972 = VERTEX_POINT('',#5973);
#5973 = CARTESIAN_POINT('',(57.192431515845,-22.4,57.94));
#5974 = SURFACE_CURVE('',#5975,(#5979,#5986),.PCURVE_S1.);
#5975 = LINE('',#5976,#5977);
#5976 = CARTESIAN_POINT('',(57.192431515845,-22.4,-200.));
#5977 = VECTOR('',#5978,1.);
#5978 = DIRECTION('',(0.,0.,1.));
#5979 = PCURVE('',#5915,#5980);
#5980 = DEFINITIONAL_REPRESENTATION('',(#5981),#5985);
#5981 = LINE('',#5982,#5983);
#5982 = CARTESIAN_POINT('',(0.,0.));
#5983 = VECTOR('',#5984,1.);
#5984 = DIRECTION('',(0.,-1.));
#5985 = ( GEOMETRIC_REPRESENTATION_CONTEXT(2) 
PARAMETRIC_REPRESENTATION_CONTEXT() REPRESENTATION_CONTEXT('2D SPACE',''
  ) );
#5986 = PCURVE('',#5987,#5992);
#5987 = PLANE('',#5988);
#5988 = AXIS2_PLACEMENT_3D('',#5989,#5990,#5991);
#5989 = CARTESIAN_POINT('',(56.921128038047,-22.6,-200.));
#5990 = DIRECTION('',(-0.593376263703,0.804925219927,0.));
#5991 = DIRECTION('',(0.804925219927,0.593376263703,0.));
#5992 = DEFINITIONAL_REPRESENTATION('',(#5993),#5997);
#5993 = LINE('',#5994,#5995);
#5994 = CARTESIAN_POINT('',(0.337054264274,0.));
#5995 = VECTOR('',#5996,1.);
#5996 = DIRECTION('',(0.,-1.));
#5997 = ( GEOMETRIC_REPRESENTATION_CONTEXT(2) 
PARAMETRIC_REPRESENTATION_CONTEXT() REPRESENTATION_CONTEXT('2D SPACE',''
  ) );
#5998 = ORIENTED_EDGE('',*,*,#5999,.F.);
#5999 = EDGE_CURVE('',#5900,#5972,#6000,.T.);
#6000 = SURFACE_CURVE('',#6001,(#6005,#6011),.PCURVE_S1.);
#6001 = LINE('',#6002,#6003);
#6002 = CARTESIAN_POINT('',(53.114320466363,-25.43697851356,57.94));
#6003 = VECTOR('',#6004,1.);
#6004 = DIRECTION('',(-0.802034885065,-0.597277191209,0.));
#6005 = PCURVE('',#5915,#6006);
#6006 = DEFINITIONAL_REPRESENTATION('',(#6007),#6010);
#6007 = B_SPLINE_CURVE_WITH_KNOTS('',1,(#6008,#6009),.UNSPECIFIED.,.F.,
  .F.,(2,2),(-5.419558223899,-5.084705323196),.PIECEWISE_BEZIER_KNOTS.);
#6008 = CARTESIAN_POINT('',(0.334852900703,-257.94));
#6009 = CARTESIAN_POINT('',(0.,-257.94));
#6010 = ( GEOMETRIC_REPRESENTATION_CONTEXT(2) 
PARAMETRIC_REPRESENTATION_CONTEXT() REPRESENTATION_CONTEXT('2D SPACE',''
  ) );
#6011 = PCURVE('',#70,#6012);
#6012 = DEFINITIONAL_REPRESENTATION('',(#6013),#6016);
#6013 = B_SPLINE_CURVE_WITH_KNOTS('',1,(#6014,#6015),.UNSPECIFIED.,.F.,
  .F.,(2,2),(-5.419558223899,-5.084705323196),.PIECEWISE_BEZIER_KNOTS.);
#6014 = CARTESIAN_POINT('',(-6.861004776426,26.8));
#6015 = CARTESIAN_POINT('',(-7.129568484155,26.6));
#6016 = ( GEOMETRIC_REPRESENTATION_CONTEXT(2) 
PARAMETRIC_REPRESENTATION_CONTEXT() REPRESENTATION_CONTEXT('2D SPACE',''
  ) );
#6017 = ORIENTED_EDGE('',*,*,#5899,.F.);
#6018 = ADVANCED_FACE('',(#6019),#5987,.T.);
#6019 = FACE_BOUND('',#6020,.T.);
#6020 = EDGE_LOOP('',(#6021,#6022,#6043,#6069));
#6021 = ORIENTED_EDGE('',*,*,#5971,.F.);
#6022 = ORIENTED_EDGE('',*,*,#6023,.T.);
#6023 = EDGE_CURVE('',#5951,#6024,#6026,.T.);
#6024 = VERTEX_POINT('',#6025);
#6025 = CARTESIAN_POINT('',(57.,-22.54185702108,-61.64));
#6026 = SURFACE_CURVE('',#6027,(#6031,#6037),.PCURVE_S1.);
#6027 = LINE('',#6028,#6029);
#6028 = CARTESIAN_POINT('',(53.014027109732,-25.48024389515,-61.64));
#6029 = VECTOR('',#6030,1.);
#6030 = DIRECTION('',(-0.804925219927,-0.593376263703,0.));
#6031 = PCURVE('',#5987,#6032);
#6032 = DEFINITIONAL_REPRESENTATION('',(#6033),#6036);
#6033 = B_SPLINE_CURVE_WITH_KNOTS('',1,(#6034,#6035),.UNSPECIFIED.,.F.,
  .F.,(2,2),(-5.191046699334,-4.85399243506),.PIECEWISE_BEZIER_KNOTS.);
#6034 = CARTESIAN_POINT('',(0.337054264274,-138.36));
#6035 = CARTESIAN_POINT('',(0.,-138.36));
#6036 = ( GEOMETRIC_REPRESENTATION_CONTEXT(2) 
PARAMETRIC_REPRESENTATION_CONTEXT() REPRESENTATION_CONTEXT('2D SPACE',''
  ) );
#6037 = PCURVE('',#126,#6038);
#6038 = DEFINITIONAL_REPRESENTATION('',(#6039),#6042);
#6039 = B_SPLINE_CURVE_WITH_KNOTS('',1,(#6040,#6041),.UNSPECIFIED.,.F.,
  .F.,(2,2),(-5.191046699334,-4.85399243506),.PIECEWISE_BEZIER_KNOTS.);
#6040 = CARTESIAN_POINT('',(-7.129568484155,26.6));
#6041 = CARTESIAN_POINT('',(-7.400871961953,26.4));
#6042 = ( GEOMETRIC_REPRESENTATION_CONTEXT(2) 
PARAMETRIC_REPRESENTATION_CONTEXT() REPRESENTATION_CONTEXT('2D SPACE',''
  ) );
#6043 = ORIENTED_EDGE('',*,*,#6044,.T.);
#6044 = EDGE_CURVE('',#6024,#6045,#6047,.T.);
#6045 = VERTEX_POINT('',#6046);
#6046 = CARTESIAN_POINT('',(57.,-22.54185702108,57.94));
#6047 = SURFACE_CURVE('',#6048,(#6052,#6058),.PCURVE_S1.);
#6048 = LINE('',#6049,#6050);
#6049 = CARTESIAN_POINT('',(57.,-22.54185702108,-130.82));
#6050 = VECTOR('',#6051,1.);
#6051 = DIRECTION('',(0.,-0.,1.));
#6052 = PCURVE('',#5987,#6053);
#6053 = DEFINITIONAL_REPRESENTATION('',(#6054),#6057);
#6054 = B_SPLINE_CURVE_WITH_KNOTS('',1,(#6055,#6056),.UNSPECIFIED.,.F.,
  .F.,(2,2),(69.18,188.76),.PIECEWISE_BEZIER_KNOTS.);
#6055 = CARTESIAN_POINT('',(9.798669491357E-02,-138.36));
#6056 = CARTESIAN_POINT('',(9.798669491357E-02,-257.94));
#6057 = ( GEOMETRIC_REPRESENTATION_CONTEXT(2) 
PARAMETRIC_REPRESENTATION_CONTEXT() REPRESENTATION_CONTEXT('2D SPACE',''
  ) );
#6058 = PCURVE('',#6059,#6064);
#6059 = PLANE('',#6060);
#6060 = AXIS2_PLACEMENT_3D('',#6061,#6062,#6063);
#6061 = CARTESIAN_POINT('',(57.,-23.,-61.64));
#6062 = DIRECTION('',(1.,0.,0.));
#6063 = DIRECTION('',(0.,0.,1.));
#6064 = DEFINITIONAL_REPRESENTATION('',(#6065),#6068);
#6065 = B_SPLINE_CURVE_WITH_KNOTS('',1,(#6066,#6067),.UNSPECIFIED.,.F.,
  .F.,(2,2),(69.18,188.76),.PIECEWISE_BEZIER_KNOTS.);
#6066 = CARTESIAN_POINT('',(0.,-0.45814297892));
#6067 = CARTESIAN_POINT('',(119.58,-0.45814297892));
#6068 = ( GEOMETRIC_REPRESENTATION_CONTEXT(2) 
PARAMETRIC_REPRESENTATION_CONTEXT() REPRESENTATION_CONTEXT('2D SPACE',''
  ) );
#6069 = ORIENTED_EDGE('',*,*,#6070,.F.);
#6070 = EDGE_CURVE('',#5972,#6045,#6071,.T.);
#6071 = SURFACE_CURVE('',#6072,(#6076,#6082),.PCURVE_S1.);
#6072 = LINE('',#6073,#6074);
#6073 = CARTESIAN_POINT('',(53.014027109732,-25.48024389515,57.94));
#6074 = VECTOR('',#6075,1.);
#6075 = DIRECTION('',(-0.804925219927,-0.593376263703,0.));
#6076 = PCURVE('',#5987,#6077);
#6077 = DEFINITIONAL_REPRESENTATION('',(#6078),#6081);
#6078 = B_SPLINE_CURVE_WITH_KNOTS('',1,(#6079,#6080),.UNSPECIFIED.,.F.,
  .F.,(2,2),(-5.191046699334,-4.85399243506),.PIECEWISE_BEZIER_KNOTS.);
#6079 = CARTESIAN_POINT('',(0.337054264274,-257.94));
#6080 = CARTESIAN_POINT('',(0.,-257.94));
#6081 = ( GEOMETRIC_REPRESENTATION_CONTEXT(2) 
PARAMETRIC_REPRESENTATION_CONTEXT() REPRESENTATION_CONTEXT('2D SPACE',''
  ) );
#6082 = PCURVE('',#70,#6083);
#6083 = DEFINITIONAL_REPRESENTATION('',(#6084),#6087);
#6084 = B_SPLINE_CURVE_WITH_KNOTS('',1,(#6085,#6086),.UNSPECIFIED.,.F.,
  .F.,(2,2),(-5.191046699334,-4.85399243506),.PIECEWISE_BEZIER_KNOTS.);
#6085 = CARTESIAN_POINT('',(-7.129568484155,26.6));
#6086 = CARTESIAN_POINT('',(-7.400871961953,26.4));
#6087 = ( GEOMETRIC_REPRESENTATION_CONTEXT(2) 
PARAMETRIC_REPRESENTATION_CONTEXT() REPRESENTATION_CONTEXT('2D SPACE',''
  ) );
#6088 = ADVANCED_FACE('',(#6089),#6059,.F.);
#6089 = FACE_BOUND('',#6090,.F.);
#6090 = EDGE_LOOP('',(#6091,#6114,#6137,#6158));
#6091 = ORIENTED_EDGE('',*,*,#6092,.F.);
#6092 = EDGE_CURVE('',#6093,#6045,#6095,.T.);
#6093 = VERTEX_POINT('',#6094);
#6094 = CARTESIAN_POINT('',(57.,-23.,57.94));
#6095 = SURFACE_CURVE('',#6096,(#6100,#6107),.PCURVE_S1.);
#6096 = LINE('',#6097,#6098);
#6097 = CARTESIAN_POINT('',(57.,-23.,57.94));
#6098 = VECTOR('',#6099,1.);
#6099 = DIRECTION('',(0.,1.,0.));
#6100 = PCURVE('',#6059,#6101);
#6101 = DEFINITIONAL_REPRESENTATION('',(#6102),#6106);
#6102 = LINE('',#6103,#6104);
#6103 = CARTESIAN_POINT('',(119.58,0.));
#6104 = VECTOR('',#6105,1.);
#6105 = DIRECTION('',(0.,-1.));
#6106 = ( GEOMETRIC_REPRESENTATION_CONTEXT(2) 
PARAMETRIC_REPRESENTATION_CONTEXT() REPRESENTATION_CONTEXT('2D SPACE',''
  ) );
#6107 = PCURVE('',#70,#6108);
#6108 = DEFINITIONAL_REPRESENTATION('',(#6109),#6113);
#6109 = LINE('',#6110,#6111);
#6110 = CARTESIAN_POINT('',(-7.322,26.));
#6111 = VECTOR('',#6112,1.);
#6112 = DIRECTION('',(0.,1.));
#6113 = ( GEOMETRIC_REPRESENTATION_CONTEXT(2) 
PARAMETRIC_REPRESENTATION_CONTEXT() REPRESENTATION_CONTEXT('2D SPACE',''
  ) );
#6114 = ORIENTED_EDGE('',*,*,#6115,.F.);
#6115 = EDGE_CURVE('',#6116,#6093,#6118,.T.);
#6116 = VERTEX_POINT('',#6117);
#6117 = CARTESIAN_POINT('',(57.,-23.,-61.64));
#6118 = SURFACE_CURVE('',#6119,(#6123,#6130),.PCURVE_S1.);
#6119 = LINE('',#6120,#6121);
#6120 = CARTESIAN_POINT('',(57.,-23.,-61.64));
#6121 = VECTOR('',#6122,1.);
#6122 = DIRECTION('',(0.,0.,1.));
#6123 = PCURVE('',#6059,#6124);
#6124 = DEFINITIONAL_REPRESENTATION('',(#6125),#6129);
#6125 = LINE('',#6126,#6127);
#6126 = CARTESIAN_POINT('',(0.,0.));
#6127 = VECTOR('',#6128,1.);
#6128 = DIRECTION('',(1.,0.));
#6129 = ( GEOMETRIC_REPRESENTATION_CONTEXT(2) 
PARAMETRIC_REPRESENTATION_CONTEXT() REPRESENTATION_CONTEXT('2D SPACE',''
  ) );
#6130 = PCURVE('',#151,#6131);
#6131 = DEFINITIONAL_REPRESENTATION('',(#6132),#6136);
#6132 = LINE('',#6133,#6134);
#6133 = CARTESIAN_POINT('',(0.,0.));
#6134 = VECTOR('',#6135,1.);
#6135 = DIRECTION('',(1.,0.));
#6136 = ( GEOMETRIC_REPRESENTATION_CONTEXT(2) 
PARAMETRIC_REPRESENTATION_CONTEXT() REPRESENTATION_CONTEXT('2D SPACE',''
  ) );
#6137 = ORIENTED_EDGE('',*,*,#6138,.T.);
#6138 = EDGE_CURVE('',#6116,#6024,#6139,.T.);
#6139 = SURFACE_CURVE('',#6140,(#6144,#6151),.PCURVE_S1.);
#6140 = LINE('',#6141,#6142);
#6141 = CARTESIAN_POINT('',(57.,-23.,-61.64));
#6142 = VECTOR('',#6143,1.);
#6143 = DIRECTION('',(0.,1.,0.));
#6144 = PCURVE('',#6059,#6145);
#6145 = DEFINITIONAL_REPRESENTATION('',(#6146),#6150);
#6146 = LINE('',#6147,#6148);
#6147 = CARTESIAN_POINT('',(0.,0.));
#6148 = VECTOR('',#6149,1.);
#6149 = DIRECTION('',(0.,-1.));
#6150 = ( GEOMETRIC_REPRESENTATION_CONTEXT(2) 
PARAMETRIC_REPRESENTATION_CONTEXT() REPRESENTATION_CONTEXT('2D SPACE',''
  ) );
#6151 = PCURVE('',#126,#6152);
#6152 = DEFINITIONAL_REPRESENTATION('',(#6153),#6157);
#6153 = LINE('',#6154,#6155);
#6154 = CARTESIAN_POINT('',(-7.322,26.));
#6155 = VECTOR('',#6156,1.);
#6156 = DIRECTION('',(0.,1.));
#6157 = ( GEOMETRIC_REPRESENTATION_CONTEXT(2) 
PARAMETRIC_REPRESENTATION_CONTEXT() REPRESENTATION_CONTEXT('2D SPACE',''
  ) );
#6158 = ORIENTED_EDGE('',*,*,#6044,.T.);
#6159 = ADVANCED_FACE('',(#6160),#2429,.T.);
#6160 = FACE_BOUND('',#6161,.T.);
#6161 = EDGE_LOOP('',(#6162,#6185,#6186,#6209));
#6162 = ORIENTED_EDGE('',*,*,#6163,.F.);
#6163 = EDGE_CURVE('',#2413,#6164,#6166,.T.);
#6164 = VERTEX_POINT('',#6165);
#6165 = CARTESIAN_POINT('',(64.322,9.7,-61.64));
#6166 = SURFACE_CURVE('',#6167,(#6171,#6178),.PCURVE_S1.);
#6167 = LINE('',#6168,#6169);
#6168 = CARTESIAN_POINT('',(50.496,9.7,-61.64));
#6169 = VECTOR('',#6170,1.);
#6170 = DIRECTION('',(1.,0.,0.));
#6171 = PCURVE('',#2429,#6172);
#6172 = DEFINITIONAL_REPRESENTATION('',(#6173),#6177);
#6173 = LINE('',#6174,#6175);
#6174 = CARTESIAN_POINT('',(0.,0.));
#6175 = VECTOR('',#6176,1.);
#6176 = DIRECTION('',(0.,1.));
#6177 = ( GEOMETRIC_REPRESENTATION_CONTEXT(2) 
PARAMETRIC_REPRESENTATION_CONTEXT() REPRESENTATION_CONTEXT('2D SPACE',''
  ) );
#6178 = PCURVE('',#126,#6179);
#6179 = DEFINITIONAL_REPRESENTATION('',(#6180),#6184);
#6180 = LINE('',#6181,#6182);
#6181 = CARTESIAN_POINT('',(-13.826,58.7));
#6182 = VECTOR('',#6183,1.);
#6183 = DIRECTION('',(1.,0.));
#6184 = ( GEOMETRIC_REPRESENTATION_CONTEXT(2) 
PARAMETRIC_REPRESENTATION_CONTEXT() REPRESENTATION_CONTEXT('2D SPACE',''
  ) );
#6185 = ORIENTED_EDGE('',*,*,#2412,.T.);
#6186 = ORIENTED_EDGE('',*,*,#6187,.T.);
#6187 = EDGE_CURVE('',#2415,#6188,#6190,.T.);
#6188 = VERTEX_POINT('',#6189);
#6189 = CARTESIAN_POINT('',(64.322,9.7,57.94));
#6190 = SURFACE_CURVE('',#6191,(#6195,#6202),.PCURVE_S1.);
#6191 = LINE('',#6192,#6193);
#6192 = CARTESIAN_POINT('',(50.496,9.7,57.94));
#6193 = VECTOR('',#6194,1.);
#6194 = DIRECTION('',(1.,0.,0.));
#6195 = PCURVE('',#2429,#6196);
#6196 = DEFINITIONAL_REPRESENTATION('',(#6197),#6201);
#6197 = LINE('',#6198,#6199);
#6198 = CARTESIAN_POINT('',(119.58,0.));
#6199 = VECTOR('',#6200,1.);
#6200 = DIRECTION('',(0.,1.));
#6201 = ( GEOMETRIC_REPRESENTATION_CONTEXT(2) 
PARAMETRIC_REPRESENTATION_CONTEXT() REPRESENTATION_CONTEXT('2D SPACE',''
  ) );
#6202 = PCURVE('',#70,#6203);
#6203 = DEFINITIONAL_REPRESENTATION('',(#6204),#6208);
#6204 = LINE('',#6205,#6206);
#6205 = CARTESIAN_POINT('',(-13.826,58.7));
#6206 = VECTOR('',#6207,1.);
#6207 = DIRECTION('',(1.,0.));
#6208 = ( GEOMETRIC_REPRESENTATION_CONTEXT(2) 
PARAMETRIC_REPRESENTATION_CONTEXT() REPRESENTATION_CONTEXT('2D SPACE',''
  ) );
#6209 = ORIENTED_EDGE('',*,*,#6210,.F.);
#6210 = EDGE_CURVE('',#6164,#6188,#6211,.T.);
#6211 = SURFACE_CURVE('',#6212,(#6216,#6222),.PCURVE_S1.);
#6212 = LINE('',#6213,#6214);
#6213 = CARTESIAN_POINT('',(64.322,9.7,-61.64));
#6214 = VECTOR('',#6215,1.);
#6215 = DIRECTION('',(0.,0.,1.));
#6216 = PCURVE('',#2429,#6217);
#6217 = DEFINITIONAL_REPRESENTATION('',(#6218),#6221);
#6218 = B_SPLINE_CURVE_WITH_KNOTS('',1,(#6219,#6220),.UNSPECIFIED.,.F.,
  .F.,(2,2),(0.,119.58),.PIECEWISE_BEZIER_KNOTS.);
#6219 = CARTESIAN_POINT('',(0.,13.826));
#6220 = CARTESIAN_POINT('',(119.58,13.826));
#6221 = ( GEOMETRIC_REPRESENTATION_CONTEXT(2) 
PARAMETRIC_REPRESENTATION_CONTEXT() REPRESENTATION_CONTEXT('2D SPACE',''
  ) );
#6222 = PCURVE('',#6223,#6228);
#6223 = PLANE('',#6224);
#6224 = AXIS2_PLACEMENT_3D('',#6225,#6226,#6227);
#6225 = CARTESIAN_POINT('',(64.322,-49.,-61.64));
#6226 = DIRECTION('',(1.,0.,0.));
#6227 = DIRECTION('',(0.,0.,1.));
#6228 = DEFINITIONAL_REPRESENTATION('',(#6229),#6232);
#6229 = B_SPLINE_CURVE_WITH_KNOTS('',1,(#6230,#6231),.UNSPECIFIED.,.F.,
  .F.,(2,2),(0.,119.58),.PIECEWISE_BEZIER_KNOTS.);
#6230 = CARTESIAN_POINT('',(0.,-58.7));
#6231 = CARTESIAN_POINT('',(119.58,-58.7));
#6232 = ( GEOMETRIC_REPRESENTATION_CONTEXT(2) 
PARAMETRIC_REPRESENTATION_CONTEXT() REPRESENTATION_CONTEXT('2D SPACE',''
  ) );
#6233 = ADVANCED_FACE('',(#6234),#6223,.F.);
#6234 = FACE_BOUND('',#6235,.F.);
#6235 = EDGE_LOOP('',(#6236,#6259,#6260,#6283));
#6236 = ORIENTED_EDGE('',*,*,#6237,.F.);
#6237 = EDGE_CURVE('',#6188,#6238,#6240,.T.);
#6238 = VERTEX_POINT('',#6239);
#6239 = CARTESIAN_POINT('',(64.322,12.,57.94));
#6240 = SURFACE_CURVE('',#6241,(#6245,#6252),.PCURVE_S1.);
#6241 = LINE('',#6242,#6243);
#6242 = CARTESIAN_POINT('',(64.322,-49.,57.94));
#6243 = VECTOR('',#6244,1.);
#6244 = DIRECTION('',(0.,1.,0.));
#6245 = PCURVE('',#6223,#6246);
#6246 = DEFINITIONAL_REPRESENTATION('',(#6247),#6251);
#6247 = LINE('',#6248,#6249);
#6248 = CARTESIAN_POINT('',(119.58,0.));
#6249 = VECTOR('',#6250,1.);
#6250 = DIRECTION('',(0.,-1.));
#6251 = ( GEOMETRIC_REPRESENTATION_CONTEXT(2) 
PARAMETRIC_REPRESENTATION_CONTEXT() REPRESENTATION_CONTEXT('2D SPACE',''
  ) );
#6252 = PCURVE('',#70,#6253);
#6253 = DEFINITIONAL_REPRESENTATION('',(#6254),#6258);
#6254 = LINE('',#6255,#6256);
#6255 = CARTESIAN_POINT('',(0.,0.));
#6256 = VECTOR('',#6257,1.);
#6257 = DIRECTION('',(0.,1.));
#6258 = ( GEOMETRIC_REPRESENTATION_CONTEXT(2) 
PARAMETRIC_REPRESENTATION_CONTEXT() REPRESENTATION_CONTEXT('2D SPACE',''
  ) );
#6259 = ORIENTED_EDGE('',*,*,#6210,.F.);
#6260 = ORIENTED_EDGE('',*,*,#6261,.T.);
#6261 = EDGE_CURVE('',#6164,#6262,#6264,.T.);
#6262 = VERTEX_POINT('',#6263);
#6263 = CARTESIAN_POINT('',(64.322,12.,-61.64));
#6264 = SURFACE_CURVE('',#6265,(#6269,#6276),.PCURVE_S1.);
#6265 = LINE('',#6266,#6267);
#6266 = CARTESIAN_POINT('',(64.322,-49.,-61.64));
#6267 = VECTOR('',#6268,1.);
#6268 = DIRECTION('',(0.,1.,0.));
#6269 = PCURVE('',#6223,#6270);
#6270 = DEFINITIONAL_REPRESENTATION('',(#6271),#6275);
#6271 = LINE('',#6272,#6273);
#6272 = CARTESIAN_POINT('',(0.,0.));
#6273 = VECTOR('',#6274,1.);
#6274 = DIRECTION('',(0.,-1.));
#6275 = ( GEOMETRIC_REPRESENTATION_CONTEXT(2) 
PARAMETRIC_REPRESENTATION_CONTEXT() REPRESENTATION_CONTEXT('2D SPACE',''
  ) );
#6276 = PCURVE('',#126,#6277);
#6277 = DEFINITIONAL_REPRESENTATION('',(#6278),#6282);
#6278 = LINE('',#6279,#6280);
#6279 = CARTESIAN_POINT('',(0.,0.));
#6280 = VECTOR('',#6281,1.);
#6281 = DIRECTION('',(0.,1.));
#6282 = ( GEOMETRIC_REPRESENTATION_CONTEXT(2) 
PARAMETRIC_REPRESENTATION_CONTEXT() REPRESENTATION_CONTEXT('2D SPACE',''
  ) );
#6283 = ORIENTED_EDGE('',*,*,#6284,.T.);
#6284 = EDGE_CURVE('',#6262,#6238,#6285,.T.);
#6285 = SURFACE_CURVE('',#6286,(#6290,#6296),.PCURVE_S1.);
#6286 = LINE('',#6287,#6288);
#6287 = CARTESIAN_POINT('',(64.322,12.,-61.64));
#6288 = VECTOR('',#6289,1.);
#6289 = DIRECTION('',(0.,0.,1.));
#6290 = PCURVE('',#6223,#6291);
#6291 = DEFINITIONAL_REPRESENTATION('',(#6292),#6295);
#6292 = B_SPLINE_CURVE_WITH_KNOTS('',1,(#6293,#6294),.UNSPECIFIED.,.F.,
  .F.,(2,2),(0.,119.58),.PIECEWISE_BEZIER_KNOTS.);
#6293 = CARTESIAN_POINT('',(0.,-61.));
#6294 = CARTESIAN_POINT('',(119.58,-61.));
#6295 = ( GEOMETRIC_REPRESENTATION_CONTEXT(2) 
PARAMETRIC_REPRESENTATION_CONTEXT() REPRESENTATION_CONTEXT('2D SPACE',''
  ) );
#6296 = PCURVE('',#6297,#6302);
#6297 = PLANE('',#6298);
#6298 = AXIS2_PLACEMENT_3D('',#6299,#6300,#6301);
#6299 = CARTESIAN_POINT('',(57.,12.,-61.64));
#6300 = DIRECTION('',(0.,1.,0.));
#6301 = DIRECTION('',(0.,0.,1.));
#6302 = DEFINITIONAL_REPRESENTATION('',(#6303),#6306);
#6303 = B_SPLINE_CURVE_WITH_KNOTS('',1,(#6304,#6305),.UNSPECIFIED.,.F.,
  .F.,(2,2),(0.,119.58),.PIECEWISE_BEZIER_KNOTS.);
#6304 = CARTESIAN_POINT('',(0.,7.322));
#6305 = CARTESIAN_POINT('',(119.58,7.322));
#6306 = ( GEOMETRIC_REPRESENTATION_CONTEXT(2) 
PARAMETRIC_REPRESENTATION_CONTEXT() REPRESENTATION_CONTEXT('2D SPACE',''
  ) );
#6307 = ADVANCED_FACE('',(#6308),#6297,.F.);
#6308 = FACE_BOUND('',#6309,.F.);
#6309 = EDGE_LOOP('',(#6310,#6333,#6359,#6380));
#6310 = ORIENTED_EDGE('',*,*,#6311,.F.);
#6311 = EDGE_CURVE('',#6312,#6262,#6314,.T.);
#6312 = VERTEX_POINT('',#6313);
#6313 = CARTESIAN_POINT('',(62.485473479305,12.,-61.64));
#6314 = SURFACE_CURVE('',#6315,(#6319,#6326),.PCURVE_S1.);
#6315 = LINE('',#6316,#6317);
#6316 = CARTESIAN_POINT('',(57.,12.,-61.64));
#6317 = VECTOR('',#6318,1.);
#6318 = DIRECTION('',(1.,0.,0.));
#6319 = PCURVE('',#6297,#6320);
#6320 = DEFINITIONAL_REPRESENTATION('',(#6321),#6325);
#6321 = LINE('',#6322,#6323);
#6322 = CARTESIAN_POINT('',(0.,0.));
#6323 = VECTOR('',#6324,1.);
#6324 = DIRECTION('',(0.,1.));
#6325 = ( GEOMETRIC_REPRESENTATION_CONTEXT(2) 
PARAMETRIC_REPRESENTATION_CONTEXT() REPRESENTATION_CONTEXT('2D SPACE',''
  ) );
#6326 = PCURVE('',#126,#6327);
#6327 = DEFINITIONAL_REPRESENTATION('',(#6328),#6332);
#6328 = LINE('',#6329,#6330);
#6329 = CARTESIAN_POINT('',(-7.322,61.));
#6330 = VECTOR('',#6331,1.);
#6331 = DIRECTION('',(1.,0.));
#6332 = ( GEOMETRIC_REPRESENTATION_CONTEXT(2) 
PARAMETRIC_REPRESENTATION_CONTEXT() REPRESENTATION_CONTEXT('2D SPACE',''
  ) );
#6333 = ORIENTED_EDGE('',*,*,#6334,.T.);
#6334 = EDGE_CURVE('',#6312,#6335,#6337,.T.);
#6335 = VERTEX_POINT('',#6336);
#6336 = CARTESIAN_POINT('',(62.485473479305,12.,57.94));
#6337 = SURFACE_CURVE('',#6338,(#6342,#6348),.PCURVE_S1.);
#6338 = LINE('',#6339,#6340);
#6339 = CARTESIAN_POINT('',(62.485473479305,12.,-130.82));
#6340 = VECTOR('',#6341,1.);
#6341 = DIRECTION('',(0.,-0.,1.));
#6342 = PCURVE('',#6297,#6343);
#6343 = DEFINITIONAL_REPRESENTATION('',(#6344),#6347);
#6344 = B_SPLINE_CURVE_WITH_KNOTS('',1,(#6345,#6346),.UNSPECIFIED.,.F.,
  .F.,(2,2),(69.18,188.76),.PIECEWISE_BEZIER_KNOTS.);
#6345 = CARTESIAN_POINT('',(0.,5.485473479305));
#6346 = CARTESIAN_POINT('',(119.58,5.485473479305));
#6347 = ( GEOMETRIC_REPRESENTATION_CONTEXT(2) 
PARAMETRIC_REPRESENTATION_CONTEXT() REPRESENTATION_CONTEXT('2D SPACE',''
  ) );
#6348 = PCURVE('',#6349,#6354);
#6349 = PLANE('',#6350);
#6350 = AXIS2_PLACEMENT_3D('',#6351,#6352,#6353);
#6351 = CARTESIAN_POINT('',(60.687652651746,10.2,-200.));
#6352 = DIRECTION('',(-0.707534940549,0.706678362413,0.));
#6353 = DIRECTION('',(0.706678362413,0.707534940549,0.));
#6354 = DEFINITIONAL_REPRESENTATION('',(#6355),#6358);
#6355 = B_SPLINE_CURVE_WITH_KNOTS('',1,(#6356,#6357),.UNSPECIFIED.,.F.,
  .F.,(2,2),(69.18,188.76),.PIECEWISE_BEZIER_KNOTS.);
#6356 = CARTESIAN_POINT('',(2.544043971319,-138.36));
#6357 = CARTESIAN_POINT('',(2.544043971319,-257.94));
#6358 = ( GEOMETRIC_REPRESENTATION_CONTEXT(2) 
PARAMETRIC_REPRESENTATION_CONTEXT() REPRESENTATION_CONTEXT('2D SPACE',''
  ) );
#6359 = ORIENTED_EDGE('',*,*,#6360,.T.);
#6360 = EDGE_CURVE('',#6335,#6238,#6361,.T.);
#6361 = SURFACE_CURVE('',#6362,(#6366,#6373),.PCURVE_S1.);
#6362 = LINE('',#6363,#6364);
#6363 = CARTESIAN_POINT('',(57.,12.,57.94));
#6364 = VECTOR('',#6365,1.);
#6365 = DIRECTION('',(1.,0.,0.));
#6366 = PCURVE('',#6297,#6367);
#6367 = DEFINITIONAL_REPRESENTATION('',(#6368),#6372);
#6368 = LINE('',#6369,#6370);
#6369 = CARTESIAN_POINT('',(119.58,0.));
#6370 = VECTOR('',#6371,1.);
#6371 = DIRECTION('',(0.,1.));
#6372 = ( GEOMETRIC_REPRESENTATION_CONTEXT(2) 
PARAMETRIC_REPRESENTATION_CONTEXT() REPRESENTATION_CONTEXT('2D SPACE',''
  ) );
#6373 = PCURVE('',#70,#6374);
#6374 = DEFINITIONAL_REPRESENTATION('',(#6375),#6379);
#6375 = LINE('',#6376,#6377);
#6376 = CARTESIAN_POINT('',(-7.322,61.));
#6377 = VECTOR('',#6378,1.);
#6378 = DIRECTION('',(1.,0.));
#6379 = ( GEOMETRIC_REPRESENTATION_CONTEXT(2) 
PARAMETRIC_REPRESENTATION_CONTEXT() REPRESENTATION_CONTEXT('2D SPACE',''
  ) );
#6380 = ORIENTED_EDGE('',*,*,#6284,.F.);
#6381 = ADVANCED_FACE('',(#6382),#6349,.T.);
#6382 = FACE_BOUND('',#6383,.T.);
#6383 = EDGE_LOOP('',(#6384,#6414,#6433,#6434));
#6384 = ORIENTED_EDGE('',*,*,#6385,.F.);
#6385 = EDGE_CURVE('',#6386,#6388,#6390,.T.);
#6386 = VERTEX_POINT('',#6387);
#6387 = CARTESIAN_POINT('',(64.283294306864,13.8,-61.64));
#6388 = VERTEX_POINT('',#6389);
#6389 = CARTESIAN_POINT('',(64.283294306864,13.8,57.94));
#6390 = SURFACE_CURVE('',#6391,(#6395,#6402),.PCURVE_S1.);
#6391 = LINE('',#6392,#6393);
#6392 = CARTESIAN_POINT('',(64.283294306864,13.8,-200.));
#6393 = VECTOR('',#6394,1.);
#6394 = DIRECTION('',(0.,0.,1.));
#6395 = PCURVE('',#6349,#6396);
#6396 = DEFINITIONAL_REPRESENTATION('',(#6397),#6401);
#6397 = LINE('',#6398,#6399);
#6398 = CARTESIAN_POINT('',(5.088087942638,0.));
#6399 = VECTOR('',#6400,1.);
#6400 = DIRECTION('',(0.,-1.));
#6401 = ( GEOMETRIC_REPRESENTATION_CONTEXT(2) 
PARAMETRIC_REPRESENTATION_CONTEXT() REPRESENTATION_CONTEXT('2D SPACE',''
  ) );
#6402 = PCURVE('',#6403,#6408);
#6403 = PLANE('',#6404);
#6404 = AXIS2_PLACEMENT_3D('',#6405,#6406,#6407);
#6405 = CARTESIAN_POINT('',(64.283294306864,13.8,-200.));
#6406 = DIRECTION('',(-0.996948786084,7.805842636378E-02,0.));
#6407 = DIRECTION('',(7.805842636378E-02,0.996948786084,0.));
#6408 = DEFINITIONAL_REPRESENTATION('',(#6409),#6413);
#6409 = LINE('',#6410,#6411);
#6410 = CARTESIAN_POINT('',(0.,0.));
#6411 = VECTOR('',#6412,1.);
#6412 = DIRECTION('',(0.,-1.));
#6413 = ( GEOMETRIC_REPRESENTATION_CONTEXT(2) 
PARAMETRIC_REPRESENTATION_CONTEXT() REPRESENTATION_CONTEXT('2D SPACE',''
  ) );
#6414 = ORIENTED_EDGE('',*,*,#6415,.T.);
#6415 = EDGE_CURVE('',#6386,#6312,#6416,.T.);
#6416 = SURFACE_CURVE('',#6417,(#6421,#6427),.PCURVE_S1.);
#6417 = LINE('',#6418,#6419);
#6418 = CARTESIAN_POINT('',(46.795149700222,-3.709342315661,-61.64));
#6419 = VECTOR('',#6420,1.);
#6420 = DIRECTION('',(-0.706678362413,-0.707534940549,0.));
#6421 = PCURVE('',#6349,#6422);
#6422 = DEFINITIONAL_REPRESENTATION('',(#6423),#6426);
#6423 = B_SPLINE_CURVE_WITH_KNOTS('',1,(#6424,#6425),.UNSPECIFIED.,.F.,
  .F.,(2,2),(-24.74696486662,-19.65887692398),.PIECEWISE_BEZIER_KNOTS.);
#6424 = CARTESIAN_POINT('',(5.088087942638,-138.36));
#6425 = CARTESIAN_POINT('',(0.,-138.36));
#6426 = ( GEOMETRIC_REPRESENTATION_CONTEXT(2) 
PARAMETRIC_REPRESENTATION_CONTEXT() REPRESENTATION_CONTEXT('2D SPACE',''
  ) );
#6427 = PCURVE('',#126,#6428);
#6428 = DEFINITIONAL_REPRESENTATION('',(#6429),#6432);
#6429 = B_SPLINE_CURVE_WITH_KNOTS('',1,(#6430,#6431),.UNSPECIFIED.,.F.,
  .F.,(2,2),(-24.74696486662,-19.65887692398),.PIECEWISE_BEZIER_KNOTS.);
#6430 = CARTESIAN_POINT('',(-3.870569313629E-02,62.8));
#6431 = CARTESIAN_POINT('',(-3.634347348254,59.2));
#6432 = ( GEOMETRIC_REPRESENTATION_CONTEXT(2) 
PARAMETRIC_REPRESENTATION_CONTEXT() REPRESENTATION_CONTEXT('2D SPACE',''
  ) );
#6433 = ORIENTED_EDGE('',*,*,#6334,.T.);
#6434 = ORIENTED_EDGE('',*,*,#6435,.F.);
#6435 = EDGE_CURVE('',#6388,#6335,#6436,.T.);
#6436 = SURFACE_CURVE('',#6437,(#6441,#6447),.PCURVE_S1.);
#6437 = LINE('',#6438,#6439);
#6438 = CARTESIAN_POINT('',(46.795149700222,-3.709342315661,57.94));
#6439 = VECTOR('',#6440,1.);
#6440 = DIRECTION('',(-0.706678362413,-0.707534940549,0.));
#6441 = PCURVE('',#6349,#6442);
#6442 = DEFINITIONAL_REPRESENTATION('',(#6443),#6446);
#6443 = B_SPLINE_CURVE_WITH_KNOTS('',1,(#6444,#6445),.UNSPECIFIED.,.F.,
  .F.,(2,2),(-24.74696486662,-19.65887692398),.PIECEWISE_BEZIER_KNOTS.);
#6444 = CARTESIAN_POINT('',(5.088087942638,-257.94));
#6445 = CARTESIAN_POINT('',(0.,-257.94));
#6446 = ( GEOMETRIC_REPRESENTATION_CONTEXT(2) 
PARAMETRIC_REPRESENTATION_CONTEXT() REPRESENTATION_CONTEXT('2D SPACE',''
  ) );
#6447 = PCURVE('',#70,#6448);
#6448 = DEFINITIONAL_REPRESENTATION('',(#6449),#6452);
#6449 = B_SPLINE_CURVE_WITH_KNOTS('',1,(#6450,#6451),.UNSPECIFIED.,.F.,
  .F.,(2,2),(-24.74696486662,-19.65887692398),.PIECEWISE_BEZIER_KNOTS.);
#6450 = CARTESIAN_POINT('',(-3.870569313629E-02,62.8));
#6451 = CARTESIAN_POINT('',(-3.634347348254,59.2));
#6452 = ( GEOMETRIC_REPRESENTATION_CONTEXT(2) 
PARAMETRIC_REPRESENTATION_CONTEXT() REPRESENTATION_CONTEXT('2D SPACE',''
  ) );
#6453 = ADVANCED_FACE('',(#6454),#6403,.T.);
#6454 = FACE_BOUND('',#6455,.T.);
#6455 = EDGE_LOOP('',(#6456,#6477,#6478,#6499));
#6456 = ORIENTED_EDGE('',*,*,#6457,.T.);
#6457 = EDGE_CURVE('',#6458,#6386,#6460,.T.);
#6458 = VERTEX_POINT('',#6459);
#6459 = CARTESIAN_POINT('',(64.298953772516,14.,-61.64));
#6460 = SURFACE_CURVE('',#6461,(#6465,#6471),.PCURVE_S1.);
#6461 = LINE('',#6462,#6463);
#6462 = CARTESIAN_POINT('',(61.839856269061,-17.40717005368,-61.64));
#6463 = VECTOR('',#6464,1.);
#6464 = DIRECTION('',(-7.805842636378E-02,-0.996948786084,0.));
#6465 = PCURVE('',#6403,#6466);
#6466 = DEFINITIONAL_REPRESENTATION('',(#6467),#6470);
#6467 = B_SPLINE_CURVE_WITH_KNOTS('',1,(#6468,#6469),.UNSPECIFIED.,.F.,
  .F.,(2,2),(-31.50329334074,-31.30268123027),.PIECEWISE_BEZIER_KNOTS.);
#6468 = CARTESIAN_POINT('',(0.200612110463,-138.36));
#6469 = CARTESIAN_POINT('',(0.,-138.36));
#6470 = ( GEOMETRIC_REPRESENTATION_CONTEXT(2) 
PARAMETRIC_REPRESENTATION_CONTEXT() REPRESENTATION_CONTEXT('2D SPACE',''
  ) );
#6471 = PCURVE('',#126,#6472);
#6472 = DEFINITIONAL_REPRESENTATION('',(#6473),#6476);
#6473 = B_SPLINE_CURVE_WITH_KNOTS('',1,(#6474,#6475),.UNSPECIFIED.,.F.,
  .F.,(2,2),(-31.50329334074,-31.30268123027),.PIECEWISE_BEZIER_KNOTS.);
#6474 = CARTESIAN_POINT('',(-2.304622748399E-02,63.));
#6475 = CARTESIAN_POINT('',(-3.870569313627E-02,62.8));
#6476 = ( GEOMETRIC_REPRESENTATION_CONTEXT(2) 
PARAMETRIC_REPRESENTATION_CONTEXT() REPRESENTATION_CONTEXT('2D SPACE',''
  ) );
#6477 = ORIENTED_EDGE('',*,*,#6385,.T.);
#6478 = ORIENTED_EDGE('',*,*,#6479,.F.);
#6479 = EDGE_CURVE('',#6480,#6388,#6482,.T.);
#6480 = VERTEX_POINT('',#6481);
#6481 = CARTESIAN_POINT('',(64.298953772516,14.,57.94));
#6482 = SURFACE_CURVE('',#6483,(#6487,#6493),.PCURVE_S1.);
#6483 = LINE('',#6484,#6485);
#6484 = CARTESIAN_POINT('',(61.839856269061,-17.40717005368,57.94));
#6485 = VECTOR('',#6486,1.);
#6486 = DIRECTION('',(-7.805842636378E-02,-0.996948786084,0.));
#6487 = PCURVE('',#6403,#6488);
#6488 = DEFINITIONAL_REPRESENTATION('',(#6489),#6492);
#6489 = B_SPLINE_CURVE_WITH_KNOTS('',1,(#6490,#6491),.UNSPECIFIED.,.F.,
  .F.,(2,2),(-31.50329334074,-31.30268123027),.PIECEWISE_BEZIER_KNOTS.);
#6490 = CARTESIAN_POINT('',(0.200612110463,-257.94));
#6491 = CARTESIAN_POINT('',(0.,-257.94));
#6492 = ( GEOMETRIC_REPRESENTATION_CONTEXT(2) 
PARAMETRIC_REPRESENTATION_CONTEXT() REPRESENTATION_CONTEXT('2D SPACE',''
  ) );
#6493 = PCURVE('',#70,#6494);
#6494 = DEFINITIONAL_REPRESENTATION('',(#6495),#6498);
#6495 = B_SPLINE_CURVE_WITH_KNOTS('',1,(#6496,#6497),.UNSPECIFIED.,.F.,
  .F.,(2,2),(-31.50329334074,-31.30268123027),.PIECEWISE_BEZIER_KNOTS.);
#6496 = CARTESIAN_POINT('',(-2.304622748399E-02,63.));
#6497 = CARTESIAN_POINT('',(-3.870569313627E-02,62.8));
#6498 = ( GEOMETRIC_REPRESENTATION_CONTEXT(2) 
PARAMETRIC_REPRESENTATION_CONTEXT() REPRESENTATION_CONTEXT('2D SPACE',''
  ) );
#6499 = ORIENTED_EDGE('',*,*,#6500,.F.);
#6500 = EDGE_CURVE('',#6458,#6480,#6501,.T.);
#6501 = SURFACE_CURVE('',#6502,(#6506,#6513),.PCURVE_S1.);
#6502 = LINE('',#6503,#6504);
#6503 = CARTESIAN_POINT('',(64.298953772516,14.,-200.));
#6504 = VECTOR('',#6505,1.);
#6505 = DIRECTION('',(0.,0.,1.));
#6506 = PCURVE('',#6403,#6507);
#6507 = DEFINITIONAL_REPRESENTATION('',(#6508),#6512);
#6508 = LINE('',#6509,#6510);
#6509 = CARTESIAN_POINT('',(0.200612110463,0.));
#6510 = VECTOR('',#6511,1.);
#6511 = DIRECTION('',(0.,-1.));
#6512 = ( GEOMETRIC_REPRESENTATION_CONTEXT(2) 
PARAMETRIC_REPRESENTATION_CONTEXT() REPRESENTATION_CONTEXT('2D SPACE',''
  ) );
#6513 = PCURVE('',#6514,#6519);
#6514 = PLANE('',#6515);
#6515 = AXIS2_PLACEMENT_3D('',#6516,#6517,#6518);
#6516 = CARTESIAN_POINT('',(64.298953772516,14.,-200.));
#6517 = DIRECTION('',(-0.999030290838,4.402814994398E-02,0.));
#6518 = DIRECTION('',(4.402814994398E-02,0.999030290838,0.));
#6519 = DEFINITIONAL_REPRESENTATION('',(#6520),#6524);
#6520 = LINE('',#6521,#6522);
#6521 = CARTESIAN_POINT('',(0.,0.));
#6522 = VECTOR('',#6523,1.);
#6523 = DIRECTION('',(0.,-1.));
#6524 = ( GEOMETRIC_REPRESENTATION_CONTEXT(2) 
PARAMETRIC_REPRESENTATION_CONTEXT() REPRESENTATION_CONTEXT('2D SPACE',''
  ) );
#6525 = ADVANCED_FACE('',(#6526),#6514,.T.);
#6526 = FACE_BOUND('',#6527,.T.);
#6527 = EDGE_LOOP('',(#6528,#6549,#6550,#6571));
#6528 = ORIENTED_EDGE('',*,*,#6529,.T.);
#6529 = EDGE_CURVE('',#6530,#6458,#6532,.T.);
#6530 = VERTEX_POINT('',#6531);
#6531 = CARTESIAN_POINT('',(64.307767949693,14.2,-61.64));
#6532 = SURFACE_CURVE('',#6533,(#6537,#6543),.PCURVE_S1.);
#6533 = LINE('',#6534,#6535);
#6534 = CARTESIAN_POINT('',(62.913434263345,-17.43843109398,-61.64));
#6535 = VECTOR('',#6536,1.);
#6536 = DIRECTION('',(-4.402814994398E-02,-0.999030290838,0.));
#6537 = PCURVE('',#6514,#6538);
#6538 = DEFINITIONAL_REPRESENTATION('',(#6539),#6542);
#6539 = B_SPLINE_CURVE_WITH_KNOTS('',1,(#6540,#6541),.UNSPECIFIED.,.F.,
  .F.,(2,2),(-31.66914095011,-31.46894682002),.PIECEWISE_BEZIER_KNOTS.);
#6540 = CARTESIAN_POINT('',(0.200194130082,-138.36));
#6541 = CARTESIAN_POINT('',(0.,-138.36));
#6542 = ( GEOMETRIC_REPRESENTATION_CONTEXT(2) 
PARAMETRIC_REPRESENTATION_CONTEXT() REPRESENTATION_CONTEXT('2D SPACE',''
  ) );
#6543 = PCURVE('',#126,#6544);
#6544 = DEFINITIONAL_REPRESENTATION('',(#6545),#6548);
#6545 = B_SPLINE_CURVE_WITH_KNOTS('',1,(#6546,#6547),.UNSPECIFIED.,.F.,
  .F.,(2,2),(-31.66914095011,-31.46894682002),.PIECEWISE_BEZIER_KNOTS.);
#6546 = CARTESIAN_POINT('',(-1.423205030684E-02,63.2));
#6547 = CARTESIAN_POINT('',(-2.3046227484E-02,63.));
#6548 = ( GEOMETRIC_REPRESENTATION_CONTEXT(2) 
PARAMETRIC_REPRESENTATION_CONTEXT() REPRESENTATION_CONTEXT('2D SPACE',''
  ) );
#6549 = ORIENTED_EDGE('',*,*,#6500,.T.);
#6550 = ORIENTED_EDGE('',*,*,#6551,.F.);
#6551 = EDGE_CURVE('',#6552,#6480,#6554,.T.);
#6552 = VERTEX_POINT('',#6553);
#6553 = CARTESIAN_POINT('',(64.307767949693,14.2,57.94));
#6554 = SURFACE_CURVE('',#6555,(#6559,#6565),.PCURVE_S1.);
#6555 = LINE('',#6556,#6557);
#6556 = CARTESIAN_POINT('',(62.913434263345,-17.43843109398,57.94));
#6557 = VECTOR('',#6558,1.);
#6558 = DIRECTION('',(-4.402814994398E-02,-0.999030290838,0.));
#6559 = PCURVE('',#6514,#6560);
#6560 = DEFINITIONAL_REPRESENTATION('',(#6561),#6564);
#6561 = B_SPLINE_CURVE_WITH_KNOTS('',1,(#6562,#6563),.UNSPECIFIED.,.F.,
  .F.,(2,2),(-31.66914095011,-31.46894682002),.PIECEWISE_BEZIER_KNOTS.);
#6562 = CARTESIAN_POINT('',(0.200194130082,-257.94));
#6563 = CARTESIAN_POINT('',(0.,-257.94));
#6564 = ( GEOMETRIC_REPRESENTATION_CONTEXT(2) 
PARAMETRIC_REPRESENTATION_CONTEXT() REPRESENTATION_CONTEXT('2D SPACE',''
  ) );
#6565 = PCURVE('',#70,#6566);
#6566 = DEFINITIONAL_REPRESENTATION('',(#6567),#6570);
#6567 = B_SPLINE_CURVE_WITH_KNOTS('',1,(#6568,#6569),.UNSPECIFIED.,.F.,
  .F.,(2,2),(-31.66914095011,-31.46894682002),.PIECEWISE_BEZIER_KNOTS.);
#6568 = CARTESIAN_POINT('',(-1.423205030684E-02,63.2));
#6569 = CARTESIAN_POINT('',(-2.3046227484E-02,63.));
#6570 = ( GEOMETRIC_REPRESENTATION_CONTEXT(2) 
PARAMETRIC_REPRESENTATION_CONTEXT() REPRESENTATION_CONTEXT('2D SPACE',''
  ) );
#6571 = ORIENTED_EDGE('',*,*,#6572,.F.);
#6572 = EDGE_CURVE('',#6530,#6552,#6573,.T.);
#6573 = SURFACE_CURVE('',#6574,(#6578,#6585),.PCURVE_S1.);
#6574 = LINE('',#6575,#6576);
#6575 = CARTESIAN_POINT('',(64.307767949693,14.2,-200.));
#6576 = VECTOR('',#6577,1.);
#6577 = DIRECTION('',(0.,0.,1.));
#6578 = PCURVE('',#6514,#6579);
#6579 = DEFINITIONAL_REPRESENTATION('',(#6580),#6584);
#6580 = LINE('',#6581,#6582);
#6581 = CARTESIAN_POINT('',(0.200194130082,0.));
#6582 = VECTOR('',#6583,1.);
#6583 = DIRECTION('',(0.,-1.));
#6584 = ( GEOMETRIC_REPRESENTATION_CONTEXT(2) 
PARAMETRIC_REPRESENTATION_CONTEXT() REPRESENTATION_CONTEXT('2D SPACE',''
  ) );
#6585 = PCURVE('',#6586,#6591);
#6586 = PLANE('',#6587);
#6587 = AXIS2_PLACEMENT_3D('',#6588,#6589,#6590);
#6588 = CARTESIAN_POINT('',(64.307767949693,14.2,-200.));
#6589 = DIRECTION('',(-0.999353627248,3.594895973238E-02,0.));
#6590 = DIRECTION('',(3.594895973238E-02,0.999353627248,0.));
#6591 = DEFINITIONAL_REPRESENTATION('',(#6592),#6596);
#6592 = LINE('',#6593,#6594);
#6593 = CARTESIAN_POINT('',(0.,0.));
#6594 = VECTOR('',#6595,1.);
#6595 = DIRECTION('',(0.,-1.));
#6596 = ( GEOMETRIC_REPRESENTATION_CONTEXT(2) 
PARAMETRIC_REPRESENTATION_CONTEXT() REPRESENTATION_CONTEXT('2D SPACE',''
  ) );
#6597 = ADVANCED_FACE('',(#6598),#6586,.T.);
#6598 = FACE_BOUND('',#6599,.T.);
#6599 = EDGE_LOOP('',(#6600,#6621,#6622,#6643));
#6600 = ORIENTED_EDGE('',*,*,#6601,.T.);
#6601 = EDGE_CURVE('',#6602,#6530,#6604,.T.);
#6602 = VERTEX_POINT('',#6603);
#6603 = CARTESIAN_POINT('',(64.314962391931,14.4,-61.64));
#6604 = SURFACE_CURVE('',#6605,(#6609,#6615),.PCURVE_S1.);
#6605 = LINE('',#6606,#6607);
#6606 = CARTESIAN_POINT('',(63.172524289512,-17.35890679614,-61.64));
#6607 = VECTOR('',#6608,1.);
#6608 = DIRECTION('',(-3.594895973238E-02,-0.999353627248,0.));
#6609 = PCURVE('',#6586,#6610);
#6610 = DEFINITIONAL_REPRESENTATION('',(#6611),#6614);
#6611 = B_SPLINE_CURVE_WITH_KNOTS('',1,(#6612,#6613),.UNSPECIFIED.,.F.,
  .F.,(2,2),(-31.7794481655,-31.57931880734),.PIECEWISE_BEZIER_KNOTS.);
#6612 = CARTESIAN_POINT('',(0.200129358164,-138.36));
#6613 = CARTESIAN_POINT('',(0.,-138.36));
#6614 = ( GEOMETRIC_REPRESENTATION_CONTEXT(2) 
PARAMETRIC_REPRESENTATION_CONTEXT() REPRESENTATION_CONTEXT('2D SPACE',''
  ) );
#6615 = PCURVE('',#126,#6616);
#6616 = DEFINITIONAL_REPRESENTATION('',(#6617),#6620);
#6617 = B_SPLINE_CURVE_WITH_KNOTS('',1,(#6618,#6619),.UNSPECIFIED.,.F.,
  .F.,(2,2),(-31.7794481655,-31.57931880734),.PIECEWISE_BEZIER_KNOTS.);
#6618 = CARTESIAN_POINT('',(-7.03760806894E-03,63.4));
#6619 = CARTESIAN_POINT('',(-1.423205030684E-02,63.2));
#6620 = ( GEOMETRIC_REPRESENTATION_CONTEXT(2) 
PARAMETRIC_REPRESENTATION_CONTEXT() REPRESENTATION_CONTEXT('2D SPACE',''
  ) );
#6621 = ORIENTED_EDGE('',*,*,#6572,.T.);
#6622 = ORIENTED_EDGE('',*,*,#6623,.F.);
#6623 = EDGE_CURVE('',#6624,#6552,#6626,.T.);
#6624 = VERTEX_POINT('',#6625);
#6625 = CARTESIAN_POINT('',(64.314962391931,14.4,57.94));
#6626 = SURFACE_CURVE('',#6627,(#6631,#6637),.PCURVE_S1.);
#6627 = LINE('',#6628,#6629);
#6628 = CARTESIAN_POINT('',(63.172524289512,-17.35890679614,57.94));
#6629 = VECTOR('',#6630,1.);
#6630 = DIRECTION('',(-3.594895973238E-02,-0.999353627248,0.));
#6631 = PCURVE('',#6586,#6632);
#6632 = DEFINITIONAL_REPRESENTATION('',(#6633),#6636);
#6633 = B_SPLINE_CURVE_WITH_KNOTS('',1,(#6634,#6635),.UNSPECIFIED.,.F.,
  .F.,(2,2),(-31.7794481655,-31.57931880734),.PIECEWISE_BEZIER_KNOTS.);
#6634 = CARTESIAN_POINT('',(0.200129358164,-257.94));
#6635 = CARTESIAN_POINT('',(0.,-257.94));
#6636 = ( GEOMETRIC_REPRESENTATION_CONTEXT(2) 
PARAMETRIC_REPRESENTATION_CONTEXT() REPRESENTATION_CONTEXT('2D SPACE',''
  ) );
#6637 = PCURVE('',#70,#6638);
#6638 = DEFINITIONAL_REPRESENTATION('',(#6639),#6642);
#6639 = B_SPLINE_CURVE_WITH_KNOTS('',1,(#6640,#6641),.UNSPECIFIED.,.F.,
  .F.,(2,2),(-31.7794481655,-31.57931880734),.PIECEWISE_BEZIER_KNOTS.);
#6640 = CARTESIAN_POINT('',(-7.03760806894E-03,63.4));
#6641 = CARTESIAN_POINT('',(-1.423205030684E-02,63.2));
#6642 = ( GEOMETRIC_REPRESENTATION_CONTEXT(2) 
PARAMETRIC_REPRESENTATION_CONTEXT() REPRESENTATION_CONTEXT('2D SPACE',''
  ) );
#6643 = ORIENTED_EDGE('',*,*,#6644,.F.);
#6644 = EDGE_CURVE('',#6602,#6624,#6645,.T.);
#6645 = SURFACE_CURVE('',#6646,(#6650,#6657),.PCURVE_S1.);
#6646 = LINE('',#6647,#6648);
#6647 = CARTESIAN_POINT('',(64.314962391931,14.4,-200.));
#6648 = VECTOR('',#6649,1.);
#6649 = DIRECTION('',(0.,0.,1.));
#6650 = PCURVE('',#6586,#6651);
#6651 = DEFINITIONAL_REPRESENTATION('',(#6652),#6656);
#6652 = LINE('',#6653,#6654);
#6653 = CARTESIAN_POINT('',(0.200129358164,0.));
#6654 = VECTOR('',#6655,1.);
#6655 = DIRECTION('',(0.,-1.));
#6656 = ( GEOMETRIC_REPRESENTATION_CONTEXT(2) 
PARAMETRIC_REPRESENTATION_CONTEXT() REPRESENTATION_CONTEXT('2D SPACE',''
  ) );
#6657 = PCURVE('',#6658,#6663);
#6658 = PLANE('',#6659);
#6659 = AXIS2_PLACEMENT_3D('',#6660,#6661,#6662);
#6660 = CARTESIAN_POINT('',(64.314962391931,14.4,-200.));
#6661 = DIRECTION('',(-0.999658211125,2.614308570147E-02,0.));
#6662 = DIRECTION('',(2.614308570147E-02,0.999658211125,0.));
#6663 = DEFINITIONAL_REPRESENTATION('',(#6664),#6668);
#6664 = LINE('',#6665,#6666);
#6665 = CARTESIAN_POINT('',(0.,0.));
#6666 = VECTOR('',#6667,1.);
#6667 = DIRECTION('',(0.,-1.));
#6668 = ( GEOMETRIC_REPRESENTATION_CONTEXT(2) 
PARAMETRIC_REPRESENTATION_CONTEXT() REPRESENTATION_CONTEXT('2D SPACE',''
  ) );
#6669 = ADVANCED_FACE('',(#6670),#6658,.T.);
#6670 = FACE_BOUND('',#6671,.T.);
#6671 = EDGE_LOOP('',(#6672,#6693,#6694,#6715));
#6672 = ORIENTED_EDGE('',*,*,#6673,.T.);
#6673 = EDGE_CURVE('',#6674,#6602,#6676,.T.);
#6674 = VERTEX_POINT('',#6675);
#6675 = CARTESIAN_POINT('',(64.320192796766,14.6,-61.64));
#6676 = SURFACE_CURVE('',#6677,(#6681,#6687),.PCURVE_S1.);
#6677 = LINE('',#6678,#6679);
#6678 = CARTESIAN_POINT('',(63.486512232842,-17.27824232756,-61.64));
#6679 = VECTOR('',#6680,1.);
#6680 = DIRECTION('',(-2.614308570147E-02,-0.999658211125,0.));
#6681 = PCURVE('',#6658,#6682);
#6682 = DEFINITIONAL_REPRESENTATION('',(#6683),#6686);
#6683 = B_SPLINE_CURVE_WITH_KNOTS('',1,(#6684,#6685),.UNSPECIFIED.,.F.,
  .F.,(2,2),(-31.88914168142,-31.68907330027),.PIECEWISE_BEZIER_KNOTS.);
#6684 = CARTESIAN_POINT('',(0.200068381147,-138.36));
#6685 = CARTESIAN_POINT('',(0.,-138.36));
#6686 = ( GEOMETRIC_REPRESENTATION_CONTEXT(2) 
PARAMETRIC_REPRESENTATION_CONTEXT() REPRESENTATION_CONTEXT('2D SPACE',''
  ) );
#6687 = PCURVE('',#126,#6688);
#6688 = DEFINITIONAL_REPRESENTATION('',(#6689),#6692);
#6689 = B_SPLINE_CURVE_WITH_KNOTS('',1,(#6690,#6691),.UNSPECIFIED.,.F.,
  .F.,(2,2),(-31.88914168142,-31.68907330027),.PIECEWISE_BEZIER_KNOTS.);
#6690 = CARTESIAN_POINT('',(-1.807203234468E-03,63.6));
#6691 = CARTESIAN_POINT('',(-7.037608068946E-03,63.4));
#6692 = ( GEOMETRIC_REPRESENTATION_CONTEXT(2) 
PARAMETRIC_REPRESENTATION_CONTEXT() REPRESENTATION_CONTEXT('2D SPACE',''
  ) );
#6693 = ORIENTED_EDGE('',*,*,#6644,.T.);
#6694 = ORIENTED_EDGE('',*,*,#6695,.F.);
#6695 = EDGE_CURVE('',#6696,#6624,#6698,.T.);
#6696 = VERTEX_POINT('',#6697);
#6697 = CARTESIAN_POINT('',(64.320192796766,14.6,57.94));
#6698 = SURFACE_CURVE('',#6699,(#6703,#6709),.PCURVE_S1.);
#6699 = LINE('',#6700,#6701);
#6700 = CARTESIAN_POINT('',(63.486512232842,-17.27824232756,57.94));
#6701 = VECTOR('',#6702,1.);
#6702 = DIRECTION('',(-2.614308570147E-02,-0.999658211125,0.));
#6703 = PCURVE('',#6658,#6704);
#6704 = DEFINITIONAL_REPRESENTATION('',(#6705),#6708);
#6705 = B_SPLINE_CURVE_WITH_KNOTS('',1,(#6706,#6707),.UNSPECIFIED.,.F.,
  .F.,(2,2),(-31.88914168142,-31.68907330027),.PIECEWISE_BEZIER_KNOTS.);
#6706 = CARTESIAN_POINT('',(0.200068381147,-257.94));
#6707 = CARTESIAN_POINT('',(0.,-257.94));
#6708 = ( GEOMETRIC_REPRESENTATION_CONTEXT(2) 
PARAMETRIC_REPRESENTATION_CONTEXT() REPRESENTATION_CONTEXT('2D SPACE',''
  ) );
#6709 = PCURVE('',#70,#6710);
#6710 = DEFINITIONAL_REPRESENTATION('',(#6711),#6714);
#6711 = B_SPLINE_CURVE_WITH_KNOTS('',1,(#6712,#6713),.UNSPECIFIED.,.F.,
  .F.,(2,2),(-31.88914168142,-31.68907330027),.PIECEWISE_BEZIER_KNOTS.);
#6712 = CARTESIAN_POINT('',(-1.807203234468E-03,63.6));
#6713 = CARTESIAN_POINT('',(-7.037608068946E-03,63.4));
#6714 = ( GEOMETRIC_REPRESENTATION_CONTEXT(2) 
PARAMETRIC_REPRESENTATION_CONTEXT() REPRESENTATION_CONTEXT('2D SPACE',''
  ) );
#6715 = ORIENTED_EDGE('',*,*,#6716,.F.);
#6716 = EDGE_CURVE('',#6674,#6696,#6717,.T.);
#6717 = SURFACE_CURVE('',#6718,(#6722,#6729),.PCURVE_S1.);
#6718 = LINE('',#6719,#6720);
#6719 = CARTESIAN_POINT('',(64.320192796766,14.6,-200.));
#6720 = VECTOR('',#6721,1.);
#6721 = DIRECTION('',(0.,0.,1.));
#6722 = PCURVE('',#6658,#6723);
#6723 = DEFINITIONAL_REPRESENTATION('',(#6724),#6728);
#6724 = LINE('',#6725,#6726);
#6725 = CARTESIAN_POINT('',(0.200068381147,0.));
#6726 = VECTOR('',#6727,1.);
#6727 = DIRECTION('',(0.,-1.));
#6728 = ( GEOMETRIC_REPRESENTATION_CONTEXT(2) 
PARAMETRIC_REPRESENTATION_CONTEXT() REPRESENTATION_CONTEXT('2D SPACE',''
  ) );
#6729 = PCURVE('',#6730,#6735);
#6730 = PLANE('',#6731);
#6731 = AXIS2_PLACEMENT_3D('',#6732,#6733,#6734);
#6732 = CARTESIAN_POINT('',(64.320192796766,14.6,-200.));
#6733 = DIRECTION('',(-0.999905693413,1.373332735506E-02,0.));
#6734 = DIRECTION('',(1.373332735506E-02,0.999905693413,0.));
#6735 = DEFINITIONAL_REPRESENTATION('',(#6736),#6740);
#6736 = LINE('',#6737,#6738);
#6737 = CARTESIAN_POINT('',(0.,0.));
#6738 = VECTOR('',#6739,1.);
#6739 = DIRECTION('',(0.,-1.));
#6740 = ( GEOMETRIC_REPRESENTATION_CONTEXT(2) 
PARAMETRIC_REPRESENTATION_CONTEXT() REPRESENTATION_CONTEXT('2D SPACE',''
  ) );
#6741 = ADVANCED_FACE('',(#6742),#6730,.T.);
#6742 = FACE_BOUND('',#6743,.T.);
#6743 = EDGE_LOOP('',(#6744,#6765,#6766,#6787));
#6744 = ORIENTED_EDGE('',*,*,#6745,.T.);
#6745 = EDGE_CURVE('',#6746,#6674,#6748,.T.);
#6746 = VERTEX_POINT('',#6747);
#6747 = CARTESIAN_POINT('',(64.32293972129,14.8,-61.64));
#6748 = SURFACE_CURVE('',#6749,(#6753,#6759),.PCURVE_S1.);
#6749 = LINE('',#6750,#6751);
#6750 = CARTESIAN_POINT('',(63.883514342852,-17.1939899756,-61.64));
#6751 = VECTOR('',#6752,1.);
#6752 = DIRECTION('',(-1.373332735506E-02,-0.999905693413,0.));
#6753 = PCURVE('',#6730,#6754);
#6754 = DEFINITIONAL_REPRESENTATION('',(#6755),#6758);
#6755 = B_SPLINE_CURVE_WITH_KNOTS('',1,(#6756,#6757),.UNSPECIFIED.,.F.,
  .F.,(2,2),(-31.99700750417,-31.79698864107),.PIECEWISE_BEZIER_KNOTS.);
#6756 = CARTESIAN_POINT('',(0.200018863096,-138.36));
#6757 = CARTESIAN_POINT('',(0.,-138.36));
#6758 = ( GEOMETRIC_REPRESENTATION_CONTEXT(2) 
PARAMETRIC_REPRESENTATION_CONTEXT() REPRESENTATION_CONTEXT('2D SPACE',''
  ) );
#6759 = PCURVE('',#126,#6760);
#6760 = DEFINITIONAL_REPRESENTATION('',(#6761),#6764);
#6761 = B_SPLINE_CURVE_WITH_KNOTS('',1,(#6762,#6763),.UNSPECIFIED.,.F.,
  .F.,(2,2),(-31.99700750417,-31.79698864107),.PIECEWISE_BEZIER_KNOTS.);
#6762 = CARTESIAN_POINT('',(9.397212896292E-04,63.8));
#6763 = CARTESIAN_POINT('',(-1.80720323446E-03,63.6));
#6764 = ( GEOMETRIC_REPRESENTATION_CONTEXT(2) 
PARAMETRIC_REPRESENTATION_CONTEXT() REPRESENTATION_CONTEXT('2D SPACE',''
  ) );
#6765 = ORIENTED_EDGE('',*,*,#6716,.T.);
#6766 = ORIENTED_EDGE('',*,*,#6767,.F.);
#6767 = EDGE_CURVE('',#6768,#6696,#6770,.T.);
#6768 = VERTEX_POINT('',#6769);
#6769 = CARTESIAN_POINT('',(64.32293972129,14.8,57.94));
#6770 = SURFACE_CURVE('',#6771,(#6775,#6781),.PCURVE_S1.);
#6771 = LINE('',#6772,#6773);
#6772 = CARTESIAN_POINT('',(63.883514342852,-17.1939899756,57.94));
#6773 = VECTOR('',#6774,1.);
#6774 = DIRECTION('',(-1.373332735506E-02,-0.999905693413,0.));
#6775 = PCURVE('',#6730,#6776);
#6776 = DEFINITIONAL_REPRESENTATION('',(#6777),#6780);
#6777 = B_SPLINE_CURVE_WITH_KNOTS('',1,(#6778,#6779),.UNSPECIFIED.,.F.,
  .F.,(2,2),(-31.99700750417,-31.79698864107),.PIECEWISE_BEZIER_KNOTS.);
#6778 = CARTESIAN_POINT('',(0.200018863096,-257.94));
#6779 = CARTESIAN_POINT('',(0.,-257.94));
#6780 = ( GEOMETRIC_REPRESENTATION_CONTEXT(2) 
PARAMETRIC_REPRESENTATION_CONTEXT() REPRESENTATION_CONTEXT('2D SPACE',''
  ) );
#6781 = PCURVE('',#70,#6782);
#6782 = DEFINITIONAL_REPRESENTATION('',(#6783),#6786);
#6783 = B_SPLINE_CURVE_WITH_KNOTS('',1,(#6784,#6785),.UNSPECIFIED.,.F.,
  .F.,(2,2),(-31.99700750417,-31.79698864107),.PIECEWISE_BEZIER_KNOTS.);
#6784 = CARTESIAN_POINT('',(9.397212896292E-04,63.8));
#6785 = CARTESIAN_POINT('',(-1.80720323446E-03,63.6));
#6786 = ( GEOMETRIC_REPRESENTATION_CONTEXT(2) 
PARAMETRIC_REPRESENTATION_CONTEXT() REPRESENTATION_CONTEXT('2D SPACE',''
  ) );
#6787 = ORIENTED_EDGE('',*,*,#6788,.F.);
#6788 = EDGE_CURVE('',#6746,#6768,#6789,.T.);
#6789 = SURFACE_CURVE('',#6790,(#6794,#6801),.PCURVE_S1.);
#6790 = LINE('',#6791,#6792);
#6791 = CARTESIAN_POINT('',(64.32293972129,14.8,-200.));
#6792 = VECTOR('',#6793,1.);
#6793 = DIRECTION('',(0.,0.,1.));
#6794 = PCURVE('',#6730,#6795);
#6795 = DEFINITIONAL_REPRESENTATION('',(#6796),#6800);
#6796 = LINE('',#6797,#6798);
#6797 = CARTESIAN_POINT('',(0.200018863096,0.));
#6798 = VECTOR('',#6799,1.);
#6799 = DIRECTION('',(0.,-1.));
#6800 = ( GEOMETRIC_REPRESENTATION_CONTEXT(2) 
PARAMETRIC_REPRESENTATION_CONTEXT() REPRESENTATION_CONTEXT('2D SPACE',''
  ) );
#6801 = PCURVE('',#6802,#6807);
#6802 = PLANE('',#6803);
#6803 = AXIS2_PLACEMENT_3D('',#6804,#6805,#6806);
#6804 = CARTESIAN_POINT('',(64.32293972129,14.8,-200.));
#6805 = DIRECTION('',(-0.999996323429,-2.711665153074E-03,0.));
#6806 = DIRECTION('',(-2.711665153074E-03,0.999996323429,0.));
#6807 = DEFINITIONAL_REPRESENTATION('',(#6808),#6812);
#6808 = LINE('',#6809,#6810);
#6809 = CARTESIAN_POINT('',(0.,0.));
#6810 = VECTOR('',#6811,1.);
#6811 = DIRECTION('',(0.,-1.));
#6812 = ( GEOMETRIC_REPRESENTATION_CONTEXT(2) 
PARAMETRIC_REPRESENTATION_CONTEXT() REPRESENTATION_CONTEXT('2D SPACE',''
  ) );
#6813 = ADVANCED_FACE('',(#6814),#6802,.T.);
#6814 = FACE_BOUND('',#6815,.T.);
#6815 = EDGE_LOOP('',(#6816,#6837,#6838,#6859));
#6816 = ORIENTED_EDGE('',*,*,#6817,.T.);
#6817 = EDGE_CURVE('',#6818,#6746,#6820,.T.);
#6818 = VERTEX_POINT('',#6819);
#6819 = CARTESIAN_POINT('',(64.322397386265,15.,-61.64));
#6820 = SURFACE_CURVE('',#6821,(#6825,#6831),.PCURVE_S1.);
#6821 = LINE('',#6822,#6823);
#6822 = CARTESIAN_POINT('',(64.409441518187,-17.09976416112,-61.64));
#6823 = VECTOR('',#6824,1.);
#6824 = DIRECTION('',(2.711665153074E-03,-0.999996323429,0.));
#6825 = PCURVE('',#6802,#6826);
#6826 = DEFINITIONAL_REPRESENTATION('',(#6827),#6830);
#6827 = B_SPLINE_CURVE_WITH_KNOTS('',1,(#6828,#6829),.UNSPECIFIED.,.F.,
  .F.,(2,2),(-32.0998821786,-31.89988144329),.PIECEWISE_BEZIER_KNOTS.);
#6828 = CARTESIAN_POINT('',(0.200000735317,-138.36));
#6829 = CARTESIAN_POINT('',(0.,-138.36));
#6830 = ( GEOMETRIC_REPRESENTATION_CONTEXT(2) 
PARAMETRIC_REPRESENTATION_CONTEXT() REPRESENTATION_CONTEXT('2D SPACE',''
  ) );
#6831 = PCURVE('',#126,#6832);
#6832 = DEFINITIONAL_REPRESENTATION('',(#6833),#6836);
#6833 = B_SPLINE_CURVE_WITH_KNOTS('',1,(#6834,#6835),.UNSPECIFIED.,.F.,
  .F.,(2,2),(-32.0998821786,-31.89988144329),.PIECEWISE_BEZIER_KNOTS.);
#6834 = CARTESIAN_POINT('',(3.973862650747E-04,64.));
#6835 = CARTESIAN_POINT('',(9.397212896227E-04,63.8));
#6836 = ( GEOMETRIC_REPRESENTATION_CONTEXT(2) 
PARAMETRIC_REPRESENTATION_CONTEXT() REPRESENTATION_CONTEXT('2D SPACE',''
  ) );
#6837 = ORIENTED_EDGE('',*,*,#6788,.T.);
#6838 = ORIENTED_EDGE('',*,*,#6839,.F.);
#6839 = EDGE_CURVE('',#6840,#6768,#6842,.T.);
#6840 = VERTEX_POINT('',#6841);
#6841 = CARTESIAN_POINT('',(64.322397386265,15.,57.94));
#6842 = SURFACE_CURVE('',#6843,(#6847,#6853),.PCURVE_S1.);
#6843 = LINE('',#6844,#6845);
#6844 = CARTESIAN_POINT('',(64.409441518187,-17.09976416112,57.94));
#6845 = VECTOR('',#6846,1.);
#6846 = DIRECTION('',(2.711665153074E-03,-0.999996323429,0.));
#6847 = PCURVE('',#6802,#6848);
#6848 = DEFINITIONAL_REPRESENTATION('',(#6849),#6852);
#6849 = B_SPLINE_CURVE_WITH_KNOTS('',1,(#6850,#6851),.UNSPECIFIED.,.F.,
  .F.,(2,2),(-32.0998821786,-31.89988144329),.PIECEWISE_BEZIER_KNOTS.);
#6850 = CARTESIAN_POINT('',(0.200000735317,-257.94));
#6851 = CARTESIAN_POINT('',(0.,-257.94));
#6852 = ( GEOMETRIC_REPRESENTATION_CONTEXT(2) 
PARAMETRIC_REPRESENTATION_CONTEXT() REPRESENTATION_CONTEXT('2D SPACE',''
  ) );
#6853 = PCURVE('',#70,#6854);
#6854 = DEFINITIONAL_REPRESENTATION('',(#6855),#6858);
#6855 = B_SPLINE_CURVE_WITH_KNOTS('',1,(#6856,#6857),.UNSPECIFIED.,.F.,
  .F.,(2,2),(-32.0998821786,-31.89988144329),.PIECEWISE_BEZIER_KNOTS.);
#6856 = CARTESIAN_POINT('',(3.973862650747E-04,64.));
#6857 = CARTESIAN_POINT('',(9.397212896227E-04,63.8));
#6858 = ( GEOMETRIC_REPRESENTATION_CONTEXT(2) 
PARAMETRIC_REPRESENTATION_CONTEXT() REPRESENTATION_CONTEXT('2D SPACE',''
  ) );
#6859 = ORIENTED_EDGE('',*,*,#6860,.F.);
#6860 = EDGE_CURVE('',#6818,#6840,#6861,.T.);
#6861 = SURFACE_CURVE('',#6862,(#6866,#6873),.PCURVE_S1.);
#6862 = LINE('',#6863,#6864);
#6863 = CARTESIAN_POINT('',(64.322397386265,15.,-200.));
#6864 = VECTOR('',#6865,1.);
#6865 = DIRECTION('',(0.,0.,1.));
#6866 = PCURVE('',#6802,#6867);
#6867 = DEFINITIONAL_REPRESENTATION('',(#6868),#6872);
#6868 = LINE('',#6869,#6870);
#6869 = CARTESIAN_POINT('',(0.200000735317,0.));
#6870 = VECTOR('',#6871,1.);
#6871 = DIRECTION('',(0.,-1.));
#6872 = ( GEOMETRIC_REPRESENTATION_CONTEXT(2) 
PARAMETRIC_REPRESENTATION_CONTEXT() REPRESENTATION_CONTEXT('2D SPACE',''
  ) );
#6873 = PCURVE('',#6874,#6879);
#6874 = PLANE('',#6875);
#6875 = AXIS2_PLACEMENT_3D('',#6876,#6877,#6878);
#6876 = CARTESIAN_POINT('',(64.322397386265,15.,-200.));
#6877 = DIRECTION('',(-0.999672822441,-2.557827346604E-02,0.));
#6878 = DIRECTION('',(-2.557827346604E-02,0.999672822441,0.));
#6879 = DEFINITIONAL_REPRESENTATION('',(#6880),#6884);
#6880 = LINE('',#6881,#6882);
#6881 = CARTESIAN_POINT('',(0.,0.));
#6882 = VECTOR('',#6883,1.);
#6883 = DIRECTION('',(0.,-1.));
#6884 = ( GEOMETRIC_REPRESENTATION_CONTEXT(2) 
PARAMETRIC_REPRESENTATION_CONTEXT() REPRESENTATION_CONTEXT('2D SPACE',''
  ) );
#6885 = ADVANCED_FACE('',(#6886),#6874,.T.);
#6886 = FACE_BOUND('',#6887,.T.);
#6887 = EDGE_LOOP('',(#6888,#6909,#6910,#6931));
#6888 = ORIENTED_EDGE('',*,*,#6889,.T.);
#6889 = EDGE_CURVE('',#6890,#6818,#6892,.T.);
#6890 = VERTEX_POINT('',#6891);
#6891 = CARTESIAN_POINT('',(64.317280057297,15.2,-61.64));
#6892 = SURFACE_CURVE('',#6893,(#6897,#6903),.PCURVE_S1.);
#6893 = LINE('',#6894,#6895);
#6894 = CARTESIAN_POINT('',(65.140634210797,-16.97905898108,-61.64));
#6895 = VECTOR('',#6896,1.);
#6896 = DIRECTION('',(2.557827346604E-02,-0.999672822441,0.));
#6897 = PCURVE('',#6874,#6898);
#6898 = DEFINITIONAL_REPRESENTATION('',(#6899),#6902);
#6899 = B_SPLINE_CURVE_WITH_KNOTS('',1,(#6900,#6901),.UNSPECIFIED.,.F.,
  .F.,(2,2),(-32.1895906928,-31.98952523587),.PIECEWISE_BEZIER_KNOTS.);
#6900 = CARTESIAN_POINT('',(0.200065456928,-138.36));
#6901 = CARTESIAN_POINT('',(0.,-138.36));
#6902 = ( GEOMETRIC_REPRESENTATION_CONTEXT(2) 
PARAMETRIC_REPRESENTATION_CONTEXT() REPRESENTATION_CONTEXT('2D SPACE',''
  ) );
#6903 = PCURVE('',#126,#6904);
#6904 = DEFINITIONAL_REPRESENTATION('',(#6905),#6908);
#6905 = B_SPLINE_CURVE_WITH_KNOTS('',1,(#6906,#6907),.UNSPECIFIED.,.F.,
  .F.,(2,2),(-32.1895906928,-31.98952523587),.PIECEWISE_BEZIER_KNOTS.);
#6906 = CARTESIAN_POINT('',(-4.719942703337E-03,64.2));
#6907 = CARTESIAN_POINT('',(3.973862650732E-04,64.));
#6908 = ( GEOMETRIC_REPRESENTATION_CONTEXT(2) 
PARAMETRIC_REPRESENTATION_CONTEXT() REPRESENTATION_CONTEXT('2D SPACE',''
  ) );
#6909 = ORIENTED_EDGE('',*,*,#6860,.T.);
#6910 = ORIENTED_EDGE('',*,*,#6911,.F.);
#6911 = EDGE_CURVE('',#6912,#6840,#6914,.T.);
#6912 = VERTEX_POINT('',#6913);
#6913 = CARTESIAN_POINT('',(64.317280057297,15.2,57.94));
#6914 = SURFACE_CURVE('',#6915,(#6919,#6925),.PCURVE_S1.);
#6915 = LINE('',#6916,#6917);
#6916 = CARTESIAN_POINT('',(65.140634210797,-16.97905898108,57.94));
#6917 = VECTOR('',#6918,1.);
#6918 = DIRECTION('',(2.557827346604E-02,-0.999672822441,0.));
#6919 = PCURVE('',#6874,#6920);
#6920 = DEFINITIONAL_REPRESENTATION('',(#6921),#6924);
#6921 = B_SPLINE_CURVE_WITH_KNOTS('',1,(#6922,#6923),.UNSPECIFIED.,.F.,
  .F.,(2,2),(-32.1895906928,-31.98952523587),.PIECEWISE_BEZIER_KNOTS.);
#6922 = CARTESIAN_POINT('',(0.200065456928,-257.94));
#6923 = CARTESIAN_POINT('',(0.,-257.94));
#6924 = ( GEOMETRIC_REPRESENTATION_CONTEXT(2) 
PARAMETRIC_REPRESENTATION_CONTEXT() REPRESENTATION_CONTEXT('2D SPACE',''
  ) );
#6925 = PCURVE('',#70,#6926);
#6926 = DEFINITIONAL_REPRESENTATION('',(#6927),#6930);
#6927 = B_SPLINE_CURVE_WITH_KNOTS('',1,(#6928,#6929),.UNSPECIFIED.,.F.,
  .F.,(2,2),(-32.1895906928,-31.98952523587),.PIECEWISE_BEZIER_KNOTS.);
#6928 = CARTESIAN_POINT('',(-4.719942703337E-03,64.2));
#6929 = CARTESIAN_POINT('',(3.973862650732E-04,64.));
#6930 = ( GEOMETRIC_REPRESENTATION_CONTEXT(2) 
PARAMETRIC_REPRESENTATION_CONTEXT() REPRESENTATION_CONTEXT('2D SPACE',''
  ) );
#6931 = ORIENTED_EDGE('',*,*,#6932,.F.);
#6932 = EDGE_CURVE('',#6890,#6912,#6933,.T.);
#6933 = SURFACE_CURVE('',#6934,(#6938,#6945),.PCURVE_S1.);
#6934 = LINE('',#6935,#6936);
#6935 = CARTESIAN_POINT('',(64.317280057297,15.2,-200.));
#6936 = VECTOR('',#6937,1.);
#6937 = DIRECTION('',(0.,0.,1.));
#6938 = PCURVE('',#6874,#6939);
#6939 = DEFINITIONAL_REPRESENTATION('',(#6940),#6944);
#6940 = LINE('',#6941,#6942);
#6941 = CARTESIAN_POINT('',(0.200065456928,0.));
#6942 = VECTOR('',#6943,1.);
#6943 = DIRECTION('',(0.,-1.));
#6944 = ( GEOMETRIC_REPRESENTATION_CONTEXT(2) 
PARAMETRIC_REPRESENTATION_CONTEXT() REPRESENTATION_CONTEXT('2D SPACE',''
  ) );
#6945 = PCURVE('',#6946,#6951);
#6946 = PLANE('',#6947);
#6947 = AXIS2_PLACEMENT_3D('',#6948,#6949,#6950);
#6948 = CARTESIAN_POINT('',(64.317280057297,15.2,-200.));
#6949 = DIRECTION('',(-0.998272451708,-5.875467777128E-02,0.));
#6950 = DIRECTION('',(-5.875467777128E-02,0.998272451708,0.));
#6951 = DEFINITIONAL_REPRESENTATION('',(#6952),#6956);
#6952 = LINE('',#6953,#6954);
#6953 = CARTESIAN_POINT('',(0.,0.));
#6954 = VECTOR('',#6955,1.);
#6955 = DIRECTION('',(0.,-1.));
#6956 = ( GEOMETRIC_REPRESENTATION_CONTEXT(2) 
PARAMETRIC_REPRESENTATION_CONTEXT() REPRESENTATION_CONTEXT('2D SPACE',''
  ) );
#6957 = ADVANCED_FACE('',(#6958),#6946,.T.);
#6958 = FACE_BOUND('',#6959,.T.);
#6959 = EDGE_LOOP('',(#6960,#6981,#6982,#7003));
#6960 = ORIENTED_EDGE('',*,*,#6961,.T.);
#6961 = EDGE_CURVE('',#6962,#6890,#6964,.T.);
#6962 = VERTEX_POINT('',#6963);
#6963 = CARTESIAN_POINT('',(64.305508786303,15.4,-61.64));
#6964 = SURFACE_CURVE('',#6965,(#6969,#6975),.PCURVE_S1.);
#6965 = LINE('',#6966,#6967);
#6966 = CARTESIAN_POINT('',(66.200055161104,-16.78932561947,-61.64));
#6967 = VECTOR('',#6968,1.);
#6968 = DIRECTION('',(5.875467777128E-02,-0.998272451708,0.));
#6969 = PCURVE('',#6946,#6970);
#6970 = DEFINITIONAL_REPRESENTATION('',(#6971),#6974);
#6971 = B_SPLINE_CURVE_WITH_KNOTS('',1,(#6972,#6973),.UNSPECIFIED.,.F.,
  .F.,(2,2),(-32.24503046677,-32.04468435919),.PIECEWISE_BEZIER_KNOTS.);
#6972 = CARTESIAN_POINT('',(0.200346107576,-138.36));
#6973 = CARTESIAN_POINT('',(0.,-138.36));
#6974 = ( GEOMETRIC_REPRESENTATION_CONTEXT(2) 
PARAMETRIC_REPRESENTATION_CONTEXT() REPRESENTATION_CONTEXT('2D SPACE',''
  ) );
#6975 = PCURVE('',#126,#6976);
#6976 = DEFINITIONAL_REPRESENTATION('',(#6977),#6980);
#6977 = B_SPLINE_CURVE_WITH_KNOTS('',1,(#6978,#6979),.UNSPECIFIED.,.F.,
  .F.,(2,2),(-32.24503046677,-32.04468435919),.PIECEWISE_BEZIER_KNOTS.);
#6978 = CARTESIAN_POINT('',(-1.649121369667E-02,64.4));
#6979 = CARTESIAN_POINT('',(-4.71994270332E-03,64.2));
#6980 = ( GEOMETRIC_REPRESENTATION_CONTEXT(2) 
PARAMETRIC_REPRESENTATION_CONTEXT() REPRESENTATION_CONTEXT('2D SPACE',''
  ) );
#6981 = ORIENTED_EDGE('',*,*,#6932,.T.);
#6982 = ORIENTED_EDGE('',*,*,#6983,.F.);
#6983 = EDGE_CURVE('',#6984,#6912,#6986,.T.);
#6984 = VERTEX_POINT('',#6985);
#6985 = CARTESIAN_POINT('',(64.305508786303,15.4,57.94));
#6986 = SURFACE_CURVE('',#6987,(#6991,#6997),.PCURVE_S1.);
#6987 = LINE('',#6988,#6989);
#6988 = CARTESIAN_POINT('',(66.200055161104,-16.78932561947,57.94));
#6989 = VECTOR('',#6990,1.);
#6990 = DIRECTION('',(5.875467777128E-02,-0.998272451708,0.));
#6991 = PCURVE('',#6946,#6992);
#6992 = DEFINITIONAL_REPRESENTATION('',(#6993),#6996);
#6993 = B_SPLINE_CURVE_WITH_KNOTS('',1,(#6994,#6995),.UNSPECIFIED.,.F.,
  .F.,(2,2),(-32.24503046677,-32.04468435919),.PIECEWISE_BEZIER_KNOTS.);
#6994 = CARTESIAN_POINT('',(0.200346107576,-257.94));
#6995 = CARTESIAN_POINT('',(0.,-257.94));
#6996 = ( GEOMETRIC_REPRESENTATION_CONTEXT(2) 
PARAMETRIC_REPRESENTATION_CONTEXT() REPRESENTATION_CONTEXT('2D SPACE',''
  ) );
#6997 = PCURVE('',#70,#6998);
#6998 = DEFINITIONAL_REPRESENTATION('',(#6999),#7002);
#6999 = B_SPLINE_CURVE_WITH_KNOTS('',1,(#7000,#7001),.UNSPECIFIED.,.F.,
  .F.,(2,2),(-32.24503046677,-32.04468435919),.PIECEWISE_BEZIER_KNOTS.);
#7000 = CARTESIAN_POINT('',(-1.649121369667E-02,64.4));
#7001 = CARTESIAN_POINT('',(-4.71994270332E-03,64.2));
#7002 = ( GEOMETRIC_REPRESENTATION_CONTEXT(2) 
PARAMETRIC_REPRESENTATION_CONTEXT() REPRESENTATION_CONTEXT('2D SPACE',''
  ) );
#7003 = ORIENTED_EDGE('',*,*,#7004,.F.);
#7004 = EDGE_CURVE('',#6962,#6984,#7005,.T.);
#7005 = SURFACE_CURVE('',#7006,(#7010,#7017),.PCURVE_S1.);
#7006 = LINE('',#7007,#7008);
#7007 = CARTESIAN_POINT('',(64.305508786303,15.4,-200.));
#7008 = VECTOR('',#7009,1.);
#7009 = DIRECTION('',(0.,0.,1.));
#7010 = PCURVE('',#6946,#7011);
#7011 = DEFINITIONAL_REPRESENTATION('',(#7012),#7016);
#7012 = LINE('',#7013,#7014);
#7013 = CARTESIAN_POINT('',(0.200346107576,0.));
#7014 = VECTOR('',#7015,1.);
#7015 = DIRECTION('',(0.,-1.));
#7016 = ( GEOMETRIC_REPRESENTATION_CONTEXT(2) 
PARAMETRIC_REPRESENTATION_CONTEXT() REPRESENTATION_CONTEXT('2D SPACE',''
  ) );
#7017 = PCURVE('',#7018,#7023);
#7018 = PLANE('',#7019);
#7019 = AXIS2_PLACEMENT_3D('',#7020,#7021,#7022);
#7020 = CARTESIAN_POINT('',(64.305508786303,15.4,-200.));
#7021 = DIRECTION('',(-0.994105852013,-0.108413813661,0.));
#7022 = DIRECTION('',(-0.108413813661,0.994105852013,0.));
#7023 = DEFINITIONAL_REPRESENTATION('',(#7024),#7028);
#7024 = LINE('',#7025,#7026);
#7025 = CARTESIAN_POINT('',(0.,0.));
#7026 = VECTOR('',#7027,1.);
#7027 = DIRECTION('',(0.,-1.));
#7028 = ( GEOMETRIC_REPRESENTATION_CONTEXT(2) 
PARAMETRIC_REPRESENTATION_CONTEXT() REPRESENTATION_CONTEXT('2D SPACE',''
  ) );
#7029 = ADVANCED_FACE('',(#7030),#7018,.T.);
#7030 = FACE_BOUND('',#7031,.T.);
#7031 = EDGE_LOOP('',(#7032,#7053,#7054,#7075));
#7032 = ORIENTED_EDGE('',*,*,#7033,.T.);
#7033 = EDGE_CURVE('',#7034,#6962,#7036,.T.);
#7034 = VERTEX_POINT('',#7035);
#7035 = CARTESIAN_POINT('',(64.283697464412,15.6,-61.64));
#7036 = SURFACE_CURVE('',#7037,(#7041,#7047),.PCURVE_S1.);
#7037 = LINE('',#7038,#7039);
#7038 = CARTESIAN_POINT('',(67.775954474001,-16.42242419792,-61.64));
#7039 = VECTOR('',#7040,1.);
#7040 = DIRECTION('',(0.108413813661,-0.994105852013,0.));
#7041 = PCURVE('',#7018,#7042);
#7042 = DEFINITIONAL_REPRESENTATION('',(#7043),#7046);
#7043 = B_SPLINE_CURVE_WITH_KNOTS('',1,(#7044,#7045),.UNSPECIFIED.,.F.,
  .F.,(2,2),(-32.2122881915,-32.01110237251),.PIECEWISE_BEZIER_KNOTS.);
#7044 = CARTESIAN_POINT('',(0.20118581899,-138.36));
#7045 = CARTESIAN_POINT('',(0.,-138.36));
#7046 = ( GEOMETRIC_REPRESENTATION_CONTEXT(2) 
PARAMETRIC_REPRESENTATION_CONTEXT() REPRESENTATION_CONTEXT('2D SPACE',''
  ) );
#7047 = PCURVE('',#126,#7048);
#7048 = DEFINITIONAL_REPRESENTATION('',(#7049),#7052);
#7049 = B_SPLINE_CURVE_WITH_KNOTS('',1,(#7050,#7051),.UNSPECIFIED.,.F.,
  .F.,(2,2),(-32.2122881915,-32.01110237251),.PIECEWISE_BEZIER_KNOTS.);
#7050 = CARTESIAN_POINT('',(-3.830253558789E-02,64.6));
#7051 = CARTESIAN_POINT('',(-1.649121369668E-02,64.4));
#7052 = ( GEOMETRIC_REPRESENTATION_CONTEXT(2) 
PARAMETRIC_REPRESENTATION_CONTEXT() REPRESENTATION_CONTEXT('2D SPACE',''
  ) );
#7053 = ORIENTED_EDGE('',*,*,#7004,.T.);
#7054 = ORIENTED_EDGE('',*,*,#7055,.F.);
#7055 = EDGE_CURVE('',#7056,#6984,#7058,.T.);
#7056 = VERTEX_POINT('',#7057);
#7057 = CARTESIAN_POINT('',(64.283697464412,15.6,57.94));
#7058 = SURFACE_CURVE('',#7059,(#7063,#7069),.PCURVE_S1.);
#7059 = LINE('',#7060,#7061);
#7060 = CARTESIAN_POINT('',(67.775954474001,-16.42242419792,57.94));
#7061 = VECTOR('',#7062,1.);
#7062 = DIRECTION('',(0.108413813661,-0.994105852013,0.));
#7063 = PCURVE('',#7018,#7064);
#7064 = DEFINITIONAL_REPRESENTATION('',(#7065),#7068);
#7065 = B_SPLINE_CURVE_WITH_KNOTS('',1,(#7066,#7067),.UNSPECIFIED.,.F.,
  .F.,(2,2),(-32.2122881915,-32.01110237251),.PIECEWISE_BEZIER_KNOTS.);
#7066 = CARTESIAN_POINT('',(0.20118581899,-257.94));
#7067 = CARTESIAN_POINT('',(0.,-257.94));
#7068 = ( GEOMETRIC_REPRESENTATION_CONTEXT(2) 
PARAMETRIC_REPRESENTATION_CONTEXT() REPRESENTATION_CONTEXT('2D SPACE',''
  ) );
#7069 = PCURVE('',#70,#7070);
#7070 = DEFINITIONAL_REPRESENTATION('',(#7071),#7074);
#7071 = B_SPLINE_CURVE_WITH_KNOTS('',1,(#7072,#7073),.UNSPECIFIED.,.F.,
  .F.,(2,2),(-32.2122881915,-32.01110237251),.PIECEWISE_BEZIER_KNOTS.);
#7072 = CARTESIAN_POINT('',(-3.830253558789E-02,64.6));
#7073 = CARTESIAN_POINT('',(-1.649121369668E-02,64.4));
#7074 = ( GEOMETRIC_REPRESENTATION_CONTEXT(2) 
PARAMETRIC_REPRESENTATION_CONTEXT() REPRESENTATION_CONTEXT('2D SPACE',''
  ) );
#7075 = ORIENTED_EDGE('',*,*,#7076,.F.);
#7076 = EDGE_CURVE('',#7034,#7056,#7077,.T.);
#7077 = SURFACE_CURVE('',#7078,(#7082,#7089),.PCURVE_S1.);
#7078 = LINE('',#7079,#7080);
#7079 = CARTESIAN_POINT('',(64.283697464412,15.6,-200.));
#7080 = VECTOR('',#7081,1.);
#7081 = DIRECTION('',(0.,0.,1.));
#7082 = PCURVE('',#7018,#7083);
#7083 = DEFINITIONAL_REPRESENTATION('',(#7084),#7088);
#7084 = LINE('',#7085,#7086);
#7085 = CARTESIAN_POINT('',(0.20118581899,0.));
#7086 = VECTOR('',#7087,1.);
#7087 = DIRECTION('',(0.,-1.));
#7088 = ( GEOMETRIC_REPRESENTATION_CONTEXT(2) 
PARAMETRIC_REPRESENTATION_CONTEXT() REPRESENTATION_CONTEXT('2D SPACE',''
  ) );
#7089 = PCURVE('',#7090,#7095);
#7090 = PLANE('',#7091);
#7091 = AXIS2_PLACEMENT_3D('',#7092,#7093,#7094);
#7092 = CARTESIAN_POINT('',(64.283697464412,15.6,-200.));
#7093 = DIRECTION('',(-0.983239747389,-0.182317303499,0.));
#7094 = DIRECTION('',(-0.182317303499,0.983239747389,0.));
#7095 = DEFINITIONAL_REPRESENTATION('',(#7096),#7100);
#7096 = LINE('',#7097,#7098);
#7097 = CARTESIAN_POINT('',(0.,0.));
#7098 = VECTOR('',#7099,1.);
#7099 = DIRECTION('',(0.,-1.));
#7100 = ( GEOMETRIC_REPRESENTATION_CONTEXT(2) 
PARAMETRIC_REPRESENTATION_CONTEXT() REPRESENTATION_CONTEXT('2D SPACE',''
  ) );
#7101 = ADVANCED_FACE('',(#7102),#7090,.T.);
#7102 = FACE_BOUND('',#7103,.T.);
#7103 = EDGE_LOOP('',(#7104,#7125,#7126,#7147));
#7104 = ORIENTED_EDGE('',*,*,#7105,.T.);
#7105 = EDGE_CURVE('',#7106,#7034,#7108,.T.);
#7106 = VERTEX_POINT('',#7107);
#7107 = CARTESIAN_POINT('',(64.246612449494,15.8,-61.64));
#7108 = SURFACE_CURVE('',#7109,(#7113,#7119),.PCURVE_S1.);
#7109 = LINE('',#7110,#7111);
#7110 = CARTESIAN_POINT('',(70.074484352683,-15.62979403457,-61.64));
#7111 = VECTOR('',#7112,1.);
#7112 = DIRECTION('',(0.182317303499,-0.983239747389,0.));
#7113 = PCURVE('',#7090,#7114);
#7114 = DEFINITIONAL_REPRESENTATION('',(#7115),#7118);
#7115 = B_SPLINE_CURVE_WITH_KNOTS('',1,(#7116,#7117),.UNSPECIFIED.,.F.,
  .F.,(2,2),(-31.96554463755,-31.76213544815),.PIECEWISE_BEZIER_KNOTS.);
#7116 = CARTESIAN_POINT('',(0.203409189398,-138.36));
#7117 = CARTESIAN_POINT('',(0.,-138.36));
#7118 = ( GEOMETRIC_REPRESENTATION_CONTEXT(2) 
PARAMETRIC_REPRESENTATION_CONTEXT() REPRESENTATION_CONTEXT('2D SPACE',''
  ) );
#7119 = PCURVE('',#126,#7120);
#7120 = DEFINITIONAL_REPRESENTATION('',(#7121),#7124);
#7121 = B_SPLINE_CURVE_WITH_KNOTS('',1,(#7122,#7123),.UNSPECIFIED.,.F.,
  .F.,(2,2),(-31.96554463755,-31.76213544815),.PIECEWISE_BEZIER_KNOTS.);
#7122 = CARTESIAN_POINT('',(-7.538755050578E-02,64.8));
#7123 = CARTESIAN_POINT('',(-3.83025355879E-02,64.6));
#7124 = ( GEOMETRIC_REPRESENTATION_CONTEXT(2) 
PARAMETRIC_REPRESENTATION_CONTEXT() REPRESENTATION_CONTEXT('2D SPACE',''
  ) );
#7125 = ORIENTED_EDGE('',*,*,#7076,.T.);
#7126 = ORIENTED_EDGE('',*,*,#7127,.F.);
#7127 = EDGE_CURVE('',#7128,#7056,#7130,.T.);
#7128 = VERTEX_POINT('',#7129);
#7129 = CARTESIAN_POINT('',(64.246612449494,15.8,57.94));
#7130 = SURFACE_CURVE('',#7131,(#7135,#7141),.PCURVE_S1.);
#7131 = LINE('',#7132,#7133);
#7132 = CARTESIAN_POINT('',(70.074484352683,-15.62979403457,57.94));
#7133 = VECTOR('',#7134,1.);
#7134 = DIRECTION('',(0.182317303499,-0.983239747389,0.));
#7135 = PCURVE('',#7090,#7136);
#7136 = DEFINITIONAL_REPRESENTATION('',(#7137),#7140);
#7137 = B_SPLINE_CURVE_WITH_KNOTS('',1,(#7138,#7139),.UNSPECIFIED.,.F.,
  .F.,(2,2),(-31.96554463755,-31.76213544815),.PIECEWISE_BEZIER_KNOTS.);
#7138 = CARTESIAN_POINT('',(0.203409189398,-257.94));
#7139 = CARTESIAN_POINT('',(0.,-257.94));
#7140 = ( GEOMETRIC_REPRESENTATION_CONTEXT(2) 
PARAMETRIC_REPRESENTATION_CONTEXT() REPRESENTATION_CONTEXT('2D SPACE',''
  ) );
#7141 = PCURVE('',#70,#7142);
#7142 = DEFINITIONAL_REPRESENTATION('',(#7143),#7146);
#7143 = B_SPLINE_CURVE_WITH_KNOTS('',1,(#7144,#7145),.UNSPECIFIED.,.F.,
  .F.,(2,2),(-31.96554463755,-31.76213544815),.PIECEWISE_BEZIER_KNOTS.);
#7144 = CARTESIAN_POINT('',(-7.538755050578E-02,64.8));
#7145 = CARTESIAN_POINT('',(-3.83025355879E-02,64.6));
#7146 = ( GEOMETRIC_REPRESENTATION_CONTEXT(2) 
PARAMETRIC_REPRESENTATION_CONTEXT() REPRESENTATION_CONTEXT('2D SPACE',''
  ) );
#7147 = ORIENTED_EDGE('',*,*,#7148,.F.);
#7148 = EDGE_CURVE('',#7106,#7128,#7149,.T.);
#7149 = SURFACE_CURVE('',#7150,(#7154,#7161),.PCURVE_S1.);
#7150 = LINE('',#7151,#7152);
#7151 = CARTESIAN_POINT('',(64.246612449494,15.8,-200.));
#7152 = VECTOR('',#7153,1.);
#7153 = DIRECTION('',(0.,0.,1.));
#7154 = PCURVE('',#7090,#7155);
#7155 = DEFINITIONAL_REPRESENTATION('',(#7156),#7160);
#7156 = LINE('',#7157,#7158);
#7157 = CARTESIAN_POINT('',(0.203409189398,0.));
#7158 = VECTOR('',#7159,1.);
#7159 = DIRECTION('',(0.,-1.));
#7160 = ( GEOMETRIC_REPRESENTATION_CONTEXT(2) 
PARAMETRIC_REPRESENTATION_CONTEXT() REPRESENTATION_CONTEXT('2D SPACE',''
  ) );
#7161 = PCURVE('',#7162,#7167);
#7162 = PLANE('',#7163);
#7163 = AXIS2_PLACEMENT_3D('',#7164,#7165,#7166);
#7164 = CARTESIAN_POINT('',(64.246612449494,15.8,-200.));
#7165 = DIRECTION('',(-0.958948122131,-0.283581556278,0.));
#7166 = DIRECTION('',(-0.283581556278,0.958948122131,0.));
#7167 = DEFINITIONAL_REPRESENTATION('',(#7168),#7172);
#7168 = LINE('',#7169,#7170);
#7169 = CARTESIAN_POINT('',(0.,0.));
#7170 = VECTOR('',#7171,1.);
#7171 = DIRECTION('',(0.,-1.));
#7172 = ( GEOMETRIC_REPRESENTATION_CONTEXT(2) 
PARAMETRIC_REPRESENTATION_CONTEXT() REPRESENTATION_CONTEXT('2D SPACE',''
  ) );
#7173 = ADVANCED_FACE('',(#7174),#7162,.T.);
#7174 = FACE_BOUND('',#7175,.T.);
#7175 = EDGE_LOOP('',(#7176,#7197,#7198,#7219));
#7176 = ORIENTED_EDGE('',*,*,#7177,.T.);
#7177 = EDGE_CURVE('',#7178,#7106,#7180,.T.);
#7178 = VERTEX_POINT('',#7179);
#7179 = CARTESIAN_POINT('',(64.187468153837,16.,-61.64));
#7180 = SURFACE_CURVE('',#7181,(#7185,#7191),.PCURVE_S1.);
#7181 = LINE('',#7182,#7183);
#7182 = CARTESIAN_POINT('',(73.060499754323,-14.00469107568,-61.64));
#7183 = VECTOR('',#7184,1.);
#7184 = DIRECTION('',(0.283581556278,-0.958948122131,0.));
#7185 = PCURVE('',#7162,#7186);
#7186 = DEFINITIONAL_REPRESENTATION('',(#7187),#7190);
#7187 = B_SPLINE_CURVE_WITH_KNOTS('',1,(#7188,#7189),.UNSPECIFIED.,.F.,
  .F.,(2,2),(-31.28917027232,-31.08060841649),.PIECEWISE_BEZIER_KNOTS.);
#7188 = CARTESIAN_POINT('',(0.208561855834,-138.36));
#7189 = CARTESIAN_POINT('',(0.,-138.36));
#7190 = ( GEOMETRIC_REPRESENTATION_CONTEXT(2) 
PARAMETRIC_REPRESENTATION_CONTEXT() REPRESENTATION_CONTEXT('2D SPACE',''
  ) );
#7191 = PCURVE('',#126,#7192);
#7192 = DEFINITIONAL_REPRESENTATION('',(#7193),#7196);
#7193 = B_SPLINE_CURVE_WITH_KNOTS('',1,(#7194,#7195),.UNSPECIFIED.,.F.,
  .F.,(2,2),(-31.28917027232,-31.08060841649),.PIECEWISE_BEZIER_KNOTS.);
#7194 = CARTESIAN_POINT('',(-0.134531846163,65.));
#7195 = CARTESIAN_POINT('',(-7.538755050577E-02,64.8));
#7196 = ( GEOMETRIC_REPRESENTATION_CONTEXT(2) 
PARAMETRIC_REPRESENTATION_CONTEXT() REPRESENTATION_CONTEXT('2D SPACE',''
  ) );
#7197 = ORIENTED_EDGE('',*,*,#7148,.T.);
#7198 = ORIENTED_EDGE('',*,*,#7199,.F.);
#7199 = EDGE_CURVE('',#7200,#7128,#7202,.T.);
#7200 = VERTEX_POINT('',#7201);
#7201 = CARTESIAN_POINT('',(64.187468153837,16.,57.94));
#7202 = SURFACE_CURVE('',#7203,(#7207,#7213),.PCURVE_S1.);
#7203 = LINE('',#7204,#7205);
#7204 = CARTESIAN_POINT('',(73.060499754323,-14.00469107568,57.94));
#7205 = VECTOR('',#7206,1.);
#7206 = DIRECTION('',(0.283581556278,-0.958948122131,0.));
#7207 = PCURVE('',#7162,#7208);
#7208 = DEFINITIONAL_REPRESENTATION('',(#7209),#7212);
#7209 = B_SPLINE_CURVE_WITH_KNOTS('',1,(#7210,#7211),.UNSPECIFIED.,.F.,
  .F.,(2,2),(-31.28917027232,-31.08060841649),.PIECEWISE_BEZIER_KNOTS.);
#7210 = CARTESIAN_POINT('',(0.208561855834,-257.94));
#7211 = CARTESIAN_POINT('',(0.,-257.94));
#7212 = ( GEOMETRIC_REPRESENTATION_CONTEXT(2) 
PARAMETRIC_REPRESENTATION_CONTEXT() REPRESENTATION_CONTEXT('2D SPACE',''
  ) );
#7213 = PCURVE('',#70,#7214);
#7214 = DEFINITIONAL_REPRESENTATION('',(#7215),#7218);
#7215 = B_SPLINE_CURVE_WITH_KNOTS('',1,(#7216,#7217),.UNSPECIFIED.,.F.,
  .F.,(2,2),(-31.28917027232,-31.08060841649),.PIECEWISE_BEZIER_KNOTS.);
#7216 = CARTESIAN_POINT('',(-0.134531846163,65.));
#7217 = CARTESIAN_POINT('',(-7.538755050577E-02,64.8));
#7218 = ( GEOMETRIC_REPRESENTATION_CONTEXT(2) 
PARAMETRIC_REPRESENTATION_CONTEXT() REPRESENTATION_CONTEXT('2D SPACE',''
  ) );
#7219 = ORIENTED_EDGE('',*,*,#7220,.F.);
#7220 = EDGE_CURVE('',#7178,#7200,#7221,.T.);
#7221 = SURFACE_CURVE('',#7222,(#7226,#7233),.PCURVE_S1.);
#7222 = LINE('',#7223,#7224);
#7223 = CARTESIAN_POINT('',(64.187468153837,16.,-200.));
#7224 = VECTOR('',#7225,1.);
#7225 = DIRECTION('',(0.,0.,1.));
#7226 = PCURVE('',#7162,#7227);
#7227 = DEFINITIONAL_REPRESENTATION('',(#7228),#7232);
#7228 = LINE('',#7229,#7230);
#7229 = CARTESIAN_POINT('',(0.208561855834,0.));
#7230 = VECTOR('',#7231,1.);
#7231 = DIRECTION('',(0.,-1.));
#7232 = ( GEOMETRIC_REPRESENTATION_CONTEXT(2) 
PARAMETRIC_REPRESENTATION_CONTEXT() REPRESENTATION_CONTEXT('2D SPACE',''
  ) );
#7233 = PCURVE('',#7234,#7239);
#7234 = PLANE('',#7235);
#7235 = AXIS2_PLACEMENT_3D('',#7236,#7237,#7238);
#7236 = CARTESIAN_POINT('',(64.187468153837,16.,-200.));
#7237 = DIRECTION('',(-0.916729469184,-0.399508548505,0.));
#7238 = DIRECTION('',(-0.399508548505,0.916729469184,0.));
#7239 = DEFINITIONAL_REPRESENTATION('',(#7240),#7244);
#7240 = LINE('',#7241,#7242);
#7241 = CARTESIAN_POINT('',(0.,0.));
#7242 = VECTOR('',#7243,1.);
#7243 = DIRECTION('',(0.,-1.));
#7244 = ( GEOMETRIC_REPRESENTATION_CONTEXT(2) 
PARAMETRIC_REPRESENTATION_CONTEXT() REPRESENTATION_CONTEXT('2D SPACE',''
  ) );
#7245 = ADVANCED_FACE('',(#7246),#7234,.T.);
#7246 = FACE_BOUND('',#7247,.T.);
#7247 = EDGE_LOOP('',(#7248,#7269,#7270,#7291));
#7248 = ORIENTED_EDGE('',*,*,#7249,.T.);
#7249 = EDGE_CURVE('',#7250,#7178,#7252,.T.);
#7250 = VERTEX_POINT('',#7251);
#7251 = CARTESIAN_POINT('',(64.100308623804,16.2,-61.64));
#7252 = SURFACE_CURVE('',#7253,(#7257,#7263),.PCURVE_S1.);
#7253 = LINE('',#7254,#7255);
#7254 = CARTESIAN_POINT('',(76.101045208621,-11.3374054457,-61.64));
#7255 = VECTOR('',#7256,1.);
#7256 = DIRECTION('',(0.399508548505,-0.916729469184,0.));
#7257 = PCURVE('',#7234,#7258);
#7258 = DEFINITIONAL_REPRESENTATION('',(#7259),#7262);
#7259 = B_SPLINE_CURVE_WITH_KNOTS('',1,(#7260,#7261),.UNSPECIFIED.,.F.,
  .F.,(2,2),(-30.03874793095,-29.82058105978),.PIECEWISE_BEZIER_KNOTS.);
#7260 = CARTESIAN_POINT('',(0.218166871169,-138.36));
#7261 = CARTESIAN_POINT('',(0.,-138.36));
#7262 = ( GEOMETRIC_REPRESENTATION_CONTEXT(2) 
PARAMETRIC_REPRESENTATION_CONTEXT() REPRESENTATION_CONTEXT('2D SPACE',''
  ) );
#7263 = PCURVE('',#126,#7264);
#7264 = DEFINITIONAL_REPRESENTATION('',(#7265),#7268);
#7265 = B_SPLINE_CURVE_WITH_KNOTS('',1,(#7266,#7267),.UNSPECIFIED.,.F.,
  .F.,(2,2),(-30.03874793095,-29.82058105978),.PIECEWISE_BEZIER_KNOTS.);
#7266 = CARTESIAN_POINT('',(-0.221691376196,65.2));
#7267 = CARTESIAN_POINT('',(-0.134531846163,65.));
#7268 = ( GEOMETRIC_REPRESENTATION_CONTEXT(2) 
PARAMETRIC_REPRESENTATION_CONTEXT() REPRESENTATION_CONTEXT('2D SPACE',''
  ) );
#7269 = ORIENTED_EDGE('',*,*,#7220,.T.);
#7270 = ORIENTED_EDGE('',*,*,#7271,.F.);
#7271 = EDGE_CURVE('',#7272,#7200,#7274,.T.);
#7272 = VERTEX_POINT('',#7273);
#7273 = CARTESIAN_POINT('',(64.100308623804,16.2,57.94));
#7274 = SURFACE_CURVE('',#7275,(#7279,#7285),.PCURVE_S1.);
#7275 = LINE('',#7276,#7277);
#7276 = CARTESIAN_POINT('',(76.101045208621,-11.3374054457,57.94));
#7277 = VECTOR('',#7278,1.);
#7278 = DIRECTION('',(0.399508548505,-0.916729469184,0.));
#7279 = PCURVE('',#7234,#7280);
#7280 = DEFINITIONAL_REPRESENTATION('',(#7281),#7284);
#7281 = B_SPLINE_CURVE_WITH_KNOTS('',1,(#7282,#7283),.UNSPECIFIED.,.F.,
  .F.,(2,2),(-30.03874793095,-29.82058105978),.PIECEWISE_BEZIER_KNOTS.);
#7282 = CARTESIAN_POINT('',(0.218166871169,-257.94));
#7283 = CARTESIAN_POINT('',(0.,-257.94));
#7284 = ( GEOMETRIC_REPRESENTATION_CONTEXT(2) 
PARAMETRIC_REPRESENTATION_CONTEXT() REPRESENTATION_CONTEXT('2D SPACE',''
  ) );
#7285 = PCURVE('',#70,#7286);
#7286 = DEFINITIONAL_REPRESENTATION('',(#7287),#7290);
#7287 = B_SPLINE_CURVE_WITH_KNOTS('',1,(#7288,#7289),.UNSPECIFIED.,.F.,
  .F.,(2,2),(-30.03874793095,-29.82058105978),.PIECEWISE_BEZIER_KNOTS.);
#7288 = CARTESIAN_POINT('',(-0.221691376196,65.2));
#7289 = CARTESIAN_POINT('',(-0.134531846163,65.));
#7290 = ( GEOMETRIC_REPRESENTATION_CONTEXT(2) 
PARAMETRIC_REPRESENTATION_CONTEXT() REPRESENTATION_CONTEXT('2D SPACE',''
  ) );
#7291 = ORIENTED_EDGE('',*,*,#7292,.F.);
#7292 = EDGE_CURVE('',#7250,#7272,#7293,.T.);
#7293 = SURFACE_CURVE('',#7294,(#7298,#7305),.PCURVE_S1.);
#7294 = LINE('',#7295,#7296);
#7295 = CARTESIAN_POINT('',(64.100308623804,16.2,-200.));
#7296 = VECTOR('',#7297,1.);
#7297 = DIRECTION('',(0.,0.,1.));
#7298 = PCURVE('',#7234,#7299);
#7299 = DEFINITIONAL_REPRESENTATION('',(#7300),#7304);
#7300 = LINE('',#7301,#7302);
#7301 = CARTESIAN_POINT('',(0.218166871169,0.));
#7302 = VECTOR('',#7303,1.);
#7303 = DIRECTION('',(0.,-1.));
#7304 = ( GEOMETRIC_REPRESENTATION_CONTEXT(2) 
PARAMETRIC_REPRESENTATION_CONTEXT() REPRESENTATION_CONTEXT('2D SPACE',''
  ) );
#7305 = PCURVE('',#7306,#7311);
#7306 = PLANE('',#7307);
#7307 = AXIS2_PLACEMENT_3D('',#7308,#7309,#7310);
#7308 = CARTESIAN_POINT('',(64.100308623804,16.2,-200.));
#7309 = DIRECTION('',(-0.863529623586,-0.504298115393,0.));
#7310 = DIRECTION('',(-0.504298115393,0.863529623586,0.));
#7311 = DEFINITIONAL_REPRESENTATION('',(#7312),#7316);
#7312 = LINE('',#7313,#7314);
#7313 = CARTESIAN_POINT('',(0.,0.));
#7314 = VECTOR('',#7315,1.);
#7315 = DIRECTION('',(0.,-1.));
#7316 = ( GEOMETRIC_REPRESENTATION_CONTEXT(2) 
PARAMETRIC_REPRESENTATION_CONTEXT() REPRESENTATION_CONTEXT('2D SPACE',''
  ) );
#7317 = ADVANCED_FACE('',(#7318),#7306,.T.);
#7318 = FACE_BOUND('',#7319,.T.);
#7319 = EDGE_LOOP('',(#7320,#7341,#7342,#7363));
#7320 = ORIENTED_EDGE('',*,*,#7321,.T.);
#7321 = EDGE_CURVE('',#7322,#7250,#7324,.T.);
#7322 = VERTEX_POINT('',#7323);
#7323 = CARTESIAN_POINT('',(63.983509361423,16.4,-61.64));
#7324 = SURFACE_CURVE('',#7325,(#7329,#7335),.PCURVE_S1.);
#7325 = LINE('',#7326,#7327);
#7326 = CARTESIAN_POINT('',(78.325027914528,-8.157549869401,-61.64));
#7327 = VECTOR('',#7328,1.);
#7328 = DIRECTION('',(0.504298115393,-0.863529623586,0.));
#7329 = PCURVE('',#7306,#7330);
#7330 = DEFINITIONAL_REPRESENTATION('',(#7331),#7334);
#7331 = B_SPLINE_CURVE_WITH_KNOTS('',1,(#7332,#7333),.UNSPECIFIED.,.F.,
  .F.,(2,2),(-28.43857257312,-28.20696500051),.PIECEWISE_BEZIER_KNOTS.);
#7332 = CARTESIAN_POINT('',(0.231607572615,-138.36));
#7333 = CARTESIAN_POINT('',(0.,-138.36));
#7334 = ( GEOMETRIC_REPRESENTATION_CONTEXT(2) 
PARAMETRIC_REPRESENTATION_CONTEXT() REPRESENTATION_CONTEXT('2D SPACE',''
  ) );
#7335 = PCURVE('',#126,#7336);
#7336 = DEFINITIONAL_REPRESENTATION('',(#7337),#7340);
#7337 = B_SPLINE_CURVE_WITH_KNOTS('',1,(#7338,#7339),.UNSPECIFIED.,.F.,
  .F.,(2,2),(-28.43857257312,-28.20696500051),.PIECEWISE_BEZIER_KNOTS.);
#7338 = CARTESIAN_POINT('',(-0.338490638577,65.4));
#7339 = CARTESIAN_POINT('',(-0.221691376196,65.2));
#7340 = ( GEOMETRIC_REPRESENTATION_CONTEXT(2) 
PARAMETRIC_REPRESENTATION_CONTEXT() REPRESENTATION_CONTEXT('2D SPACE',''
  ) );
#7341 = ORIENTED_EDGE('',*,*,#7292,.T.);
#7342 = ORIENTED_EDGE('',*,*,#7343,.F.);
#7343 = EDGE_CURVE('',#7344,#7272,#7346,.T.);
#7344 = VERTEX_POINT('',#7345);
#7345 = CARTESIAN_POINT('',(63.983509361423,16.4,57.94));
#7346 = SURFACE_CURVE('',#7347,(#7351,#7357),.PCURVE_S1.);
#7347 = LINE('',#7348,#7349);
#7348 = CARTESIAN_POINT('',(78.325027914528,-8.157549869401,57.94));
#7349 = VECTOR('',#7350,1.);
#7350 = DIRECTION('',(0.504298115393,-0.863529623586,0.));
#7351 = PCURVE('',#7306,#7352);
#7352 = DEFINITIONAL_REPRESENTATION('',(#7353),#7356);
#7353 = B_SPLINE_CURVE_WITH_KNOTS('',1,(#7354,#7355),.UNSPECIFIED.,.F.,
  .F.,(2,2),(-28.43857257312,-28.20696500051),.PIECEWISE_BEZIER_KNOTS.);
#7354 = CARTESIAN_POINT('',(0.231607572615,-257.94));
#7355 = CARTESIAN_POINT('',(0.,-257.94));
#7356 = ( GEOMETRIC_REPRESENTATION_CONTEXT(2) 
PARAMETRIC_REPRESENTATION_CONTEXT() REPRESENTATION_CONTEXT('2D SPACE',''
  ) );
#7357 = PCURVE('',#70,#7358);
#7358 = DEFINITIONAL_REPRESENTATION('',(#7359),#7362);
#7359 = B_SPLINE_CURVE_WITH_KNOTS('',1,(#7360,#7361),.UNSPECIFIED.,.F.,
  .F.,(2,2),(-28.43857257312,-28.20696500051),.PIECEWISE_BEZIER_KNOTS.);
#7360 = CARTESIAN_POINT('',(-0.338490638577,65.4));
#7361 = CARTESIAN_POINT('',(-0.221691376196,65.2));
#7362 = ( GEOMETRIC_REPRESENTATION_CONTEXT(2) 
PARAMETRIC_REPRESENTATION_CONTEXT() REPRESENTATION_CONTEXT('2D SPACE',''
  ) );
#7363 = ORIENTED_EDGE('',*,*,#7364,.F.);
#7364 = EDGE_CURVE('',#7322,#7344,#7365,.T.);
#7365 = SURFACE_CURVE('',#7366,(#7370,#7377),.PCURVE_S1.);
#7366 = LINE('',#7367,#7368);
#7367 = CARTESIAN_POINT('',(63.983509361423,16.4,-200.));
#7368 = VECTOR('',#7369,1.);
#7369 = DIRECTION('',(0.,0.,1.));
#7370 = PCURVE('',#7306,#7371);
#7371 = DEFINITIONAL_REPRESENTATION('',(#7372),#7376);
#7372 = LINE('',#7373,#7374);
#7373 = CARTESIAN_POINT('',(0.231607572615,0.));
#7374 = VECTOR('',#7375,1.);
#7375 = DIRECTION('',(0.,-1.));
#7376 = ( GEOMETRIC_REPRESENTATION_CONTEXT(2) 
PARAMETRIC_REPRESENTATION_CONTEXT() REPRESENTATION_CONTEXT('2D SPACE',''
  ) );
#7377 = PCURVE('',#7378,#7383);
#7378 = PLANE('',#7379);
#7379 = AXIS2_PLACEMENT_3D('',#7380,#7381,#7382);
#7380 = CARTESIAN_POINT('',(63.983509361423,16.4,-200.));
#7381 = DIRECTION('',(-0.813545904931,-0.581500696964,0.));
#7382 = DIRECTION('',(-0.581500696964,0.813545904931,0.));
#7383 = DEFINITIONAL_REPRESENTATION('',(#7384),#7388);
#7384 = LINE('',#7385,#7386);
#7385 = CARTESIAN_POINT('',(0.,0.));
#7386 = VECTOR('',#7387,1.);
#7387 = DIRECTION('',(0.,-1.));
#7388 = ( GEOMETRIC_REPRESENTATION_CONTEXT(2) 
PARAMETRIC_REPRESENTATION_CONTEXT() REPRESENTATION_CONTEXT('2D SPACE',''
  ) );
#7389 = ADVANCED_FACE('',(#7390),#7378,.T.);
#7390 = FACE_BOUND('',#7391,.T.);
#7391 = EDGE_LOOP('',(#7392,#7413,#7414,#7435));
#7392 = ORIENTED_EDGE('',*,*,#7393,.T.);
#7393 = EDGE_CURVE('',#7394,#7322,#7396,.T.);
#7394 = VERTEX_POINT('',#7395);
#7395 = CARTESIAN_POINT('',(63.840554749166,16.6,-61.64));
#7396 = SURFACE_CURVE('',#7397,(#7401,#7407),.PCURVE_S1.);
#7397 = LINE('',#7398,#7399);
#7398 = CARTESIAN_POINT('',(79.510373092535,-5.32278807373,-61.64));
#7399 = VECTOR('',#7400,1.);
#7400 = DIRECTION('',(0.581500696964,-0.813545904931,0.));
#7401 = PCURVE('',#7378,#7402);
#7402 = DEFINITIONAL_REPRESENTATION('',(#7403),#7406);
#7403 = B_SPLINE_CURVE_WITH_KNOTS('',1,(#7404,#7405),.UNSPECIFIED.,.F.,
  .F.,(2,2),(-26.94720475002,-26.70136736237),.PIECEWISE_BEZIER_KNOTS.);
#7404 = CARTESIAN_POINT('',(0.245837387648,-138.36));
#7405 = CARTESIAN_POINT('',(0.,-138.36));
#7406 = ( GEOMETRIC_REPRESENTATION_CONTEXT(2) 
PARAMETRIC_REPRESENTATION_CONTEXT() REPRESENTATION_CONTEXT('2D SPACE',''
  ) );
#7407 = PCURVE('',#126,#7408);
#7408 = DEFINITIONAL_REPRESENTATION('',(#7409),#7412);
#7409 = B_SPLINE_CURVE_WITH_KNOTS('',1,(#7410,#7411),.UNSPECIFIED.,.F.,
  .F.,(2,2),(-26.94720475002,-26.70136736237),.PIECEWISE_BEZIER_KNOTS.);
#7410 = CARTESIAN_POINT('',(-0.481445250834,65.6));
#7411 = CARTESIAN_POINT('',(-0.338490638577,65.4));
#7412 = ( GEOMETRIC_REPRESENTATION_CONTEXT(2) 
PARAMETRIC_REPRESENTATION_CONTEXT() REPRESENTATION_CONTEXT('2D SPACE',''
  ) );
#7413 = ORIENTED_EDGE('',*,*,#7364,.T.);
#7414 = ORIENTED_EDGE('',*,*,#7415,.F.);
#7415 = EDGE_CURVE('',#7416,#7344,#7418,.T.);
#7416 = VERTEX_POINT('',#7417);
#7417 = CARTESIAN_POINT('',(63.840554749166,16.6,57.94));
#7418 = SURFACE_CURVE('',#7419,(#7423,#7429),.PCURVE_S1.);
#7419 = LINE('',#7420,#7421);
#7420 = CARTESIAN_POINT('',(79.510373092535,-5.32278807373,57.94));
#7421 = VECTOR('',#7422,1.);
#7422 = DIRECTION('',(0.581500696964,-0.813545904931,0.));
#7423 = PCURVE('',#7378,#7424);
#7424 = DEFINITIONAL_REPRESENTATION('',(#7425),#7428);
#7425 = B_SPLINE_CURVE_WITH_KNOTS('',1,(#7426,#7427),.UNSPECIFIED.,.F.,
  .F.,(2,2),(-26.94720475002,-26.70136736237),.PIECEWISE_BEZIER_KNOTS.);
#7426 = CARTESIAN_POINT('',(0.245837387648,-257.94));
#7427 = CARTESIAN_POINT('',(0.,-257.94));
#7428 = ( GEOMETRIC_REPRESENTATION_CONTEXT(2) 
PARAMETRIC_REPRESENTATION_CONTEXT() REPRESENTATION_CONTEXT('2D SPACE',''
  ) );
#7429 = PCURVE('',#70,#7430);
#7430 = DEFINITIONAL_REPRESENTATION('',(#7431),#7434);
#7431 = B_SPLINE_CURVE_WITH_KNOTS('',1,(#7432,#7433),.UNSPECIFIED.,.F.,
  .F.,(2,2),(-26.94720475002,-26.70136736237),.PIECEWISE_BEZIER_KNOTS.);
#7432 = CARTESIAN_POINT('',(-0.481445250834,65.6));
#7433 = CARTESIAN_POINT('',(-0.338490638577,65.4));
#7434 = ( GEOMETRIC_REPRESENTATION_CONTEXT(2) 
PARAMETRIC_REPRESENTATION_CONTEXT() REPRESENTATION_CONTEXT('2D SPACE',''
  ) );
#7435 = ORIENTED_EDGE('',*,*,#7436,.F.);
#7436 = EDGE_CURVE('',#7394,#7416,#7437,.T.);
#7437 = SURFACE_CURVE('',#7438,(#7442,#7449),.PCURVE_S1.);
#7438 = LINE('',#7439,#7440);
#7439 = CARTESIAN_POINT('',(63.840554749166,16.6,-200.));
#7440 = VECTOR('',#7441,1.);
#7441 = DIRECTION('',(0.,0.,1.));
#7442 = PCURVE('',#7378,#7443);
#7443 = DEFINITIONAL_REPRESENTATION('',(#7444),#7448);
#7444 = LINE('',#7445,#7446);
#7445 = CARTESIAN_POINT('',(0.245837387648,0.));
#7446 = VECTOR('',#7447,1.);
#7447 = DIRECTION('',(0.,-1.));
#7448 = ( GEOMETRIC_REPRESENTATION_CONTEXT(2) 
PARAMETRIC_REPRESENTATION_CONTEXT() REPRESENTATION_CONTEXT('2D SPACE',''
  ) );
#7449 = PCURVE('',#7450,#7455);
#7450 = PLANE('',#7451);
#7451 = AXIS2_PLACEMENT_3D('',#7452,#7453,#7454);
#7452 = CARTESIAN_POINT('',(63.840554749166,16.6,-200.));
#7453 = DIRECTION('',(-0.774659718778,-0.63237830458,0.));
#7454 = DIRECTION('',(-0.63237830458,0.774659718778,0.));
#7455 = DEFINITIONAL_REPRESENTATION('',(#7456),#7460);
#7456 = LINE('',#7457,#7458);
#7457 = CARTESIAN_POINT('',(0.,0.));
#7458 = VECTOR('',#7459,1.);
#7459 = DIRECTION('',(0.,-1.));
#7460 = ( GEOMETRIC_REPRESENTATION_CONTEXT(2) 
PARAMETRIC_REPRESENTATION_CONTEXT() REPRESENTATION_CONTEXT('2D SPACE',''
  ) );
#7461 = ADVANCED_FACE('',(#7462),#7450,.T.);
#7462 = FACE_BOUND('',#7463,.T.);
#7463 = EDGE_LOOP('',(#7464,#7485,#7486,#7507));
#7464 = ORIENTED_EDGE('',*,*,#7465,.T.);
#7465 = EDGE_CURVE('',#7466,#7394,#7468,.T.);
#7466 = VERTEX_POINT('',#7467);
#7467 = CARTESIAN_POINT('',(63.677288662328,16.8,-61.64));
#7468 = SURFACE_CURVE('',#7469,(#7473,#7479),.PCURVE_S1.);
#7469 = LINE('',#7470,#7471);
#7470 = CARTESIAN_POINT('',(80.004818672024,-3.201128618804,-61.64));
#7471 = VECTOR('',#7472,1.);
#7472 = DIRECTION('',(0.63237830458,-0.774659718778,0.));
#7473 = PCURVE('',#7450,#7474);
#7474 = DEFINITIONAL_REPRESENTATION('',(#7475),#7478);
#7475 = B_SPLINE_CURVE_WITH_KNOTS('',1,(#7476,#7477),.UNSPECIFIED.,.F.,
  .F.,(2,2),(-25.81924441658,-25.56106654164),.PIECEWISE_BEZIER_KNOTS.);
#7476 = CARTESIAN_POINT('',(0.258177874946,-138.36));
#7477 = CARTESIAN_POINT('',(0.,-138.36));
#7478 = ( GEOMETRIC_REPRESENTATION_CONTEXT(2) 
PARAMETRIC_REPRESENTATION_CONTEXT() REPRESENTATION_CONTEXT('2D SPACE',''
  ) );
#7479 = PCURVE('',#126,#7480);
#7480 = DEFINITIONAL_REPRESENTATION('',(#7481),#7484);
#7481 = B_SPLINE_CURVE_WITH_KNOTS('',1,(#7482,#7483),.UNSPECIFIED.,.F.,
  .F.,(2,2),(-25.81924441658,-25.56106654164),.PIECEWISE_BEZIER_KNOTS.);
#7482 = CARTESIAN_POINT('',(-0.644711337672,65.8));
#7483 = CARTESIAN_POINT('',(-0.481445250834,65.6));
#7484 = ( GEOMETRIC_REPRESENTATION_CONTEXT(2) 
PARAMETRIC_REPRESENTATION_CONTEXT() REPRESENTATION_CONTEXT('2D SPACE',''
  ) );
#7485 = ORIENTED_EDGE('',*,*,#7436,.T.);
#7486 = ORIENTED_EDGE('',*,*,#7487,.F.);
#7487 = EDGE_CURVE('',#7488,#7416,#7490,.T.);
#7488 = VERTEX_POINT('',#7489);
#7489 = CARTESIAN_POINT('',(63.677288662328,16.8,57.94));
#7490 = SURFACE_CURVE('',#7491,(#7495,#7501),.PCURVE_S1.);
#7491 = LINE('',#7492,#7493);
#7492 = CARTESIAN_POINT('',(80.004818672024,-3.201128618804,57.94));
#7493 = VECTOR('',#7494,1.);
#7494 = DIRECTION('',(0.63237830458,-0.774659718778,0.));
#7495 = PCURVE('',#7450,#7496);
#7496 = DEFINITIONAL_REPRESENTATION('',(#7497),#7500);
#7497 = B_SPLINE_CURVE_WITH_KNOTS('',1,(#7498,#7499),.UNSPECIFIED.,.F.,
  .F.,(2,2),(-25.81924441658,-25.56106654164),.PIECEWISE_BEZIER_KNOTS.);
#7498 = CARTESIAN_POINT('',(0.258177874946,-257.94));
#7499 = CARTESIAN_POINT('',(0.,-257.94));
#7500 = ( GEOMETRIC_REPRESENTATION_CONTEXT(2) 
PARAMETRIC_REPRESENTATION_CONTEXT() REPRESENTATION_CONTEXT('2D SPACE',''
  ) );
#7501 = PCURVE('',#70,#7502);
#7502 = DEFINITIONAL_REPRESENTATION('',(#7503),#7506);
#7503 = B_SPLINE_CURVE_WITH_KNOTS('',1,(#7504,#7505),.UNSPECIFIED.,.F.,
  .F.,(2,2),(-25.81924441658,-25.56106654164),.PIECEWISE_BEZIER_KNOTS.);
#7504 = CARTESIAN_POINT('',(-0.644711337672,65.8));
#7505 = CARTESIAN_POINT('',(-0.481445250834,65.6));
#7506 = ( GEOMETRIC_REPRESENTATION_CONTEXT(2) 
PARAMETRIC_REPRESENTATION_CONTEXT() REPRESENTATION_CONTEXT('2D SPACE',''
  ) );
#7507 = ORIENTED_EDGE('',*,*,#7508,.F.);
#7508 = EDGE_CURVE('',#7466,#7488,#7509,.T.);
#7509 = SURFACE_CURVE('',#7510,(#7514,#7521),.PCURVE_S1.);
#7510 = LINE('',#7511,#7512);
#7511 = CARTESIAN_POINT('',(63.677288662328,16.8,-200.));
#7512 = VECTOR('',#7513,1.);
#7513 = DIRECTION('',(0.,0.,1.));
#7514 = PCURVE('',#7450,#7515);
#7515 = DEFINITIONAL_REPRESENTATION('',(#7516),#7520);
#7516 = LINE('',#7517,#7518);
#7517 = CARTESIAN_POINT('',(0.258177874946,0.));
#7518 = VECTOR('',#7519,1.);
#7519 = DIRECTION('',(0.,-1.));
#7520 = ( GEOMETRIC_REPRESENTATION_CONTEXT(2) 
PARAMETRIC_REPRESENTATION_CONTEXT() REPRESENTATION_CONTEXT('2D SPACE',''
  ) );
#7521 = PCURVE('',#7522,#7527);
#7522 = PLANE('',#7523);
#7523 = AXIS2_PLACEMENT_3D('',#7524,#7525,#7526);
#7524 = CARTESIAN_POINT('',(63.677288662328,16.8,-200.));
#7525 = DIRECTION('',(-0.746785384531,-0.665065101664,0.));
#7526 = DIRECTION('',(-0.665065101664,0.746785384531,0.));
#7527 = DEFINITIONAL_REPRESENTATION('',(#7528),#7532);
#7528 = LINE('',#7529,#7530);
#7529 = CARTESIAN_POINT('',(0.,0.));
#7530 = VECTOR('',#7531,1.);
#7531 = DIRECTION('',(0.,-1.));
#7532 = ( GEOMETRIC_REPRESENTATION_CONTEXT(2) 
PARAMETRIC_REPRESENTATION_CONTEXT() REPRESENTATION_CONTEXT('2D SPACE',''
  ) );
#7533 = ADVANCED_FACE('',(#7534),#7522,.T.);
#7534 = FACE_BOUND('',#7535,.T.);
#7535 = EDGE_LOOP('',(#7536,#7557,#7558,#7579));
#7536 = ORIENTED_EDGE('',*,*,#7537,.T.);
#7537 = EDGE_CURVE('',#7538,#7466,#7540,.T.);
#7538 = VERTEX_POINT('',#7539);
#7539 = CARTESIAN_POINT('',(63.499174544018,17.,-61.64));
#7540 = SURFACE_CURVE('',#7541,(#7545,#7551),.PCURVE_S1.);
#7541 = LINE('',#7542,#7543);
#7542 = CARTESIAN_POINT('',(80.160013844385,-1.708050162922,-61.64));
#7543 = VECTOR('',#7544,1.);
#7544 = DIRECTION('',(0.665065101664,-0.746785384531,0.));
#7545 = PCURVE('',#7522,#7546);
#7546 = DEFINITIONAL_REPRESENTATION('',(#7547),#7550);
#7547 = B_SPLINE_CURVE_WITH_KNOTS('',1,(#7548,#7549),.UNSPECIFIED.,.F.,
  .F.,(2,2),(-25.05144121784,-24.78362665673),.PIECEWISE_BEZIER_KNOTS.);
#7548 = CARTESIAN_POINT('',(0.267814561108,-138.36));
#7549 = CARTESIAN_POINT('',(0.,-138.36));
#7550 = ( GEOMETRIC_REPRESENTATION_CONTEXT(2) 
PARAMETRIC_REPRESENTATION_CONTEXT() REPRESENTATION_CONTEXT('2D SPACE',''
  ) );
#7551 = PCURVE('',#126,#7552);
#7552 = DEFINITIONAL_REPRESENTATION('',(#7553),#7556);
#7553 = B_SPLINE_CURVE_WITH_KNOTS('',1,(#7554,#7555),.UNSPECIFIED.,.F.,
  .F.,(2,2),(-25.05144121784,-24.78362665673),.PIECEWISE_BEZIER_KNOTS.);
#7554 = CARTESIAN_POINT('',(-0.822825455982,66.));
#7555 = CARTESIAN_POINT('',(-0.644711337672,65.8));
#7556 = ( GEOMETRIC_REPRESENTATION_CONTEXT(2) 
PARAMETRIC_REPRESENTATION_CONTEXT() REPRESENTATION_CONTEXT('2D SPACE',''
  ) );
#7557 = ORIENTED_EDGE('',*,*,#7508,.T.);
#7558 = ORIENTED_EDGE('',*,*,#7559,.F.);
#7559 = EDGE_CURVE('',#7560,#7488,#7562,.T.);
#7560 = VERTEX_POINT('',#7561);
#7561 = CARTESIAN_POINT('',(63.499174544018,17.,57.94));
#7562 = SURFACE_CURVE('',#7563,(#7567,#7573),.PCURVE_S1.);
#7563 = LINE('',#7564,#7565);
#7564 = CARTESIAN_POINT('',(80.160013844385,-1.708050162922,57.94));
#7565 = VECTOR('',#7566,1.);
#7566 = DIRECTION('',(0.665065101664,-0.746785384531,0.));
#7567 = PCURVE('',#7522,#7568);
#7568 = DEFINITIONAL_REPRESENTATION('',(#7569),#7572);
#7569 = B_SPLINE_CURVE_WITH_KNOTS('',1,(#7570,#7571),.UNSPECIFIED.,.F.,
  .F.,(2,2),(-25.05144121784,-24.78362665673),.PIECEWISE_BEZIER_KNOTS.);
#7570 = CARTESIAN_POINT('',(0.267814561108,-257.94));
#7571 = CARTESIAN_POINT('',(0.,-257.94));
#7572 = ( GEOMETRIC_REPRESENTATION_CONTEXT(2) 
PARAMETRIC_REPRESENTATION_CONTEXT() REPRESENTATION_CONTEXT('2D SPACE',''
  ) );
#7573 = PCURVE('',#70,#7574);
#7574 = DEFINITIONAL_REPRESENTATION('',(#7575),#7578);
#7575 = B_SPLINE_CURVE_WITH_KNOTS('',1,(#7576,#7577),.UNSPECIFIED.,.F.,
  .F.,(2,2),(-25.05144121784,-24.78362665673),.PIECEWISE_BEZIER_KNOTS.);
#7576 = CARTESIAN_POINT('',(-0.822825455982,66.));
#7577 = CARTESIAN_POINT('',(-0.644711337672,65.8));
#7578 = ( GEOMETRIC_REPRESENTATION_CONTEXT(2) 
PARAMETRIC_REPRESENTATION_CONTEXT() REPRESENTATION_CONTEXT('2D SPACE',''
  ) );
#7579 = ORIENTED_EDGE('',*,*,#7580,.F.);
#7580 = EDGE_CURVE('',#7538,#7560,#7581,.T.);
#7581 = SURFACE_CURVE('',#7582,(#7586,#7593),.PCURVE_S1.);
#7582 = LINE('',#7583,#7584);
#7583 = CARTESIAN_POINT('',(63.499174544018,17.,-200.));
#7584 = VECTOR('',#7585,1.);
#7585 = DIRECTION('',(0.,0.,1.));
#7586 = PCURVE('',#7522,#7587);
#7587 = DEFINITIONAL_REPRESENTATION('',(#7588),#7592);
#7588 = LINE('',#7589,#7590);
#7589 = CARTESIAN_POINT('',(0.267814561108,0.));
#7590 = VECTOR('',#7591,1.);
#7591 = DIRECTION('',(0.,-1.));
#7592 = ( GEOMETRIC_REPRESENTATION_CONTEXT(2) 
PARAMETRIC_REPRESENTATION_CONTEXT() REPRESENTATION_CONTEXT('2D SPACE',''
  ) );
#7593 = PCURVE('',#7594,#7599);
#7594 = PLANE('',#7595);
#7595 = AXIS2_PLACEMENT_3D('',#7596,#7597,#7598);
#7596 = CARTESIAN_POINT('',(63.499174544018,17.,-200.));
#7597 = DIRECTION('',(-0.727023724677,-0.686612338775,0.));
#7598 = DIRECTION('',(-0.686612338775,0.727023724677,0.));
#7599 = DEFINITIONAL_REPRESENTATION('',(#7600),#7604);
#7600 = LINE('',#7601,#7602);
#7601 = CARTESIAN_POINT('',(0.,0.));
#7602 = VECTOR('',#7603,1.);
#7603 = DIRECTION('',(0.,-1.));
#7604 = ( GEOMETRIC_REPRESENTATION_CONTEXT(2) 
PARAMETRIC_REPRESENTATION_CONTEXT() REPRESENTATION_CONTEXT('2D SPACE',''
  ) );
#7605 = ADVANCED_FACE('',(#7606),#7594,.T.);
#7606 = FACE_BOUND('',#7607,.T.);
#7607 = EDGE_LOOP('',(#7608,#7629,#7630,#7651));
#7608 = ORIENTED_EDGE('',*,*,#7609,.T.);
#7609 = EDGE_CURVE('',#7610,#7538,#7612,.T.);
#7610 = VERTEX_POINT('',#7611);
#7611 = CARTESIAN_POINT('',(63.310291481342,17.2,-61.64));
#7612 = SURFACE_CURVE('',#7613,(#7617,#7623),.PCURVE_S1.);
#7613 = LINE('',#7614,#7615);
#7614 = CARTESIAN_POINT('',(80.16618370028,-0.64796580503,-61.64));
#7615 = VECTOR('',#7616,1.);
#7616 = DIRECTION('',(0.686612338775,-0.727023724677,0.));
#7617 = PCURVE('',#7594,#7618);
#7618 = DEFINITIONAL_REPRESENTATION('',(#7619),#7622);
#7619 = B_SPLINE_CURVE_WITH_KNOTS('',1,(#7620,#7621),.UNSPECIFIED.,.F.,
  .F.,(2,2),(-24.54935815604,-24.27426396969),.PIECEWISE_BEZIER_KNOTS.);
#7620 = CARTESIAN_POINT('',(0.275094186354,-138.36));
#7621 = CARTESIAN_POINT('',(0.,-138.36));
#7622 = ( GEOMETRIC_REPRESENTATION_CONTEXT(2) 
PARAMETRIC_REPRESENTATION_CONTEXT() REPRESENTATION_CONTEXT('2D SPACE',''
  ) );
#7623 = PCURVE('',#126,#7624);
#7624 = DEFINITIONAL_REPRESENTATION('',(#7625),#7628);
#7625 = B_SPLINE_CURVE_WITH_KNOTS('',1,(#7626,#7627),.UNSPECIFIED.,.F.,
  .F.,(2,2),(-24.54935815604,-24.27426396969),.PIECEWISE_BEZIER_KNOTS.);
#7626 = CARTESIAN_POINT('',(-1.011708518658,66.2));
#7627 = CARTESIAN_POINT('',(-0.822825455982,66.));
#7628 = ( GEOMETRIC_REPRESENTATION_CONTEXT(2) 
PARAMETRIC_REPRESENTATION_CONTEXT() REPRESENTATION_CONTEXT('2D SPACE',''
  ) );
#7629 = ORIENTED_EDGE('',*,*,#7580,.T.);
#7630 = ORIENTED_EDGE('',*,*,#7631,.F.);
#7631 = EDGE_CURVE('',#7632,#7560,#7634,.T.);
#7632 = VERTEX_POINT('',#7633);
#7633 = CARTESIAN_POINT('',(63.310291481342,17.2,57.94));
#7634 = SURFACE_CURVE('',#7635,(#7639,#7645),.PCURVE_S1.);
#7635 = LINE('',#7636,#7637);
#7636 = CARTESIAN_POINT('',(80.16618370028,-0.64796580503,57.94));
#7637 = VECTOR('',#7638,1.);
#7638 = DIRECTION('',(0.686612338775,-0.727023724677,0.));
#7639 = PCURVE('',#7594,#7640);
#7640 = DEFINITIONAL_REPRESENTATION('',(#7641),#7644);
#7641 = B_SPLINE_CURVE_WITH_KNOTS('',1,(#7642,#7643),.UNSPECIFIED.,.F.,
  .F.,(2,2),(-24.54935815604,-24.27426396969),.PIECEWISE_BEZIER_KNOTS.);
#7642 = CARTESIAN_POINT('',(0.275094186354,-257.94));
#7643 = CARTESIAN_POINT('',(0.,-257.94));
#7644 = ( GEOMETRIC_REPRESENTATION_CONTEXT(2) 
PARAMETRIC_REPRESENTATION_CONTEXT() REPRESENTATION_CONTEXT('2D SPACE',''
  ) );
#7645 = PCURVE('',#70,#7646);
#7646 = DEFINITIONAL_REPRESENTATION('',(#7647),#7650);
#7647 = B_SPLINE_CURVE_WITH_KNOTS('',1,(#7648,#7649),.UNSPECIFIED.,.F.,
  .F.,(2,2),(-24.54935815604,-24.27426396969),.PIECEWISE_BEZIER_KNOTS.);
#7648 = CARTESIAN_POINT('',(-1.011708518658,66.2));
#7649 = CARTESIAN_POINT('',(-0.822825455982,66.));
#7650 = ( GEOMETRIC_REPRESENTATION_CONTEXT(2) 
PARAMETRIC_REPRESENTATION_CONTEXT() REPRESENTATION_CONTEXT('2D SPACE',''
  ) );
#7651 = ORIENTED_EDGE('',*,*,#7652,.F.);
#7652 = EDGE_CURVE('',#7610,#7632,#7653,.T.);
#7653 = SURFACE_CURVE('',#7654,(#7658,#7665),.PCURVE_S1.);
#7654 = LINE('',#7655,#7656);
#7655 = CARTESIAN_POINT('',(63.310291481342,17.2,-200.));
#7656 = VECTOR('',#7657,1.);
#7657 = DIRECTION('',(0.,0.,1.));
#7658 = PCURVE('',#7594,#7659);
#7659 = DEFINITIONAL_REPRESENTATION('',(#7660),#7664);
#7660 = LINE('',#7661,#7662);
#7661 = CARTESIAN_POINT('',(0.275094186354,0.));
#7662 = VECTOR('',#7663,1.);
#7663 = DIRECTION('',(0.,-1.));
#7664 = ( GEOMETRIC_REPRESENTATION_CONTEXT(2) 
PARAMETRIC_REPRESENTATION_CONTEXT() REPRESENTATION_CONTEXT('2D SPACE',''
  ) );
#7665 = PCURVE('',#7666,#7671);
#7666 = PLANE('',#7667);
#7667 = AXIS2_PLACEMENT_3D('',#7668,#7669,#7670);
#7668 = CARTESIAN_POINT('',(63.310291481342,17.2,-200.));
#7669 = DIRECTION('',(-0.712707248736,-0.701461600944,0.));
#7670 = DIRECTION('',(-0.701461600944,0.712707248736,0.));
#7671 = DEFINITIONAL_REPRESENTATION('',(#7672),#7676);
#7672 = LINE('',#7673,#7674);
#7673 = CARTESIAN_POINT('',(0.,0.));
#7674 = VECTOR('',#7675,1.);
#7675 = DIRECTION('',(0.,-1.));
#7676 = ( GEOMETRIC_REPRESENTATION_CONTEXT(2) 
PARAMETRIC_REPRESENTATION_CONTEXT() REPRESENTATION_CONTEXT('2D SPACE',''
  ) );
#7677 = ADVANCED_FACE('',(#7678),#7666,.T.);
#7678 = FACE_BOUND('',#7679,.T.);
#7679 = EDGE_LOOP('',(#7680,#7701,#7702,#7723));
#7680 = ORIENTED_EDGE('',*,*,#7681,.T.);
#7681 = EDGE_CURVE('',#7682,#7610,#7684,.T.);
#7682 = VERTEX_POINT('',#7683);
#7683 = CARTESIAN_POINT('',(63.113447236475,17.4,-61.64));
#7684 = SURFACE_CURVE('',#7685,(#7689,#7695),.PCURVE_S1.);
#7685 = LINE('',#7686,#7687);
#7686 = CARTESIAN_POINT('',(80.107103259911,0.133906155181,-61.64));
#7687 = VECTOR('',#7688,1.);
#7688 = DIRECTION('',(0.701461600944,-0.712707248736,0.));
#7689 = PCURVE('',#7666,#7690);
#7690 = DEFINITIONAL_REPRESENTATION('',(#7691),#7694);
#7691 = B_SPLINE_CURVE_WITH_KNOTS('',1,(#7692,#7693),.UNSPECIFIED.,.F.,
  .F.,(2,2),(-24.22606740065,-23.94544727176),.PIECEWISE_BEZIER_KNOTS.);
#7692 = CARTESIAN_POINT('',(0.280620128888,-138.36));
#7693 = CARTESIAN_POINT('',(0.,-138.36));
#7694 = ( GEOMETRIC_REPRESENTATION_CONTEXT(2) 
PARAMETRIC_REPRESENTATION_CONTEXT() REPRESENTATION_CONTEXT('2D SPACE',''
  ) );
#7695 = PCURVE('',#126,#7696);
#7696 = DEFINITIONAL_REPRESENTATION('',(#7697),#7700);
#7697 = B_SPLINE_CURVE_WITH_KNOTS('',1,(#7698,#7699),.UNSPECIFIED.,.F.,
  .F.,(2,2),(-24.22606740065,-23.94544727176),.PIECEWISE_BEZIER_KNOTS.);
#7698 = CARTESIAN_POINT('',(-1.208552763525,66.4));
#7699 = CARTESIAN_POINT('',(-1.011708518658,66.2));
#7700 = ( GEOMETRIC_REPRESENTATION_CONTEXT(2) 
PARAMETRIC_REPRESENTATION_CONTEXT() REPRESENTATION_CONTEXT('2D SPACE',''
  ) );
#7701 = ORIENTED_EDGE('',*,*,#7652,.T.);
#7702 = ORIENTED_EDGE('',*,*,#7703,.F.);
#7703 = EDGE_CURVE('',#7704,#7632,#7706,.T.);
#7704 = VERTEX_POINT('',#7705);
#7705 = CARTESIAN_POINT('',(63.113447236475,17.4,57.94));
#7706 = SURFACE_CURVE('',#7707,(#7711,#7717),.PCURVE_S1.);
#7707 = LINE('',#7708,#7709);
#7708 = CARTESIAN_POINT('',(80.107103259911,0.133906155181,57.94));
#7709 = VECTOR('',#7710,1.);
#7710 = DIRECTION('',(0.701461600944,-0.712707248736,0.));
#7711 = PCURVE('',#7666,#7712);
#7712 = DEFINITIONAL_REPRESENTATION('',(#7713),#7716);
#7713 = B_SPLINE_CURVE_WITH_KNOTS('',1,(#7714,#7715),.UNSPECIFIED.,.F.,
  .F.,(2,2),(-24.22606740065,-23.94544727176),.PIECEWISE_BEZIER_KNOTS.);
#7714 = CARTESIAN_POINT('',(0.280620128888,-257.94));
#7715 = CARTESIAN_POINT('',(0.,-257.94));
#7716 = ( GEOMETRIC_REPRESENTATION_CONTEXT(2) 
PARAMETRIC_REPRESENTATION_CONTEXT() REPRESENTATION_CONTEXT('2D SPACE',''
  ) );
#7717 = PCURVE('',#70,#7718);
#7718 = DEFINITIONAL_REPRESENTATION('',(#7719),#7722);
#7719 = B_SPLINE_CURVE_WITH_KNOTS('',1,(#7720,#7721),.UNSPECIFIED.,.F.,
  .F.,(2,2),(-24.22606740065,-23.94544727176),.PIECEWISE_BEZIER_KNOTS.);
#7720 = CARTESIAN_POINT('',(-1.208552763525,66.4));
#7721 = CARTESIAN_POINT('',(-1.011708518658,66.2));
#7722 = ( GEOMETRIC_REPRESENTATION_CONTEXT(2) 
PARAMETRIC_REPRESENTATION_CONTEXT() REPRESENTATION_CONTEXT('2D SPACE',''
  ) );
#7723 = ORIENTED_EDGE('',*,*,#7724,.F.);
#7724 = EDGE_CURVE('',#7682,#7704,#7725,.T.);
#7725 = SURFACE_CURVE('',#7726,(#7730,#7737),.PCURVE_S1.);
#7726 = LINE('',#7727,#7728);
#7727 = CARTESIAN_POINT('',(63.113447236475,17.4,-200.));
#7728 = VECTOR('',#7729,1.);
#7729 = DIRECTION('',(0.,0.,1.));
#7730 = PCURVE('',#7666,#7731);
#7731 = DEFINITIONAL_REPRESENTATION('',(#7732),#7736);
#7732 = LINE('',#7733,#7734);
#7733 = CARTESIAN_POINT('',(0.280620128888,0.));
#7734 = VECTOR('',#7735,1.);
#7735 = DIRECTION('',(0.,-1.));
#7736 = ( GEOMETRIC_REPRESENTATION_CONTEXT(2) 
PARAMETRIC_REPRESENTATION_CONTEXT() REPRESENTATION_CONTEXT('2D SPACE',''
  ) );
#7737 = PCURVE('',#7738,#7743);
#7738 = PLANE('',#7739);
#7739 = AXIS2_PLACEMENT_3D('',#7740,#7741,#7742);
#7740 = CARTESIAN_POINT('',(63.113447236475,17.4,-200.));
#7741 = DIRECTION('',(-0.701982271261,-0.712194419267,0.));
#7742 = DIRECTION('',(-0.712194419267,0.701982271261,0.));
#7743 = DEFINITIONAL_REPRESENTATION('',(#7744),#7748);
#7744 = LINE('',#7745,#7746);
#7745 = CARTESIAN_POINT('',(0.,0.));
#7746 = VECTOR('',#7747,1.);
#7747 = DIRECTION('',(0.,-1.));
#7748 = ( GEOMETRIC_REPRESENTATION_CONTEXT(2) 
PARAMETRIC_REPRESENTATION_CONTEXT() REPRESENTATION_CONTEXT('2D SPACE',''
  ) );
#7749 = ADVANCED_FACE('',(#7750),#7738,.T.);
#7750 = FACE_BOUND('',#7751,.T.);
#7751 = EDGE_LOOP('',(#7752,#7773,#7774,#7795));
#7752 = ORIENTED_EDGE('',*,*,#7753,.T.);
#7753 = EDGE_CURVE('',#7754,#7682,#7756,.T.);
#7754 = VERTEX_POINT('',#7755);
#7755 = CARTESIAN_POINT('',(62.91053771912,17.6,-61.64));
#7756 = SURFACE_CURVE('',#7757,(#7761,#7767),.PCURVE_S1.);
#7757 = LINE('',#7758,#7759);
#7758 = CARTESIAN_POINT('',(80.018217660893,0.737626894235,-61.64));
#7759 = VECTOR('',#7760,1.);
#7760 = DIRECTION('',(0.712194419267,-0.701982271261,0.));
#7761 = PCURVE('',#7738,#7762);
#7762 = DEFINITIONAL_REPRESENTATION('',(#7763),#7766);
#7763 = B_SPLINE_CURVE_WITH_KNOTS('',1,(#7764,#7765),.UNSPECIFIED.,.F.,
  .F.,(2,2),(-24.02108115277,-23.73617367264),.PIECEWISE_BEZIER_KNOTS.);
#7764 = CARTESIAN_POINT('',(0.284907480129,-138.36));
#7765 = CARTESIAN_POINT('',(0.,-138.36));
#7766 = ( GEOMETRIC_REPRESENTATION_CONTEXT(2) 
PARAMETRIC_REPRESENTATION_CONTEXT() REPRESENTATION_CONTEXT('2D SPACE',''
  ) );
#7767 = PCURVE('',#126,#7768);
#7768 = DEFINITIONAL_REPRESENTATION('',(#7769),#7772);
#7769 = B_SPLINE_CURVE_WITH_KNOTS('',1,(#7770,#7771),.UNSPECIFIED.,.F.,
  .F.,(2,2),(-24.02108115277,-23.73617367264),.PIECEWISE_BEZIER_KNOTS.);
#7770 = CARTESIAN_POINT('',(-1.41146228088,66.6));
#7771 = CARTESIAN_POINT('',(-1.208552763525,66.4));
#7772 = ( GEOMETRIC_REPRESENTATION_CONTEXT(2) 
PARAMETRIC_REPRESENTATION_CONTEXT() REPRESENTATION_CONTEXT('2D SPACE',''
  ) );
#7773 = ORIENTED_EDGE('',*,*,#7724,.T.);
#7774 = ORIENTED_EDGE('',*,*,#7775,.F.);
#7775 = EDGE_CURVE('',#7776,#7704,#7778,.T.);
#7776 = VERTEX_POINT('',#7777);
#7777 = CARTESIAN_POINT('',(62.91053771912,17.6,57.94));
#7778 = SURFACE_CURVE('',#7779,(#7783,#7789),.PCURVE_S1.);
#7779 = LINE('',#7780,#7781);
#7780 = CARTESIAN_POINT('',(80.018217660893,0.737626894235,57.94));
#7781 = VECTOR('',#7782,1.);
#7782 = DIRECTION('',(0.712194419267,-0.701982271261,0.));
#7783 = PCURVE('',#7738,#7784);
#7784 = DEFINITIONAL_REPRESENTATION('',(#7785),#7788);
#7785 = B_SPLINE_CURVE_WITH_KNOTS('',1,(#7786,#7787),.UNSPECIFIED.,.F.,
  .F.,(2,2),(-24.02108115277,-23.73617367264),.PIECEWISE_BEZIER_KNOTS.);
#7786 = CARTESIAN_POINT('',(0.284907480129,-257.94));
#7787 = CARTESIAN_POINT('',(0.,-257.94));
#7788 = ( GEOMETRIC_REPRESENTATION_CONTEXT(2) 
PARAMETRIC_REPRESENTATION_CONTEXT() REPRESENTATION_CONTEXT('2D SPACE',''
  ) );
#7789 = PCURVE('',#70,#7790);
#7790 = DEFINITIONAL_REPRESENTATION('',(#7791),#7794);
#7791 = B_SPLINE_CURVE_WITH_KNOTS('',1,(#7792,#7793),.UNSPECIFIED.,.F.,
  .F.,(2,2),(-24.02108115277,-23.73617367264),.PIECEWISE_BEZIER_KNOTS.);
#7792 = CARTESIAN_POINT('',(-1.41146228088,66.6));
#7793 = CARTESIAN_POINT('',(-1.208552763525,66.4));
#7794 = ( GEOMETRIC_REPRESENTATION_CONTEXT(2) 
PARAMETRIC_REPRESENTATION_CONTEXT() REPRESENTATION_CONTEXT('2D SPACE',''
  ) );
#7795 = ORIENTED_EDGE('',*,*,#7796,.F.);
#7796 = EDGE_CURVE('',#7754,#7776,#7797,.T.);
#7797 = SURFACE_CURVE('',#7798,(#7802,#7809),.PCURVE_S1.);
#7798 = LINE('',#7799,#7800);
#7799 = CARTESIAN_POINT('',(62.91053771912,17.6,-200.));
#7800 = VECTOR('',#7801,1.);
#7801 = DIRECTION('',(0.,0.,1.));
#7802 = PCURVE('',#7738,#7803);
#7803 = DEFINITIONAL_REPRESENTATION('',(#7804),#7808);
#7804 = LINE('',#7805,#7806);
#7805 = CARTESIAN_POINT('',(0.284907480129,0.));
#7806 = VECTOR('',#7807,1.);
#7807 = DIRECTION('',(0.,-1.));
#7808 = ( GEOMETRIC_REPRESENTATION_CONTEXT(2) 
PARAMETRIC_REPRESENTATION_CONTEXT() REPRESENTATION_CONTEXT('2D SPACE',''
  ) );
#7809 = PCURVE('',#7810,#7815);
#7810 = PLANE('',#7811);
#7811 = AXIS2_PLACEMENT_3D('',#7812,#7813,#7814);
#7812 = CARTESIAN_POINT('',(62.91053771912,17.6,-200.));
#7813 = DIRECTION('',(-0.693641499583,-0.720320394031,0.));
#7814 = DIRECTION('',(-0.720320394031,0.693641499583,0.));
#7815 = DEFINITIONAL_REPRESENTATION('',(#7816),#7820);
#7816 = LINE('',#7817,#7818);
#7817 = CARTESIAN_POINT('',(0.,0.));
#7818 = VECTOR('',#7819,1.);
#7819 = DIRECTION('',(0.,-1.));
#7820 = ( GEOMETRIC_REPRESENTATION_CONTEXT(2) 
PARAMETRIC_REPRESENTATION_CONTEXT() REPRESENTATION_CONTEXT('2D SPACE',''
  ) );
#7821 = ADVANCED_FACE('',(#7822),#7810,.T.);
#7822 = FACE_BOUND('',#7823,.T.);
#7823 = EDGE_LOOP('',(#7824,#7845,#7846,#7867));
#7824 = ORIENTED_EDGE('',*,*,#7825,.T.);
#7825 = EDGE_CURVE('',#7826,#7754,#7828,.T.);
#7826 = VERTEX_POINT('',#7827);
#7827 = CARTESIAN_POINT('',(62.702845303235,17.8,-61.64));
#7828 = SURFACE_CURVE('',#7829,(#7833,#7839),.PCURVE_S1.);
#7829 = LINE('',#7830,#7831);
#7830 = CARTESIAN_POINT('',(79.914863555354,1.225472539477,-61.64));
#7831 = VECTOR('',#7832,1.);
#7832 = DIRECTION('',(0.720320394031,-0.693641499583,0.));
#7833 = PCURVE('',#7810,#7834);
#7834 = DEFINITIONAL_REPRESENTATION('',(#7835),#7838);
#7835 = B_SPLINE_CURVE_WITH_KNOTS('',1,(#7836,#7837),.UNSPECIFIED.,.F.,
  .F.,(2,2),(-23.89494785202,-23.60661446926),.PIECEWISE_BEZIER_KNOTS.);
#7836 = CARTESIAN_POINT('',(0.288333382764,-138.36));
#7837 = CARTESIAN_POINT('',(0.,-138.36));
#7838 = ( GEOMETRIC_REPRESENTATION_CONTEXT(2) 
PARAMETRIC_REPRESENTATION_CONTEXT() REPRESENTATION_CONTEXT('2D SPACE',''
  ) );
#7839 = PCURVE('',#126,#7840);
#7840 = DEFINITIONAL_REPRESENTATION('',(#7841),#7844);
#7841 = B_SPLINE_CURVE_WITH_KNOTS('',1,(#7842,#7843),.UNSPECIFIED.,.F.,
  .F.,(2,2),(-23.89494785202,-23.60661446926),.PIECEWISE_BEZIER_KNOTS.);
#7842 = CARTESIAN_POINT('',(-1.619154696765,66.8));
#7843 = CARTESIAN_POINT('',(-1.41146228088,66.6));
#7844 = ( GEOMETRIC_REPRESENTATION_CONTEXT(2) 
PARAMETRIC_REPRESENTATION_CONTEXT() REPRESENTATION_CONTEXT('2D SPACE',''
  ) );
#7845 = ORIENTED_EDGE('',*,*,#7796,.T.);
#7846 = ORIENTED_EDGE('',*,*,#7847,.F.);
#7847 = EDGE_CURVE('',#7848,#7776,#7850,.T.);
#7848 = VERTEX_POINT('',#7849);
#7849 = CARTESIAN_POINT('',(62.702845303235,17.8,57.94));
#7850 = SURFACE_CURVE('',#7851,(#7855,#7861),.PCURVE_S1.);
#7851 = LINE('',#7852,#7853);
#7852 = CARTESIAN_POINT('',(79.914863555354,1.225472539477,57.94));
#7853 = VECTOR('',#7854,1.);
#7854 = DIRECTION('',(0.720320394031,-0.693641499583,0.));
#7855 = PCURVE('',#7810,#7856);
#7856 = DEFINITIONAL_REPRESENTATION('',(#7857),#7860);
#7857 = B_SPLINE_CURVE_WITH_KNOTS('',1,(#7858,#7859),.UNSPECIFIED.,.F.,
  .F.,(2,2),(-23.89494785202,-23.60661446926),.PIECEWISE_BEZIER_KNOTS.);
#7858 = CARTESIAN_POINT('',(0.288333382764,-257.94));
#7859 = CARTESIAN_POINT('',(0.,-257.94));
#7860 = ( GEOMETRIC_REPRESENTATION_CONTEXT(2) 
PARAMETRIC_REPRESENTATION_CONTEXT() REPRESENTATION_CONTEXT('2D SPACE',''
  ) );
#7861 = PCURVE('',#70,#7862);
#7862 = DEFINITIONAL_REPRESENTATION('',(#7863),#7866);
#7863 = B_SPLINE_CURVE_WITH_KNOTS('',1,(#7864,#7865),.UNSPECIFIED.,.F.,
  .F.,(2,2),(-23.89494785202,-23.60661446926),.PIECEWISE_BEZIER_KNOTS.);
#7864 = CARTESIAN_POINT('',(-1.619154696765,66.8));
#7865 = CARTESIAN_POINT('',(-1.41146228088,66.6));
#7866 = ( GEOMETRIC_REPRESENTATION_CONTEXT(2) 
PARAMETRIC_REPRESENTATION_CONTEXT() REPRESENTATION_CONTEXT('2D SPACE',''
  ) );
#7867 = ORIENTED_EDGE('',*,*,#7868,.F.);
#7868 = EDGE_CURVE('',#7826,#7848,#7869,.T.);
#7869 = SURFACE_CURVE('',#7870,(#7874,#7881),.PCURVE_S1.);
#7870 = LINE('',#7871,#7872);
#7871 = CARTESIAN_POINT('',(62.702845303235,17.8,-200.));
#7872 = VECTOR('',#7873,1.);
#7873 = DIRECTION('',(0.,0.,1.));
#7874 = PCURVE('',#7810,#7875);
#7875 = DEFINITIONAL_REPRESENTATION('',(#7876),#7880);
#7876 = LINE('',#7877,#7878);
#7877 = CARTESIAN_POINT('',(0.288333382764,0.));
#7878 = VECTOR('',#7879,1.);
#7879 = DIRECTION('',(0.,-1.));
#7880 = ( GEOMETRIC_REPRESENTATION_CONTEXT(2) 
PARAMETRIC_REPRESENTATION_CONTEXT() REPRESENTATION_CONTEXT('2D SPACE',''
  ) );
#7881 = PCURVE('',#7882,#7887);
#7882 = PLANE('',#7883);
#7883 = AXIS2_PLACEMENT_3D('',#7884,#7885,#7886);
#7884 = CARTESIAN_POINT('',(62.702845303235,17.8,-200.));
#7885 = DIRECTION('',(-0.686905939615,-0.726746331344,0.));
#7886 = DIRECTION('',(-0.726746331344,0.686905939615,0.));
#7887 = DEFINITIONAL_REPRESENTATION('',(#7888),#7892);
#7888 = LINE('',#7889,#7890);
#7889 = CARTESIAN_POINT('',(0.,0.));
#7890 = VECTOR('',#7891,1.);
#7891 = DIRECTION('',(0.,-1.));
#7892 = ( GEOMETRIC_REPRESENTATION_CONTEXT(2) 
PARAMETRIC_REPRESENTATION_CONTEXT() REPRESENTATION_CONTEXT('2D SPACE',''
  ) );
#7893 = ADVANCED_FACE('',(#7894),#7882,.T.);
#7894 = FACE_BOUND('',#7895,.T.);
#7895 = EDGE_LOOP('',(#7896,#7917,#7918,#7939));
#7896 = ORIENTED_EDGE('',*,*,#7897,.T.);
#7897 = EDGE_CURVE('',#7898,#7826,#7900,.T.);
#7898 = VERTEX_POINT('',#7899);
#7899 = CARTESIAN_POINT('',(62.491245347715,18.,-61.64));
#7900 = SURFACE_CURVE('',#7901,(#7905,#7911),.PCURVE_S1.);
#7901 = LINE('',#7902,#7903);
#7902 = CARTESIAN_POINT('',(79.803924673079,1.636405515461,-61.64));
#7903 = VECTOR('',#7904,1.);
#7904 = DIRECTION('',(0.726746331344,-0.686905939615,0.));
#7905 = PCURVE('',#7882,#7906);
#7906 = DEFINITIONAL_REPRESENTATION('',(#7907),#7910);
#7907 = B_SPLINE_CURVE_WITH_KNOTS('',1,(#7908,#7909),.UNSPECIFIED.,.F.,
  .F.,(2,2),(-23.82217643032,-23.53101575101),.PIECEWISE_BEZIER_KNOTS.);
#7908 = CARTESIAN_POINT('',(0.29116067931,-138.36));
#7909 = CARTESIAN_POINT('',(0.,-138.36));
#7910 = ( GEOMETRIC_REPRESENTATION_CONTEXT(2) 
PARAMETRIC_REPRESENTATION_CONTEXT() REPRESENTATION_CONTEXT('2D SPACE',''
  ) );
#7911 = PCURVE('',#126,#7912);
#7912 = DEFINITIONAL_REPRESENTATION('',(#7913),#7916);
#7913 = B_SPLINE_CURVE_WITH_KNOTS('',1,(#7914,#7915),.UNSPECIFIED.,.F.,
  .F.,(2,2),(-23.82217643032,-23.53101575101),.PIECEWISE_BEZIER_KNOTS.);
#7914 = CARTESIAN_POINT('',(-1.830754652285,67.));
#7915 = CARTESIAN_POINT('',(-1.619154696765,66.8));
#7916 = ( GEOMETRIC_REPRESENTATION_CONTEXT(2) 
PARAMETRIC_REPRESENTATION_CONTEXT() REPRESENTATION_CONTEXT('2D SPACE',''
  ) );
#7917 = ORIENTED_EDGE('',*,*,#7868,.T.);
#7918 = ORIENTED_EDGE('',*,*,#7919,.F.);
#7919 = EDGE_CURVE('',#7920,#7848,#7922,.T.);
#7920 = VERTEX_POINT('',#7921);
#7921 = CARTESIAN_POINT('',(62.491245347715,18.,57.94));
#7922 = SURFACE_CURVE('',#7923,(#7927,#7933),.PCURVE_S1.);
#7923 = LINE('',#7924,#7925);
#7924 = CARTESIAN_POINT('',(79.803924673079,1.636405515461,57.94));
#7925 = VECTOR('',#7926,1.);
#7926 = DIRECTION('',(0.726746331344,-0.686905939615,0.));
#7927 = PCURVE('',#7882,#7928);
#7928 = DEFINITIONAL_REPRESENTATION('',(#7929),#7932);
#7929 = B_SPLINE_CURVE_WITH_KNOTS('',1,(#7930,#7931),.UNSPECIFIED.,.F.,
  .F.,(2,2),(-23.82217643032,-23.53101575101),.PIECEWISE_BEZIER_KNOTS.);
#7930 = CARTESIAN_POINT('',(0.29116067931,-257.94));
#7931 = CARTESIAN_POINT('',(0.,-257.94));
#7932 = ( GEOMETRIC_REPRESENTATION_CONTEXT(2) 
PARAMETRIC_REPRESENTATION_CONTEXT() REPRESENTATION_CONTEXT('2D SPACE',''
  ) );
#7933 = PCURVE('',#70,#7934);
#7934 = DEFINITIONAL_REPRESENTATION('',(#7935),#7938);
#7935 = B_SPLINE_CURVE_WITH_KNOTS('',1,(#7936,#7937),.UNSPECIFIED.,.F.,
  .F.,(2,2),(-23.82217643032,-23.53101575101),.PIECEWISE_BEZIER_KNOTS.);
#7936 = CARTESIAN_POINT('',(-1.830754652285,67.));
#7937 = CARTESIAN_POINT('',(-1.619154696765,66.8));
#7938 = ( GEOMETRIC_REPRESENTATION_CONTEXT(2) 
PARAMETRIC_REPRESENTATION_CONTEXT() REPRESENTATION_CONTEXT('2D SPACE',''
  ) );
#7939 = ORIENTED_EDGE('',*,*,#7940,.F.);
#7940 = EDGE_CURVE('',#7898,#7920,#7941,.T.);
#7941 = SURFACE_CURVE('',#7942,(#7946,#7953),.PCURVE_S1.);
#7942 = LINE('',#7943,#7944);
#7943 = CARTESIAN_POINT('',(62.491245347715,18.,-200.));
#7944 = VECTOR('',#7945,1.);
#7945 = DIRECTION('',(0.,0.,1.));
#7946 = PCURVE('',#7882,#7947);
#7947 = DEFINITIONAL_REPRESENTATION('',(#7948),#7952);
#7948 = LINE('',#7949,#7950);
#7949 = CARTESIAN_POINT('',(0.29116067931,0.));
#7950 = VECTOR('',#7951,1.);
#7951 = DIRECTION('',(0.,-1.));
#7952 = ( GEOMETRIC_REPRESENTATION_CONTEXT(2) 
PARAMETRIC_REPRESENTATION_CONTEXT() REPRESENTATION_CONTEXT('2D SPACE',''
  ) );
#7953 = PCURVE('',#7954,#7959);
#7954 = PLANE('',#7955);
#7955 = AXIS2_PLACEMENT_3D('',#7956,#7957,#7958);
#7956 = CARTESIAN_POINT('',(62.491245347715,18.,-200.));
#7957 = DIRECTION('',(-0.681264776305,-0.732037092343,0.));
#7958 = DIRECTION('',(-0.732037092343,0.681264776305,0.));
#7959 = DEFINITIONAL_REPRESENTATION('',(#7960),#7964);
#7960 = LINE('',#7961,#7962);
#7961 = CARTESIAN_POINT('',(0.,0.));
#7962 = VECTOR('',#7963,1.);
#7963 = DIRECTION('',(0.,-1.));
#7964 = ( GEOMETRIC_REPRESENTATION_CONTEXT(2) 
PARAMETRIC_REPRESENTATION_CONTEXT() REPRESENTATION_CONTEXT('2D SPACE',''
  ) );
#7965 = ADVANCED_FACE('',(#7966),#7954,.T.);
#7966 = FACE_BOUND('',#7967,.T.);
#7967 = EDGE_LOOP('',(#7968,#7989,#7990,#8011));
#7968 = ORIENTED_EDGE('',*,*,#7969,.T.);
#7969 = EDGE_CURVE('',#7970,#7898,#7972,.T.);
#7970 = VERTEX_POINT('',#7971);
#7971 = CARTESIAN_POINT('',(62.276340036945,18.2,-61.64));
#7972 = SURFACE_CURVE('',#7973,(#7977,#7983),.PCURVE_S1.);
#7973 = LINE('',#7974,#7975);
#7974 = CARTESIAN_POINT('',(79.688597577016,1.995414382586,-61.64));
#7975 = VECTOR('',#7976,1.);
#7976 = DIRECTION('',(0.732037092343,-0.681264776305,0.));
#7977 = PCURVE('',#7954,#7978);
#7978 = DEFINITIONAL_REPRESENTATION('',(#7979),#7982);
#7979 = B_SPLINE_CURVE_WITH_KNOTS('',1,(#7980,#7981),.UNSPECIFIED.,.F.,
  .F.,(2,2),(-23.78603177652,-23.49246016243),.PIECEWISE_BEZIER_KNOTS.);
#7980 = CARTESIAN_POINT('',(0.293571614086,-138.36));
#7981 = CARTESIAN_POINT('',(0.,-138.36));
#7982 = ( GEOMETRIC_REPRESENTATION_CONTEXT(2) 
PARAMETRIC_REPRESENTATION_CONTEXT() REPRESENTATION_CONTEXT('2D SPACE',''
  ) );
#7983 = PCURVE('',#126,#7984);
#7984 = DEFINITIONAL_REPRESENTATION('',(#7985),#7988);
#7985 = B_SPLINE_CURVE_WITH_KNOTS('',1,(#7986,#7987),.UNSPECIFIED.,.F.,
  .F.,(2,2),(-23.78603177652,-23.49246016243),.PIECEWISE_BEZIER_KNOTS.);
#7986 = CARTESIAN_POINT('',(-2.045659963055,67.2));
#7987 = CARTESIAN_POINT('',(-1.830754652285,67.));
#7988 = ( GEOMETRIC_REPRESENTATION_CONTEXT(2) 
PARAMETRIC_REPRESENTATION_CONTEXT() REPRESENTATION_CONTEXT('2D SPACE',''
  ) );
#7989 = ORIENTED_EDGE('',*,*,#7940,.T.);
#7990 = ORIENTED_EDGE('',*,*,#7991,.F.);
#7991 = EDGE_CURVE('',#7992,#7920,#7994,.T.);
#7992 = VERTEX_POINT('',#7993);
#7993 = CARTESIAN_POINT('',(62.276340036945,18.2,57.94));
#7994 = SURFACE_CURVE('',#7995,(#7999,#8005),.PCURVE_S1.);
#7995 = LINE('',#7996,#7997);
#7996 = CARTESIAN_POINT('',(79.688597577016,1.995414382586,57.94));
#7997 = VECTOR('',#7998,1.);
#7998 = DIRECTION('',(0.732037092343,-0.681264776305,0.));
#7999 = PCURVE('',#7954,#8000);
#8000 = DEFINITIONAL_REPRESENTATION('',(#8001),#8004);
#8001 = B_SPLINE_CURVE_WITH_KNOTS('',1,(#8002,#8003),.UNSPECIFIED.,.F.,
  .F.,(2,2),(-23.78603177652,-23.49246016243),.PIECEWISE_BEZIER_KNOTS.);
#8002 = CARTESIAN_POINT('',(0.293571614086,-257.94));
#8003 = CARTESIAN_POINT('',(0.,-257.94));
#8004 = ( GEOMETRIC_REPRESENTATION_CONTEXT(2) 
PARAMETRIC_REPRESENTATION_CONTEXT() REPRESENTATION_CONTEXT('2D SPACE',''
  ) );
#8005 = PCURVE('',#70,#8006);
#8006 = DEFINITIONAL_REPRESENTATION('',(#8007),#8010);
#8007 = B_SPLINE_CURVE_WITH_KNOTS('',1,(#8008,#8009),.UNSPECIFIED.,.F.,
  .F.,(2,2),(-23.78603177652,-23.49246016243),.PIECEWISE_BEZIER_KNOTS.);
#8008 = CARTESIAN_POINT('',(-2.045659963055,67.2));
#8009 = CARTESIAN_POINT('',(-1.830754652285,67.));
#8010 = ( GEOMETRIC_REPRESENTATION_CONTEXT(2) 
PARAMETRIC_REPRESENTATION_CONTEXT() REPRESENTATION_CONTEXT('2D SPACE',''
  ) );
#8011 = ORIENTED_EDGE('',*,*,#8012,.F.);
#8012 = EDGE_CURVE('',#7970,#7992,#8013,.T.);
#8013 = SURFACE_CURVE('',#8014,(#8018,#8025),.PCURVE_S1.);
#8014 = LINE('',#8015,#8016);
#8015 = CARTESIAN_POINT('',(62.276340036945,18.2,-200.));
#8016 = VECTOR('',#8017,1.);
#8017 = DIRECTION('',(0.,0.,1.));
#8018 = PCURVE('',#7954,#8019);
#8019 = DEFINITIONAL_REPRESENTATION('',(#8020),#8024);
#8020 = LINE('',#8021,#8022);
#8021 = CARTESIAN_POINT('',(0.293571614086,0.));
#8022 = VECTOR('',#8023,1.);
#8023 = DIRECTION('',(0.,-1.));
#8024 = ( GEOMETRIC_REPRESENTATION_CONTEXT(2) 
PARAMETRIC_REPRESENTATION_CONTEXT() REPRESENTATION_CONTEXT('2D SPACE',''
  ) );
#8025 = PCURVE('',#8026,#8031);
#8026 = PLANE('',#8027);
#8027 = AXIS2_PLACEMENT_3D('',#8028,#8029,#8030);
#8028 = CARTESIAN_POINT('',(62.276340036945,18.2,-200.));
#8029 = DIRECTION('',(-0.676371871924,-0.736560310409,0.));
#8030 = DIRECTION('',(-0.736560310409,0.676371871924,0.));
#8031 = DEFINITIONAL_REPRESENTATION('',(#8032),#8036);
#8032 = LINE('',#8033,#8034);
#8033 = CARTESIAN_POINT('',(0.,0.));
#8034 = VECTOR('',#8035,1.);
#8035 = DIRECTION('',(0.,-1.));
#8036 = ( GEOMETRIC_REPRESENTATION_CONTEXT(2) 
PARAMETRIC_REPRESENTATION_CONTEXT() REPRESENTATION_CONTEXT('2D SPACE',''
  ) );
#8037 = ADVANCED_FACE('',(#8038),#8026,.T.);
#8038 = FACE_BOUND('',#8039,.T.);
#8039 = EDGE_LOOP('',(#8040,#8061,#8062,#8083));
#8040 = ORIENTED_EDGE('',*,*,#8041,.T.);
#8041 = EDGE_CURVE('',#8042,#7970,#8044,.T.);
#8042 = VERTEX_POINT('',#8043);
#8043 = CARTESIAN_POINT('',(62.05854259711,18.4,-61.64));
#8044 = SURFACE_CURVE('',#8045,(#8049,#8055),.PCURVE_S1.);
#8045 = LINE('',#8046,#8047);
#8046 = CARTESIAN_POINT('',(79.57038638576,2.319146339014,-61.64));
#8047 = VECTOR('',#8048,1.);
#8048 = DIRECTION('',(0.736560310409,-0.676371871924,0.));
#8049 = PCURVE('',#8026,#8050);
#8050 = DEFINITIONAL_REPRESENTATION('',(#8051),#8054);
#8051 = B_SPLINE_CURVE_WITH_KNOTS('',1,(#8052,#8053),.UNSPECIFIED.,.F.,
  .F.,(2,2),(-23.77516618962,-23.47947086534),.PIECEWISE_BEZIER_KNOTS.);
#8052 = CARTESIAN_POINT('',(0.295695324276,-138.36));
#8053 = CARTESIAN_POINT('',(0.,-138.36));
#8054 = ( GEOMETRIC_REPRESENTATION_CONTEXT(2) 
PARAMETRIC_REPRESENTATION_CONTEXT() REPRESENTATION_CONTEXT('2D SPACE',''
  ) );
#8055 = PCURVE('',#126,#8056);
#8056 = DEFINITIONAL_REPRESENTATION('',(#8057),#8060);
#8057 = B_SPLINE_CURVE_WITH_KNOTS('',1,(#8058,#8059),.UNSPECIFIED.,.F.,
  .F.,(2,2),(-23.77516618962,-23.47947086534),.PIECEWISE_BEZIER_KNOTS.);
#8058 = CARTESIAN_POINT('',(-2.26345740289,67.4));
#8059 = CARTESIAN_POINT('',(-2.045659963055,67.2));
#8060 = ( GEOMETRIC_REPRESENTATION_CONTEXT(2) 
PARAMETRIC_REPRESENTATION_CONTEXT() REPRESENTATION_CONTEXT('2D SPACE',''
  ) );
#8061 = ORIENTED_EDGE('',*,*,#8012,.T.);
#8062 = ORIENTED_EDGE('',*,*,#8063,.F.);
#8063 = EDGE_CURVE('',#8064,#7992,#8066,.T.);
#8064 = VERTEX_POINT('',#8065);
#8065 = CARTESIAN_POINT('',(62.05854259711,18.4,57.94));
#8066 = SURFACE_CURVE('',#8067,(#8071,#8077),.PCURVE_S1.);
#8067 = LINE('',#8068,#8069);
#8068 = CARTESIAN_POINT('',(79.57038638576,2.319146339014,57.94));
#8069 = VECTOR('',#8070,1.);
#8070 = DIRECTION('',(0.736560310409,-0.676371871924,0.));
#8071 = PCURVE('',#8026,#8072);
#8072 = DEFINITIONAL_REPRESENTATION('',(#8073),#8076);
#8073 = B_SPLINE_CURVE_WITH_KNOTS('',1,(#8074,#8075),.UNSPECIFIED.,.F.,
  .F.,(2,2),(-23.77516618962,-23.47947086534),.PIECEWISE_BEZIER_KNOTS.);
#8074 = CARTESIAN_POINT('',(0.295695324276,-257.94));
#8075 = CARTESIAN_POINT('',(0.,-257.94));
#8076 = ( GEOMETRIC_REPRESENTATION_CONTEXT(2) 
PARAMETRIC_REPRESENTATION_CONTEXT() REPRESENTATION_CONTEXT('2D SPACE',''
  ) );
#8077 = PCURVE('',#70,#8078);
#8078 = DEFINITIONAL_REPRESENTATION('',(#8079),#8082);
#8079 = B_SPLINE_CURVE_WITH_KNOTS('',1,(#8080,#8081),.UNSPECIFIED.,.F.,
  .F.,(2,2),(-23.77516618962,-23.47947086534),.PIECEWISE_BEZIER_KNOTS.);
#8080 = CARTESIAN_POINT('',(-2.26345740289,67.4));
#8081 = CARTESIAN_POINT('',(-2.045659963055,67.2));
#8082 = ( GEOMETRIC_REPRESENTATION_CONTEXT(2) 
PARAMETRIC_REPRESENTATION_CONTEXT() REPRESENTATION_CONTEXT('2D SPACE',''
  ) );
#8083 = ORIENTED_EDGE('',*,*,#8084,.F.);
#8084 = EDGE_CURVE('',#8042,#8064,#8085,.T.);
#8085 = SURFACE_CURVE('',#8086,(#8090,#8097),.PCURVE_S1.);
#8086 = LINE('',#8087,#8088);
#8087 = CARTESIAN_POINT('',(62.05854259711,18.4,-200.));
#8088 = VECTOR('',#8089,1.);
#8089 = DIRECTION('',(0.,0.,1.));
#8090 = PCURVE('',#8026,#8091);
#8091 = DEFINITIONAL_REPRESENTATION('',(#8092),#8096);
#8092 = LINE('',#8093,#8094);
#8093 = CARTESIAN_POINT('',(0.295695324276,0.));
#8094 = VECTOR('',#8095,1.);
#8095 = DIRECTION('',(0.,-1.));
#8096 = ( GEOMETRIC_REPRESENTATION_CONTEXT(2) 
PARAMETRIC_REPRESENTATION_CONTEXT() REPRESENTATION_CONTEXT('2D SPACE',''
  ) );
#8097 = PCURVE('',#8098,#8103);
#8098 = PLANE('',#8099);
#8099 = AXIS2_PLACEMENT_3D('',#8100,#8101,#8102);
#8100 = CARTESIAN_POINT('',(62.05854259711,18.4,-200.));
#8101 = DIRECTION('',(-0.671990524458,-0.740559744409,0.));
#8102 = DIRECTION('',(-0.740559744409,0.671990524458,0.));
#8103 = DEFINITIONAL_REPRESENTATION('',(#8104),#8108);
#8104 = LINE('',#8105,#8106);
#8105 = CARTESIAN_POINT('',(0.,0.));
#8106 = VECTOR('',#8107,1.);
#8107 = DIRECTION('',(0.,-1.));
#8108 = ( GEOMETRIC_REPRESENTATION_CONTEXT(2) 
PARAMETRIC_REPRESENTATION_CONTEXT() REPRESENTATION_CONTEXT('2D SPACE',''
  ) );
#8109 = ADVANCED_FACE('',(#8110),#8098,.T.);
#8110 = FACE_BOUND('',#8111,.T.);
#8111 = EDGE_LOOP('',(#8112,#8133,#8134,#8155));
#8112 = ORIENTED_EDGE('',*,*,#8113,.T.);
#8113 = EDGE_CURVE('',#8114,#8042,#8116,.T.);
#8114 = VERTEX_POINT('',#8115);
#8115 = CARTESIAN_POINT('',(61.838134803411,18.6,-61.64));
#8116 = SURFACE_CURVE('',#8117,(#8121,#8127),.PCURVE_S1.);
#8117 = LINE('',#8118,#8119);
#8118 = CARTESIAN_POINT('',(79.449990853219,2.618844565968,-61.64));
#8119 = VECTOR('',#8120,1.);
#8120 = DIRECTION('',(0.740559744409,-0.671990524458,0.));
#8121 = PCURVE('',#8098,#8122);
#8122 = DEFINITIONAL_REPRESENTATION('',(#8123),#8126);
#8123 = B_SPLINE_CURVE_WITH_KNOTS('',1,(#8124,#8125),.UNSPECIFIED.,.F.,
  .F.,(2,2),(-23.78181663636,-23.48419339211),.PIECEWISE_BEZIER_KNOTS.);
#8124 = CARTESIAN_POINT('',(0.297623244258,-138.36));
#8125 = CARTESIAN_POINT('',(0.,-138.36));
#8126 = ( GEOMETRIC_REPRESENTATION_CONTEXT(2) 
PARAMETRIC_REPRESENTATION_CONTEXT() REPRESENTATION_CONTEXT('2D SPACE',''
  ) );
#8127 = PCURVE('',#126,#8128);
#8128 = DEFINITIONAL_REPRESENTATION('',(#8129),#8132);
#8129 = B_SPLINE_CURVE_WITH_KNOTS('',1,(#8130,#8131),.UNSPECIFIED.,.F.,
  .F.,(2,2),(-23.78181663636,-23.48419339211),.PIECEWISE_BEZIER_KNOTS.);
#8130 = CARTESIAN_POINT('',(-2.483865196589,67.6));
#8131 = CARTESIAN_POINT('',(-2.26345740289,67.4));
#8132 = ( GEOMETRIC_REPRESENTATION_CONTEXT(2) 
PARAMETRIC_REPRESENTATION_CONTEXT() REPRESENTATION_CONTEXT('2D SPACE',''
  ) );
#8133 = ORIENTED_EDGE('',*,*,#8084,.T.);
#8134 = ORIENTED_EDGE('',*,*,#8135,.F.);
#8135 = EDGE_CURVE('',#8136,#8064,#8138,.T.);
#8136 = VERTEX_POINT('',#8137);
#8137 = CARTESIAN_POINT('',(61.838134803411,18.6,57.94));
#8138 = SURFACE_CURVE('',#8139,(#8143,#8149),.PCURVE_S1.);
#8139 = LINE('',#8140,#8141);
#8140 = CARTESIAN_POINT('',(79.449990853219,2.618844565968,57.94));
#8141 = VECTOR('',#8142,1.);
#8142 = DIRECTION('',(0.740559744409,-0.671990524458,0.));
#8143 = PCURVE('',#8098,#8144);
#8144 = DEFINITIONAL_REPRESENTATION('',(#8145),#8148);
#8145 = B_SPLINE_CURVE_WITH_KNOTS('',1,(#8146,#8147),.UNSPECIFIED.,.F.,
  .F.,(2,2),(-23.78181663636,-23.48419339211),.PIECEWISE_BEZIER_KNOTS.);
#8146 = CARTESIAN_POINT('',(0.297623244258,-257.94));
#8147 = CARTESIAN_POINT('',(0.,-257.94));
#8148 = ( GEOMETRIC_REPRESENTATION_CONTEXT(2) 
PARAMETRIC_REPRESENTATION_CONTEXT() REPRESENTATION_CONTEXT('2D SPACE',''
  ) );
#8149 = PCURVE('',#70,#8150);
#8150 = DEFINITIONAL_REPRESENTATION('',(#8151),#8154);
#8151 = B_SPLINE_CURVE_WITH_KNOTS('',1,(#8152,#8153),.UNSPECIFIED.,.F.,
  .F.,(2,2),(-23.78181663636,-23.48419339211),.PIECEWISE_BEZIER_KNOTS.);
#8152 = CARTESIAN_POINT('',(-2.483865196589,67.6));
#8153 = CARTESIAN_POINT('',(-2.26345740289,67.4));
#8154 = ( GEOMETRIC_REPRESENTATION_CONTEXT(2) 
PARAMETRIC_REPRESENTATION_CONTEXT() REPRESENTATION_CONTEXT('2D SPACE',''
  ) );
#8155 = ORIENTED_EDGE('',*,*,#8156,.F.);
#8156 = EDGE_CURVE('',#8114,#8136,#8157,.T.);
#8157 = SURFACE_CURVE('',#8158,(#8162,#8169),.PCURVE_S1.);
#8158 = LINE('',#8159,#8160);
#8159 = CARTESIAN_POINT('',(61.838134803411,18.6,-200.));
#8160 = VECTOR('',#8161,1.);
#8161 = DIRECTION('',(0.,0.,1.));
#8162 = PCURVE('',#8098,#8163);
#8163 = DEFINITIONAL_REPRESENTATION('',(#8164),#8168);
#8164 = LINE('',#8165,#8166);
#8165 = CARTESIAN_POINT('',(0.297623244258,0.));
#8166 = VECTOR('',#8167,1.);
#8167 = DIRECTION('',(0.,-1.));
#8168 = ( GEOMETRIC_REPRESENTATION_CONTEXT(2) 
PARAMETRIC_REPRESENTATION_CONTEXT() REPRESENTATION_CONTEXT('2D SPACE',''
  ) );
#8169 = PCURVE('',#8170,#8175);
#8170 = PLANE('',#8171);
#8171 = AXIS2_PLACEMENT_3D('',#8172,#8173,#8174);
#8172 = CARTESIAN_POINT('',(61.838134803411,18.6,-200.));
#8173 = DIRECTION('',(-0.667950584615,-0.744205627843,0.));
#8174 = DIRECTION('',(-0.744205627843,0.667950584615,0.));
#8175 = DEFINITIONAL_REPRESENTATION('',(#8176),#8180);
#8176 = LINE('',#8177,#8178);
#8177 = CARTESIAN_POINT('',(0.,0.));
#8178 = VECTOR('',#8179,1.);
#8179 = DIRECTION('',(0.,-1.));
#8180 = ( GEOMETRIC_REPRESENTATION_CONTEXT(2) 
PARAMETRIC_REPRESENTATION_CONTEXT() REPRESENTATION_CONTEXT('2D SPACE',''
  ) );
#8181 = ADVANCED_FACE('',(#8182),#8170,.T.);
#8182 = FACE_BOUND('',#8183,.T.);
#8183 = EDGE_LOOP('',(#8184,#8205,#8206,#8227));
#8184 = ORIENTED_EDGE('',*,*,#8185,.T.);
#8185 = EDGE_CURVE('',#8186,#8114,#8188,.T.);
#8186 = VERTEX_POINT('',#8187);
#8187 = CARTESIAN_POINT('',(61.615302263106,18.8,-61.64));
#8188 = SURFACE_CURVE('',#8189,(#8193,#8199),.PCURVE_S1.);
#8189 = LINE('',#8190,#8191);
#8190 = CARTESIAN_POINT('',(79.327698603685,2.902504673444,-61.64));
#8191 = VECTOR('',#8192,1.);
#8192 = DIRECTION('',(0.744205627843,-0.667950584615,0.));
#8193 = PCURVE('',#8170,#8194);
#8194 = DEFINITIONAL_REPRESENTATION('',(#8195),#8198);
#8195 = B_SPLINE_CURVE_WITH_KNOTS('',1,(#8196,#8197),.UNSPECIFIED.,.F.,
  .F.,(2,2),(-23.80040633652,-23.50098298903),.PIECEWISE_BEZIER_KNOTS.);
#8196 = CARTESIAN_POINT('',(0.299423347485,-138.36));
#8197 = CARTESIAN_POINT('',(0.,-138.36));
#8198 = ( GEOMETRIC_REPRESENTATION_CONTEXT(2) 
PARAMETRIC_REPRESENTATION_CONTEXT() REPRESENTATION_CONTEXT('2D SPACE',''
  ) );
#8199 = PCURVE('',#126,#8200);
#8200 = DEFINITIONAL_REPRESENTATION('',(#8201),#8204);
#8201 = B_SPLINE_CURVE_WITH_KNOTS('',1,(#8202,#8203),.UNSPECIFIED.,.F.,
  .F.,(2,2),(-23.80040633652,-23.50098298903),.PIECEWISE_BEZIER_KNOTS.);
#8202 = CARTESIAN_POINT('',(-2.706697736894,67.8));
#8203 = CARTESIAN_POINT('',(-2.483865196589,67.6));
#8204 = ( GEOMETRIC_REPRESENTATION_CONTEXT(2) 
PARAMETRIC_REPRESENTATION_CONTEXT() REPRESENTATION_CONTEXT('2D SPACE',''
  ) );
#8205 = ORIENTED_EDGE('',*,*,#8156,.T.);
#8206 = ORIENTED_EDGE('',*,*,#8207,.F.);
#8207 = EDGE_CURVE('',#8208,#8136,#8210,.T.);
#8208 = VERTEX_POINT('',#8209);
#8209 = CARTESIAN_POINT('',(61.615302263106,18.8,57.94));
#8210 = SURFACE_CURVE('',#8211,(#8215,#8221),.PCURVE_S1.);
#8211 = LINE('',#8212,#8213);
#8212 = CARTESIAN_POINT('',(79.327698603685,2.902504673444,57.94));
#8213 = VECTOR('',#8214,1.);
#8214 = DIRECTION('',(0.744205627843,-0.667950584615,0.));
#8215 = PCURVE('',#8170,#8216);
#8216 = DEFINITIONAL_REPRESENTATION('',(#8217),#8220);
#8217 = B_SPLINE_CURVE_WITH_KNOTS('',1,(#8218,#8219),.UNSPECIFIED.,.F.,
  .F.,(2,2),(-23.80040633652,-23.50098298903),.PIECEWISE_BEZIER_KNOTS.);
#8218 = CARTESIAN_POINT('',(0.299423347485,-257.94));
#8219 = CARTESIAN_POINT('',(0.,-257.94));
#8220 = ( GEOMETRIC_REPRESENTATION_CONTEXT(2) 
PARAMETRIC_REPRESENTATION_CONTEXT() REPRESENTATION_CONTEXT('2D SPACE',''
  ) );
#8221 = PCURVE('',#70,#8222);
#8222 = DEFINITIONAL_REPRESENTATION('',(#8223),#8226);
#8223 = B_SPLINE_CURVE_WITH_KNOTS('',1,(#8224,#8225),.UNSPECIFIED.,.F.,
  .F.,(2,2),(-23.80040633652,-23.50098298903),.PIECEWISE_BEZIER_KNOTS.);
#8224 = CARTESIAN_POINT('',(-2.706697736894,67.8));
#8225 = CARTESIAN_POINT('',(-2.483865196589,67.6));
#8226 = ( GEOMETRIC_REPRESENTATION_CONTEXT(2) 
PARAMETRIC_REPRESENTATION_CONTEXT() REPRESENTATION_CONTEXT('2D SPACE',''
  ) );
#8227 = ORIENTED_EDGE('',*,*,#8228,.F.);
#8228 = EDGE_CURVE('',#8186,#8208,#8229,.T.);
#8229 = SURFACE_CURVE('',#8230,(#8234,#8241),.PCURVE_S1.);
#8230 = LINE('',#8231,#8232);
#8231 = CARTESIAN_POINT('',(61.615302263106,18.8,-200.));
#8232 = VECTOR('',#8233,1.);
#8233 = DIRECTION('',(0.,0.,1.));
#8234 = PCURVE('',#8170,#8235);
#8235 = DEFINITIONAL_REPRESENTATION('',(#8236),#8240);
#8236 = LINE('',#8237,#8238);
#8237 = CARTESIAN_POINT('',(0.299423347485,0.));
#8238 = VECTOR('',#8239,1.);
#8239 = DIRECTION('',(0.,-1.));
#8240 = ( GEOMETRIC_REPRESENTATION_CONTEXT(2) 
PARAMETRIC_REPRESENTATION_CONTEXT() REPRESENTATION_CONTEXT('2D SPACE',''
  ) );
#8241 = PCURVE('',#8242,#8247);
#8242 = PLANE('',#8243);
#8243 = AXIS2_PLACEMENT_3D('',#8244,#8245,#8246);
#8244 = CARTESIAN_POINT('',(61.615302263106,18.8,-200.));
#8245 = DIRECTION('',(-0.664130587758,-0.747616587833,0.));
#8246 = DIRECTION('',(-0.747616587833,0.664130587758,0.));
#8247 = DEFINITIONAL_REPRESENTATION('',(#8248),#8252);
#8248 = LINE('',#8249,#8250);
#8249 = CARTESIAN_POINT('',(0.,0.));
#8250 = VECTOR('',#8251,1.);
#8251 = DIRECTION('',(0.,-1.));
#8252 = ( GEOMETRIC_REPRESENTATION_CONTEXT(2) 
PARAMETRIC_REPRESENTATION_CONTEXT() REPRESENTATION_CONTEXT('2D SPACE',''
  ) );
#8253 = ADVANCED_FACE('',(#8254),#8242,.T.);
#8254 = FACE_BOUND('',#8255,.T.);
#8255 = EDGE_LOOP('',(#8256,#8277,#8278,#8299));
#8256 = ORIENTED_EDGE('',*,*,#8257,.T.);
#8257 = EDGE_CURVE('',#8258,#8186,#8260,.T.);
#8258 = VERTEX_POINT('',#8259);
#8259 = CARTESIAN_POINT('',(61.390160822066,19.,-61.64));
#8260 = SURFACE_CURVE('',#8261,(#8265,#8271),.PCURVE_S1.);
#8261 = LINE('',#8262,#8263);
#8262 = CARTESIAN_POINT('',(79.203590295341,3.175787992663,-61.64));
#8263 = VECTOR('',#8264,1.);
#8264 = DIRECTION('',(0.747616587833,-0.664130587758,0.));
#8265 = PCURVE('',#8242,#8266);
#8266 = DEFINITIONAL_REPRESENTATION('',(#8267),#8270);
#8267 = B_SPLINE_CURVE_WITH_KNOTS('',1,(#8268,#8269),.UNSPECIFIED.,.F.,
  .F.,(2,2),(-23.82695858166,-23.52581298818),.PIECEWISE_BEZIER_KNOTS.);
#8268 = CARTESIAN_POINT('',(0.301145593482,-138.36));
#8269 = CARTESIAN_POINT('',(0.,-138.36));
#8270 = ( GEOMETRIC_REPRESENTATION_CONTEXT(2) 
PARAMETRIC_REPRESENTATION_CONTEXT() REPRESENTATION_CONTEXT('2D SPACE',''
  ) );
#8271 = PCURVE('',#126,#8272);
#8272 = DEFINITIONAL_REPRESENTATION('',(#8273),#8276);
#8273 = B_SPLINE_CURVE_WITH_KNOTS('',1,(#8274,#8275),.UNSPECIFIED.,.F.,
  .F.,(2,2),(-23.82695858166,-23.52581298818),.PIECEWISE_BEZIER_KNOTS.);
#8274 = CARTESIAN_POINT('',(-2.931839177934,68.));
#8275 = CARTESIAN_POINT('',(-2.706697736894,67.8));
#8276 = ( GEOMETRIC_REPRESENTATION_CONTEXT(2) 
PARAMETRIC_REPRESENTATION_CONTEXT() REPRESENTATION_CONTEXT('2D SPACE',''
  ) );
#8277 = ORIENTED_EDGE('',*,*,#8228,.T.);
#8278 = ORIENTED_EDGE('',*,*,#8279,.F.);
#8279 = EDGE_CURVE('',#8280,#8208,#8282,.T.);
#8280 = VERTEX_POINT('',#8281);
#8281 = CARTESIAN_POINT('',(61.390160822066,19.,57.94));
#8282 = SURFACE_CURVE('',#8283,(#8287,#8293),.PCURVE_S1.);
#8283 = LINE('',#8284,#8285);
#8284 = CARTESIAN_POINT('',(79.203590295341,3.175787992663,57.94));
#8285 = VECTOR('',#8286,1.);
#8286 = DIRECTION('',(0.747616587833,-0.664130587758,0.));
#8287 = PCURVE('',#8242,#8288);
#8288 = DEFINITIONAL_REPRESENTATION('',(#8289),#8292);
#8289 = B_SPLINE_CURVE_WITH_KNOTS('',1,(#8290,#8291),.UNSPECIFIED.,.F.,
  .F.,(2,2),(-23.82695858166,-23.52581298818),.PIECEWISE_BEZIER_KNOTS.);
#8290 = CARTESIAN_POINT('',(0.301145593482,-257.94));
#8291 = CARTESIAN_POINT('',(0.,-257.94));
#8292 = ( GEOMETRIC_REPRESENTATION_CONTEXT(2) 
PARAMETRIC_REPRESENTATION_CONTEXT() REPRESENTATION_CONTEXT('2D SPACE',''
  ) );
#8293 = PCURVE('',#70,#8294);
#8294 = DEFINITIONAL_REPRESENTATION('',(#8295),#8298);
#8295 = B_SPLINE_CURVE_WITH_KNOTS('',1,(#8296,#8297),.UNSPECIFIED.,.F.,
  .F.,(2,2),(-23.82695858166,-23.52581298818),.PIECEWISE_BEZIER_KNOTS.);
#8296 = CARTESIAN_POINT('',(-2.931839177934,68.));
#8297 = CARTESIAN_POINT('',(-2.706697736894,67.8));
#8298 = ( GEOMETRIC_REPRESENTATION_CONTEXT(2) 
PARAMETRIC_REPRESENTATION_CONTEXT() REPRESENTATION_CONTEXT('2D SPACE',''
  ) );
#8299 = ORIENTED_EDGE('',*,*,#8300,.F.);
#8300 = EDGE_CURVE('',#8258,#8280,#8301,.T.);
#8301 = SURFACE_CURVE('',#8302,(#8306,#8313),.PCURVE_S1.);
#8302 = LINE('',#8303,#8304);
#8303 = CARTESIAN_POINT('',(61.390160822066,19.,-200.));
#8304 = VECTOR('',#8305,1.);
#8305 = DIRECTION('',(0.,0.,1.));
#8306 = PCURVE('',#8242,#8307);
#8307 = DEFINITIONAL_REPRESENTATION('',(#8308),#8312);
#8308 = LINE('',#8309,#8310);
#8309 = CARTESIAN_POINT('',(0.301145593482,0.));
#8310 = VECTOR('',#8311,1.);
#8311 = DIRECTION('',(0.,-1.));
#8312 = ( GEOMETRIC_REPRESENTATION_CONTEXT(2) 
PARAMETRIC_REPRESENTATION_CONTEXT() REPRESENTATION_CONTEXT('2D SPACE',''
  ) );
#8313 = PCURVE('',#8314,#8319);
#8314 = PLANE('',#8315);
#8315 = AXIS2_PLACEMENT_3D('',#8316,#8317,#8318);
#8316 = CARTESIAN_POINT('',(61.390160822066,19.,-200.));
#8317 = DIRECTION('',(-0.660442191117,-0.750876895498,0.));
#8318 = DIRECTION('',(-0.750876895498,0.660442191117,0.));
#8319 = DEFINITIONAL_REPRESENTATION('',(#8320),#8324);
#8320 = LINE('',#8321,#8322);
#8321 = CARTESIAN_POINT('',(0.,0.));
#8322 = VECTOR('',#8323,1.);
#8323 = DIRECTION('',(0.,-1.));
#8324 = ( GEOMETRIC_REPRESENTATION_CONTEXT(2) 
PARAMETRIC_REPRESENTATION_CONTEXT() REPRESENTATION_CONTEXT('2D SPACE',''
  ) );
#8325 = ADVANCED_FACE('',(#8326),#8314,.T.);
#8326 = FACE_BOUND('',#8327,.T.);
#8327 = EDGE_LOOP('',(#8328,#8349,#8350,#8371));
#8328 = ORIENTED_EDGE('',*,*,#8329,.T.);
#8329 = EDGE_CURVE('',#8330,#8258,#8332,.T.);
#8330 = VERTEX_POINT('',#8331);
#8331 = CARTESIAN_POINT('',(61.162774714516,19.2,-61.64));
#8332 = SURFACE_CURVE('',#8333,(#8337,#8343),.PCURVE_S1.);
#8333 = LINE('',#8334,#8335);
#8334 = CARTESIAN_POINT('',(79.077636497644,3.442782484658,-61.64));
#8335 = VECTOR('',#8336,1.);
#8336 = DIRECTION('',(0.750876895498,-0.660442191117,0.));
#8337 = PCURVE('',#8314,#8338);
#8338 = DEFINITIONAL_REPRESENTATION('',(#8339),#8342);
#8339 = B_SPLINE_CURVE_WITH_KNOTS('',1,(#8340,#8341),.UNSPECIFIED.,.F.,
  .F.,(2,2),(-23.85858706072,-23.55575964799),.PIECEWISE_BEZIER_KNOTS.);
#8340 = CARTESIAN_POINT('',(0.30282741274,-138.36));
#8341 = CARTESIAN_POINT('',(0.,-138.36));
#8342 = ( GEOMETRIC_REPRESENTATION_CONTEXT(2) 
PARAMETRIC_REPRESENTATION_CONTEXT() REPRESENTATION_CONTEXT('2D SPACE',''
  ) );
#8343 = PCURVE('',#126,#8344);
#8344 = DEFINITIONAL_REPRESENTATION('',(#8345),#8348);
#8345 = B_SPLINE_CURVE_WITH_KNOTS('',1,(#8346,#8347),.UNSPECIFIED.,.F.,
  .F.,(2,2),(-23.85858706072,-23.55575964799),.PIECEWISE_BEZIER_KNOTS.);
#8346 = CARTESIAN_POINT('',(-3.159225285484,68.2));
#8347 = CARTESIAN_POINT('',(-2.931839177934,68.));
#8348 = ( GEOMETRIC_REPRESENTATION_CONTEXT(2) 
PARAMETRIC_REPRESENTATION_CONTEXT() REPRESENTATION_CONTEXT('2D SPACE',''
  ) );
#8349 = ORIENTED_EDGE('',*,*,#8300,.T.);
#8350 = ORIENTED_EDGE('',*,*,#8351,.F.);
#8351 = EDGE_CURVE('',#8352,#8280,#8354,.T.);
#8352 = VERTEX_POINT('',#8353);
#8353 = CARTESIAN_POINT('',(61.162774714516,19.2,57.94));
#8354 = SURFACE_CURVE('',#8355,(#8359,#8365),.PCURVE_S1.);
#8355 = LINE('',#8356,#8357);
#8356 = CARTESIAN_POINT('',(79.077636497644,3.442782484658,57.94));
#8357 = VECTOR('',#8358,1.);
#8358 = DIRECTION('',(0.750876895498,-0.660442191117,0.));
#8359 = PCURVE('',#8314,#8360);
#8360 = DEFINITIONAL_REPRESENTATION('',(#8361),#8364);
#8361 = B_SPLINE_CURVE_WITH_KNOTS('',1,(#8362,#8363),.UNSPECIFIED.,.F.,
  .F.,(2,2),(-23.85858706072,-23.55575964799),.PIECEWISE_BEZIER_KNOTS.);
#8362 = CARTESIAN_POINT('',(0.30282741274,-257.94));
#8363 = CARTESIAN_POINT('',(0.,-257.94));
#8364 = ( GEOMETRIC_REPRESENTATION_CONTEXT(2) 
PARAMETRIC_REPRESENTATION_CONTEXT() REPRESENTATION_CONTEXT('2D SPACE',''
  ) );
#8365 = PCURVE('',#70,#8366);
#8366 = DEFINITIONAL_REPRESENTATION('',(#8367),#8370);
#8367 = B_SPLINE_CURVE_WITH_KNOTS('',1,(#8368,#8369),.UNSPECIFIED.,.F.,
  .F.,(2,2),(-23.85858706072,-23.55575964799),.PIECEWISE_BEZIER_KNOTS.);
#8368 = CARTESIAN_POINT('',(-3.159225285484,68.2));
#8369 = CARTESIAN_POINT('',(-2.931839177934,68.));
#8370 = ( GEOMETRIC_REPRESENTATION_CONTEXT(2) 
PARAMETRIC_REPRESENTATION_CONTEXT() REPRESENTATION_CONTEXT('2D SPACE',''
  ) );
#8371 = ORIENTED_EDGE('',*,*,#8372,.F.);
#8372 = EDGE_CURVE('',#8330,#8352,#8373,.T.);
#8373 = SURFACE_CURVE('',#8374,(#8378,#8385),.PCURVE_S1.);
#8374 = LINE('',#8375,#8376);
#8375 = CARTESIAN_POINT('',(61.162774714516,19.2,-200.));
#8376 = VECTOR('',#8377,1.);
#8377 = DIRECTION('',(0.,0.,1.));
#8378 = PCURVE('',#8314,#8379);
#8379 = DEFINITIONAL_REPRESENTATION('',(#8380),#8384);
#8380 = LINE('',#8381,#8382);
#8381 = CARTESIAN_POINT('',(0.30282741274,0.));
#8382 = VECTOR('',#8383,1.);
#8383 = DIRECTION('',(0.,-1.));
#8384 = ( GEOMETRIC_REPRESENTATION_CONTEXT(2) 
PARAMETRIC_REPRESENTATION_CONTEXT() REPRESENTATION_CONTEXT('2D SPACE',''
  ) );
#8385 = PCURVE('',#8386,#8391);
#8386 = PLANE('',#8387);
#8387 = AXIS2_PLACEMENT_3D('',#8388,#8389,#8390);
#8388 = CARTESIAN_POINT('',(61.162774714516,19.2,-200.));
#8389 = DIRECTION('',(-0.656819960998,-0.754047438053,0.));
#8390 = DIRECTION('',(-0.754047438053,0.656819960998,0.));
#8391 = DEFINITIONAL_REPRESENTATION('',(#8392),#8396);
#8392 = LINE('',#8393,#8394);
#8393 = CARTESIAN_POINT('',(0.,0.));
#8394 = VECTOR('',#8395,1.);
#8395 = DIRECTION('',(0.,-1.));
#8396 = ( GEOMETRIC_REPRESENTATION_CONTEXT(2) 
PARAMETRIC_REPRESENTATION_CONTEXT() REPRESENTATION_CONTEXT('2D SPACE',''
  ) );
#8397 = ADVANCED_FACE('',(#8398),#8386,.T.);
#8398 = FACE_BOUND('',#8399,.T.);
#8399 = EDGE_LOOP('',(#8400,#8421,#8422,#8443));
#8400 = ORIENTED_EDGE('',*,*,#8401,.T.);
#8401 = EDGE_CURVE('',#8402,#8330,#8404,.T.);
#8402 = VERTEX_POINT('',#8403);
#8403 = CARTESIAN_POINT('',(60.933169196162,19.4,-61.64));
#8404 = SURFACE_CURVE('',#8405,(#8409,#8415),.PCURVE_S1.);
#8405 = LINE('',#8406,#8407);
#8406 = CARTESIAN_POINT('',(78.949746021245,3.706494936007,-61.64));
#8407 = VECTOR('',#8408,1.);
#8408 = DIRECTION('',(0.754047438053,-0.656819960998,0.));
#8409 = PCURVE('',#8386,#8410);
#8410 = DEFINITIONAL_REPRESENTATION('',(#8411),#8414);
#8411 = B_SPLINE_CURVE_WITH_KNOTS('',1,(#8412,#8413),.UNSPECIFIED.,.F.,
  .F.,(2,2),(-23.89316098149,-23.58866353641),.PIECEWISE_BEZIER_KNOTS.);
#8412 = CARTESIAN_POINT('',(0.304497445078,-138.36));
#8413 = CARTESIAN_POINT('',(0.,-138.36));
#8414 = ( GEOMETRIC_REPRESENTATION_CONTEXT(2) 
PARAMETRIC_REPRESENTATION_CONTEXT() REPRESENTATION_CONTEXT('2D SPACE',''
  ) );
#8415 = PCURVE('',#126,#8416);
#8416 = DEFINITIONAL_REPRESENTATION('',(#8417),#8420);
#8417 = B_SPLINE_CURVE_WITH_KNOTS('',1,(#8418,#8419),.UNSPECIFIED.,.F.,
  .F.,(2,2),(-23.89316098149,-23.58866353641),.PIECEWISE_BEZIER_KNOTS.);
#8418 = CARTESIAN_POINT('',(-3.388830803838,68.4));
#8419 = CARTESIAN_POINT('',(-3.159225285484,68.2));
#8420 = ( GEOMETRIC_REPRESENTATION_CONTEXT(2) 
PARAMETRIC_REPRESENTATION_CONTEXT() REPRESENTATION_CONTEXT('2D SPACE',''
  ) );
#8421 = ORIENTED_EDGE('',*,*,#8372,.T.);
#8422 = ORIENTED_EDGE('',*,*,#8423,.F.);
#8423 = EDGE_CURVE('',#8424,#8352,#8426,.T.);
#8424 = VERTEX_POINT('',#8425);
#8425 = CARTESIAN_POINT('',(60.933169196162,19.4,57.94));
#8426 = SURFACE_CURVE('',#8427,(#8431,#8437),.PCURVE_S1.);
#8427 = LINE('',#8428,#8429);
#8428 = CARTESIAN_POINT('',(78.949746021245,3.706494936007,57.94));
#8429 = VECTOR('',#8430,1.);
#8430 = DIRECTION('',(0.754047438053,-0.656819960998,0.));
#8431 = PCURVE('',#8386,#8432);
#8432 = DEFINITIONAL_REPRESENTATION('',(#8433),#8436);
#8433 = B_SPLINE_CURVE_WITH_KNOTS('',1,(#8434,#8435),.UNSPECIFIED.,.F.,
  .F.,(2,2),(-23.89316098149,-23.58866353641),.PIECEWISE_BEZIER_KNOTS.);
#8434 = CARTESIAN_POINT('',(0.304497445078,-257.94));
#8435 = CARTESIAN_POINT('',(0.,-257.94));
#8436 = ( GEOMETRIC_REPRESENTATION_CONTEXT(2) 
PARAMETRIC_REPRESENTATION_CONTEXT() REPRESENTATION_CONTEXT('2D SPACE',''
  ) );
#8437 = PCURVE('',#70,#8438);
#8438 = DEFINITIONAL_REPRESENTATION('',(#8439),#8442);
#8439 = B_SPLINE_CURVE_WITH_KNOTS('',1,(#8440,#8441),.UNSPECIFIED.,.F.,
  .F.,(2,2),(-23.89316098149,-23.58866353641),.PIECEWISE_BEZIER_KNOTS.);
#8440 = CARTESIAN_POINT('',(-3.388830803838,68.4));
#8441 = CARTESIAN_POINT('',(-3.159225285484,68.2));
#8442 = ( GEOMETRIC_REPRESENTATION_CONTEXT(2) 
PARAMETRIC_REPRESENTATION_CONTEXT() REPRESENTATION_CONTEXT('2D SPACE',''
  ) );
#8443 = ORIENTED_EDGE('',*,*,#8444,.F.);
#8444 = EDGE_CURVE('',#8402,#8424,#8445,.T.);
#8445 = SURFACE_CURVE('',#8446,(#8450,#8457),.PCURVE_S1.);
#8446 = LINE('',#8447,#8448);
#8447 = CARTESIAN_POINT('',(60.933169196162,19.4,-200.));
#8448 = VECTOR('',#8449,1.);
#8449 = DIRECTION('',(0.,0.,1.));
#8450 = PCURVE('',#8386,#8451);
#8451 = DEFINITIONAL_REPRESENTATION('',(#8452),#8456);
#8452 = LINE('',#8453,#8454);
#8453 = CARTESIAN_POINT('',(0.304497445078,0.));
#8454 = VECTOR('',#8455,1.);
#8455 = DIRECTION('',(0.,-1.));
#8456 = ( GEOMETRIC_REPRESENTATION_CONTEXT(2) 
PARAMETRIC_REPRESENTATION_CONTEXT() REPRESENTATION_CONTEXT('2D SPACE',''
  ) );
#8457 = PCURVE('',#8458,#8463);
#8458 = PLANE('',#8459);
#8459 = AXIS2_PLACEMENT_3D('',#8460,#8461,#8462);
#8460 = CARTESIAN_POINT('',(60.933169196162,19.4,-200.));
#8461 = DIRECTION('',(-0.653218340148,-0.757169597973,0.));
#8462 = DIRECTION('',(-0.757169597973,0.653218340148,0.));
#8463 = DEFINITIONAL_REPRESENTATION('',(#8464),#8468);
#8464 = LINE('',#8465,#8466);
#8465 = CARTESIAN_POINT('',(0.,0.));
#8466 = VECTOR('',#8467,1.);
#8467 = DIRECTION('',(0.,-1.));
#8468 = ( GEOMETRIC_REPRESENTATION_CONTEXT(2) 
PARAMETRIC_REPRESENTATION_CONTEXT() REPRESENTATION_CONTEXT('2D SPACE',''
  ) );
#8469 = ADVANCED_FACE('',(#8470),#8458,.T.);
#8470 = FACE_BOUND('',#8471,.T.);
#8471 = EDGE_LOOP('',(#8472,#8493,#8494,#8515));
#8472 = ORIENTED_EDGE('',*,*,#8473,.T.);
#8473 = EDGE_CURVE('',#8474,#8402,#8476,.T.);
#8474 = VERTEX_POINT('',#8475);
#8475 = CARTESIAN_POINT('',(60.701341780599,19.6,-61.64));
#8476 = SURFACE_CURVE('',#8477,(#8481,#8487),.PCURVE_S1.);
#8477 = LINE('',#8478,#8479);
#8478 = CARTESIAN_POINT('',(78.819807099391,3.969005473486,-61.64));
#8479 = VECTOR('',#8480,1.);
#8480 = DIRECTION('',(0.757169597973,-0.653218340148,0.));
#8481 = PCURVE('',#8458,#8482);
#8482 = DEFINITIONAL_REPRESENTATION('',(#8483),#8486);
#8483 = B_SPLINE_CURVE_WITH_KNOTS('',1,(#8484,#8485),.UNSPECIFIED.,.F.,
  .F.,(2,2),(-23.92920340078,-23.62302706171),.PIECEWISE_BEZIER_KNOTS.);
#8484 = CARTESIAN_POINT('',(0.30617633907,-138.36));
#8485 = CARTESIAN_POINT('',(0.,-138.36));
#8486 = ( GEOMETRIC_REPRESENTATION_CONTEXT(2) 
PARAMETRIC_REPRESENTATION_CONTEXT() REPRESENTATION_CONTEXT('2D SPACE',''
  ) );
#8487 = PCURVE('',#126,#8488);
#8488 = DEFINITIONAL_REPRESENTATION('',(#8489),#8492);
#8489 = B_SPLINE_CURVE_WITH_KNOTS('',1,(#8490,#8491),.UNSPECIFIED.,.F.,
  .F.,(2,2),(-23.92920340078,-23.62302706171),.PIECEWISE_BEZIER_KNOTS.);
#8490 = CARTESIAN_POINT('',(-3.620658219401,68.6));
#8491 = CARTESIAN_POINT('',(-3.388830803838,68.4));
#8492 = ( GEOMETRIC_REPRESENTATION_CONTEXT(2) 
PARAMETRIC_REPRESENTATION_CONTEXT() REPRESENTATION_CONTEXT('2D SPACE',''
  ) );
#8493 = ORIENTED_EDGE('',*,*,#8444,.T.);
#8494 = ORIENTED_EDGE('',*,*,#8495,.F.);
#8495 = EDGE_CURVE('',#8496,#8424,#8498,.T.);
#8496 = VERTEX_POINT('',#8497);
#8497 = CARTESIAN_POINT('',(60.701341780599,19.6,57.94));
#8498 = SURFACE_CURVE('',#8499,(#8503,#8509),.PCURVE_S1.);
#8499 = LINE('',#8500,#8501);
#8500 = CARTESIAN_POINT('',(78.819807099391,3.969005473486,57.94));
#8501 = VECTOR('',#8502,1.);
#8502 = DIRECTION('',(0.757169597973,-0.653218340148,0.));
#8503 = PCURVE('',#8458,#8504);
#8504 = DEFINITIONAL_REPRESENTATION('',(#8505),#8508);
#8505 = B_SPLINE_CURVE_WITH_KNOTS('',1,(#8506,#8507),.UNSPECIFIED.,.F.,
  .F.,(2,2),(-23.92920340078,-23.62302706171),.PIECEWISE_BEZIER_KNOTS.);
#8506 = CARTESIAN_POINT('',(0.30617633907,-257.94));
#8507 = CARTESIAN_POINT('',(0.,-257.94));
#8508 = ( GEOMETRIC_REPRESENTATION_CONTEXT(2) 
PARAMETRIC_REPRESENTATION_CONTEXT() REPRESENTATION_CONTEXT('2D SPACE',''
  ) );
#8509 = PCURVE('',#70,#8510);
#8510 = DEFINITIONAL_REPRESENTATION('',(#8511),#8514);
#8511 = B_SPLINE_CURVE_WITH_KNOTS('',1,(#8512,#8513),.UNSPECIFIED.,.F.,
  .F.,(2,2),(-23.92920340078,-23.62302706171),.PIECEWISE_BEZIER_KNOTS.);
#8512 = CARTESIAN_POINT('',(-3.620658219401,68.6));
#8513 = CARTESIAN_POINT('',(-3.388830803838,68.4));
#8514 = ( GEOMETRIC_REPRESENTATION_CONTEXT(2) 
PARAMETRIC_REPRESENTATION_CONTEXT() REPRESENTATION_CONTEXT('2D SPACE',''
  ) );
#8515 = ORIENTED_EDGE('',*,*,#8516,.F.);
#8516 = EDGE_CURVE('',#8474,#8496,#8517,.T.);
#8517 = SURFACE_CURVE('',#8518,(#8522,#8529),.PCURVE_S1.);
#8518 = LINE('',#8519,#8520);
#8519 = CARTESIAN_POINT('',(60.701341780599,19.6,-200.));
#8520 = VECTOR('',#8521,1.);
#8521 = DIRECTION('',(0.,0.,1.));
#8522 = PCURVE('',#8458,#8523);
#8523 = DEFINITIONAL_REPRESENTATION('',(#8524),#8528);
#8524 = LINE('',#8525,#8526);
#8525 = CARTESIAN_POINT('',(0.30617633907,0.));
#8526 = VECTOR('',#8527,1.);
#8527 = DIRECTION('',(0.,-1.));
#8528 = ( GEOMETRIC_REPRESENTATION_CONTEXT(2) 
PARAMETRIC_REPRESENTATION_CONTEXT() REPRESENTATION_CONTEXT('2D SPACE',''
  ) );
#8529 = PCURVE('',#8530,#8535);
#8530 = PLANE('',#8531);
#8531 = AXIS2_PLACEMENT_3D('',#8532,#8533,#8534);
#8532 = CARTESIAN_POINT('',(60.701341780599,19.6,-200.));
#8533 = DIRECTION('',(-0.649600898463,-0.760275392681,0.));
#8534 = DIRECTION('',(-0.760275392681,0.649600898463,0.));
#8535 = DEFINITIONAL_REPRESENTATION('',(#8536),#8540);
#8536 = LINE('',#8537,#8538);
#8537 = CARTESIAN_POINT('',(0.,0.));
#8538 = VECTOR('',#8539,1.);
#8539 = DIRECTION('',(0.,-1.));
#8540 = ( GEOMETRIC_REPRESENTATION_CONTEXT(2) 
PARAMETRIC_REPRESENTATION_CONTEXT() REPRESENTATION_CONTEXT('2D SPACE',''
  ) );
#8541 = ADVANCED_FACE('',(#8542),#8530,.T.);
#8542 = FACE_BOUND('',#8543,.T.);
#8543 = EDGE_LOOP('',(#8544,#8565,#8566,#8587));
#8544 = ORIENTED_EDGE('',*,*,#8545,.T.);
#8545 = EDGE_CURVE('',#8546,#8474,#8548,.T.);
#8546 = VERTEX_POINT('',#8547);
#8547 = CARTESIAN_POINT('',(60.467267168178,19.8,-61.64));
#8548 = SURFACE_CURVE('',#8549,(#8553,#8559),.PCURVE_S1.);
#8549 = LINE('',#8550,#8551);
#8550 = CARTESIAN_POINT('',(78.687678140822,4.231963138425,-61.64));
#8551 = VECTOR('',#8552,1.);
#8552 = DIRECTION('',(0.760275392681,-0.649600898463,0.));
#8553 = PCURVE('',#8530,#8554);
#8554 = DEFINITIONAL_REPRESENTATION('',(#8555),#8558);
#8555 = B_SPLINE_CURVE_WITH_KNOTS('',1,(#8556,#8557),.UNSPECIFIED.,.F.,
  .F.,(2,2),(-23.96554083961,-23.65765949205),.PIECEWISE_BEZIER_KNOTS.);
#8556 = CARTESIAN_POINT('',(0.307881347568,-138.36));
#8557 = CARTESIAN_POINT('',(0.,-138.36));
#8558 = ( GEOMETRIC_REPRESENTATION_CONTEXT(2) 
PARAMETRIC_REPRESENTATION_CONTEXT() REPRESENTATION_CONTEXT('2D SPACE',''
  ) );
#8559 = PCURVE('',#126,#8560);
#8560 = DEFINITIONAL_REPRESENTATION('',(#8561),#8564);
#8561 = B_SPLINE_CURVE_WITH_KNOTS('',1,(#8562,#8563),.UNSPECIFIED.,.F.,
  .F.,(2,2),(-23.96554083961,-23.65765949205),.PIECEWISE_BEZIER_KNOTS.);
#8562 = CARTESIAN_POINT('',(-3.854732831822,68.8));
#8563 = CARTESIAN_POINT('',(-3.620658219401,68.6));
#8564 = ( GEOMETRIC_REPRESENTATION_CONTEXT(2) 
PARAMETRIC_REPRESENTATION_CONTEXT() REPRESENTATION_CONTEXT('2D SPACE',''
  ) );
#8565 = ORIENTED_EDGE('',*,*,#8516,.T.);
#8566 = ORIENTED_EDGE('',*,*,#8567,.F.);
#8567 = EDGE_CURVE('',#8568,#8496,#8570,.T.);
#8568 = VERTEX_POINT('',#8569);
#8569 = CARTESIAN_POINT('',(60.467267168178,19.8,57.94));
#8570 = SURFACE_CURVE('',#8571,(#8575,#8581),.PCURVE_S1.);
#8571 = LINE('',#8572,#8573);
#8572 = CARTESIAN_POINT('',(78.687678140822,4.231963138425,57.94));
#8573 = VECTOR('',#8574,1.);
#8574 = DIRECTION('',(0.760275392681,-0.649600898463,0.));
#8575 = PCURVE('',#8530,#8576);
#8576 = DEFINITIONAL_REPRESENTATION('',(#8577),#8580);
#8577 = B_SPLINE_CURVE_WITH_KNOTS('',1,(#8578,#8579),.UNSPECIFIED.,.F.,
  .F.,(2,2),(-23.96554083961,-23.65765949205),.PIECEWISE_BEZIER_KNOTS.);
#8578 = CARTESIAN_POINT('',(0.307881347568,-257.94));
#8579 = CARTESIAN_POINT('',(0.,-257.94));
#8580 = ( GEOMETRIC_REPRESENTATION_CONTEXT(2) 
PARAMETRIC_REPRESENTATION_CONTEXT() REPRESENTATION_CONTEXT('2D SPACE',''
  ) );
#8581 = PCURVE('',#70,#8582);
#8582 = DEFINITIONAL_REPRESENTATION('',(#8583),#8586);
#8583 = B_SPLINE_CURVE_WITH_KNOTS('',1,(#8584,#8585),.UNSPECIFIED.,.F.,
  .F.,(2,2),(-23.96554083961,-23.65765949205),.PIECEWISE_BEZIER_KNOTS.);
#8584 = CARTESIAN_POINT('',(-3.854732831822,68.8));
#8585 = CARTESIAN_POINT('',(-3.620658219401,68.6));
#8586 = ( GEOMETRIC_REPRESENTATION_CONTEXT(2) 
PARAMETRIC_REPRESENTATION_CONTEXT() REPRESENTATION_CONTEXT('2D SPACE',''
  ) );
#8587 = ORIENTED_EDGE('',*,*,#8588,.F.);
#8588 = EDGE_CURVE('',#8546,#8568,#8589,.T.);
#8589 = SURFACE_CURVE('',#8590,(#8594,#8601),.PCURVE_S1.);
#8590 = LINE('',#8591,#8592);
#8591 = CARTESIAN_POINT('',(60.467267168178,19.8,-200.));
#8592 = VECTOR('',#8593,1.);
#8593 = DIRECTION('',(0.,0.,1.));
#8594 = PCURVE('',#8530,#8595);
#8595 = DEFINITIONAL_REPRESENTATION('',(#8596),#8600);
#8596 = LINE('',#8597,#8598);
#8597 = CARTESIAN_POINT('',(0.307881347568,0.));
#8598 = VECTOR('',#8599,1.);
#8599 = DIRECTION('',(0.,-1.));
#8600 = ( GEOMETRIC_REPRESENTATION_CONTEXT(2) 
PARAMETRIC_REPRESENTATION_CONTEXT() REPRESENTATION_CONTEXT('2D SPACE',''
  ) );
#8601 = PCURVE('',#8602,#8607);
#8602 = PLANE('',#8603);
#8603 = AXIS2_PLACEMENT_3D('',#8604,#8605,#8606);
#8604 = CARTESIAN_POINT('',(60.467267168178,19.8,-200.));
#8605 = DIRECTION('',(-0.645940535586,-0.763387728803,0.));
#8606 = DIRECTION('',(-0.763387728803,0.645940535586,0.));
#8607 = DEFINITIONAL_REPRESENTATION('',(#8608),#8612);
#8608 = LINE('',#8609,#8610);
#8609 = CARTESIAN_POINT('',(0.,0.));
#8610 = VECTOR('',#8611,1.);
#8611 = DIRECTION('',(0.,-1.));
#8612 = ( GEOMETRIC_REPRESENTATION_CONTEXT(2) 
PARAMETRIC_REPRESENTATION_CONTEXT() REPRESENTATION_CONTEXT('2D SPACE',''
  ) );
#8613 = ADVANCED_FACE('',(#8614),#8602,.T.);
#8614 = FACE_BOUND('',#8615,.T.);
#8615 = EDGE_LOOP('',(#8616,#8637,#8638,#8659));
#8616 = ORIENTED_EDGE('',*,*,#8617,.T.);
#8617 = EDGE_CURVE('',#8618,#8546,#8620,.T.);
#8618 = VERTEX_POINT('',#8619);
#8619 = CARTESIAN_POINT('',(60.230902460671,20.,-61.64));
#8620 = SURFACE_CURVE('',#8621,(#8625,#8631),.PCURVE_S1.);
#8621 = LINE('',#8622,#8623);
#8622 = CARTESIAN_POINT('',(78.553206706857,4.496582049445,-61.64));
#8623 = VECTOR('',#8624,1.);
#8624 = DIRECTION('',(0.763387728803,-0.645940535586,0.));
#8625 = PCURVE('',#8602,#8626);
#8626 = DEFINITIONAL_REPRESENTATION('',(#8627),#8630);
#8627 = B_SPLINE_CURVE_WITH_KNOTS('',1,(#8628,#8629),.UNSPECIFIED.,.F.,
  .F.,(2,2),(-24.00130831932,-23.69168229497),.PIECEWISE_BEZIER_KNOTS.);
#8628 = CARTESIAN_POINT('',(0.30962602435,-138.36));
#8629 = CARTESIAN_POINT('',(0.,-138.36));
#8630 = ( GEOMETRIC_REPRESENTATION_CONTEXT(2) 
PARAMETRIC_REPRESENTATION_CONTEXT() REPRESENTATION_CONTEXT('2D SPACE',''
  ) );
#8631 = PCURVE('',#126,#8632);
#8632 = DEFINITIONAL_REPRESENTATION('',(#8633),#8636);
#8633 = B_SPLINE_CURVE_WITH_KNOTS('',1,(#8634,#8635),.UNSPECIFIED.,.F.,
  .F.,(2,2),(-24.00130831932,-23.69168229497),.PIECEWISE_BEZIER_KNOTS.);
#8634 = CARTESIAN_POINT('',(-4.091097539329,69.));
#8635 = CARTESIAN_POINT('',(-3.854732831822,68.8));
#8636 = ( GEOMETRIC_REPRESENTATION_CONTEXT(2) 
PARAMETRIC_REPRESENTATION_CONTEXT() REPRESENTATION_CONTEXT('2D SPACE',''
  ) );
#8637 = ORIENTED_EDGE('',*,*,#8588,.T.);
#8638 = ORIENTED_EDGE('',*,*,#8639,.F.);
#8639 = EDGE_CURVE('',#8640,#8568,#8642,.T.);
#8640 = VERTEX_POINT('',#8641);
#8641 = CARTESIAN_POINT('',(60.230902460671,20.,57.94));
#8642 = SURFACE_CURVE('',#8643,(#8647,#8653),.PCURVE_S1.);
#8643 = LINE('',#8644,#8645);
#8644 = CARTESIAN_POINT('',(78.553206706857,4.496582049445,57.94));
#8645 = VECTOR('',#8646,1.);
#8646 = DIRECTION('',(0.763387728803,-0.645940535586,0.));
#8647 = PCURVE('',#8602,#8648);
#8648 = DEFINITIONAL_REPRESENTATION('',(#8649),#8652);
#8649 = B_SPLINE_CURVE_WITH_KNOTS('',1,(#8650,#8651),.UNSPECIFIED.,.F.,
  .F.,(2,2),(-24.00130831932,-23.69168229497),.PIECEWISE_BEZIER_KNOTS.);
#8650 = CARTESIAN_POINT('',(0.30962602435,-257.94));
#8651 = CARTESIAN_POINT('',(0.,-257.94));
#8652 = ( GEOMETRIC_REPRESENTATION_CONTEXT(2) 
PARAMETRIC_REPRESENTATION_CONTEXT() REPRESENTATION_CONTEXT('2D SPACE',''
  ) );
#8653 = PCURVE('',#70,#8654);
#8654 = DEFINITIONAL_REPRESENTATION('',(#8655),#8658);
#8655 = B_SPLINE_CURVE_WITH_KNOTS('',1,(#8656,#8657),.UNSPECIFIED.,.F.,
  .F.,(2,2),(-24.00130831932,-23.69168229497),.PIECEWISE_BEZIER_KNOTS.);
#8656 = CARTESIAN_POINT('',(-4.091097539329,69.));
#8657 = CARTESIAN_POINT('',(-3.854732831822,68.8));
#8658 = ( GEOMETRIC_REPRESENTATION_CONTEXT(2) 
PARAMETRIC_REPRESENTATION_CONTEXT() REPRESENTATION_CONTEXT('2D SPACE',''
  ) );
#8659 = ORIENTED_EDGE('',*,*,#8660,.F.);
#8660 = EDGE_CURVE('',#8618,#8640,#8661,.T.);
#8661 = SURFACE_CURVE('',#8662,(#8666,#8673),.PCURVE_S1.);
#8662 = LINE('',#8663,#8664);
#8663 = CARTESIAN_POINT('',(60.230902460671,20.,-200.));
#8664 = VECTOR('',#8665,1.);
#8665 = DIRECTION('',(0.,0.,1.));
#8666 = PCURVE('',#8602,#8667);
#8667 = DEFINITIONAL_REPRESENTATION('',(#8668),#8672);
#8668 = LINE('',#8669,#8670);
#8669 = CARTESIAN_POINT('',(0.30962602435,0.));
#8670 = VECTOR('',#8671,1.);
#8671 = DIRECTION('',(0.,-1.));
#8672 = ( GEOMETRIC_REPRESENTATION_CONTEXT(2) 
PARAMETRIC_REPRESENTATION_CONTEXT() REPRESENTATION_CONTEXT('2D SPACE',''
  ) );
#8673 = PCURVE('',#8674,#8679);
#8674 = PLANE('',#8675);
#8675 = AXIS2_PLACEMENT_3D('',#8676,#8677,#8678);
#8676 = CARTESIAN_POINT('',(60.230902460671,20.,-200.));
#8677 = DIRECTION('',(-0.642219245192,-0.766520998476,0.));
#8678 = DIRECTION('',(-0.766520998476,0.642219245192,0.));
#8679 = DEFINITIONAL_REPRESENTATION('',(#8680),#8684);
#8680 = LINE('',#8681,#8682);
#8681 = CARTESIAN_POINT('',(0.,0.));
#8682 = VECTOR('',#8683,1.);
#8683 = DIRECTION('',(0.,-1.));
#8684 = ( GEOMETRIC_REPRESENTATION_CONTEXT(2) 
PARAMETRIC_REPRESENTATION_CONTEXT() REPRESENTATION_CONTEXT('2D SPACE',''
  ) );
#8685 = ADVANCED_FACE('',(#8686),#8674,.T.);
#8686 = FACE_BOUND('',#8687,.T.);
#8687 = EDGE_LOOP('',(#8688,#8709,#8710,#8731));
#8688 = ORIENTED_EDGE('',*,*,#8689,.T.);
#8689 = EDGE_CURVE('',#8690,#8618,#8692,.T.);
#8690 = VERTEX_POINT('',#8691);
#8691 = CARTESIAN_POINT('',(59.992192392664,20.2,-61.64));
#8692 = SURFACE_CURVE('',#8693,(#8697,#8703),.PCURVE_S1.);
#8693 = LINE('',#8694,#8695);
#8694 = CARTESIAN_POINT('',(78.416245253535,4.76365664449,-61.64));
#8695 = VECTOR('',#8696,1.);
#8696 = DIRECTION('',(0.766520998476,-0.642219245192,0.));
#8697 = PCURVE('',#8674,#8698);
#8698 = DEFINITIONAL_REPRESENTATION('',(#8699),#8702);
#8699 = B_SPLINE_CURVE_WITH_KNOTS('',1,(#8700,#8701),.UNSPECIFIED.,.F.,
  .F.,(2,2),(-24.03594017319,-23.72452004448),.PIECEWISE_BEZIER_KNOTS.);
#8700 = CARTESIAN_POINT('',(0.311420128714,-138.36));
#8701 = CARTESIAN_POINT('',(0.,-138.36));
#8702 = ( GEOMETRIC_REPRESENTATION_CONTEXT(2) 
PARAMETRIC_REPRESENTATION_CONTEXT() REPRESENTATION_CONTEXT('2D SPACE',''
  ) );
#8703 = PCURVE('',#126,#8704);
#8704 = DEFINITIONAL_REPRESENTATION('',(#8705),#8708);
#8705 = B_SPLINE_CURVE_WITH_KNOTS('',1,(#8706,#8707),.UNSPECIFIED.,.F.,
  .F.,(2,2),(-24.03594017319,-23.72452004448),.PIECEWISE_BEZIER_KNOTS.);
#8706 = CARTESIAN_POINT('',(-4.329807607336,69.2));
#8707 = CARTESIAN_POINT('',(-4.091097539329,69.));
#8708 = ( GEOMETRIC_REPRESENTATION_CONTEXT(2) 
PARAMETRIC_REPRESENTATION_CONTEXT() REPRESENTATION_CONTEXT('2D SPACE',''
  ) );
#8709 = ORIENTED_EDGE('',*,*,#8660,.T.);
#8710 = ORIENTED_EDGE('',*,*,#8711,.F.);
#8711 = EDGE_CURVE('',#8712,#8640,#8714,.T.);
#8712 = VERTEX_POINT('',#8713);
#8713 = CARTESIAN_POINT('',(59.992192392664,20.2,57.94));
#8714 = SURFACE_CURVE('',#8715,(#8719,#8725),.PCURVE_S1.);
#8715 = LINE('',#8716,#8717);
#8716 = CARTESIAN_POINT('',(78.416245253535,4.76365664449,57.94));
#8717 = VECTOR('',#8718,1.);
#8718 = DIRECTION('',(0.766520998476,-0.642219245192,0.));
#8719 = PCURVE('',#8674,#8720);
#8720 = DEFINITIONAL_REPRESENTATION('',(#8721),#8724);
#8721 = B_SPLINE_CURVE_WITH_KNOTS('',1,(#8722,#8723),.UNSPECIFIED.,.F.,
  .F.,(2,2),(-24.03594017319,-23.72452004448),.PIECEWISE_BEZIER_KNOTS.);
#8722 = CARTESIAN_POINT('',(0.311420128714,-257.94));
#8723 = CARTESIAN_POINT('',(0.,-257.94));
#8724 = ( GEOMETRIC_REPRESENTATION_CONTEXT(2) 
PARAMETRIC_REPRESENTATION_CONTEXT() REPRESENTATION_CONTEXT('2D SPACE',''
  ) );
#8725 = PCURVE('',#70,#8726);
#8726 = DEFINITIONAL_REPRESENTATION('',(#8727),#8730);
#8727 = B_SPLINE_CURVE_WITH_KNOTS('',1,(#8728,#8729),.UNSPECIFIED.,.F.,
  .F.,(2,2),(-24.03594017319,-23.72452004448),.PIECEWISE_BEZIER_KNOTS.);
#8728 = CARTESIAN_POINT('',(-4.329807607336,69.2));
#8729 = CARTESIAN_POINT('',(-4.091097539329,69.));
#8730 = ( GEOMETRIC_REPRESENTATION_CONTEXT(2) 
PARAMETRIC_REPRESENTATION_CONTEXT() REPRESENTATION_CONTEXT('2D SPACE',''
  ) );
#8731 = ORIENTED_EDGE('',*,*,#8732,.F.);
#8732 = EDGE_CURVE('',#8690,#8712,#8733,.T.);
#8733 = SURFACE_CURVE('',#8734,(#8738,#8745),.PCURVE_S1.);
#8734 = LINE('',#8735,#8736);
#8735 = CARTESIAN_POINT('',(59.992192392664,20.2,-200.));
#8736 = VECTOR('',#8737,1.);
#8737 = DIRECTION('',(0.,0.,1.));
#8738 = PCURVE('',#8674,#8739);
#8739 = DEFINITIONAL_REPRESENTATION('',(#8740),#8744);
#8740 = LINE('',#8741,#8742);
#8741 = CARTESIAN_POINT('',(0.311420128714,0.));
#8742 = VECTOR('',#8743,1.);
#8743 = DIRECTION('',(0.,-1.));
#8744 = ( GEOMETRIC_REPRESENTATION_CONTEXT(2) 
PARAMETRIC_REPRESENTATION_CONTEXT() REPRESENTATION_CONTEXT('2D SPACE',''
  ) );
#8745 = PCURVE('',#8746,#8751);
#8746 = PLANE('',#8747);
#8747 = AXIS2_PLACEMENT_3D('',#8748,#8749,#8750);
#8748 = CARTESIAN_POINT('',(59.992192392664,20.2,-200.));
#8749 = DIRECTION('',(-0.638423058423,-0.769685649129,0.));
#8750 = DIRECTION('',(-0.769685649129,0.638423058423,0.));
#8751 = DEFINITIONAL_REPRESENTATION('',(#8752),#8756);
#8752 = LINE('',#8753,#8754);
#8753 = CARTESIAN_POINT('',(0.,0.));
#8754 = VECTOR('',#8755,1.);
#8755 = DIRECTION('',(0.,-1.));
#8756 = ( GEOMETRIC_REPRESENTATION_CONTEXT(2) 
PARAMETRIC_REPRESENTATION_CONTEXT() REPRESENTATION_CONTEXT('2D SPACE',''
  ) );
#8757 = ADVANCED_FACE('',(#8758),#8746,.T.);
#8758 = FACE_BOUND('',#8759,.T.);
#8759 = EDGE_LOOP('',(#8760,#8781,#8782,#8803));
#8760 = ORIENTED_EDGE('',*,*,#8761,.T.);
#8761 = EDGE_CURVE('',#8762,#8690,#8764,.T.);
#8762 = VERTEX_POINT('',#8763);
#8763 = CARTESIAN_POINT('',(59.751071512403,20.4,-61.64));
#8764 = SURFACE_CURVE('',#8765,(#8769,#8775),.PCURVE_S1.);
#8765 = LINE('',#8766,#8767);
#8766 = CARTESIAN_POINT('',(78.276639329579,5.033792148462,-61.64));
#8767 = VECTOR('',#8768,1.);
#8768 = DIRECTION('',(0.769685649129,-0.638423058423,0.));
#8769 = PCURVE('',#8746,#8770);
#8770 = DEFINITIONAL_REPRESENTATION('',(#8771),#8774);
#8771 = B_SPLINE_CURVE_WITH_KNOTS('',1,(#8772,#8773),.UNSPECIFIED.,.F.,
  .F.,(2,2),(-24.06900510377,-23.75573321084),.PIECEWISE_BEZIER_KNOTS.);
#8772 = CARTESIAN_POINT('',(0.313271892927,-138.36));
#8773 = CARTESIAN_POINT('',(0.,-138.36));
#8774 = ( GEOMETRIC_REPRESENTATION_CONTEXT(2) 
PARAMETRIC_REPRESENTATION_CONTEXT() REPRESENTATION_CONTEXT('2D SPACE',''
  ) );
#8775 = PCURVE('',#126,#8776);
#8776 = DEFINITIONAL_REPRESENTATION('',(#8777),#8780);
#8777 = B_SPLINE_CURVE_WITH_KNOTS('',1,(#8778,#8779),.UNSPECIFIED.,.F.,
  .F.,(2,2),(-24.06900510377,-23.75573321084),.PIECEWISE_BEZIER_KNOTS.);
#8778 = CARTESIAN_POINT('',(-4.570928487597,69.4));
#8779 = CARTESIAN_POINT('',(-4.329807607336,69.2));
#8780 = ( GEOMETRIC_REPRESENTATION_CONTEXT(2) 
PARAMETRIC_REPRESENTATION_CONTEXT() REPRESENTATION_CONTEXT('2D SPACE',''
  ) );
#8781 = ORIENTED_EDGE('',*,*,#8732,.T.);
#8782 = ORIENTED_EDGE('',*,*,#8783,.F.);
#8783 = EDGE_CURVE('',#8784,#8712,#8786,.T.);
#8784 = VERTEX_POINT('',#8785);
#8785 = CARTESIAN_POINT('',(59.751071512403,20.4,57.94));
#8786 = SURFACE_CURVE('',#8787,(#8791,#8797),.PCURVE_S1.);
#8787 = LINE('',#8788,#8789);
#8788 = CARTESIAN_POINT('',(78.276639329579,5.033792148462,57.94));
#8789 = VECTOR('',#8790,1.);
#8790 = DIRECTION('',(0.769685649129,-0.638423058423,0.));
#8791 = PCURVE('',#8746,#8792);
#8792 = DEFINITIONAL_REPRESENTATION('',(#8793),#8796);
#8793 = B_SPLINE_CURVE_WITH_KNOTS('',1,(#8794,#8795),.UNSPECIFIED.,.F.,
  .F.,(2,2),(-24.06900510377,-23.75573321084),.PIECEWISE_BEZIER_KNOTS.);
#8794 = CARTESIAN_POINT('',(0.313271892927,-257.94));
#8795 = CARTESIAN_POINT('',(0.,-257.94));
#8796 = ( GEOMETRIC_REPRESENTATION_CONTEXT(2) 
PARAMETRIC_REPRESENTATION_CONTEXT() REPRESENTATION_CONTEXT('2D SPACE',''
  ) );
#8797 = PCURVE('',#70,#8798);
#8798 = DEFINITIONAL_REPRESENTATION('',(#8799),#8802);
#8799 = B_SPLINE_CURVE_WITH_KNOTS('',1,(#8800,#8801),.UNSPECIFIED.,.F.,
  .F.,(2,2),(-24.06900510377,-23.75573321084),.PIECEWISE_BEZIER_KNOTS.);
#8800 = CARTESIAN_POINT('',(-4.570928487597,69.4));
#8801 = CARTESIAN_POINT('',(-4.329807607336,69.2));
#8802 = ( GEOMETRIC_REPRESENTATION_CONTEXT(2) 
PARAMETRIC_REPRESENTATION_CONTEXT() REPRESENTATION_CONTEXT('2D SPACE',''
  ) );
#8803 = ORIENTED_EDGE('',*,*,#8804,.F.);
#8804 = EDGE_CURVE('',#8762,#8784,#8805,.T.);
#8805 = SURFACE_CURVE('',#8806,(#8810,#8817),.PCURVE_S1.);
#8806 = LINE('',#8807,#8808);
#8807 = CARTESIAN_POINT('',(59.751071512403,20.4,-200.));
#8808 = VECTOR('',#8809,1.);
#8809 = DIRECTION('',(0.,0.,1.));
#8810 = PCURVE('',#8746,#8811);
#8811 = DEFINITIONAL_REPRESENTATION('',(#8812),#8816);
#8812 = LINE('',#8813,#8814);
#8813 = CARTESIAN_POINT('',(0.313271892927,0.));
#8814 = VECTOR('',#8815,1.);
#8815 = DIRECTION('',(0.,-1.));
#8816 = ( GEOMETRIC_REPRESENTATION_CONTEXT(2) 
PARAMETRIC_REPRESENTATION_CONTEXT() REPRESENTATION_CONTEXT('2D SPACE',''
  ) );
#8817 = PCURVE('',#8818,#8823);
#8818 = PLANE('',#8819);
#8819 = AXIS2_PLACEMENT_3D('',#8820,#8821,#8822);
#8820 = CARTESIAN_POINT('',(59.751071512403,20.4,-200.));
#8821 = DIRECTION('',(-0.634544292493,-0.772886499342,0.));
#8822 = DIRECTION('',(-0.772886499342,0.634544292493,0.));
#8823 = DEFINITIONAL_REPRESENTATION('',(#8824),#8828);
#8824 = LINE('',#8825,#8826);
#8825 = CARTESIAN_POINT('',(0.,0.));
#8826 = VECTOR('',#8827,1.);
#8827 = DIRECTION('',(0.,-1.));
#8828 = ( GEOMETRIC_REPRESENTATION_CONTEXT(2) 
PARAMETRIC_REPRESENTATION_CONTEXT() REPRESENTATION_CONTEXT('2D SPACE',''
  ) );
#8829 = ADVANCED_FACE('',(#8830),#8818,.T.);
#8830 = FACE_BOUND('',#8831,.T.);
#8831 = EDGE_LOOP('',(#8832,#8853,#8854,#8875));
#8832 = ORIENTED_EDGE('',*,*,#8833,.T.);
#8833 = EDGE_CURVE('',#8834,#8762,#8836,.T.);
#8834 = VERTEX_POINT('',#8835);
#8835 = CARTESIAN_POINT('',(59.507467871653,20.6,-61.64));
#8836 = SURFACE_CURVE('',#8837,(#8841,#8847),.PCURVE_S1.);
#8837 = LINE('',#8838,#8839);
#8838 = CARTESIAN_POINT('',(78.134247547459,5.307306000465,-61.64));
#8839 = VECTOR('',#8840,1.);
#8840 = DIRECTION('',(0.772886499342,-0.634544292493,0.));
#8841 = PCURVE('',#8818,#8842);
#8842 = DEFINITIONAL_REPRESENTATION('',(#8843),#8846);
#8843 = B_SPLINE_CURVE_WITH_KNOTS('',1,(#8844,#8845),.UNSPECIFIED.,.F.,
  .F.,(2,2),(-24.10027823188,-23.78509140826),.PIECEWISE_BEZIER_KNOTS.);
#8844 = CARTESIAN_POINT('',(0.315186823625,-138.36));
#8845 = CARTESIAN_POINT('',(0.,-138.36));
#8846 = ( GEOMETRIC_REPRESENTATION_CONTEXT(2) 
PARAMETRIC_REPRESENTATION_CONTEXT() REPRESENTATION_CONTEXT('2D SPACE',''
  ) );
#8847 = PCURVE('',#126,#8848);
#8848 = DEFINITIONAL_REPRESENTATION('',(#8849),#8852);
#8849 = B_SPLINE_CURVE_WITH_KNOTS('',1,(#8850,#8851),.UNSPECIFIED.,.F.,
  .F.,(2,2),(-24.10027823188,-23.78509140826),.PIECEWISE_BEZIER_KNOTS.);
#8850 = CARTESIAN_POINT('',(-4.814532128347,69.6));
#8851 = CARTESIAN_POINT('',(-4.570928487597,69.4));
#8852 = ( GEOMETRIC_REPRESENTATION_CONTEXT(2) 
PARAMETRIC_REPRESENTATION_CONTEXT() REPRESENTATION_CONTEXT('2D SPACE',''
  ) );
#8853 = ORIENTED_EDGE('',*,*,#8804,.T.);
#8854 = ORIENTED_EDGE('',*,*,#8855,.F.);
#8855 = EDGE_CURVE('',#8856,#8784,#8858,.T.);
#8856 = VERTEX_POINT('',#8857);
#8857 = CARTESIAN_POINT('',(59.507467871653,20.6,57.94));
#8858 = SURFACE_CURVE('',#8859,(#8863,#8869),.PCURVE_S1.);
#8859 = LINE('',#8860,#8861);
#8860 = CARTESIAN_POINT('',(78.134247547459,5.307306000465,57.94));
#8861 = VECTOR('',#8862,1.);
#8862 = DIRECTION('',(0.772886499342,-0.634544292493,0.));
#8863 = PCURVE('',#8818,#8864);
#8864 = DEFINITIONAL_REPRESENTATION('',(#8865),#8868);
#8865 = B_SPLINE_CURVE_WITH_KNOTS('',1,(#8866,#8867),.UNSPECIFIED.,.F.,
  .F.,(2,2),(-24.10027823188,-23.78509140826),.PIECEWISE_BEZIER_KNOTS.);
#8866 = CARTESIAN_POINT('',(0.315186823625,-257.94));
#8867 = CARTESIAN_POINT('',(0.,-257.94));
#8868 = ( GEOMETRIC_REPRESENTATION_CONTEXT(2) 
PARAMETRIC_REPRESENTATION_CONTEXT() REPRESENTATION_CONTEXT('2D SPACE',''
  ) );
#8869 = PCURVE('',#70,#8870);
#8870 = DEFINITIONAL_REPRESENTATION('',(#8871),#8874);
#8871 = B_SPLINE_CURVE_WITH_KNOTS('',1,(#8872,#8873),.UNSPECIFIED.,.F.,
  .F.,(2,2),(-24.10027823188,-23.78509140826),.PIECEWISE_BEZIER_KNOTS.);
#8872 = CARTESIAN_POINT('',(-4.814532128347,69.6));
#8873 = CARTESIAN_POINT('',(-4.570928487597,69.4));
#8874 = ( GEOMETRIC_REPRESENTATION_CONTEXT(2) 
PARAMETRIC_REPRESENTATION_CONTEXT() REPRESENTATION_CONTEXT('2D SPACE',''
  ) );
#8875 = ORIENTED_EDGE('',*,*,#8876,.F.);
#8876 = EDGE_CURVE('',#8834,#8856,#8877,.T.);
#8877 = SURFACE_CURVE('',#8878,(#8882,#8889),.PCURVE_S1.);
#8878 = LINE('',#8879,#8880);
#8879 = CARTESIAN_POINT('',(59.507467871653,20.6,-200.));
#8880 = VECTOR('',#8881,1.);
#8881 = DIRECTION('',(0.,0.,1.));
#8882 = PCURVE('',#8818,#8883);
#8883 = DEFINITIONAL_REPRESENTATION('',(#8884),#8888);
#8884 = LINE('',#8885,#8886);
#8885 = CARTESIAN_POINT('',(0.315186823625,0.));
#8886 = VECTOR('',#8887,1.);
#8887 = DIRECTION('',(0.,-1.));
#8888 = ( GEOMETRIC_REPRESENTATION_CONTEXT(2) 
PARAMETRIC_REPRESENTATION_CONTEXT() REPRESENTATION_CONTEXT('2D SPACE',''
  ) );
#8889 = PCURVE('',#8890,#8895);
#8890 = PLANE('',#8891);
#8891 = AXIS2_PLACEMENT_3D('',#8892,#8893,#8894);
#8892 = CARTESIAN_POINT('',(59.507467871653,20.6,-200.));
#8893 = DIRECTION('',(-0.630578495165,-0.776125480471,0.));
#8894 = DIRECTION('',(-0.776125480471,0.630578495165,0.));
#8895 = DEFINITIONAL_REPRESENTATION('',(#8896),#8900);
#8896 = LINE('',#8897,#8898);
#8897 = CARTESIAN_POINT('',(0.,0.));
#8898 = VECTOR('',#8899,1.);
#8899 = DIRECTION('',(0.,-1.));
#8900 = ( GEOMETRIC_REPRESENTATION_CONTEXT(2) 
PARAMETRIC_REPRESENTATION_CONTEXT() REPRESENTATION_CONTEXT('2D SPACE',''
  ) );
#8901 = ADVANCED_FACE('',(#8902),#8890,.T.);
#8902 = FACE_BOUND('',#8903,.T.);
#8903 = EDGE_LOOP('',(#8904,#8925,#8926,#8947));
#8904 = ORIENTED_EDGE('',*,*,#8905,.T.);
#8905 = EDGE_CURVE('',#8906,#8834,#8908,.T.);
#8906 = VERTEX_POINT('',#8907);
#8907 = CARTESIAN_POINT('',(59.261304868499,20.8,-61.64));
#8908 = SURFACE_CURVE('',#8909,(#8913,#8919),.PCURVE_S1.);
#8909 = LINE('',#8910,#8911);
#8910 = CARTESIAN_POINT('',(77.988934269897,5.584367137679,-61.64));
#8911 = VECTOR('',#8912,1.);
#8912 = DIRECTION('',(0.776125480471,-0.630578495165,0.));
#8913 = PCURVE('',#8890,#8914);
#8914 = DEFINITIONAL_REPRESENTATION('',(#8915),#8918);
#8915 = B_SPLINE_CURVE_WITH_KNOTS('',1,(#8916,#8917),.UNSPECIFIED.,.F.,
  .F.,(2,2),(-24.12964124053,-23.8124721624),.PIECEWISE_BEZIER_KNOTS.);
#8916 = CARTESIAN_POINT('',(0.31716907813,-138.36));
#8917 = CARTESIAN_POINT('',(0.,-138.36));
#8918 = ( GEOMETRIC_REPRESENTATION_CONTEXT(2) 
PARAMETRIC_REPRESENTATION_CONTEXT() REPRESENTATION_CONTEXT('2D SPACE',''
  ) );
#8919 = PCURVE('',#126,#8920);
#8920 = DEFINITIONAL_REPRESENTATION('',(#8921),#8924);
#8921 = B_SPLINE_CURVE_WITH_KNOTS('',1,(#8922,#8923),.UNSPECIFIED.,.F.,
  .F.,(2,2),(-24.12964124053,-23.8124721624),.PIECEWISE_BEZIER_KNOTS.);
#8922 = CARTESIAN_POINT('',(-5.060695131501,69.8));
#8923 = CARTESIAN_POINT('',(-4.814532128347,69.6));
#8924 = ( GEOMETRIC_REPRESENTATION_CONTEXT(2) 
PARAMETRIC_REPRESENTATION_CONTEXT() REPRESENTATION_CONTEXT('2D SPACE',''
  ) );
#8925 = ORIENTED_EDGE('',*,*,#8876,.T.);
#8926 = ORIENTED_EDGE('',*,*,#8927,.F.);
#8927 = EDGE_CURVE('',#8928,#8856,#8930,.T.);
#8928 = VERTEX_POINT('',#8929);
#8929 = CARTESIAN_POINT('',(59.261304868499,20.8,57.94));
#8930 = SURFACE_CURVE('',#8931,(#8935,#8941),.PCURVE_S1.);
#8931 = LINE('',#8932,#8933);
#8932 = CARTESIAN_POINT('',(77.988934269897,5.584367137679,57.94));
#8933 = VECTOR('',#8934,1.);
#8934 = DIRECTION('',(0.776125480471,-0.630578495165,0.));
#8935 = PCURVE('',#8890,#8936);
#8936 = DEFINITIONAL_REPRESENTATION('',(#8937),#8940);
#8937 = B_SPLINE_CURVE_WITH_KNOTS('',1,(#8938,#8939),.UNSPECIFIED.,.F.,
  .F.,(2,2),(-24.12964124053,-23.8124721624),.PIECEWISE_BEZIER_KNOTS.);
#8938 = CARTESIAN_POINT('',(0.31716907813,-257.94));
#8939 = CARTESIAN_POINT('',(0.,-257.94));
#8940 = ( GEOMETRIC_REPRESENTATION_CONTEXT(2) 
PARAMETRIC_REPRESENTATION_CONTEXT() REPRESENTATION_CONTEXT('2D SPACE',''
  ) );
#8941 = PCURVE('',#70,#8942);
#8942 = DEFINITIONAL_REPRESENTATION('',(#8943),#8946);
#8943 = B_SPLINE_CURVE_WITH_KNOTS('',1,(#8944,#8945),.UNSPECIFIED.,.F.,
  .F.,(2,2),(-24.12964124053,-23.8124721624),.PIECEWISE_BEZIER_KNOTS.);
#8944 = CARTESIAN_POINT('',(-5.060695131501,69.8));
#8945 = CARTESIAN_POINT('',(-4.814532128347,69.6));
#8946 = ( GEOMETRIC_REPRESENTATION_CONTEXT(2) 
PARAMETRIC_REPRESENTATION_CONTEXT() REPRESENTATION_CONTEXT('2D SPACE',''
  ) );
#8947 = ORIENTED_EDGE('',*,*,#8948,.F.);
#8948 = EDGE_CURVE('',#8906,#8928,#8949,.T.);
#8949 = SURFACE_CURVE('',#8950,(#8954,#8961),.PCURVE_S1.);
#8950 = LINE('',#8951,#8952);
#8951 = CARTESIAN_POINT('',(59.261304868499,20.8,-200.));
#8952 = VECTOR('',#8953,1.);
#8953 = DIRECTION('',(0.,0.,1.));
#8954 = PCURVE('',#8890,#8955);
#8955 = DEFINITIONAL_REPRESENTATION('',(#8956),#8960);
#8956 = LINE('',#8957,#8958);
#8957 = CARTESIAN_POINT('',(0.31716907813,0.));
#8958 = VECTOR('',#8959,1.);
#8959 = DIRECTION('',(0.,-1.));
#8960 = ( GEOMETRIC_REPRESENTATION_CONTEXT(2) 
PARAMETRIC_REPRESENTATION_CONTEXT() REPRESENTATION_CONTEXT('2D SPACE',''
  ) );
#8961 = PCURVE('',#8962,#8967);
#8962 = PLANE('',#8963);
#8963 = AXIS2_PLACEMENT_3D('',#8964,#8965,#8966);
#8964 = CARTESIAN_POINT('',(59.261304868499,20.8,-200.));
#8965 = DIRECTION('',(-0.626528543762,-0.779398475654,0.));
#8966 = DIRECTION('',(-0.779398475654,0.626528543762,0.));
#8967 = DEFINITIONAL_REPRESENTATION('',(#8968),#8972);
#8968 = LINE('',#8969,#8970);
#8969 = CARTESIAN_POINT('',(0.,0.));
#8970 = VECTOR('',#8971,1.);
#8971 = DIRECTION('',(0.,-1.));
#8972 = ( GEOMETRIC_REPRESENTATION_CONTEXT(2) 
PARAMETRIC_REPRESENTATION_CONTEXT() REPRESENTATION_CONTEXT('2D SPACE',''
  ) );
#8973 = ADVANCED_FACE('',(#8974),#8962,.T.);
#8974 = FACE_BOUND('',#8975,.T.);
#8975 = EDGE_LOOP('',(#8976,#8997,#8998,#9019));
#8976 = ORIENTED_EDGE('',*,*,#8977,.T.);
#8977 = EDGE_CURVE('',#8978,#8906,#8980,.T.);
#8978 = VERTEX_POINT('',#8979);
#8979 = CARTESIAN_POINT('',(59.012505836623,21.,-61.64));
#8980 = SURFACE_CURVE('',#8981,(#8985,#8991),.PCURVE_S1.);
#8981 = LINE('',#8982,#8983);
#8982 = CARTESIAN_POINT('',(77.840602000085,5.864815573057,-61.64));
#8983 = VECTOR('',#8984,1.);
#8984 = DIRECTION('',(0.779398475654,-0.626528543762,0.));
#8985 = PCURVE('',#8962,#8986);
#8986 = DEFINITIONAL_REPRESENTATION('',(#8987),#8990);
#8987 = B_SPLINE_CURVE_WITH_KNOTS('',1,(#8988,#8989),.UNSPECIFIED.,.F.,
  .F.,(2,2),(-24.15721450784,-23.8379952129),.PIECEWISE_BEZIER_KNOTS.);
#8988 = CARTESIAN_POINT('',(0.319219294941,-138.36));
#8989 = CARTESIAN_POINT('',(0.,-138.36));
#8990 = ( GEOMETRIC_REPRESENTATION_CONTEXT(2) 
PARAMETRIC_REPRESENTATION_CONTEXT() REPRESENTATION_CONTEXT('2D SPACE',''
  ) );
#8991 = PCURVE('',#126,#8992);
#8992 = DEFINITIONAL_REPRESENTATION('',(#8993),#8996);
#8993 = B_SPLINE_CURVE_WITH_KNOTS('',1,(#8994,#8995),.UNSPECIFIED.,.F.,
  .F.,(2,2),(-24.15721450784,-23.8379952129),.PIECEWISE_BEZIER_KNOTS.);
#8994 = CARTESIAN_POINT('',(-5.309494163377,70.));
#8995 = CARTESIAN_POINT('',(-5.060695131501,69.8));
#8996 = ( GEOMETRIC_REPRESENTATION_CONTEXT(2) 
PARAMETRIC_REPRESENTATION_CONTEXT() REPRESENTATION_CONTEXT('2D SPACE',''
  ) );
#8997 = ORIENTED_EDGE('',*,*,#8948,.T.);
#8998 = ORIENTED_EDGE('',*,*,#8999,.F.);
#8999 = EDGE_CURVE('',#9000,#8928,#9002,.T.);
#9000 = VERTEX_POINT('',#9001);
#9001 = CARTESIAN_POINT('',(59.012505836623,21.,57.94));
#9002 = SURFACE_CURVE('',#9003,(#9007,#9013),.PCURVE_S1.);
#9003 = LINE('',#9004,#9005);
#9004 = CARTESIAN_POINT('',(77.840602000085,5.864815573057,57.94));
#9005 = VECTOR('',#9006,1.);
#9006 = DIRECTION('',(0.779398475654,-0.626528543762,0.));
#9007 = PCURVE('',#8962,#9008);
#9008 = DEFINITIONAL_REPRESENTATION('',(#9009),#9012);
#9009 = B_SPLINE_CURVE_WITH_KNOTS('',1,(#9010,#9011),.UNSPECIFIED.,.F.,
  .F.,(2,2),(-24.15721450784,-23.8379952129),.PIECEWISE_BEZIER_KNOTS.);
#9010 = CARTESIAN_POINT('',(0.319219294941,-257.94));
#9011 = CARTESIAN_POINT('',(0.,-257.94));
#9012 = ( GEOMETRIC_REPRESENTATION_CONTEXT(2) 
PARAMETRIC_REPRESENTATION_CONTEXT() REPRESENTATION_CONTEXT('2D SPACE',''
  ) );
#9013 = PCURVE('',#70,#9014);
#9014 = DEFINITIONAL_REPRESENTATION('',(#9015),#9018);
#9015 = B_SPLINE_CURVE_WITH_KNOTS('',1,(#9016,#9017),.UNSPECIFIED.,.F.,
  .F.,(2,2),(-24.15721450784,-23.8379952129),.PIECEWISE_BEZIER_KNOTS.);
#9016 = CARTESIAN_POINT('',(-5.309494163377,70.));
#9017 = CARTESIAN_POINT('',(-5.060695131501,69.8));
#9018 = ( GEOMETRIC_REPRESENTATION_CONTEXT(2) 
PARAMETRIC_REPRESENTATION_CONTEXT() REPRESENTATION_CONTEXT('2D SPACE',''
  ) );
#9019 = ORIENTED_EDGE('',*,*,#9020,.F.);
#9020 = EDGE_CURVE('',#8978,#9000,#9021,.T.);
#9021 = SURFACE_CURVE('',#9022,(#9026,#9033),.PCURVE_S1.);
#9022 = LINE('',#9023,#9024);
#9023 = CARTESIAN_POINT('',(59.012505836623,21.,-200.));
#9024 = VECTOR('',#9025,1.);
#9025 = DIRECTION('',(0.,0.,1.));
#9026 = PCURVE('',#8962,#9027);
#9027 = DEFINITIONAL_REPRESENTATION('',(#9028),#9032);
#9028 = LINE('',#9029,#9030);
#9029 = CARTESIAN_POINT('',(0.319219294941,0.));
#9030 = VECTOR('',#9031,1.);
#9031 = DIRECTION('',(0.,-1.));
#9032 = ( GEOMETRIC_REPRESENTATION_CONTEXT(2) 
PARAMETRIC_REPRESENTATION_CONTEXT() REPRESENTATION_CONTEXT('2D SPACE',''
  ) );
#9033 = PCURVE('',#9034,#9039);
#9034 = PLANE('',#9035);
#9035 = AXIS2_PLACEMENT_3D('',#9036,#9037,#9038);
#9036 = CARTESIAN_POINT('',(59.012505836623,21.,-200.));
#9037 = DIRECTION('',(-0.622400961013,-0.782698565049,0.));
#9038 = DIRECTION('',(-0.782698565049,0.622400961013,0.));
#9039 = DEFINITIONAL_REPRESENTATION('',(#9040),#9044);
#9040 = LINE('',#9041,#9042);
#9041 = CARTESIAN_POINT('',(0.,0.));
#9042 = VECTOR('',#9043,1.);
#9043 = DIRECTION('',(0.,-1.));
#9044 = ( GEOMETRIC_REPRESENTATION_CONTEXT(2) 
PARAMETRIC_REPRESENTATION_CONTEXT() REPRESENTATION_CONTEXT('2D SPACE',''
  ) );
#9045 = ADVANCED_FACE('',(#9046),#9034,.T.);
#9046 = FACE_BOUND('',#9047,.T.);
#9047 = EDGE_LOOP('',(#9048,#9069,#9070,#9091));
#9048 = ORIENTED_EDGE('',*,*,#9049,.T.);
#9049 = EDGE_CURVE('',#9050,#8978,#9052,.T.);
#9050 = VERTEX_POINT('',#9051);
#9051 = CARTESIAN_POINT('',(58.76099640329,21.2,-61.64));
#9052 = SURFACE_CURVE('',#9053,(#9057,#9063),.PCURVE_S1.);
#9053 = LINE('',#9054,#9055);
#9054 = CARTESIAN_POINT('',(77.689181013111,6.148330280075,-61.64));
#9055 = VECTOR('',#9056,1.);
#9056 = DIRECTION('',(0.782698565049,-0.622400961013,0.));
#9057 = PCURVE('',#9034,#9058);
#9058 = DEFINITIONAL_REPRESENTATION('',(#9059),#9062);
#9059 = B_SPLINE_CURVE_WITH_KNOTS('',1,(#9060,#9061),.UNSPECIFIED.,.F.,
  .F.,(2,2),(-24.18323663162,-23.86190036685),.PIECEWISE_BEZIER_KNOTS.);
#9060 = CARTESIAN_POINT('',(0.321336264768,-138.36));
#9061 = CARTESIAN_POINT('',(0.,-138.36));
#9062 = ( GEOMETRIC_REPRESENTATION_CONTEXT(2) 
PARAMETRIC_REPRESENTATION_CONTEXT() REPRESENTATION_CONTEXT('2D SPACE',''
  ) );
#9063 = PCURVE('',#126,#9064);
#9064 = DEFINITIONAL_REPRESENTATION('',(#9065),#9068);
#9065 = B_SPLINE_CURVE_WITH_KNOTS('',1,(#9066,#9067),.UNSPECIFIED.,.F.,
  .F.,(2,2),(-24.18323663162,-23.86190036685),.PIECEWISE_BEZIER_KNOTS.);
#9066 = CARTESIAN_POINT('',(-5.56100359671,70.2));
#9067 = CARTESIAN_POINT('',(-5.309494163377,70.));
#9068 = ( GEOMETRIC_REPRESENTATION_CONTEXT(2) 
PARAMETRIC_REPRESENTATION_CONTEXT() REPRESENTATION_CONTEXT('2D SPACE',''
  ) );
#9069 = ORIENTED_EDGE('',*,*,#9020,.T.);
#9070 = ORIENTED_EDGE('',*,*,#9071,.F.);
#9071 = EDGE_CURVE('',#9072,#9000,#9074,.T.);
#9072 = VERTEX_POINT('',#9073);
#9073 = CARTESIAN_POINT('',(58.76099640329,21.2,57.94));
#9074 = SURFACE_CURVE('',#9075,(#9079,#9085),.PCURVE_S1.);
#9075 = LINE('',#9076,#9077);
#9076 = CARTESIAN_POINT('',(77.689181013111,6.148330280075,57.94));
#9077 = VECTOR('',#9078,1.);
#9078 = DIRECTION('',(0.782698565049,-0.622400961013,0.));
#9079 = PCURVE('',#9034,#9080);
#9080 = DEFINITIONAL_REPRESENTATION('',(#9081),#9084);
#9081 = B_SPLINE_CURVE_WITH_KNOTS('',1,(#9082,#9083),.UNSPECIFIED.,.F.,
  .F.,(2,2),(-24.18323663162,-23.86190036685),.PIECEWISE_BEZIER_KNOTS.);
#9082 = CARTESIAN_POINT('',(0.321336264768,-257.94));
#9083 = CARTESIAN_POINT('',(0.,-257.94));
#9084 = ( GEOMETRIC_REPRESENTATION_CONTEXT(2) 
PARAMETRIC_REPRESENTATION_CONTEXT() REPRESENTATION_CONTEXT('2D SPACE',''
  ) );
#9085 = PCURVE('',#70,#9086);
#9086 = DEFINITIONAL_REPRESENTATION('',(#9087),#9090);
#9087 = B_SPLINE_CURVE_WITH_KNOTS('',1,(#9088,#9089),.UNSPECIFIED.,.F.,
  .F.,(2,2),(-24.18323663162,-23.86190036685),.PIECEWISE_BEZIER_KNOTS.);
#9088 = CARTESIAN_POINT('',(-5.56100359671,70.2));
#9089 = CARTESIAN_POINT('',(-5.309494163377,70.));
#9090 = ( GEOMETRIC_REPRESENTATION_CONTEXT(2) 
PARAMETRIC_REPRESENTATION_CONTEXT() REPRESENTATION_CONTEXT('2D SPACE',''
  ) );
#9091 = ORIENTED_EDGE('',*,*,#9092,.F.);
#9092 = EDGE_CURVE('',#9050,#9072,#9093,.T.);
#9093 = SURFACE_CURVE('',#9094,(#9098,#9105),.PCURVE_S1.);
#9094 = LINE('',#9095,#9096);
#9095 = CARTESIAN_POINT('',(58.76099640329,21.2,-200.));
#9096 = VECTOR('',#9097,1.);
#9097 = DIRECTION('',(0.,0.,1.));
#9098 = PCURVE('',#9034,#9099);
#9099 = DEFINITIONAL_REPRESENTATION('',(#9100),#9104);
#9100 = LINE('',#9101,#9102);
#9101 = CARTESIAN_POINT('',(0.321336264768,0.));
#9102 = VECTOR('',#9103,1.);
#9103 = DIRECTION('',(0.,-1.));
#9104 = ( GEOMETRIC_REPRESENTATION_CONTEXT(2) 
PARAMETRIC_REPRESENTATION_CONTEXT() REPRESENTATION_CONTEXT('2D SPACE',''
  ) );
#9105 = PCURVE('',#9106,#9111);
#9106 = PLANE('',#9107);
#9107 = AXIS2_PLACEMENT_3D('',#9108,#9109,#9110);
#9108 = CARTESIAN_POINT('',(58.76099640329,21.2,-200.));
#9109 = DIRECTION('',(-0.618210155392,-0.786012852166,0.));
#9110 = DIRECTION('',(-0.786012852166,0.618210155392,0.));
#9111 = DEFINITIONAL_REPRESENTATION('',(#9112),#9116);
#9112 = LINE('',#9113,#9114);
#9113 = CARTESIAN_POINT('',(0.,0.));
#9114 = VECTOR('',#9115,1.);
#9115 = DIRECTION('',(0.,-1.));
#9116 = ( GEOMETRIC_REPRESENTATION_CONTEXT(2) 
PARAMETRIC_REPRESENTATION_CONTEXT() REPRESENTATION_CONTEXT('2D SPACE',''
  ) );
#9117 = ADVANCED_FACE('',(#9118),#9106,.T.);
#9118 = FACE_BOUND('',#9119,.T.);
#9119 = EDGE_LOOP('',(#9120,#9141,#9142,#9163));
#9120 = ORIENTED_EDGE('',*,*,#9121,.T.);
#9121 = EDGE_CURVE('',#9122,#9050,#9124,.T.);
#9122 = VERTEX_POINT('',#9123);
#9123 = CARTESIAN_POINT('',(58.506709783988,21.4,-61.64));
#9124 = SURFACE_CURVE('',#9125,(#9129,#9135),.PCURVE_S1.);
#9125 = LINE('',#9126,#9127);
#9126 = CARTESIAN_POINT('',(77.534667043394,6.434244183515,-61.64));
#9127 = VECTOR('',#9128,1.);
#9128 = DIRECTION('',(0.786012852166,-0.618210155392,0.));
#9129 = PCURVE('',#9106,#9130);
#9130 = DEFINITIONAL_REPRESENTATION('',(#9131),#9134);
#9131 = B_SPLINE_CURVE_WITH_KNOTS('',1,(#9132,#9133),.UNSPECIFIED.,.F.,
  .F.,(2,2),(-24.20820118522,-23.88468660324),.PIECEWISE_BEZIER_KNOTS.);
#9132 = CARTESIAN_POINT('',(0.323514581984,-138.36));
#9133 = CARTESIAN_POINT('',(0.,-138.36));
#9134 = ( GEOMETRIC_REPRESENTATION_CONTEXT(2) 
PARAMETRIC_REPRESENTATION_CONTEXT() REPRESENTATION_CONTEXT('2D SPACE',''
  ) );
#9135 = PCURVE('',#126,#9136);
#9136 = DEFINITIONAL_REPRESENTATION('',(#9137),#9140);
#9137 = B_SPLINE_CURVE_WITH_KNOTS('',1,(#9138,#9139),.UNSPECIFIED.,.F.,
  .F.,(2,2),(-24.20820118522,-23.88468660324),.PIECEWISE_BEZIER_KNOTS.);
#9138 = CARTESIAN_POINT('',(-5.815290216012,70.4));
#9139 = CARTESIAN_POINT('',(-5.56100359671,70.2));
#9140 = ( GEOMETRIC_REPRESENTATION_CONTEXT(2) 
PARAMETRIC_REPRESENTATION_CONTEXT() REPRESENTATION_CONTEXT('2D SPACE',''
  ) );
#9141 = ORIENTED_EDGE('',*,*,#9092,.T.);
#9142 = ORIENTED_EDGE('',*,*,#9143,.F.);
#9143 = EDGE_CURVE('',#9144,#9072,#9146,.T.);
#9144 = VERTEX_POINT('',#9145);
#9145 = CARTESIAN_POINT('',(58.506709783988,21.4,57.94));
#9146 = SURFACE_CURVE('',#9147,(#9151,#9157),.PCURVE_S1.);
#9147 = LINE('',#9148,#9149);
#9148 = CARTESIAN_POINT('',(77.534667043394,6.434244183515,57.94));
#9149 = VECTOR('',#9150,1.);
#9150 = DIRECTION('',(0.786012852166,-0.618210155392,0.));
#9151 = PCURVE('',#9106,#9152);
#9152 = DEFINITIONAL_REPRESENTATION('',(#9153),#9156);
#9153 = B_SPLINE_CURVE_WITH_KNOTS('',1,(#9154,#9155),.UNSPECIFIED.,.F.,
  .F.,(2,2),(-24.20820118522,-23.88468660324),.PIECEWISE_BEZIER_KNOTS.);
#9154 = CARTESIAN_POINT('',(0.323514581984,-257.94));
#9155 = CARTESIAN_POINT('',(0.,-257.94));
#9156 = ( GEOMETRIC_REPRESENTATION_CONTEXT(2) 
PARAMETRIC_REPRESENTATION_CONTEXT() REPRESENTATION_CONTEXT('2D SPACE',''
  ) );
#9157 = PCURVE('',#70,#9158);
#9158 = DEFINITIONAL_REPRESENTATION('',(#9159),#9162);
#9159 = B_SPLINE_CURVE_WITH_KNOTS('',1,(#9160,#9161),.UNSPECIFIED.,.F.,
  .F.,(2,2),(-24.20820118522,-23.88468660324),.PIECEWISE_BEZIER_KNOTS.);
#9160 = CARTESIAN_POINT('',(-5.815290216012,70.4));
#9161 = CARTESIAN_POINT('',(-5.56100359671,70.2));
#9162 = ( GEOMETRIC_REPRESENTATION_CONTEXT(2) 
PARAMETRIC_REPRESENTATION_CONTEXT() REPRESENTATION_CONTEXT('2D SPACE',''
  ) );
#9163 = ORIENTED_EDGE('',*,*,#9164,.F.);
#9164 = EDGE_CURVE('',#9122,#9144,#9165,.T.);
#9165 = SURFACE_CURVE('',#9166,(#9170,#9177),.PCURVE_S1.);
#9166 = LINE('',#9167,#9168);
#9167 = CARTESIAN_POINT('',(58.506709783988,21.4,-200.));
#9168 = VECTOR('',#9169,1.);
#9169 = DIRECTION('',(0.,0.,1.));
#9170 = PCURVE('',#9106,#9171);
#9171 = DEFINITIONAL_REPRESENTATION('',(#9172),#9176);
#9172 = LINE('',#9173,#9174);
#9173 = CARTESIAN_POINT('',(0.323514581984,0.));
#9174 = VECTOR('',#9175,1.);
#9175 = DIRECTION('',(0.,-1.));
#9176 = ( GEOMETRIC_REPRESENTATION_CONTEXT(2) 
PARAMETRIC_REPRESENTATION_CONTEXT() REPRESENTATION_CONTEXT('2D SPACE',''
  ) );
#9177 = PCURVE('',#9178,#9183);
#9178 = PLANE('',#9179);
#9179 = AXIS2_PLACEMENT_3D('',#9180,#9181,#9182);
#9180 = CARTESIAN_POINT('',(58.506709783988,21.4,-200.));
#9181 = DIRECTION('',(-0.613977469392,-0.789323550313,0.));
#9182 = DIRECTION('',(-0.789323550313,0.613977469392,0.));
#9183 = DEFINITIONAL_REPRESENTATION('',(#9184),#9188);
#9184 = LINE('',#9185,#9186);
#9185 = CARTESIAN_POINT('',(0.,0.));
#9186 = VECTOR('',#9187,1.);
#9187 = DIRECTION('',(0.,-1.));
#9188 = ( GEOMETRIC_REPRESENTATION_CONTEXT(2) 
PARAMETRIC_REPRESENTATION_CONTEXT() REPRESENTATION_CONTEXT('2D SPACE',''
  ) );
#9189 = ADVANCED_FACE('',(#9190),#9178,.T.);
#9190 = FACE_BOUND('',#9191,.T.);
#9191 = EDGE_LOOP('',(#9192,#9213,#9214,#9235));
#9192 = ORIENTED_EDGE('',*,*,#9193,.T.);
#9193 = EDGE_CURVE('',#9194,#9122,#9196,.T.);
#9194 = VERTEX_POINT('',#9195);
#9195 = CARTESIAN_POINT('',(58.24959170078,21.6,-61.64));
#9196 = SURFACE_CURVE('',#9197,(#9201,#9207),.PCURVE_S1.);
#9197 = LINE('',#9198,#9199);
#9198 = CARTESIAN_POINT('',(77.377130796438,6.721591716126,-61.64));
#9199 = VECTOR('',#9200,1.);
#9200 = DIRECTION('',(0.789323550313,-0.613977469392,0.));
#9201 = PCURVE('',#9178,#9202);
#9202 = DEFINITIONAL_REPRESENTATION('',(#9203),#9206);
#9203 = B_SPLINE_CURVE_WITH_KNOTS('',1,(#9204,#9205),.UNSPECIFIED.,.F.,
  .F.,(2,2),(-24.23282453445,-23.90707968228),.PIECEWISE_BEZIER_KNOTS.);
#9204 = CARTESIAN_POINT('',(0.325744852166,-138.36));
#9205 = CARTESIAN_POINT('',(0.,-138.36));
#9206 = ( GEOMETRIC_REPRESENTATION_CONTEXT(2) 
PARAMETRIC_REPRESENTATION_CONTEXT() REPRESENTATION_CONTEXT('2D SPACE',''
  ) );
#9207 = PCURVE('',#126,#9208);
#9208 = DEFINITIONAL_REPRESENTATION('',(#9209),#9212);
#9209 = B_SPLINE_CURVE_WITH_KNOTS('',1,(#9210,#9211),.UNSPECIFIED.,.F.,
  .F.,(2,2),(-24.23282453445,-23.90707968228),.PIECEWISE_BEZIER_KNOTS.);
#9210 = CARTESIAN_POINT('',(-6.07240829922,70.6));
#9211 = CARTESIAN_POINT('',(-5.815290216012,70.4));
#9212 = ( GEOMETRIC_REPRESENTATION_CONTEXT(2) 
PARAMETRIC_REPRESENTATION_CONTEXT() REPRESENTATION_CONTEXT('2D SPACE',''
  ) );
#9213 = ORIENTED_EDGE('',*,*,#9164,.T.);
#9214 = ORIENTED_EDGE('',*,*,#9215,.F.);
#9215 = EDGE_CURVE('',#9216,#9144,#9218,.T.);
#9216 = VERTEX_POINT('',#9217);
#9217 = CARTESIAN_POINT('',(58.24959170078,21.6,57.94));
#9218 = SURFACE_CURVE('',#9219,(#9223,#9229),.PCURVE_S1.);
#9219 = LINE('',#9220,#9221);
#9220 = CARTESIAN_POINT('',(77.377130796438,6.721591716126,57.94));
#9221 = VECTOR('',#9222,1.);
#9222 = DIRECTION('',(0.789323550313,-0.613977469392,0.));
#9223 = PCURVE('',#9178,#9224);
#9224 = DEFINITIONAL_REPRESENTATION('',(#9225),#9228);
#9225 = B_SPLINE_CURVE_WITH_KNOTS('',1,(#9226,#9227),.UNSPECIFIED.,.F.,
  .F.,(2,2),(-24.23282453445,-23.90707968228),.PIECEWISE_BEZIER_KNOTS.);
#9226 = CARTESIAN_POINT('',(0.325744852166,-257.94));
#9227 = CARTESIAN_POINT('',(0.,-257.94));
#9228 = ( GEOMETRIC_REPRESENTATION_CONTEXT(2) 
PARAMETRIC_REPRESENTATION_CONTEXT() REPRESENTATION_CONTEXT('2D SPACE',''
  ) );
#9229 = PCURVE('',#70,#9230);
#9230 = DEFINITIONAL_REPRESENTATION('',(#9231),#9234);
#9231 = B_SPLINE_CURVE_WITH_KNOTS('',1,(#9232,#9233),.UNSPECIFIED.,.F.,
  .F.,(2,2),(-24.23282453445,-23.90707968228),.PIECEWISE_BEZIER_KNOTS.);
#9232 = CARTESIAN_POINT('',(-6.07240829922,70.6));
#9233 = CARTESIAN_POINT('',(-5.815290216012,70.4));
#9234 = ( GEOMETRIC_REPRESENTATION_CONTEXT(2) 
PARAMETRIC_REPRESENTATION_CONTEXT() REPRESENTATION_CONTEXT('2D SPACE',''
  ) );
#9235 = ORIENTED_EDGE('',*,*,#9236,.F.);
#9236 = EDGE_CURVE('',#9194,#9216,#9237,.T.);
#9237 = SURFACE_CURVE('',#9238,(#9242,#9249),.PCURVE_S1.);
#9238 = LINE('',#9239,#9240);
#9239 = CARTESIAN_POINT('',(58.24959170078,21.6,-200.));
#9240 = VECTOR('',#9241,1.);
#9241 = DIRECTION('',(0.,0.,1.));
#9242 = PCURVE('',#9178,#9243);
#9243 = DEFINITIONAL_REPRESENTATION('',(#9244),#9248);
#9244 = LINE('',#9245,#9246);
#9245 = CARTESIAN_POINT('',(0.325744852166,0.));
#9246 = VECTOR('',#9247,1.);
#9247 = DIRECTION('',(0.,-1.));
#9248 = ( GEOMETRIC_REPRESENTATION_CONTEXT(2) 
PARAMETRIC_REPRESENTATION_CONTEXT() REPRESENTATION_CONTEXT('2D SPACE',''
  ) );
#9249 = PCURVE('',#9250,#9255);
#9250 = PLANE('',#9251);
#9251 = AXIS2_PLACEMENT_3D('',#9252,#9253,#9254);
#9252 = CARTESIAN_POINT('',(58.24959170078,21.6,-200.));
#9253 = DIRECTION('',(-0.609730352881,-0.792608917926,0.));
#9254 = DIRECTION('',(-0.792608917926,0.609730352881,0.));
#9255 = DEFINITIONAL_REPRESENTATION('',(#9256),#9260);
#9256 = LINE('',#9257,#9258);
#9257 = CARTESIAN_POINT('',(0.,0.));
#9258 = VECTOR('',#9259,1.);
#9259 = DIRECTION('',(0.,-1.));
#9260 = ( GEOMETRIC_REPRESENTATION_CONTEXT(2) 
PARAMETRIC_REPRESENTATION_CONTEXT() REPRESENTATION_CONTEXT('2D SPACE',''
  ) );
#9261 = ADVANCED_FACE('',(#9262),#9250,.T.);
#9262 = FACE_BOUND('',#9263,.T.);
#9263 = EDGE_LOOP('',(#9264,#9285,#9286,#9307));
#9264 = ORIENTED_EDGE('',*,*,#9265,.T.);
#9265 = EDGE_CURVE('',#9266,#9194,#9268,.T.);
#9266 = VERTEX_POINT('',#9267);
#9267 = CARTESIAN_POINT('',(57.98960499873,21.8,-61.64));
#9268 = SURFACE_CURVE('',#9269,(#9273,#9279),.PCURVE_S1.);
#9269 = LINE('',#9270,#9271);
#9270 = CARTESIAN_POINT('',(77.216726231465,7.009150251814,-61.64));
#9271 = VECTOR('',#9272,1.);
#9272 = DIRECTION('',(0.792608917926,-0.609730352881,0.));
#9273 = PCURVE('',#9250,#9274);
#9274 = DEFINITIONAL_REPRESENTATION('',(#9275),#9278);
#9275 = B_SPLINE_CURVE_WITH_KNOTS('',1,(#9276,#9277),.UNSPECIFIED.,.F.,
  .F.,(2,2),(-24.25801779147,-23.93000394231),.PIECEWISE_BEZIER_KNOTS.);
#9276 = CARTESIAN_POINT('',(0.328013849163,-138.36));
#9277 = CARTESIAN_POINT('',(0.,-138.36));
#9278 = ( GEOMETRIC_REPRESENTATION_CONTEXT(2) 
PARAMETRIC_REPRESENTATION_CONTEXT() REPRESENTATION_CONTEXT('2D SPACE',''
  ) );
#9279 = PCURVE('',#126,#9280);
#9280 = DEFINITIONAL_REPRESENTATION('',(#9281),#9284);
#9281 = B_SPLINE_CURVE_WITH_KNOTS('',1,(#9282,#9283),.UNSPECIFIED.,.F.,
  .F.,(2,2),(-24.25801779147,-23.93000394231),.PIECEWISE_BEZIER_KNOTS.);
#9282 = CARTESIAN_POINT('',(-6.33239500127,70.8));
#9283 = CARTESIAN_POINT('',(-6.07240829922,70.6));
#9284 = ( GEOMETRIC_REPRESENTATION_CONTEXT(2) 
PARAMETRIC_REPRESENTATION_CONTEXT() REPRESENTATION_CONTEXT('2D SPACE',''
  ) );
#9285 = ORIENTED_EDGE('',*,*,#9236,.T.);
#9286 = ORIENTED_EDGE('',*,*,#9287,.F.);
#9287 = EDGE_CURVE('',#9288,#9216,#9290,.T.);
#9288 = VERTEX_POINT('',#9289);
#9289 = CARTESIAN_POINT('',(57.98960499873,21.8,57.94));
#9290 = SURFACE_CURVE('',#9291,(#9295,#9301),.PCURVE_S1.);
#9291 = LINE('',#9292,#9293);
#9292 = CARTESIAN_POINT('',(77.216726231465,7.009150251814,57.94));
#9293 = VECTOR('',#9294,1.);
#9294 = DIRECTION('',(0.792608917926,-0.609730352881,0.));
#9295 = PCURVE('',#9250,#9296);
#9296 = DEFINITIONAL_REPRESENTATION('',(#9297),#9300);
#9297 = B_SPLINE_CURVE_WITH_KNOTS('',1,(#9298,#9299),.UNSPECIFIED.,.F.,
  .F.,(2,2),(-24.25801779147,-23.93000394231),.PIECEWISE_BEZIER_KNOTS.);
#9298 = CARTESIAN_POINT('',(0.328013849163,-257.94));
#9299 = CARTESIAN_POINT('',(0.,-257.94));
#9300 = ( GEOMETRIC_REPRESENTATION_CONTEXT(2) 
PARAMETRIC_REPRESENTATION_CONTEXT() REPRESENTATION_CONTEXT('2D SPACE',''
  ) );
#9301 = PCURVE('',#70,#9302);
#9302 = DEFINITIONAL_REPRESENTATION('',(#9303),#9306);
#9303 = B_SPLINE_CURVE_WITH_KNOTS('',1,(#9304,#9305),.UNSPECIFIED.,.F.,
  .F.,(2,2),(-24.25801779147,-23.93000394231),.PIECEWISE_BEZIER_KNOTS.);
#9304 = CARTESIAN_POINT('',(-6.33239500127,70.8));
#9305 = CARTESIAN_POINT('',(-6.07240829922,70.6));
#9306 = ( GEOMETRIC_REPRESENTATION_CONTEXT(2) 
PARAMETRIC_REPRESENTATION_CONTEXT() REPRESENTATION_CONTEXT('2D SPACE',''
  ) );
#9307 = ORIENTED_EDGE('',*,*,#9308,.F.);
#9308 = EDGE_CURVE('',#9266,#9288,#9309,.T.);
#9309 = SURFACE_CURVE('',#9310,(#9314,#9321),.PCURVE_S1.);
#9310 = LINE('',#9311,#9312);
#9311 = CARTESIAN_POINT('',(57.98960499873,21.8,-200.));
#9312 = VECTOR('',#9313,1.);
#9313 = DIRECTION('',(0.,0.,1.));
#9314 = PCURVE('',#9250,#9315);
#9315 = DEFINITIONAL_REPRESENTATION('',(#9316),#9320);
#9316 = LINE('',#9317,#9318);
#9317 = CARTESIAN_POINT('',(0.328013849163,0.));
#9318 = VECTOR('',#9319,1.);
#9319 = DIRECTION('',(0.,-1.));
#9320 = ( GEOMETRIC_REPRESENTATION_CONTEXT(2) 
PARAMETRIC_REPRESENTATION_CONTEXT() REPRESENTATION_CONTEXT('2D SPACE',''
  ) );
#9321 = PCURVE('',#9322,#9327);
#9322 = PLANE('',#9323);
#9323 = AXIS2_PLACEMENT_3D('',#9324,#9325,#9326);
#9324 = CARTESIAN_POINT('',(57.98960499873,21.8,-200.));
#9325 = DIRECTION('',(-0.60550316371,-0.795842898277,0.));
#9326 = DIRECTION('',(-0.795842898277,0.60550316371,0.));
#9327 = DEFINITIONAL_REPRESENTATION('',(#9328),#9332);
#9328 = LINE('',#9329,#9330);
#9329 = CARTESIAN_POINT('',(0.,0.));
#9330 = VECTOR('',#9331,1.);
#9331 = DIRECTION('',(0.,-1.));
#9332 = ( GEOMETRIC_REPRESENTATION_CONTEXT(2) 
PARAMETRIC_REPRESENTATION_CONTEXT() REPRESENTATION_CONTEXT('2D SPACE',''
  ) );
#9333 = ADVANCED_FACE('',(#9334),#9322,.T.);
#9334 = FACE_BOUND('',#9335,.T.);
#9335 = EDGE_LOOP('',(#9336,#9357,#9358,#9379));
#9336 = ORIENTED_EDGE('',*,*,#9337,.T.);
#9337 = EDGE_CURVE('',#9338,#9266,#9340,.T.);
#9338 = VERTEX_POINT('',#9339);
#9339 = CARTESIAN_POINT('',(57.726735059818,22.,-61.64));
#9340 = SURFACE_CURVE('',#9341,(#9345,#9351),.PCURVE_S1.);
#9341 = LINE('',#9342,#9343);
#9342 = CARTESIAN_POINT('',(77.053709490001,7.295409197275,-61.64));
#9343 = VECTOR('',#9344,1.);
#9344 = DIRECTION('',(0.795842898277,-0.60550316371,0.));
#9345 = PCURVE('',#9322,#9346);
#9346 = DEFINITIONAL_REPRESENTATION('',(#9347),#9350);
#9347 = B_SPLINE_CURVE_WITH_KNOTS('',1,(#9348,#9349),.UNSPECIFIED.,.F.,
  .F.,(2,2),(-24.28491159754,-23.95460779074),.PIECEWISE_BEZIER_KNOTS.);
#9348 = CARTESIAN_POINT('',(0.330303806795,-138.36));
#9349 = CARTESIAN_POINT('',(0.,-138.36));
#9350 = ( GEOMETRIC_REPRESENTATION_CONTEXT(2) 
PARAMETRIC_REPRESENTATION_CONTEXT() REPRESENTATION_CONTEXT('2D SPACE',''
  ) );
#9351 = PCURVE('',#126,#9352);
#9352 = DEFINITIONAL_REPRESENTATION('',(#9353),#9356);
#9353 = B_SPLINE_CURVE_WITH_KNOTS('',1,(#9354,#9355),.UNSPECIFIED.,.F.,
  .F.,(2,2),(-24.28491159754,-23.95460779074),.PIECEWISE_BEZIER_KNOTS.);
#9354 = CARTESIAN_POINT('',(-6.595264940182,71.));
#9355 = CARTESIAN_POINT('',(-6.33239500127,70.8));
#9356 = ( GEOMETRIC_REPRESENTATION_CONTEXT(2) 
PARAMETRIC_REPRESENTATION_CONTEXT() REPRESENTATION_CONTEXT('2D SPACE',''
  ) );
#9357 = ORIENTED_EDGE('',*,*,#9308,.T.);
#9358 = ORIENTED_EDGE('',*,*,#9359,.F.);
#9359 = EDGE_CURVE('',#9360,#9288,#9362,.T.);
#9360 = VERTEX_POINT('',#9361);
#9361 = CARTESIAN_POINT('',(57.726735059818,22.,57.94));
#9362 = SURFACE_CURVE('',#9363,(#9367,#9373),.PCURVE_S1.);
#9363 = LINE('',#9364,#9365);
#9364 = CARTESIAN_POINT('',(77.053709490001,7.295409197275,57.94));
#9365 = VECTOR('',#9366,1.);
#9366 = DIRECTION('',(0.795842898277,-0.60550316371,0.));
#9367 = PCURVE('',#9322,#9368);
#9368 = DEFINITIONAL_REPRESENTATION('',(#9369),#9372);
#9369 = B_SPLINE_CURVE_WITH_KNOTS('',1,(#9370,#9371),.UNSPECIFIED.,.F.,
  .F.,(2,2),(-24.28491159754,-23.95460779074),.PIECEWISE_BEZIER_KNOTS.);
#9370 = CARTESIAN_POINT('',(0.330303806795,-257.94));
#9371 = CARTESIAN_POINT('',(0.,-257.94));
#9372 = ( GEOMETRIC_REPRESENTATION_CONTEXT(2) 
PARAMETRIC_REPRESENTATION_CONTEXT() REPRESENTATION_CONTEXT('2D SPACE',''
  ) );
#9373 = PCURVE('',#70,#9374);
#9374 = DEFINITIONAL_REPRESENTATION('',(#9375),#9378);
#9375 = B_SPLINE_CURVE_WITH_KNOTS('',1,(#9376,#9377),.UNSPECIFIED.,.F.,
  .F.,(2,2),(-24.28491159754,-23.95460779074),.PIECEWISE_BEZIER_KNOTS.);
#9376 = CARTESIAN_POINT('',(-6.595264940182,71.));
#9377 = CARTESIAN_POINT('',(-6.33239500127,70.8));
#9378 = ( GEOMETRIC_REPRESENTATION_CONTEXT(2) 
PARAMETRIC_REPRESENTATION_CONTEXT() REPRESENTATION_CONTEXT('2D SPACE',''
  ) );
#9379 = ORIENTED_EDGE('',*,*,#9380,.F.);
#9380 = EDGE_CURVE('',#9338,#9360,#9381,.T.);
#9381 = SURFACE_CURVE('',#9382,(#9386,#9393),.PCURVE_S1.);
#9382 = LINE('',#9383,#9384);
#9383 = CARTESIAN_POINT('',(57.726735059818,22.,-200.));
#9384 = VECTOR('',#9385,1.);
#9385 = DIRECTION('',(0.,0.,1.));
#9386 = PCURVE('',#9322,#9387);
#9387 = DEFINITIONAL_REPRESENTATION('',(#9388),#9392);
#9388 = LINE('',#9389,#9390);
#9389 = CARTESIAN_POINT('',(0.330303806795,0.));
#9390 = VECTOR('',#9391,1.);
#9391 = DIRECTION('',(0.,-1.));
#9392 = ( GEOMETRIC_REPRESENTATION_CONTEXT(2) 
PARAMETRIC_REPRESENTATION_CONTEXT() REPRESENTATION_CONTEXT('2D SPACE',''
  ) );
#9393 = PCURVE('',#9394,#9399);
#9394 = PLANE('',#9395);
#9395 = AXIS2_PLACEMENT_3D('',#9396,#9397,#9398);
#9396 = CARTESIAN_POINT('',(57.726735059818,22.,-200.));
#9397 = DIRECTION('',(-0.601336939922,-0.79899554735,0.));
#9398 = DIRECTION('',(-0.79899554735,0.601336939922,0.));
#9399 = DEFINITIONAL_REPRESENTATION('',(#9400),#9404);
#9400 = LINE('',#9401,#9402);
#9401 = CARTESIAN_POINT('',(0.,0.));
#9402 = VECTOR('',#9403,1.);
#9403 = DIRECTION('',(0.,-1.));
#9404 = ( GEOMETRIC_REPRESENTATION_CONTEXT(2) 
PARAMETRIC_REPRESENTATION_CONTEXT() REPRESENTATION_CONTEXT('2D SPACE',''
  ) );
#9405 = ADVANCED_FACE('',(#9406),#9394,.T.);
#9406 = FACE_BOUND('',#9407,.T.);
#9407 = EDGE_LOOP('',(#9408,#9429,#9430,#9451));
#9408 = ORIENTED_EDGE('',*,*,#9409,.T.);
#9409 = EDGE_CURVE('',#9410,#9338,#9412,.T.);
#9410 = VERTEX_POINT('',#9411);
#9411 = CARTESIAN_POINT('',(57.460995340767,22.2,-61.64));
#9412 = SURFACE_CURVE('',#9413,(#9417,#9423),.PCURVE_S1.);
#9413 = LINE('',#9414,#9415);
#9414 = CARTESIAN_POINT('',(76.888450042306,7.57858414927,-61.64));
#9415 = VECTOR('',#9416,1.);
#9416 = DIRECTION('',(0.79899554735,-0.601336939922,0.));
#9417 = PCURVE('',#9394,#9418);
#9418 = DEFINITIONAL_REPRESENTATION('',(#9419),#9422);
#9419 = B_SPLINE_CURVE_WITH_KNOTS('',1,(#9420,#9421),.UNSPECIFIED.,.F.,
  .F.,(2,2),(-24.31484726788,-23.98225502761),.PIECEWISE_BEZIER_KNOTS.);
#9420 = CARTESIAN_POINT('',(0.332592240261,-138.36));
#9421 = CARTESIAN_POINT('',(0.,-138.36));
#9422 = ( GEOMETRIC_REPRESENTATION_CONTEXT(2) 
PARAMETRIC_REPRESENTATION_CONTEXT() REPRESENTATION_CONTEXT('2D SPACE',''
  ) );
#9423 = PCURVE('',#126,#9424);
#9424 = DEFINITIONAL_REPRESENTATION('',(#9425),#9428);
#9425 = B_SPLINE_CURVE_WITH_KNOTS('',1,(#9426,#9427),.UNSPECIFIED.,.F.,
  .F.,(2,2),(-24.31484726788,-23.98225502761),.PIECEWISE_BEZIER_KNOTS.);
#9426 = CARTESIAN_POINT('',(-6.861004659233,71.2));
#9427 = CARTESIAN_POINT('',(-6.595264940182,71.));
#9428 = ( GEOMETRIC_REPRESENTATION_CONTEXT(2) 
PARAMETRIC_REPRESENTATION_CONTEXT() REPRESENTATION_CONTEXT('2D SPACE',''
  ) );
#9429 = ORIENTED_EDGE('',*,*,#9380,.T.);
#9430 = ORIENTED_EDGE('',*,*,#9431,.F.);
#9431 = EDGE_CURVE('',#9432,#9360,#9434,.T.);
#9432 = VERTEX_POINT('',#9433);
#9433 = CARTESIAN_POINT('',(57.460995340767,22.2,57.94));
#9434 = SURFACE_CURVE('',#9435,(#9439,#9445),.PCURVE_S1.);
#9435 = LINE('',#9436,#9437);
#9436 = CARTESIAN_POINT('',(76.888450042306,7.57858414927,57.94));
#9437 = VECTOR('',#9438,1.);
#9438 = DIRECTION('',(0.79899554735,-0.601336939922,0.));
#9439 = PCURVE('',#9394,#9440);
#9440 = DEFINITIONAL_REPRESENTATION('',(#9441),#9444);
#9441 = B_SPLINE_CURVE_WITH_KNOTS('',1,(#9442,#9443),.UNSPECIFIED.,.F.,
  .F.,(2,2),(-24.31484726788,-23.98225502761),.PIECEWISE_BEZIER_KNOTS.);
#9442 = CARTESIAN_POINT('',(0.332592240261,-257.94));
#9443 = CARTESIAN_POINT('',(0.,-257.94));
#9444 = ( GEOMETRIC_REPRESENTATION_CONTEXT(2) 
PARAMETRIC_REPRESENTATION_CONTEXT() REPRESENTATION_CONTEXT('2D SPACE',''
  ) );
#9445 = PCURVE('',#70,#9446);
#9446 = DEFINITIONAL_REPRESENTATION('',(#9447),#9450);
#9447 = B_SPLINE_CURVE_WITH_KNOTS('',1,(#9448,#9449),.UNSPECIFIED.,.F.,
  .F.,(2,2),(-24.31484726788,-23.98225502761),.PIECEWISE_BEZIER_KNOTS.);
#9448 = CARTESIAN_POINT('',(-6.861004659233,71.2));
#9449 = CARTESIAN_POINT('',(-6.595264940182,71.));
#9450 = ( GEOMETRIC_REPRESENTATION_CONTEXT(2) 
PARAMETRIC_REPRESENTATION_CONTEXT() REPRESENTATION_CONTEXT('2D SPACE',''
  ) );
#9451 = ORIENTED_EDGE('',*,*,#9452,.F.);
#9452 = EDGE_CURVE('',#9410,#9432,#9453,.T.);
#9453 = SURFACE_CURVE('',#9454,(#9458,#9465),.PCURVE_S1.);
#9454 = LINE('',#9455,#9456);
#9455 = CARTESIAN_POINT('',(57.460995340767,22.2,-200.));
#9456 = VECTOR('',#9457,1.);
#9457 = DIRECTION('',(0.,0.,1.));
#9458 = PCURVE('',#9394,#9459);
#9459 = DEFINITIONAL_REPRESENTATION('',(#9460),#9464);
#9460 = LINE('',#9461,#9462);
#9461 = CARTESIAN_POINT('',(0.332592240261,0.));
#9462 = VECTOR('',#9463,1.);
#9463 = DIRECTION('',(0.,-1.));
#9464 = ( GEOMETRIC_REPRESENTATION_CONTEXT(2) 
PARAMETRIC_REPRESENTATION_CONTEXT() REPRESENTATION_CONTEXT('2D SPACE',''
  ) );
#9465 = PCURVE('',#9466,#9471);
#9466 = PLANE('',#9467);
#9467 = AXIS2_PLACEMENT_3D('',#9468,#9469,#9470);
#9468 = CARTESIAN_POINT('',(57.460995340767,22.2,-200.));
#9469 = DIRECTION('',(-0.597277116255,-0.802034940883,0.));
#9470 = DIRECTION('',(-0.802034940883,0.597277116255,0.));
#9471 = DEFINITIONAL_REPRESENTATION('',(#9472),#9476);
#9472 = LINE('',#9473,#9474);
#9473 = CARTESIAN_POINT('',(0.,0.));
#9474 = VECTOR('',#9475,1.);
#9475 = DIRECTION('',(0.,-1.));
#9476 = ( GEOMETRIC_REPRESENTATION_CONTEXT(2) 
PARAMETRIC_REPRESENTATION_CONTEXT() REPRESENTATION_CONTEXT('2D SPACE',''
  ) );
#9477 = ADVANCED_FACE('',(#9478),#9466,.T.);
#9478 = FACE_BOUND('',#9479,.T.);
#9479 = EDGE_LOOP('',(#9480,#9501,#9502,#9523));
#9480 = ORIENTED_EDGE('',*,*,#9481,.T.);
#9481 = EDGE_CURVE('',#9482,#9410,#9484,.T.);
#9482 = VERTEX_POINT('',#9483);
#9483 = CARTESIAN_POINT('',(57.192431580644,22.4,-61.64));
#9484 = SURFACE_CURVE('',#9485,(#9489,#9495),.PCURVE_S1.);
#9485 = LINE('',#9486,#9487);
#9486 = CARTESIAN_POINT('',(76.721421780399,7.856719707191,-61.64));
#9487 = VECTOR('',#9488,1.);
#9488 = DIRECTION('',(0.802034940883,-0.597277116255,0.));
#9489 = PCURVE('',#9466,#9490);
#9490 = DEFINITIONAL_REPRESENTATION('',(#9491),#9494);
#9491 = B_SPLINE_CURVE_WITH_KNOTS('',1,(#9492,#9493),.UNSPECIFIED.,.F.,
  .F.,(2,2),(-24.34930101455,-24.01444807182),.PIECEWISE_BEZIER_KNOTS.);
#9492 = CARTESIAN_POINT('',(0.334852942724,-138.36));
#9493 = CARTESIAN_POINT('',(0.,-138.36));
#9494 = ( GEOMETRIC_REPRESENTATION_CONTEXT(2) 
PARAMETRIC_REPRESENTATION_CONTEXT() REPRESENTATION_CONTEXT('2D SPACE',''
  ) );
#9495 = PCURVE('',#126,#9496);
#9496 = DEFINITIONAL_REPRESENTATION('',(#9497),#9500);
#9497 = B_SPLINE_CURVE_WITH_KNOTS('',1,(#9498,#9499),.UNSPECIFIED.,.F.,
  .F.,(2,2),(-24.34930101455,-24.01444807182),.PIECEWISE_BEZIER_KNOTS.);
#9498 = CARTESIAN_POINT('',(-7.129568419356,71.4));
#9499 = CARTESIAN_POINT('',(-6.861004659233,71.2));
#9500 = ( GEOMETRIC_REPRESENTATION_CONTEXT(2) 
PARAMETRIC_REPRESENTATION_CONTEXT() REPRESENTATION_CONTEXT('2D SPACE',''
  ) );
#9501 = ORIENTED_EDGE('',*,*,#9452,.T.);
#9502 = ORIENTED_EDGE('',*,*,#9503,.F.);
#9503 = EDGE_CURVE('',#9504,#9432,#9506,.T.);
#9504 = VERTEX_POINT('',#9505);
#9505 = CARTESIAN_POINT('',(57.192431580644,22.4,57.94));
#9506 = SURFACE_CURVE('',#9507,(#9511,#9517),.PCURVE_S1.);
#9507 = LINE('',#9508,#9509);
#9508 = CARTESIAN_POINT('',(76.721421780399,7.856719707191,57.94));
#9509 = VECTOR('',#9510,1.);
#9510 = DIRECTION('',(0.802034940883,-0.597277116255,0.));
#9511 = PCURVE('',#9466,#9512);
#9512 = DEFINITIONAL_REPRESENTATION('',(#9513),#9516);
#9513 = B_SPLINE_CURVE_WITH_KNOTS('',1,(#9514,#9515),.UNSPECIFIED.,.F.,
  .F.,(2,2),(-24.34930101455,-24.01444807182),.PIECEWISE_BEZIER_KNOTS.);
#9514 = CARTESIAN_POINT('',(0.334852942724,-257.94));
#9515 = CARTESIAN_POINT('',(0.,-257.94));
#9516 = ( GEOMETRIC_REPRESENTATION_CONTEXT(2) 
PARAMETRIC_REPRESENTATION_CONTEXT() REPRESENTATION_CONTEXT('2D SPACE',''
  ) );
#9517 = PCURVE('',#70,#9518);
#9518 = DEFINITIONAL_REPRESENTATION('',(#9519),#9522);
#9519 = B_SPLINE_CURVE_WITH_KNOTS('',1,(#9520,#9521),.UNSPECIFIED.,.F.,
  .F.,(2,2),(-24.34930101455,-24.01444807182),.PIECEWISE_BEZIER_KNOTS.);
#9520 = CARTESIAN_POINT('',(-7.129568419356,71.4));
#9521 = CARTESIAN_POINT('',(-6.861004659233,71.2));
#9522 = ( GEOMETRIC_REPRESENTATION_CONTEXT(2) 
PARAMETRIC_REPRESENTATION_CONTEXT() REPRESENTATION_CONTEXT('2D SPACE',''
  ) );
#9523 = ORIENTED_EDGE('',*,*,#9524,.F.);
#9524 = EDGE_CURVE('',#9482,#9504,#9525,.T.);
#9525 = SURFACE_CURVE('',#9526,(#9530,#9537),.PCURVE_S1.);
#9526 = LINE('',#9527,#9528);
#9527 = CARTESIAN_POINT('',(57.192431580644,22.4,-200.));
#9528 = VECTOR('',#9529,1.);
#9529 = DIRECTION('',(0.,0.,1.));
#9530 = PCURVE('',#9466,#9531);
#9531 = DEFINITIONAL_REPRESENTATION('',(#9532),#9536);
#9532 = LINE('',#9533,#9534);
#9533 = CARTESIAN_POINT('',(0.334852942724,0.));
#9534 = VECTOR('',#9535,1.);
#9535 = DIRECTION('',(0.,-1.));
#9536 = ( GEOMETRIC_REPRESENTATION_CONTEXT(2) 
PARAMETRIC_REPRESENTATION_CONTEXT() REPRESENTATION_CONTEXT('2D SPACE',''
  ) );
#9537 = PCURVE('',#9538,#9543);
#9538 = PLANE('',#9539);
#9539 = AXIS2_PLACEMENT_3D('',#9540,#9541,#9542);
#9540 = CARTESIAN_POINT('',(57.192431580644,22.4,-200.));
#9541 = DIRECTION('',(-0.593376399161,-0.804925120069,0.));
#9542 = DIRECTION('',(-0.804925120069,0.593376399161,0.));
#9543 = DEFINITIONAL_REPRESENTATION('',(#9544),#9548);
#9544 = LINE('',#9545,#9546);
#9545 = CARTESIAN_POINT('',(0.,0.));
#9546 = VECTOR('',#9547,1.);
#9547 = DIRECTION('',(0.,-1.));
#9548 = ( GEOMETRIC_REPRESENTATION_CONTEXT(2) 
PARAMETRIC_REPRESENTATION_CONTEXT() REPRESENTATION_CONTEXT('2D SPACE',''
  ) );
#9549 = ADVANCED_FACE('',(#9550),#9538,.T.);
#9550 = FACE_BOUND('',#9551,.T.);
#9551 = EDGE_LOOP('',(#9552,#9573,#9574,#9595));
#9552 = ORIENTED_EDGE('',*,*,#9553,.T.);
#9553 = EDGE_CURVE('',#9554,#9482,#9556,.T.);
#9554 = VERTEX_POINT('',#9555);
#9555 = CARTESIAN_POINT('',(57.,22.541857118831,-61.64));
#9556 = SURFACE_CURVE('',#9557,(#9561,#9567),.PCURVE_S1.);
#9557 = LINE('',#9558,#9559);
#9558 = CARTESIAN_POINT('',(76.553232555007,8.127563868225,-61.64));
#9559 = VECTOR('',#9560,1.);
#9560 = DIRECTION('',(0.804925120069,-0.593376399161,0.));
#9561 = PCURVE('',#9538,#9562);
#9562 = DEFINITIONAL_REPRESENTATION('',(#9563),#9566);
#9563 = B_SPLINE_CURVE_WITH_KNOTS('',1,(#9564,#9565),.UNSPECIFIED.,.F.,
  .F.,(2,2),(-24.38997599538,-24.05292180805),.PIECEWISE_BEZIER_KNOTS.);
#9564 = CARTESIAN_POINT('',(0.33705418733,-138.36));
#9565 = CARTESIAN_POINT('',(0.,-138.36));
#9566 = ( GEOMETRIC_REPRESENTATION_CONTEXT(2) 
PARAMETRIC_REPRESENTATION_CONTEXT() REPRESENTATION_CONTEXT('2D SPACE',''
  ) );
#9567 = PCURVE('',#126,#9568);
#9568 = DEFINITIONAL_REPRESENTATION('',(#9569),#9572);
#9569 = B_SPLINE_CURVE_WITH_KNOTS('',1,(#9570,#9571),.UNSPECIFIED.,.F.,
  .F.,(2,2),(-24.38997599538,-24.05292180805),.PIECEWISE_BEZIER_KNOTS.);
#9570 = CARTESIAN_POINT('',(-7.400871801562,71.6));
#9571 = CARTESIAN_POINT('',(-7.129568419356,71.4));
#9572 = ( GEOMETRIC_REPRESENTATION_CONTEXT(2) 
PARAMETRIC_REPRESENTATION_CONTEXT() REPRESENTATION_CONTEXT('2D SPACE',''
  ) );
#9573 = ORIENTED_EDGE('',*,*,#9524,.T.);
#9574 = ORIENTED_EDGE('',*,*,#9575,.F.);
#9575 = EDGE_CURVE('',#9576,#9504,#9578,.T.);
#9576 = VERTEX_POINT('',#9577);
#9577 = CARTESIAN_POINT('',(57.,22.541857118831,57.94));
#9578 = SURFACE_CURVE('',#9579,(#9583,#9589),.PCURVE_S1.);
#9579 = LINE('',#9580,#9581);
#9580 = CARTESIAN_POINT('',(76.553232555007,8.127563868225,57.94));
#9581 = VECTOR('',#9582,1.);
#9582 = DIRECTION('',(0.804925120069,-0.593376399161,0.));
#9583 = PCURVE('',#9538,#9584);
#9584 = DEFINITIONAL_REPRESENTATION('',(#9585),#9588);
#9585 = B_SPLINE_CURVE_WITH_KNOTS('',1,(#9586,#9587),.UNSPECIFIED.,.F.,
  .F.,(2,2),(-24.38997599538,-24.05292180805),.PIECEWISE_BEZIER_KNOTS.);
#9586 = CARTESIAN_POINT('',(0.33705418733,-257.94));
#9587 = CARTESIAN_POINT('',(0.,-257.94));
#9588 = ( GEOMETRIC_REPRESENTATION_CONTEXT(2) 
PARAMETRIC_REPRESENTATION_CONTEXT() REPRESENTATION_CONTEXT('2D SPACE',''
  ) );
#9589 = PCURVE('',#70,#9590);
#9590 = DEFINITIONAL_REPRESENTATION('',(#9591),#9594);
#9591 = B_SPLINE_CURVE_WITH_KNOTS('',1,(#9592,#9593),.UNSPECIFIED.,.F.,
  .F.,(2,2),(-24.38997599538,-24.05292180805),.PIECEWISE_BEZIER_KNOTS.);
#9592 = CARTESIAN_POINT('',(-7.400871801562,71.6));
#9593 = CARTESIAN_POINT('',(-7.129568419356,71.4));
#9594 = ( GEOMETRIC_REPRESENTATION_CONTEXT(2) 
PARAMETRIC_REPRESENTATION_CONTEXT() REPRESENTATION_CONTEXT('2D SPACE',''
  ) );
#9595 = ORIENTED_EDGE('',*,*,#9596,.T.);
#9596 = EDGE_CURVE('',#9576,#9554,#9597,.T.);
#9597 = SURFACE_CURVE('',#9598,(#9602,#9608),.PCURVE_S1.);
#9598 = LINE('',#9599,#9600);
#9599 = CARTESIAN_POINT('',(57.,22.541857118831,-130.82));
#9600 = VECTOR('',#9601,1.);
#9601 = DIRECTION('',(0.,-0.,-1.));
#9602 = PCURVE('',#9538,#9603);
#9603 = DEFINITIONAL_REPRESENTATION('',(#9604),#9607);
#9604 = B_SPLINE_CURVE_WITH_KNOTS('',1,(#9605,#9606),.UNSPECIFIED.,.F.,
  .F.,(2,2),(-188.76,-69.18),.PIECEWISE_BEZIER_KNOTS.);
#9605 = CARTESIAN_POINT('',(0.239067679523,-257.94));
#9606 = CARTESIAN_POINT('',(0.239067679523,-138.36));
#9607 = ( GEOMETRIC_REPRESENTATION_CONTEXT(2) 
PARAMETRIC_REPRESENTATION_CONTEXT() REPRESENTATION_CONTEXT('2D SPACE',''
  ) );
#9608 = PCURVE('',#9609,#9614);
#9609 = PLANE('',#9610);
#9610 = AXIS2_PLACEMENT_3D('',#9611,#9612,#9613);
#9611 = CARTESIAN_POINT('',(57.,12.,-61.64));
#9612 = DIRECTION('',(1.,0.,0.));
#9613 = DIRECTION('',(0.,0.,1.));
#9614 = DEFINITIONAL_REPRESENTATION('',(#9615),#9618);
#9615 = B_SPLINE_CURVE_WITH_KNOTS('',1,(#9616,#9617),.UNSPECIFIED.,.F.,
  .F.,(2,2),(-188.76,-69.18),.PIECEWISE_BEZIER_KNOTS.);
#9616 = CARTESIAN_POINT('',(119.58,-10.54185711883));
#9617 = CARTESIAN_POINT('',(0.,-10.54185711883));
#9618 = ( GEOMETRIC_REPRESENTATION_CONTEXT(2) 
PARAMETRIC_REPRESENTATION_CONTEXT() REPRESENTATION_CONTEXT('2D SPACE',''
  ) );
#9619 = ADVANCED_FACE('',(#9620),#9609,.F.);
#9620 = FACE_BOUND('',#9621,.F.);
#9621 = EDGE_LOOP('',(#9622,#9645,#9646,#9669));
#9622 = ORIENTED_EDGE('',*,*,#9623,.F.);
#9623 = EDGE_CURVE('',#9576,#9624,#9626,.T.);
#9624 = VERTEX_POINT('',#9625);
#9625 = CARTESIAN_POINT('',(57.,23.,57.94));
#9626 = SURFACE_CURVE('',#9627,(#9631,#9638),.PCURVE_S1.);
#9627 = LINE('',#9628,#9629);
#9628 = CARTESIAN_POINT('',(57.,12.,57.94));
#9629 = VECTOR('',#9630,1.);
#9630 = DIRECTION('',(0.,1.,0.));
#9631 = PCURVE('',#9609,#9632);
#9632 = DEFINITIONAL_REPRESENTATION('',(#9633),#9637);
#9633 = LINE('',#9634,#9635);
#9634 = CARTESIAN_POINT('',(119.58,0.));
#9635 = VECTOR('',#9636,1.);
#9636 = DIRECTION('',(0.,-1.));
#9637 = ( GEOMETRIC_REPRESENTATION_CONTEXT(2) 
PARAMETRIC_REPRESENTATION_CONTEXT() REPRESENTATION_CONTEXT('2D SPACE',''
  ) );
#9638 = PCURVE('',#70,#9639);
#9639 = DEFINITIONAL_REPRESENTATION('',(#9640),#9644);
#9640 = LINE('',#9641,#9642);
#9641 = CARTESIAN_POINT('',(-7.322,61.));
#9642 = VECTOR('',#9643,1.);
#9643 = DIRECTION('',(0.,1.));
#9644 = ( GEOMETRIC_REPRESENTATION_CONTEXT(2) 
PARAMETRIC_REPRESENTATION_CONTEXT() REPRESENTATION_CONTEXT('2D SPACE',''
  ) );
#9645 = ORIENTED_EDGE('',*,*,#9596,.T.);
#9646 = ORIENTED_EDGE('',*,*,#9647,.T.);
#9647 = EDGE_CURVE('',#9554,#9648,#9650,.T.);
#9648 = VERTEX_POINT('',#9649);
#9649 = CARTESIAN_POINT('',(57.,23.,-61.64));
#9650 = SURFACE_CURVE('',#9651,(#9655,#9662),.PCURVE_S1.);
#9651 = LINE('',#9652,#9653);
#9652 = CARTESIAN_POINT('',(57.,12.,-61.64));
#9653 = VECTOR('',#9654,1.);
#9654 = DIRECTION('',(0.,1.,0.));
#9655 = PCURVE('',#9609,#9656);
#9656 = DEFINITIONAL_REPRESENTATION('',(#9657),#9661);
#9657 = LINE('',#9658,#9659);
#9658 = CARTESIAN_POINT('',(0.,0.));
#9659 = VECTOR('',#9660,1.);
#9660 = DIRECTION('',(0.,-1.));
#9661 = ( GEOMETRIC_REPRESENTATION_CONTEXT(2) 
PARAMETRIC_REPRESENTATION_CONTEXT() REPRESENTATION_CONTEXT('2D SPACE',''
  ) );
#9662 = PCURVE('',#126,#9663);
#9663 = DEFINITIONAL_REPRESENTATION('',(#9664),#9668);
#9664 = LINE('',#9665,#9666);
#9665 = CARTESIAN_POINT('',(-7.322,61.));
#9666 = VECTOR('',#9667,1.);
#9667 = DIRECTION('',(0.,1.));
#9668 = ( GEOMETRIC_REPRESENTATION_CONTEXT(2) 
PARAMETRIC_REPRESENTATION_CONTEXT() REPRESENTATION_CONTEXT('2D SPACE',''
  ) );
#9669 = ORIENTED_EDGE('',*,*,#9670,.T.);
#9670 = EDGE_CURVE('',#9648,#9624,#9671,.T.);
#9671 = SURFACE_CURVE('',#9672,(#9676,#9683),.PCURVE_S1.);
#9672 = LINE('',#9673,#9674);
#9673 = CARTESIAN_POINT('',(57.,23.,-61.64));
#9674 = VECTOR('',#9675,1.);
#9675 = DIRECTION('',(0.,0.,1.));
#9676 = PCURVE('',#9609,#9677);
#9677 = DEFINITIONAL_REPRESENTATION('',(#9678),#9682);
#9678 = LINE('',#9679,#9680);
#9679 = CARTESIAN_POINT('',(0.,-11.));
#9680 = VECTOR('',#9681,1.);
#9681 = DIRECTION('',(1.,0.));
#9682 = ( GEOMETRIC_REPRESENTATION_CONTEXT(2) 
PARAMETRIC_REPRESENTATION_CONTEXT() REPRESENTATION_CONTEXT('2D SPACE',''
  ) );
#9683 = PCURVE('',#9684,#9689);
#9684 = PLANE('',#9685);
#9685 = AXIS2_PLACEMENT_3D('',#9686,#9687,#9688);
#9686 = CARTESIAN_POINT('',(57.,23.,-61.64));
#9687 = DIRECTION('',(0.,1.,0.));
#9688 = DIRECTION('',(0.,0.,1.));
#9689 = DEFINITIONAL_REPRESENTATION('',(#9690),#9694);
#9690 = LINE('',#9691,#9692);
#9691 = CARTESIAN_POINT('',(0.,0.));
#9692 = VECTOR('',#9693,1.);
#9693 = DIRECTION('',(1.,0.));
#9694 = ( GEOMETRIC_REPRESENTATION_CONTEXT(2) 
PARAMETRIC_REPRESENTATION_CONTEXT() REPRESENTATION_CONTEXT('2D SPACE',''
  ) );
#9695 = ADVANCED_FACE('',(#9696),#9684,.T.);
#9696 = FACE_BOUND('',#9697,.T.);
#9697 = EDGE_LOOP('',(#9698,#9721,#9722,#9745));
#9698 = ORIENTED_EDGE('',*,*,#9699,.F.);
#9699 = EDGE_CURVE('',#9648,#9700,#9702,.T.);
#9700 = VERTEX_POINT('',#9701);
#9701 = CARTESIAN_POINT('',(64.322,23.,-61.64));
#9702 = SURFACE_CURVE('',#9703,(#9707,#9714),.PCURVE_S1.);
#9703 = LINE('',#9704,#9705);
#9704 = CARTESIAN_POINT('',(57.,23.,-61.64));
#9705 = VECTOR('',#9706,1.);
#9706 = DIRECTION('',(1.,0.,0.));
#9707 = PCURVE('',#9684,#9708);
#9708 = DEFINITIONAL_REPRESENTATION('',(#9709),#9713);
#9709 = LINE('',#9710,#9711);
#9710 = CARTESIAN_POINT('',(0.,0.));
#9711 = VECTOR('',#9712,1.);
#9712 = DIRECTION('',(0.,1.));
#9713 = ( GEOMETRIC_REPRESENTATION_CONTEXT(2) 
PARAMETRIC_REPRESENTATION_CONTEXT() REPRESENTATION_CONTEXT('2D SPACE',''
  ) );
#9714 = PCURVE('',#126,#9715);
#9715 = DEFINITIONAL_REPRESENTATION('',(#9716),#9720);
#9716 = LINE('',#9717,#9718);
#9717 = CARTESIAN_POINT('',(-7.322,72.));
#9718 = VECTOR('',#9719,1.);
#9719 = DIRECTION('',(1.,0.));
#9720 = ( GEOMETRIC_REPRESENTATION_CONTEXT(2) 
PARAMETRIC_REPRESENTATION_CONTEXT() REPRESENTATION_CONTEXT('2D SPACE',''
  ) );
#9721 = ORIENTED_EDGE('',*,*,#9670,.T.);
#9722 = ORIENTED_EDGE('',*,*,#9723,.T.);
#9723 = EDGE_CURVE('',#9624,#9724,#9726,.T.);
#9724 = VERTEX_POINT('',#9725);
#9725 = CARTESIAN_POINT('',(64.322,23.,57.94));
#9726 = SURFACE_CURVE('',#9727,(#9731,#9738),.PCURVE_S1.);
#9727 = LINE('',#9728,#9729);
#9728 = CARTESIAN_POINT('',(57.,23.,57.94));
#9729 = VECTOR('',#9730,1.);
#9730 = DIRECTION('',(1.,0.,0.));
#9731 = PCURVE('',#9684,#9732);
#9732 = DEFINITIONAL_REPRESENTATION('',(#9733),#9737);
#9733 = LINE('',#9734,#9735);
#9734 = CARTESIAN_POINT('',(119.58,0.));
#9735 = VECTOR('',#9736,1.);
#9736 = DIRECTION('',(0.,1.));
#9737 = ( GEOMETRIC_REPRESENTATION_CONTEXT(2) 
PARAMETRIC_REPRESENTATION_CONTEXT() REPRESENTATION_CONTEXT('2D SPACE',''
  ) );
#9738 = PCURVE('',#70,#9739);
#9739 = DEFINITIONAL_REPRESENTATION('',(#9740),#9744);
#9740 = LINE('',#9741,#9742);
#9741 = CARTESIAN_POINT('',(-7.322,72.));
#9742 = VECTOR('',#9743,1.);
#9743 = DIRECTION('',(1.,0.));
#9744 = ( GEOMETRIC_REPRESENTATION_CONTEXT(2) 
PARAMETRIC_REPRESENTATION_CONTEXT() REPRESENTATION_CONTEXT('2D SPACE',''
  ) );
#9745 = ORIENTED_EDGE('',*,*,#9746,.F.);
#9746 = EDGE_CURVE('',#9700,#9724,#9747,.T.);
#9747 = SURFACE_CURVE('',#9748,(#9752,#9758),.PCURVE_S1.);
#9748 = LINE('',#9749,#9750);
#9749 = CARTESIAN_POINT('',(64.322,23.,-61.64));
#9750 = VECTOR('',#9751,1.);
#9751 = DIRECTION('',(0.,0.,1.));
#9752 = PCURVE('',#9684,#9753);
#9753 = DEFINITIONAL_REPRESENTATION('',(#9754),#9757);
#9754 = B_SPLINE_CURVE_WITH_KNOTS('',1,(#9755,#9756),.UNSPECIFIED.,.F.,
  .F.,(2,2),(0.,119.58),.PIECEWISE_BEZIER_KNOTS.);
#9755 = CARTESIAN_POINT('',(0.,7.322));
#9756 = CARTESIAN_POINT('',(119.58,7.322));
#9757 = ( GEOMETRIC_REPRESENTATION_CONTEXT(2) 
PARAMETRIC_REPRESENTATION_CONTEXT() REPRESENTATION_CONTEXT('2D SPACE',''
  ) );
#9758 = PCURVE('',#9759,#9764);
#9759 = PLANE('',#9760);
#9760 = AXIS2_PLACEMENT_3D('',#9761,#9762,#9763);
#9761 = CARTESIAN_POINT('',(64.322,-49.,-61.64));
#9762 = DIRECTION('',(1.,0.,0.));
#9763 = DIRECTION('',(0.,0.,1.));
#9764 = DEFINITIONAL_REPRESENTATION('',(#9765),#9768);
#9765 = B_SPLINE_CURVE_WITH_KNOTS('',1,(#9766,#9767),.UNSPECIFIED.,.F.,
  .F.,(2,2),(0.,119.58),.PIECEWISE_BEZIER_KNOTS.);
#9766 = CARTESIAN_POINT('',(0.,-72.));
#9767 = CARTESIAN_POINT('',(119.58,-72.));
#9768 = ( GEOMETRIC_REPRESENTATION_CONTEXT(2) 
PARAMETRIC_REPRESENTATION_CONTEXT() REPRESENTATION_CONTEXT('2D SPACE',''
  ) );
#9769 = ADVANCED_FACE('',(#9770),#9759,.F.);
#9770 = FACE_BOUND('',#9771,.F.);
#9771 = EDGE_LOOP('',(#9772,#9795,#9796,#9819));
#9772 = ORIENTED_EDGE('',*,*,#9773,.F.);
#9773 = EDGE_CURVE('',#9724,#9774,#9776,.T.);
#9774 = VERTEX_POINT('',#9775);
#9775 = CARTESIAN_POINT('',(64.322,49.,57.94));
#9776 = SURFACE_CURVE('',#9777,(#9781,#9788),.PCURVE_S1.);
#9777 = LINE('',#9778,#9779);
#9778 = CARTESIAN_POINT('',(64.322,-49.,57.94));
#9779 = VECTOR('',#9780,1.);
#9780 = DIRECTION('',(0.,1.,0.));
#9781 = PCURVE('',#9759,#9782);
#9782 = DEFINITIONAL_REPRESENTATION('',(#9783),#9787);
#9783 = LINE('',#9784,#9785);
#9784 = CARTESIAN_POINT('',(119.58,0.));
#9785 = VECTOR('',#9786,1.);
#9786 = DIRECTION('',(0.,-1.));
#9787 = ( GEOMETRIC_REPRESENTATION_CONTEXT(2) 
PARAMETRIC_REPRESENTATION_CONTEXT() REPRESENTATION_CONTEXT('2D SPACE',''
  ) );
#9788 = PCURVE('',#70,#9789);
#9789 = DEFINITIONAL_REPRESENTATION('',(#9790),#9794);
#9790 = LINE('',#9791,#9792);
#9791 = CARTESIAN_POINT('',(0.,0.));
#9792 = VECTOR('',#9793,1.);
#9793 = DIRECTION('',(0.,1.));
#9794 = ( GEOMETRIC_REPRESENTATION_CONTEXT(2) 
PARAMETRIC_REPRESENTATION_CONTEXT() REPRESENTATION_CONTEXT('2D SPACE',''
  ) );
#9795 = ORIENTED_EDGE('',*,*,#9746,.F.);
#9796 = ORIENTED_EDGE('',*,*,#9797,.T.);
#9797 = EDGE_CURVE('',#9700,#9798,#9800,.T.);
#9798 = VERTEX_POINT('',#9799);
#9799 = CARTESIAN_POINT('',(64.322,49.,-61.64));
#9800 = SURFACE_CURVE('',#9801,(#9805,#9812),.PCURVE_S1.);
#9801 = LINE('',#9802,#9803);
#9802 = CARTESIAN_POINT('',(64.322,-49.,-61.64));
#9803 = VECTOR('',#9804,1.);
#9804 = DIRECTION('',(0.,1.,0.));
#9805 = PCURVE('',#9759,#9806);
#9806 = DEFINITIONAL_REPRESENTATION('',(#9807),#9811);
#9807 = LINE('',#9808,#9809);
#9808 = CARTESIAN_POINT('',(0.,0.));
#9809 = VECTOR('',#9810,1.);
#9810 = DIRECTION('',(0.,-1.));
#9811 = ( GEOMETRIC_REPRESENTATION_CONTEXT(2) 
PARAMETRIC_REPRESENTATION_CONTEXT() REPRESENTATION_CONTEXT('2D SPACE',''
  ) );
#9812 = PCURVE('',#126,#9813);
#9813 = DEFINITIONAL_REPRESENTATION('',(#9814),#9818);
#9814 = LINE('',#9815,#9816);
#9815 = CARTESIAN_POINT('',(0.,0.));
#9816 = VECTOR('',#9817,1.);
#9817 = DIRECTION('',(0.,1.));
#9818 = ( GEOMETRIC_REPRESENTATION_CONTEXT(2) 
PARAMETRIC_REPRESENTATION_CONTEXT() REPRESENTATION_CONTEXT('2D SPACE',''
  ) );
#9819 = ORIENTED_EDGE('',*,*,#9820,.T.);
#9820 = EDGE_CURVE('',#9798,#9774,#9821,.T.);
#9821 = SURFACE_CURVE('',#9822,(#9826,#9833),.PCURVE_S1.);
#9822 = LINE('',#9823,#9824);
#9823 = CARTESIAN_POINT('',(64.322,49.,-61.64));
#9824 = VECTOR('',#9825,1.);
#9825 = DIRECTION('',(0.,0.,1.));
#9826 = PCURVE('',#9759,#9827);
#9827 = DEFINITIONAL_REPRESENTATION('',(#9828),#9832);
#9828 = LINE('',#9829,#9830);
#9829 = CARTESIAN_POINT('',(0.,-98.));
#9830 = VECTOR('',#9831,1.);
#9831 = DIRECTION('',(1.,0.));
#9832 = ( GEOMETRIC_REPRESENTATION_CONTEXT(2) 
PARAMETRIC_REPRESENTATION_CONTEXT() REPRESENTATION_CONTEXT('2D SPACE',''
  ) );
#9833 = PCURVE('',#9834,#9839);
#9834 = PLANE('',#9835);
#9835 = AXIS2_PLACEMENT_3D('',#9836,#9837,#9838);
#9836 = CARTESIAN_POINT('',(64.322,49.,-61.64));
#9837 = DIRECTION('',(0.,1.,0.));
#9838 = DIRECTION('',(0.,0.,1.));
#9839 = DEFINITIONAL_REPRESENTATION('',(#9840),#9844);
#9840 = LINE('',#9841,#9842);
#9841 = CARTESIAN_POINT('',(0.,0.));
#9842 = VECTOR('',#9843,1.);
#9843 = DIRECTION('',(1.,0.));
#9844 = ( GEOMETRIC_REPRESENTATION_CONTEXT(2) 
PARAMETRIC_REPRESENTATION_CONTEXT() REPRESENTATION_CONTEXT('2D SPACE',''
  ) );
#9845 = ADVANCED_FACE('',(#9846),#9834,.T.);
#9846 = FACE_BOUND('',#9847,.T.);
#9847 = EDGE_LOOP('',(#9848,#9871,#9872,#9895));
#9848 = ORIENTED_EDGE('',*,*,#9849,.F.);
#9849 = EDGE_CURVE('',#9798,#9850,#9852,.T.);
#9850 = VERTEX_POINT('',#9851);
#9851 = CARTESIAN_POINT('',(71.322,49.,-61.64));
#9852 = SURFACE_CURVE('',#9853,(#9857,#9864),.PCURVE_S1.);
#9853 = LINE('',#9854,#9855);
#9854 = CARTESIAN_POINT('',(64.322,49.,-61.64));
#9855 = VECTOR('',#9856,1.);
#9856 = DIRECTION('',(1.,0.,0.));
#9857 = PCURVE('',#9834,#9858);
#9858 = DEFINITIONAL_REPRESENTATION('',(#9859),#9863);
#9859 = LINE('',#9860,#9861);
#9860 = CARTESIAN_POINT('',(0.,0.));
#9861 = VECTOR('',#9862,1.);
#9862 = DIRECTION('',(0.,1.));
#9863 = ( GEOMETRIC_REPRESENTATION_CONTEXT(2) 
PARAMETRIC_REPRESENTATION_CONTEXT() REPRESENTATION_CONTEXT('2D SPACE',''
  ) );
#9864 = PCURVE('',#126,#9865);
#9865 = DEFINITIONAL_REPRESENTATION('',(#9866),#9870);
#9866 = LINE('',#9867,#9868);
#9867 = CARTESIAN_POINT('',(0.,98.));
#9868 = VECTOR('',#9869,1.);
#9869 = DIRECTION('',(1.,0.));
#9870 = ( GEOMETRIC_REPRESENTATION_CONTEXT(2) 
PARAMETRIC_REPRESENTATION_CONTEXT() REPRESENTATION_CONTEXT('2D SPACE',''
  ) );
#9871 = ORIENTED_EDGE('',*,*,#9820,.T.);
#9872 = ORIENTED_EDGE('',*,*,#9873,.T.);
#9873 = EDGE_CURVE('',#9774,#9874,#9876,.T.);
#9874 = VERTEX_POINT('',#9875);
#9875 = CARTESIAN_POINT('',(71.322,49.,57.94));
#9876 = SURFACE_CURVE('',#9877,(#9881,#9888),.PCURVE_S1.);
#9877 = LINE('',#9878,#9879);
#9878 = CARTESIAN_POINT('',(64.322,49.,57.94));
#9879 = VECTOR('',#9880,1.);
#9880 = DIRECTION('',(1.,0.,0.));
#9881 = PCURVE('',#9834,#9882);
#9882 = DEFINITIONAL_REPRESENTATION('',(#9883),#9887);
#9883 = LINE('',#9884,#9885);
#9884 = CARTESIAN_POINT('',(119.58,0.));
#9885 = VECTOR('',#9886,1.);
#9886 = DIRECTION('',(0.,1.));
#9887 = ( GEOMETRIC_REPRESENTATION_CONTEXT(2) 
PARAMETRIC_REPRESENTATION_CONTEXT() REPRESENTATION_CONTEXT('2D SPACE',''
  ) );
#9888 = PCURVE('',#70,#9889);
#9889 = DEFINITIONAL_REPRESENTATION('',(#9890),#9894);
#9890 = LINE('',#9891,#9892);
#9891 = CARTESIAN_POINT('',(0.,98.));
#9892 = VECTOR('',#9893,1.);
#9893 = DIRECTION('',(1.,0.));
#9894 = ( GEOMETRIC_REPRESENTATION_CONTEXT(2) 
PARAMETRIC_REPRESENTATION_CONTEXT() REPRESENTATION_CONTEXT('2D SPACE',''
  ) );
#9895 = ORIENTED_EDGE('',*,*,#9896,.F.);
#9896 = EDGE_CURVE('',#9850,#9874,#9897,.T.);
#9897 = SURFACE_CURVE('',#9898,(#9902,#9909),.PCURVE_S1.);
#9898 = LINE('',#9899,#9900);
#9899 = CARTESIAN_POINT('',(71.322,49.,-61.64));
#9900 = VECTOR('',#9901,1.);
#9901 = DIRECTION('',(0.,0.,1.));
#9902 = PCURVE('',#9834,#9903);
#9903 = DEFINITIONAL_REPRESENTATION('',(#9904),#9908);
#9904 = LINE('',#9905,#9906);
#9905 = CARTESIAN_POINT('',(0.,7.));
#9906 = VECTOR('',#9907,1.);
#9907 = DIRECTION('',(1.,0.));
#9908 = ( GEOMETRIC_REPRESENTATION_CONTEXT(2) 
PARAMETRIC_REPRESENTATION_CONTEXT() REPRESENTATION_CONTEXT('2D SPACE',''
  ) );
#9909 = PCURVE('',#9910,#9915);
#9910 = PLANE('',#9911);
#9911 = AXIS2_PLACEMENT_3D('',#9912,#9913,#9914);
#9912 = CARTESIAN_POINT('',(71.322,-49.,-61.64));
#9913 = DIRECTION('',(1.,0.,0.));
#9914 = DIRECTION('',(0.,0.,1.));
#9915 = DEFINITIONAL_REPRESENTATION('',(#9916),#9920);
#9916 = LINE('',#9917,#9918);
#9917 = CARTESIAN_POINT('',(0.,-98.));
#9918 = VECTOR('',#9919,1.);
#9919 = DIRECTION('',(1.,0.));
#9920 = ( GEOMETRIC_REPRESENTATION_CONTEXT(2) 
PARAMETRIC_REPRESENTATION_CONTEXT() REPRESENTATION_CONTEXT('2D SPACE',''
  ) );
#9921 = ADVANCED_FACE('',(#9922),#9910,.T.);
#9922 = FACE_BOUND('',#9923,.T.);
#9923 = EDGE_LOOP('',(#9924,#9947,#9970,#9991));
#9924 = ORIENTED_EDGE('',*,*,#9925,.F.);
#9925 = EDGE_CURVE('',#9926,#9874,#9928,.T.);
#9926 = VERTEX_POINT('',#9927);
#9927 = CARTESIAN_POINT('',(71.322,47.74,57.94));
#9928 = SURFACE_CURVE('',#9929,(#9933,#9940),.PCURVE_S1.);
#9929 = LINE('',#9930,#9931);
#9930 = CARTESIAN_POINT('',(71.322,-49.,57.94));
#9931 = VECTOR('',#9932,1.);
#9932 = DIRECTION('',(0.,1.,0.));
#9933 = PCURVE('',#9910,#9934);
#9934 = DEFINITIONAL_REPRESENTATION('',(#9935),#9939);
#9935 = LINE('',#9936,#9937);
#9936 = CARTESIAN_POINT('',(119.58,0.));
#9937 = VECTOR('',#9938,1.);
#9938 = DIRECTION('',(0.,-1.));
#9939 = ( GEOMETRIC_REPRESENTATION_CONTEXT(2) 
PARAMETRIC_REPRESENTATION_CONTEXT() REPRESENTATION_CONTEXT('2D SPACE',''
  ) );
#9940 = PCURVE('',#70,#9941);
#9941 = DEFINITIONAL_REPRESENTATION('',(#9942),#9946);
#9942 = LINE('',#9943,#9944);
#9943 = CARTESIAN_POINT('',(7.,0.));
#9944 = VECTOR('',#9945,1.);
#9945 = DIRECTION('',(0.,1.));
#9946 = ( GEOMETRIC_REPRESENTATION_CONTEXT(2) 
PARAMETRIC_REPRESENTATION_CONTEXT() REPRESENTATION_CONTEXT('2D SPACE',''
  ) );
#9947 = ORIENTED_EDGE('',*,*,#9948,.T.);
#9948 = EDGE_CURVE('',#9926,#9949,#9951,.T.);
#9949 = VERTEX_POINT('',#9950);
#9950 = CARTESIAN_POINT('',(71.322,47.74,-61.64));
#9951 = SURFACE_CURVE('',#9952,(#9956,#9963),.PCURVE_S1.);
#9952 = LINE('',#9953,#9954);
#9953 = CARTESIAN_POINT('',(71.322,47.74,57.94));
#9954 = VECTOR('',#9955,1.);
#9955 = DIRECTION('',(0.,0.,-1.));
#9956 = PCURVE('',#9910,#9957);
#9957 = DEFINITIONAL_REPRESENTATION('',(#9958),#9962);
#9958 = LINE('',#9959,#9960);
#9959 = CARTESIAN_POINT('',(119.58,-96.74));
#9960 = VECTOR('',#9961,1.);
#9961 = DIRECTION('',(-1.,0.));
#9962 = ( GEOMETRIC_REPRESENTATION_CONTEXT(2) 
PARAMETRIC_REPRESENTATION_CONTEXT() REPRESENTATION_CONTEXT('2D SPACE',''
  ) );
#9963 = PCURVE('',#788,#9964);
#9964 = DEFINITIONAL_REPRESENTATION('',(#9965),#9969);
#9965 = LINE('',#9966,#9967);
#9966 = CARTESIAN_POINT('',(119.58,0.));
#9967 = VECTOR('',#9968,1.);
#9968 = DIRECTION('',(-1.,0.));
#9969 = ( GEOMETRIC_REPRESENTATION_CONTEXT(2) 
PARAMETRIC_REPRESENTATION_CONTEXT() REPRESENTATION_CONTEXT('2D SPACE',''
  ) );
#9970 = ORIENTED_EDGE('',*,*,#9971,.F.);
#9971 = EDGE_CURVE('',#9850,#9949,#9972,.T.);
#9972 = SURFACE_CURVE('',#9973,(#9977,#9984),.PCURVE_S1.);
#9973 = LINE('',#9974,#9975);
#9974 = CARTESIAN_POINT('',(71.322,49.,-61.64));
#9975 = VECTOR('',#9976,1.);
#9976 = DIRECTION('',(0.,-1.,0.));
#9977 = PCURVE('',#9910,#9978);
#9978 = DEFINITIONAL_REPRESENTATION('',(#9979),#9983);
#9979 = LINE('',#9980,#9981);
#9980 = CARTESIAN_POINT('',(0.,-98.));
#9981 = VECTOR('',#9982,1.);
#9982 = DIRECTION('',(0.,1.));
#9983 = ( GEOMETRIC_REPRESENTATION_CONTEXT(2) 
PARAMETRIC_REPRESENTATION_CONTEXT() REPRESENTATION_CONTEXT('2D SPACE',''
  ) );
#9984 = PCURVE('',#126,#9985);
#9985 = DEFINITIONAL_REPRESENTATION('',(#9986),#9990);
#9986 = LINE('',#9987,#9988);
#9987 = CARTESIAN_POINT('',(7.,98.));
#9988 = VECTOR('',#9989,1.);
#9989 = DIRECTION('',(0.,-1.));
#9990 = ( GEOMETRIC_REPRESENTATION_CONTEXT(2) 
PARAMETRIC_REPRESENTATION_CONTEXT() REPRESENTATION_CONTEXT('2D SPACE',''
  ) );
#9991 = ORIENTED_EDGE('',*,*,#9896,.T.);
#9992 = ADVANCED_FACE('',(#9993),#2217,.F.);
#9993 = FACE_BOUND('',#9994,.F.);
#9994 = EDGE_LOOP('',(#9995,#9996,#10017,#10018));
#9995 = ORIENTED_EDGE('',*,*,#2200,.F.);
#9996 = ORIENTED_EDGE('',*,*,#9997,.F.);
#9997 = EDGE_CURVE('',#2603,#2201,#9998,.T.);
#9998 = SEAM_CURVE('',#9999,(#10003,#10010),.PCURVE_S1.);
#9999 = LINE('',#10000,#10001);
#10000 = CARTESIAN_POINT('',(66.822,-1.102182119233E-15,-39.5));
#10001 = VECTOR('',#10002,1.);
#10002 = DIRECTION('',(1.,0.,1.110223024625E-16));
#10003 = PCURVE('',#2217,#10004);
#10004 = DEFINITIONAL_REPRESENTATION('',(#10005),#10009);
#10005 = LINE('',#10006,#10007);
#10006 = CARTESIAN_POINT('',(6.28318530718,-0.));
#10007 = VECTOR('',#10008,1.);
#10008 = DIRECTION('',(0.,1.));
#10009 = ( GEOMETRIC_REPRESENTATION_CONTEXT(2) 
PARAMETRIC_REPRESENTATION_CONTEXT() REPRESENTATION_CONTEXT('2D SPACE',''
  ) );
#10010 = PCURVE('',#2217,#10011);
#10011 = DEFINITIONAL_REPRESENTATION('',(#10012),#10016);
#10012 = LINE('',#10013,#10014);
#10013 = CARTESIAN_POINT('',(0.,-0.));
#10014 = VECTOR('',#10015,1.);
#10015 = DIRECTION('',(0.,1.));
#10016 = ( GEOMETRIC_REPRESENTATION_CONTEXT(2) 
PARAMETRIC_REPRESENTATION_CONTEXT() REPRESENTATION_CONTEXT('2D SPACE',''
  ) );
#10017 = ORIENTED_EDGE('',*,*,#2602,.T.);
#10018 = ORIENTED_EDGE('',*,*,#9997,.T.);
#10019 = ADVANCED_FACE('',(#10020),#2053,.T.);
#10020 = FACE_BOUND('',#10021,.T.);
#10021 = EDGE_LOOP('',(#10022,#10052,#10073,#10074));
#10022 = ORIENTED_EDGE('',*,*,#10023,.F.);
#10023 = EDGE_CURVE('',#10024,#10026,#10028,.T.);
#10024 = VERTEX_POINT('',#10025);
#10025 = CARTESIAN_POINT('',(69.322,11.96,-57.));
#10026 = VERTEX_POINT('',#10027);
#10027 = CARTESIAN_POINT('',(69.322,18.53,-57.));
#10028 = SURFACE_CURVE('',#10029,(#10033,#10040),.PCURVE_S1.);
#10029 = LINE('',#10030,#10031);
#10030 = CARTESIAN_POINT('',(69.322,11.96,-57.));
#10031 = VECTOR('',#10032,1.);
#10032 = DIRECTION('',(0.,1.,0.));
#10033 = PCURVE('',#2053,#10034);
#10034 = DEFINITIONAL_REPRESENTATION('',(#10035),#10039);
#10035 = LINE('',#10036,#10037);
#10036 = CARTESIAN_POINT('',(0.,0.));
#10037 = VECTOR('',#10038,1.);
#10038 = DIRECTION('',(0.,1.));
#10039 = ( GEOMETRIC_REPRESENTATION_CONTEXT(2) 
PARAMETRIC_REPRESENTATION_CONTEXT() REPRESENTATION_CONTEXT('2D SPACE',''
  ) );
#10040 = PCURVE('',#10041,#10046);
#10041 = PLANE('',#10042);
#10042 = AXIS2_PLACEMENT_3D('',#10043,#10044,#10045);
#10043 = CARTESIAN_POINT('',(69.322,11.96,-57.));
#10044 = DIRECTION('',(1.,0.,0.));
#10045 = DIRECTION('',(0.,0.,1.));
#10046 = DEFINITIONAL_REPRESENTATION('',(#10047),#10051);
#10047 = LINE('',#10048,#10049);
#10048 = CARTESIAN_POINT('',(0.,0.));
#10049 = VECTOR('',#10050,1.);
#10050 = DIRECTION('',(0.,-1.));
#10051 = ( GEOMETRIC_REPRESENTATION_CONTEXT(2) 
PARAMETRIC_REPRESENTATION_CONTEXT() REPRESENTATION_CONTEXT('2D SPACE',''
  ) );
#10052 = ORIENTED_EDGE('',*,*,#10053,.T.);
#10053 = EDGE_CURVE('',#10024,#2038,#10054,.T.);
#10054 = SURFACE_CURVE('',#10055,(#10059,#10066),.PCURVE_S1.);
#10055 = LINE('',#10056,#10057);
#10056 = CARTESIAN_POINT('',(69.322,11.96,-57.));
#10057 = VECTOR('',#10058,1.);
#10058 = DIRECTION('',(1.,0.,0.));
#10059 = PCURVE('',#2053,#10060);
#10060 = DEFINITIONAL_REPRESENTATION('',(#10061),#10065);
#10061 = LINE('',#10062,#10063);
#10062 = CARTESIAN_POINT('',(0.,0.));
#10063 = VECTOR('',#10064,1.);
#10064 = DIRECTION('',(1.,0.));
#10065 = ( GEOMETRIC_REPRESENTATION_CONTEXT(2) 
PARAMETRIC_REPRESENTATION_CONTEXT() REPRESENTATION_CONTEXT('2D SPACE',''
  ) );
#10066 = PCURVE('',#2081,#10067);
#10067 = DEFINITIONAL_REPRESENTATION('',(#10068),#10072);
#10068 = LINE('',#10069,#10070);
#10069 = CARTESIAN_POINT('',(0.,0.));
#10070 = VECTOR('',#10071,1.);
#10071 = DIRECTION('',(0.,1.));
#10072 = ( GEOMETRIC_REPRESENTATION_CONTEXT(2) 
PARAMETRIC_REPRESENTATION_CONTEXT() REPRESENTATION_CONTEXT('2D SPACE',''
  ) );
#10073 = ORIENTED_EDGE('',*,*,#2037,.T.);
#10074 = ORIENTED_EDGE('',*,*,#10075,.F.);
#10075 = EDGE_CURVE('',#10026,#2010,#10076,.T.);
#10076 = SURFACE_CURVE('',#10077,(#10081,#10088),.PCURVE_S1.);
#10077 = LINE('',#10078,#10079);
#10078 = CARTESIAN_POINT('',(69.322,18.53,-57.));
#10079 = VECTOR('',#10080,1.);
#10080 = DIRECTION('',(1.,0.,0.));
#10081 = PCURVE('',#2053,#10082);
#10082 = DEFINITIONAL_REPRESENTATION('',(#10083),#10087);
#10083 = LINE('',#10084,#10085);
#10084 = CARTESIAN_POINT('',(0.,6.57));
#10085 = VECTOR('',#10086,1.);
#10086 = DIRECTION('',(1.,0.));
#10087 = ( GEOMETRIC_REPRESENTATION_CONTEXT(2) 
PARAMETRIC_REPRESENTATION_CONTEXT() REPRESENTATION_CONTEXT('2D SPACE',''
  ) );
#10088 = PCURVE('',#2025,#10089);
#10089 = DEFINITIONAL_REPRESENTATION('',(#10090),#10094);
#10090 = LINE('',#10091,#10092);
#10091 = CARTESIAN_POINT('',(0.,0.));
#10092 = VECTOR('',#10093,1.);
#10093 = DIRECTION('',(0.,1.));
#10094 = ( GEOMETRIC_REPRESENTATION_CONTEXT(2) 
PARAMETRIC_REPRESENTATION_CONTEXT() REPRESENTATION_CONTEXT('2D SPACE',''
  ) );
#10095 = ADVANCED_FACE('',(#10096),#10041,.T.);
#10096 = FACE_BOUND('',#10097,.T.);
#10097 = EDGE_LOOP('',(#10098,#10121,#10122,#10145));
#10098 = ORIENTED_EDGE('',*,*,#10099,.F.);
#10099 = EDGE_CURVE('',#10024,#10100,#10102,.T.);
#10100 = VERTEX_POINT('',#10101);
#10101 = CARTESIAN_POINT('',(69.322,11.96,57.94));
#10102 = SURFACE_CURVE('',#10103,(#10107,#10114),.PCURVE_S1.);
#10103 = LINE('',#10104,#10105);
#10104 = CARTESIAN_POINT('',(69.322,11.96,-57.));
#10105 = VECTOR('',#10106,1.);
#10106 = DIRECTION('',(0.,0.,1.));
#10107 = PCURVE('',#10041,#10108);
#10108 = DEFINITIONAL_REPRESENTATION('',(#10109),#10113);
#10109 = LINE('',#10110,#10111);
#10110 = CARTESIAN_POINT('',(0.,0.));
#10111 = VECTOR('',#10112,1.);
#10112 = DIRECTION('',(1.,0.));
#10113 = ( GEOMETRIC_REPRESENTATION_CONTEXT(2) 
PARAMETRIC_REPRESENTATION_CONTEXT() REPRESENTATION_CONTEXT('2D SPACE',''
  ) );
#10114 = PCURVE('',#2081,#10115);
#10115 = DEFINITIONAL_REPRESENTATION('',(#10116),#10120);
#10116 = LINE('',#10117,#10118);
#10117 = CARTESIAN_POINT('',(0.,0.));
#10118 = VECTOR('',#10119,1.);
#10119 = DIRECTION('',(1.,0.));
#10120 = ( GEOMETRIC_REPRESENTATION_CONTEXT(2) 
PARAMETRIC_REPRESENTATION_CONTEXT() REPRESENTATION_CONTEXT('2D SPACE',''
  ) );
#10121 = ORIENTED_EDGE('',*,*,#10023,.T.);
#10122 = ORIENTED_EDGE('',*,*,#10123,.T.);
#10123 = EDGE_CURVE('',#10026,#10124,#10126,.T.);
#10124 = VERTEX_POINT('',#10125);
#10125 = CARTESIAN_POINT('',(69.322,18.53,57.94));
#10126 = SURFACE_CURVE('',#10127,(#10131,#10138),.PCURVE_S1.);
#10127 = LINE('',#10128,#10129);
#10128 = CARTESIAN_POINT('',(69.322,18.53,-57.));
#10129 = VECTOR('',#10130,1.);
#10130 = DIRECTION('',(0.,0.,1.));
#10131 = PCURVE('',#10041,#10132);
#10132 = DEFINITIONAL_REPRESENTATION('',(#10133),#10137);
#10133 = LINE('',#10134,#10135);
#10134 = CARTESIAN_POINT('',(0.,-6.57));
#10135 = VECTOR('',#10136,1.);
#10136 = DIRECTION('',(1.,0.));
#10137 = ( GEOMETRIC_REPRESENTATION_CONTEXT(2) 
PARAMETRIC_REPRESENTATION_CONTEXT() REPRESENTATION_CONTEXT('2D SPACE',''
  ) );
#10138 = PCURVE('',#2025,#10139);
#10139 = DEFINITIONAL_REPRESENTATION('',(#10140),#10144);
#10140 = LINE('',#10141,#10142);
#10141 = CARTESIAN_POINT('',(0.,0.));
#10142 = VECTOR('',#10143,1.);
#10143 = DIRECTION('',(1.,0.));
#10144 = ( GEOMETRIC_REPRESENTATION_CONTEXT(2) 
PARAMETRIC_REPRESENTATION_CONTEXT() REPRESENTATION_CONTEXT('2D SPACE',''
  ) );
#10145 = ORIENTED_EDGE('',*,*,#10146,.F.);
#10146 = EDGE_CURVE('',#10100,#10124,#10147,.T.);
#10147 = SURFACE_CURVE('',#10148,(#10152,#10158),.PCURVE_S1.);
#10148 = LINE('',#10149,#10150);
#10149 = CARTESIAN_POINT('',(69.322,-18.52,57.94));
#10150 = VECTOR('',#10151,1.);
#10151 = DIRECTION('',(0.,1.,0.));
#10152 = PCURVE('',#10041,#10153);
#10153 = DEFINITIONAL_REPRESENTATION('',(#10154),#10157);
#10154 = B_SPLINE_CURVE_WITH_KNOTS('',1,(#10155,#10156),.UNSPECIFIED.,
  .F.,.F.,(2,2),(30.48,37.05),.PIECEWISE_BEZIER_KNOTS.);
#10155 = CARTESIAN_POINT('',(114.94,0.));
#10156 = CARTESIAN_POINT('',(114.94,-6.57));
#10157 = ( GEOMETRIC_REPRESENTATION_CONTEXT(2) 
PARAMETRIC_REPRESENTATION_CONTEXT() REPRESENTATION_CONTEXT('2D SPACE',''
  ) );
#10158 = PCURVE('',#70,#10159);
#10159 = DEFINITIONAL_REPRESENTATION('',(#10160),#10163);
#10160 = B_SPLINE_CURVE_WITH_KNOTS('',1,(#10161,#10162),.UNSPECIFIED.,
  .F.,.F.,(2,2),(30.48,37.05),.PIECEWISE_BEZIER_KNOTS.);
#10161 = CARTESIAN_POINT('',(5.,60.96));
#10162 = CARTESIAN_POINT('',(5.,67.53));
#10163 = ( GEOMETRIC_REPRESENTATION_CONTEXT(2) 
PARAMETRIC_REPRESENTATION_CONTEXT() REPRESENTATION_CONTEXT('2D SPACE',''
  ) );
#10164 = ADVANCED_FACE('',(#10165),#2081,.T.);
#10165 = FACE_BOUND('',#10166,.T.);
#10166 = EDGE_LOOP('',(#10167,#10168,#10169,#10170));
#10167 = ORIENTED_EDGE('',*,*,#2065,.F.);
#10168 = ORIENTED_EDGE('',*,*,#10053,.F.);
#10169 = ORIENTED_EDGE('',*,*,#10099,.T.);
#10170 = ORIENTED_EDGE('',*,*,#10171,.F.);
#10171 = EDGE_CURVE('',#2066,#10100,#10172,.T.);
#10172 = SURFACE_CURVE('',#10173,(#10177,#10183),.PCURVE_S1.);
#10173 = LINE('',#10174,#10175);
#10174 = CARTESIAN_POINT('',(66.822,11.96,57.94));
#10175 = VECTOR('',#10176,1.);
#10176 = DIRECTION('',(-1.,0.,0.));
#10177 = PCURVE('',#2081,#10178);
#10178 = DEFINITIONAL_REPRESENTATION('',(#10179),#10182);
#10179 = B_SPLINE_CURVE_WITH_KNOTS('',1,(#10180,#10181),.UNSPECIFIED.,
  .F.,.F.,(2,2),(-4.5,-2.5),.PIECEWISE_BEZIER_KNOTS.);
#10180 = CARTESIAN_POINT('',(114.94,2.));
#10181 = CARTESIAN_POINT('',(114.94,0.));
#10182 = ( GEOMETRIC_REPRESENTATION_CONTEXT(2) 
PARAMETRIC_REPRESENTATION_CONTEXT() REPRESENTATION_CONTEXT('2D SPACE',''
  ) );
#10183 = PCURVE('',#70,#10184);
#10184 = DEFINITIONAL_REPRESENTATION('',(#10185),#10188);
#10185 = B_SPLINE_CURVE_WITH_KNOTS('',1,(#10186,#10187),.UNSPECIFIED.,
  .F.,.F.,(2,2),(-4.5,-2.5),.PIECEWISE_BEZIER_KNOTS.);
#10186 = CARTESIAN_POINT('',(7.,60.96));
#10187 = CARTESIAN_POINT('',(5.,60.96));
#10188 = ( GEOMETRIC_REPRESENTATION_CONTEXT(2) 
PARAMETRIC_REPRESENTATION_CONTEXT() REPRESENTATION_CONTEXT('2D SPACE',''
  ) );
#10189 = ADVANCED_FACE('',(#10190),#2025,.F.);
#10190 = FACE_BOUND('',#10191,.F.);
#10191 = EDGE_LOOP('',(#10192,#10193,#10194,#10195));
#10192 = ORIENTED_EDGE('',*,*,#2009,.F.);
#10193 = ORIENTED_EDGE('',*,*,#10075,.F.);
#10194 = ORIENTED_EDGE('',*,*,#10123,.T.);
#10195 = ORIENTED_EDGE('',*,*,#10196,.F.);
#10196 = EDGE_CURVE('',#1987,#10124,#10197,.T.);
#10197 = SURFACE_CURVE('',#10198,(#10202,#10208),.PCURVE_S1.);
#10198 = LINE('',#10199,#10200);
#10199 = CARTESIAN_POINT('',(66.822,18.53,57.94));
#10200 = VECTOR('',#10201,1.);
#10201 = DIRECTION('',(-1.,0.,0.));
#10202 = PCURVE('',#2025,#10203);
#10203 = DEFINITIONAL_REPRESENTATION('',(#10204),#10207);
#10204 = B_SPLINE_CURVE_WITH_KNOTS('',1,(#10205,#10206),.UNSPECIFIED.,
  .F.,.F.,(2,2),(-4.5,-2.5),.PIECEWISE_BEZIER_KNOTS.);
#10205 = CARTESIAN_POINT('',(114.94,2.));
#10206 = CARTESIAN_POINT('',(114.94,0.));
#10207 = ( GEOMETRIC_REPRESENTATION_CONTEXT(2) 
PARAMETRIC_REPRESENTATION_CONTEXT() REPRESENTATION_CONTEXT('2D SPACE',''
  ) );
#10208 = PCURVE('',#70,#10209);
#10209 = DEFINITIONAL_REPRESENTATION('',(#10210),#10213);
#10210 = B_SPLINE_CURVE_WITH_KNOTS('',1,(#10211,#10212),.UNSPECIFIED.,
  .F.,.F.,(2,2),(-4.5,-2.5),.PIECEWISE_BEZIER_KNOTS.);
#10211 = CARTESIAN_POINT('',(7.,67.53));
#10212 = CARTESIAN_POINT('',(5.,67.53));
#10213 = ( GEOMETRIC_REPRESENTATION_CONTEXT(2) 
PARAMETRIC_REPRESENTATION_CONTEXT() REPRESENTATION_CONTEXT('2D SPACE',''
  ) );
#10214 = ADVANCED_FACE('',(#10215),#2132,.F.);
#10215 = FACE_BOUND('',#10216,.F.);
#10216 = EDGE_LOOP('',(#10217,#10218,#10241,#10269));
#10217 = ORIENTED_EDGE('',*,*,#2116,.F.);
#10218 = ORIENTED_EDGE('',*,*,#10219,.F.);
#10219 = EDGE_CURVE('',#10220,#2117,#10222,.T.);
#10220 = VERTEX_POINT('',#10221);
#10221 = CARTESIAN_POINT('',(69.322,-11.96,-57.));
#10222 = SURFACE_CURVE('',#10223,(#10227,#10234),.PCURVE_S1.);
#10223 = LINE('',#10224,#10225);
#10224 = CARTESIAN_POINT('',(69.322,-11.96,-57.));
#10225 = VECTOR('',#10226,1.);
#10226 = DIRECTION('',(1.,0.,0.));
#10227 = PCURVE('',#2132,#10228);
#10228 = DEFINITIONAL_REPRESENTATION('',(#10229),#10233);
#10229 = LINE('',#10230,#10231);
#10230 = CARTESIAN_POINT('',(0.,0.));
#10231 = VECTOR('',#10232,1.);
#10232 = DIRECTION('',(0.,1.));
#10233 = ( GEOMETRIC_REPRESENTATION_CONTEXT(2) 
PARAMETRIC_REPRESENTATION_CONTEXT() REPRESENTATION_CONTEXT('2D SPACE',''
  ) );
#10234 = PCURVE('',#2160,#10235);
#10235 = DEFINITIONAL_REPRESENTATION('',(#10236),#10240);
#10236 = LINE('',#10237,#10238);
#10237 = CARTESIAN_POINT('',(0.,6.57));
#10238 = VECTOR('',#10239,1.);
#10239 = DIRECTION('',(1.,0.));
#10240 = ( GEOMETRIC_REPRESENTATION_CONTEXT(2) 
PARAMETRIC_REPRESENTATION_CONTEXT() REPRESENTATION_CONTEXT('2D SPACE',''
  ) );
#10241 = ORIENTED_EDGE('',*,*,#10242,.T.);
#10242 = EDGE_CURVE('',#10220,#10243,#10245,.T.);
#10243 = VERTEX_POINT('',#10244);
#10244 = CARTESIAN_POINT('',(69.322,-11.96,57.94));
#10245 = SURFACE_CURVE('',#10246,(#10250,#10257),.PCURVE_S1.);
#10246 = LINE('',#10247,#10248);
#10247 = CARTESIAN_POINT('',(69.322,-11.96,-57.));
#10248 = VECTOR('',#10249,1.);
#10249 = DIRECTION('',(0.,0.,1.));
#10250 = PCURVE('',#2132,#10251);
#10251 = DEFINITIONAL_REPRESENTATION('',(#10252),#10256);
#10252 = LINE('',#10253,#10254);
#10253 = CARTESIAN_POINT('',(0.,0.));
#10254 = VECTOR('',#10255,1.);
#10255 = DIRECTION('',(1.,0.));
#10256 = ( GEOMETRIC_REPRESENTATION_CONTEXT(2) 
PARAMETRIC_REPRESENTATION_CONTEXT() REPRESENTATION_CONTEXT('2D SPACE',''
  ) );
#10257 = PCURVE('',#10258,#10263);
#10258 = PLANE('',#10259);
#10259 = AXIS2_PLACEMENT_3D('',#10260,#10261,#10262);
#10260 = CARTESIAN_POINT('',(69.322,-18.53,-57.));
#10261 = DIRECTION('',(1.,0.,0.));
#10262 = DIRECTION('',(0.,0.,1.));
#10263 = DEFINITIONAL_REPRESENTATION('',(#10264),#10268);
#10264 = LINE('',#10265,#10266);
#10265 = CARTESIAN_POINT('',(0.,-6.57));
#10266 = VECTOR('',#10267,1.);
#10267 = DIRECTION('',(1.,0.));
#10268 = ( GEOMETRIC_REPRESENTATION_CONTEXT(2) 
PARAMETRIC_REPRESENTATION_CONTEXT() REPRESENTATION_CONTEXT('2D SPACE',''
  ) );
#10269 = ORIENTED_EDGE('',*,*,#10270,.F.);
#10270 = EDGE_CURVE('',#2094,#10243,#10271,.T.);
#10271 = SURFACE_CURVE('',#10272,(#10276,#10282),.PCURVE_S1.);
#10272 = LINE('',#10273,#10274);
#10273 = CARTESIAN_POINT('',(66.822,-11.96,57.94));
#10274 = VECTOR('',#10275,1.);
#10275 = DIRECTION('',(-1.,0.,0.));
#10276 = PCURVE('',#2132,#10277);
#10277 = DEFINITIONAL_REPRESENTATION('',(#10278),#10281);
#10278 = B_SPLINE_CURVE_WITH_KNOTS('',1,(#10279,#10280),.UNSPECIFIED.,
  .F.,.F.,(2,2),(-4.5,-2.5),.PIECEWISE_BEZIER_KNOTS.);
#10279 = CARTESIAN_POINT('',(114.94,2.));
#10280 = CARTESIAN_POINT('',(114.94,0.));
#10281 = ( GEOMETRIC_REPRESENTATION_CONTEXT(2) 
PARAMETRIC_REPRESENTATION_CONTEXT() REPRESENTATION_CONTEXT('2D SPACE',''
  ) );
#10282 = PCURVE('',#70,#10283);
#10283 = DEFINITIONAL_REPRESENTATION('',(#10284),#10287);
#10284 = B_SPLINE_CURVE_WITH_KNOTS('',1,(#10285,#10286),.UNSPECIFIED.,
  .F.,.F.,(2,2),(-4.5,-2.5),.PIECEWISE_BEZIER_KNOTS.);
#10285 = CARTESIAN_POINT('',(7.,37.04));
#10286 = CARTESIAN_POINT('',(5.,37.04));
#10287 = ( GEOMETRIC_REPRESENTATION_CONTEXT(2) 
PARAMETRIC_REPRESENTATION_CONTEXT() REPRESENTATION_CONTEXT('2D SPACE',''
  ) );
#10288 = ADVANCED_FACE('',(#10289),#10258,.T.);
#10289 = FACE_BOUND('',#10290,.T.);
#10290 = EDGE_LOOP('',(#10291,#10316,#10337,#10338));
#10291 = ORIENTED_EDGE('',*,*,#10292,.F.);
#10292 = EDGE_CURVE('',#10293,#10295,#10297,.T.);
#10293 = VERTEX_POINT('',#10294);
#10294 = CARTESIAN_POINT('',(69.322,-18.53,-57.));
#10295 = VERTEX_POINT('',#10296);
#10296 = CARTESIAN_POINT('',(69.322,-18.53,57.94));
#10297 = SURFACE_CURVE('',#10298,(#10302,#10309),.PCURVE_S1.);
#10298 = LINE('',#10299,#10300);
#10299 = CARTESIAN_POINT('',(69.322,-18.53,-57.));
#10300 = VECTOR('',#10301,1.);
#10301 = DIRECTION('',(0.,0.,1.));
#10302 = PCURVE('',#10258,#10303);
#10303 = DEFINITIONAL_REPRESENTATION('',(#10304),#10308);
#10304 = LINE('',#10305,#10306);
#10305 = CARTESIAN_POINT('',(0.,0.));
#10306 = VECTOR('',#10307,1.);
#10307 = DIRECTION('',(1.,0.));
#10308 = ( GEOMETRIC_REPRESENTATION_CONTEXT(2) 
PARAMETRIC_REPRESENTATION_CONTEXT() REPRESENTATION_CONTEXT('2D SPACE',''
  ) );
#10309 = PCURVE('',#2186,#10310);
#10310 = DEFINITIONAL_REPRESENTATION('',(#10311),#10315);
#10311 = LINE('',#10312,#10313);
#10312 = CARTESIAN_POINT('',(0.,0.));
#10313 = VECTOR('',#10314,1.);
#10314 = DIRECTION('',(1.,0.));
#10315 = ( GEOMETRIC_REPRESENTATION_CONTEXT(2) 
PARAMETRIC_REPRESENTATION_CONTEXT() REPRESENTATION_CONTEXT('2D SPACE',''
  ) );
#10316 = ORIENTED_EDGE('',*,*,#10317,.T.);
#10317 = EDGE_CURVE('',#10293,#10220,#10318,.T.);
#10318 = SURFACE_CURVE('',#10319,(#10323,#10330),.PCURVE_S1.);
#10319 = LINE('',#10320,#10321);
#10320 = CARTESIAN_POINT('',(69.322,-18.53,-57.));
#10321 = VECTOR('',#10322,1.);
#10322 = DIRECTION('',(0.,1.,0.));
#10323 = PCURVE('',#10258,#10324);
#10324 = DEFINITIONAL_REPRESENTATION('',(#10325),#10329);
#10325 = LINE('',#10326,#10327);
#10326 = CARTESIAN_POINT('',(0.,0.));
#10327 = VECTOR('',#10328,1.);
#10328 = DIRECTION('',(0.,-1.));
#10329 = ( GEOMETRIC_REPRESENTATION_CONTEXT(2) 
PARAMETRIC_REPRESENTATION_CONTEXT() REPRESENTATION_CONTEXT('2D SPACE',''
  ) );
#10330 = PCURVE('',#2160,#10331);
#10331 = DEFINITIONAL_REPRESENTATION('',(#10332),#10336);
#10332 = LINE('',#10333,#10334);
#10333 = CARTESIAN_POINT('',(0.,0.));
#10334 = VECTOR('',#10335,1.);
#10335 = DIRECTION('',(0.,1.));
#10336 = ( GEOMETRIC_REPRESENTATION_CONTEXT(2) 
PARAMETRIC_REPRESENTATION_CONTEXT() REPRESENTATION_CONTEXT('2D SPACE',''
  ) );
#10337 = ORIENTED_EDGE('',*,*,#10242,.T.);
#10338 = ORIENTED_EDGE('',*,*,#10339,.F.);
#10339 = EDGE_CURVE('',#10295,#10243,#10340,.T.);
#10340 = SURFACE_CURVE('',#10341,(#10345,#10351),.PCURVE_S1.);
#10341 = LINE('',#10342,#10343);
#10342 = CARTESIAN_POINT('',(69.322,-33.765,57.94));
#10343 = VECTOR('',#10344,1.);
#10344 = DIRECTION('',(0.,1.,0.));
#10345 = PCURVE('',#10258,#10346);
#10346 = DEFINITIONAL_REPRESENTATION('',(#10347),#10350);
#10347 = B_SPLINE_CURVE_WITH_KNOTS('',1,(#10348,#10349),.UNSPECIFIED.,
  .F.,.F.,(2,2),(15.235,21.805),.PIECEWISE_BEZIER_KNOTS.);
#10348 = CARTESIAN_POINT('',(114.94,0.));
#10349 = CARTESIAN_POINT('',(114.94,-6.57));
#10350 = ( GEOMETRIC_REPRESENTATION_CONTEXT(2) 
PARAMETRIC_REPRESENTATION_CONTEXT() REPRESENTATION_CONTEXT('2D SPACE',''
  ) );
#10351 = PCURVE('',#70,#10352);
#10352 = DEFINITIONAL_REPRESENTATION('',(#10353),#10356);
#10353 = B_SPLINE_CURVE_WITH_KNOTS('',1,(#10354,#10355),.UNSPECIFIED.,
  .F.,.F.,(2,2),(15.235,21.805),.PIECEWISE_BEZIER_KNOTS.);
#10354 = CARTESIAN_POINT('',(5.,30.47));
#10355 = CARTESIAN_POINT('',(5.,37.04));
#10356 = ( GEOMETRIC_REPRESENTATION_CONTEXT(2) 
PARAMETRIC_REPRESENTATION_CONTEXT() REPRESENTATION_CONTEXT('2D SPACE',''
  ) );
#10357 = ADVANCED_FACE('',(#10358),#2160,.T.);
#10358 = FACE_BOUND('',#10359,.T.);
#10359 = EDGE_LOOP('',(#10360,#10361,#10382,#10383));
#10360 = ORIENTED_EDGE('',*,*,#10317,.F.);
#10361 = ORIENTED_EDGE('',*,*,#10362,.T.);
#10362 = EDGE_CURVE('',#10293,#2145,#10363,.T.);
#10363 = SURFACE_CURVE('',#10364,(#10368,#10375),.PCURVE_S1.);
#10364 = LINE('',#10365,#10366);
#10365 = CARTESIAN_POINT('',(69.322,-18.53,-57.));
#10366 = VECTOR('',#10367,1.);
#10367 = DIRECTION('',(1.,0.,0.));
#10368 = PCURVE('',#2160,#10369);
#10369 = DEFINITIONAL_REPRESENTATION('',(#10370),#10374);
#10370 = LINE('',#10371,#10372);
#10371 = CARTESIAN_POINT('',(0.,0.));
#10372 = VECTOR('',#10373,1.);
#10373 = DIRECTION('',(1.,0.));
#10374 = ( GEOMETRIC_REPRESENTATION_CONTEXT(2) 
PARAMETRIC_REPRESENTATION_CONTEXT() REPRESENTATION_CONTEXT('2D SPACE',''
  ) );
#10375 = PCURVE('',#2186,#10376);
#10376 = DEFINITIONAL_REPRESENTATION('',(#10377),#10381);
#10377 = LINE('',#10378,#10379);
#10378 = CARTESIAN_POINT('',(0.,0.));
#10379 = VECTOR('',#10380,1.);
#10380 = DIRECTION('',(0.,1.));
#10381 = ( GEOMETRIC_REPRESENTATION_CONTEXT(2) 
PARAMETRIC_REPRESENTATION_CONTEXT() REPRESENTATION_CONTEXT('2D SPACE',''
  ) );
#10382 = ORIENTED_EDGE('',*,*,#2144,.T.);
#10383 = ORIENTED_EDGE('',*,*,#10219,.F.);
#10384 = ADVANCED_FACE('',(#10385),#2186,.T.);
#10385 = FACE_BOUND('',#10386,.T.);
#10386 = EDGE_LOOP('',(#10387,#10388,#10389,#10390));
#10387 = ORIENTED_EDGE('',*,*,#2172,.F.);
#10388 = ORIENTED_EDGE('',*,*,#10362,.F.);
#10389 = ORIENTED_EDGE('',*,*,#10292,.T.);
#10390 = ORIENTED_EDGE('',*,*,#10391,.F.);
#10391 = EDGE_CURVE('',#1914,#10295,#10392,.T.);
#10392 = SURFACE_CURVE('',#10393,(#10397,#10403),.PCURVE_S1.);
#10393 = LINE('',#10394,#10395);
#10394 = CARTESIAN_POINT('',(66.822,-18.53,57.94));
#10395 = VECTOR('',#10396,1.);
#10396 = DIRECTION('',(-1.,0.,0.));
#10397 = PCURVE('',#2186,#10398);
#10398 = DEFINITIONAL_REPRESENTATION('',(#10399),#10402);
#10399 = B_SPLINE_CURVE_WITH_KNOTS('',1,(#10400,#10401),.UNSPECIFIED.,
  .F.,.F.,(2,2),(-4.5,-2.5),.PIECEWISE_BEZIER_KNOTS.);
#10400 = CARTESIAN_POINT('',(114.94,2.));
#10401 = CARTESIAN_POINT('',(114.94,0.));
#10402 = ( GEOMETRIC_REPRESENTATION_CONTEXT(2) 
PARAMETRIC_REPRESENTATION_CONTEXT() REPRESENTATION_CONTEXT('2D SPACE',''
  ) );
#10403 = PCURVE('',#70,#10404);
#10404 = DEFINITIONAL_REPRESENTATION('',(#10405),#10408);
#10405 = B_SPLINE_CURVE_WITH_KNOTS('',1,(#10406,#10407),.UNSPECIFIED.,
  .F.,.F.,(2,2),(-4.5,-2.5),.PIECEWISE_BEZIER_KNOTS.);
#10406 = CARTESIAN_POINT('',(7.,30.47));
#10407 = CARTESIAN_POINT('',(5.,30.47));
#10408 = ( GEOMETRIC_REPRESENTATION_CONTEXT(2) 
PARAMETRIC_REPRESENTATION_CONTEXT() REPRESENTATION_CONTEXT('2D SPACE',''
  ) );
#10409 = ADVANCED_FACE('',(#10410),#1952,.T.);
#10410 = FACE_BOUND('',#10411,.T.);
#10411 = EDGE_LOOP('',(#10412,#10433,#10434,#10457,#10480));
#10412 = ORIENTED_EDGE('',*,*,#10413,.F.);
#10413 = EDGE_CURVE('',#1937,#10414,#10416,.T.);
#10414 = VERTEX_POINT('',#10415);
#10415 = CARTESIAN_POINT('',(85.772,-44.74,-57.64));
#10416 = SURFACE_CURVE('',#10417,(#10421,#10427),.PCURVE_S1.);
#10417 = LINE('',#10418,#10419);
#10418 = CARTESIAN_POINT('',(71.322,-44.74,-57.64));
#10419 = VECTOR('',#10420,1.);
#10420 = DIRECTION('',(1.,0.,0.));
#10421 = PCURVE('',#1952,#10422);
#10422 = DEFINITIONAL_REPRESENTATION('',(#10423),#10426);
#10423 = B_SPLINE_CURVE_WITH_KNOTS('',1,(#10424,#10425),.UNSPECIFIED.,
  .F.,.F.,(2,2),(0.,14.45),.PIECEWISE_BEZIER_KNOTS.);
#10424 = CARTESIAN_POINT('',(4.,0.));
#10425 = CARTESIAN_POINT('',(4.,14.45));
#10426 = ( GEOMETRIC_REPRESENTATION_CONTEXT(2) 
PARAMETRIC_REPRESENTATION_CONTEXT() REPRESENTATION_CONTEXT('2D SPACE',''
  ) );
#10427 = PCURVE('',#491,#10428);
#10428 = DEFINITIONAL_REPRESENTATION('',(#10429),#10432);
#10429 = B_SPLINE_CURVE_WITH_KNOTS('',1,(#10430,#10431),.UNSPECIFIED.,
  .F.,.F.,(2,2),(0.,14.45),.PIECEWISE_BEZIER_KNOTS.);
#10430 = CARTESIAN_POINT('',(0.,3.));
#10431 = CARTESIAN_POINT('',(14.45,3.));
#10432 = ( GEOMETRIC_REPRESENTATION_CONTEXT(2) 
PARAMETRIC_REPRESENTATION_CONTEXT() REPRESENTATION_CONTEXT('2D SPACE',''
  ) );
#10433 = ORIENTED_EDGE('',*,*,#1936,.T.);
#10434 = ORIENTED_EDGE('',*,*,#10435,.T.);
#10435 = EDGE_CURVE('',#1912,#10436,#10438,.T.);
#10436 = VERTEX_POINT('',#10437);
#10437 = CARTESIAN_POINT('',(71.322,-44.74,58.04));
#10438 = SURFACE_CURVE('',#10439,(#10443,#10450),.PCURVE_S1.);
#10439 = LINE('',#10440,#10441);
#10440 = CARTESIAN_POINT('',(71.322,-44.74,-61.64));
#10441 = VECTOR('',#10442,1.);
#10442 = DIRECTION('',(0.,0.,1.));
#10443 = PCURVE('',#1952,#10444);
#10444 = DEFINITIONAL_REPRESENTATION('',(#10445),#10449);
#10445 = LINE('',#10446,#10447);
#10446 = CARTESIAN_POINT('',(0.,0.));
#10447 = VECTOR('',#10448,1.);
#10448 = DIRECTION('',(1.,0.));
#10449 = ( GEOMETRIC_REPRESENTATION_CONTEXT(2) 
PARAMETRIC_REPRESENTATION_CONTEXT() REPRESENTATION_CONTEXT('2D SPACE',''
  ) );
#10450 = PCURVE('',#357,#10451);
#10451 = DEFINITIONAL_REPRESENTATION('',(#10452),#10456);
#10452 = LINE('',#10453,#10454);
#10453 = CARTESIAN_POINT('',(0.,-3.));
#10454 = VECTOR('',#10455,1.);
#10455 = DIRECTION('',(1.,0.));
#10456 = ( GEOMETRIC_REPRESENTATION_CONTEXT(2) 
PARAMETRIC_REPRESENTATION_CONTEXT() REPRESENTATION_CONTEXT('2D SPACE',''
  ) );
#10457 = ORIENTED_EDGE('',*,*,#10458,.T.);
#10458 = EDGE_CURVE('',#10436,#10459,#10461,.T.);
#10459 = VERTEX_POINT('',#10460);
#10460 = CARTESIAN_POINT('',(85.772,-44.74,58.04));
#10461 = SURFACE_CURVE('',#10462,(#10466,#10473),.PCURVE_S1.);
#10462 = LINE('',#10463,#10464);
#10463 = CARTESIAN_POINT('',(71.322,-44.74,58.04));
#10464 = VECTOR('',#10465,1.);
#10465 = DIRECTION('',(1.,0.,0.));
#10466 = PCURVE('',#1952,#10467);
#10467 = DEFINITIONAL_REPRESENTATION('',(#10468),#10472);
#10468 = LINE('',#10469,#10470);
#10469 = CARTESIAN_POINT('',(119.68,0.));
#10470 = VECTOR('',#10471,1.);
#10471 = DIRECTION('',(0.,1.));
#10472 = ( GEOMETRIC_REPRESENTATION_CONTEXT(2) 
PARAMETRIC_REPRESENTATION_CONTEXT() REPRESENTATION_CONTEXT('2D SPACE',''
  ) );
#10473 = PCURVE('',#385,#10474);
#10474 = DEFINITIONAL_REPRESENTATION('',(#10475),#10479);
#10475 = LINE('',#10476,#10477);
#10476 = CARTESIAN_POINT('',(0.,3.));
#10477 = VECTOR('',#10478,1.);
#10478 = DIRECTION('',(1.,0.));
#10479 = ( GEOMETRIC_REPRESENTATION_CONTEXT(2) 
PARAMETRIC_REPRESENTATION_CONTEXT() REPRESENTATION_CONTEXT('2D SPACE',''
  ) );
#10480 = ORIENTED_EDGE('',*,*,#10481,.T.);
#10481 = EDGE_CURVE('',#10459,#10414,#10482,.T.);
#10482 = SURFACE_CURVE('',#10483,(#10487,#10493),.PCURVE_S1.);
#10483 = LINE('',#10484,#10485);
#10484 = CARTESIAN_POINT('',(85.772,-44.74,-61.64));
#10485 = VECTOR('',#10486,1.);
#10486 = DIRECTION('',(0.,0.,-1.));
#10487 = PCURVE('',#1952,#10488);
#10488 = DEFINITIONAL_REPRESENTATION('',(#10489),#10492);
#10489 = B_SPLINE_CURVE_WITH_KNOTS('',1,(#10490,#10491),.UNSPECIFIED.,
  .F.,.F.,(2,2),(-119.68,0.),.PIECEWISE_BEZIER_KNOTS.);
#10490 = CARTESIAN_POINT('',(119.68,14.45));
#10491 = CARTESIAN_POINT('',(0.,14.45));
#10492 = ( GEOMETRIC_REPRESENTATION_CONTEXT(2) 
PARAMETRIC_REPRESENTATION_CONTEXT() REPRESENTATION_CONTEXT('2D SPACE',''
  ) );
#10493 = PCURVE('',#10494,#10499);
#10494 = PLANE('',#10495);
#10495 = AXIS2_PLACEMENT_3D('',#10496,#10497,#10498);
#10496 = CARTESIAN_POINT('',(85.772,-47.74,-61.64));
#10497 = DIRECTION('',(1.,0.,0.));
#10498 = DIRECTION('',(0.,0.,1.));
#10499 = DEFINITIONAL_REPRESENTATION('',(#10500),#10503);
#10500 = B_SPLINE_CURVE_WITH_KNOTS('',1,(#10501,#10502),.UNSPECIFIED.,
  .F.,.F.,(2,2),(-119.68,0.),.PIECEWISE_BEZIER_KNOTS.);
#10501 = CARTESIAN_POINT('',(119.68,-3.));
#10502 = CARTESIAN_POINT('',(0.,-3.));
#10503 = ( GEOMETRIC_REPRESENTATION_CONTEXT(2) 
PARAMETRIC_REPRESENTATION_CONTEXT() REPRESENTATION_CONTEXT('2D SPACE',''
  ) );
#10504 = ADVANCED_FACE('',(#10505),#10494,.F.);
#10505 = FACE_BOUND('',#10506,.F.);
#10506 = EDGE_LOOP('',(#10507,#10530,#10531,#10552));
#10507 = ORIENTED_EDGE('',*,*,#10508,.F.);
#10508 = EDGE_CURVE('',#10459,#10509,#10511,.T.);
#10509 = VERTEX_POINT('',#10510);
#10510 = CARTESIAN_POINT('',(85.772,-41.44,58.04));
#10511 = SURFACE_CURVE('',#10512,(#10516,#10523),.PCURVE_S1.);
#10512 = LINE('',#10513,#10514);
#10513 = CARTESIAN_POINT('',(85.772,-47.74,58.04));
#10514 = VECTOR('',#10515,1.);
#10515 = DIRECTION('',(0.,1.,0.));
#10516 = PCURVE('',#10494,#10517);
#10517 = DEFINITIONAL_REPRESENTATION('',(#10518),#10522);
#10518 = LINE('',#10519,#10520);
#10519 = CARTESIAN_POINT('',(119.68,0.));
#10520 = VECTOR('',#10521,1.);
#10521 = DIRECTION('',(0.,-1.));
#10522 = ( GEOMETRIC_REPRESENTATION_CONTEXT(2) 
PARAMETRIC_REPRESENTATION_CONTEXT() REPRESENTATION_CONTEXT('2D SPACE',''
  ) );
#10523 = PCURVE('',#385,#10524);
#10524 = DEFINITIONAL_REPRESENTATION('',(#10525),#10529);
#10525 = LINE('',#10526,#10527);
#10526 = CARTESIAN_POINT('',(14.45,0.));
#10527 = VECTOR('',#10528,1.);
#10528 = DIRECTION('',(0.,1.));
#10529 = ( GEOMETRIC_REPRESENTATION_CONTEXT(2) 
PARAMETRIC_REPRESENTATION_CONTEXT() REPRESENTATION_CONTEXT('2D SPACE',''
  ) );
#10530 = ORIENTED_EDGE('',*,*,#10481,.T.);
#10531 = ORIENTED_EDGE('',*,*,#10532,.F.);
#10532 = EDGE_CURVE('',#10533,#10414,#10535,.T.);
#10533 = VERTEX_POINT('',#10534);
#10534 = CARTESIAN_POINT('',(85.772,-41.44,-57.64));
#10535 = SURFACE_CURVE('',#10536,(#10540,#10546),.PCURVE_S1.);
#10536 = LINE('',#10537,#10538);
#10537 = CARTESIAN_POINT('',(85.772,-47.74,-57.64));
#10538 = VECTOR('',#10539,1.);
#10539 = DIRECTION('',(0.,-1.,0.));
#10540 = PCURVE('',#10494,#10541);
#10541 = DEFINITIONAL_REPRESENTATION('',(#10542),#10545);
#10542 = B_SPLINE_CURVE_WITH_KNOTS('',1,(#10543,#10544),.UNSPECIFIED.,
  .F.,.F.,(2,2),(-6.3,-3.),.PIECEWISE_BEZIER_KNOTS.);
#10543 = CARTESIAN_POINT('',(4.,-6.3));
#10544 = CARTESIAN_POINT('',(4.,-3.));
#10545 = ( GEOMETRIC_REPRESENTATION_CONTEXT(2) 
PARAMETRIC_REPRESENTATION_CONTEXT() REPRESENTATION_CONTEXT('2D SPACE',''
  ) );
#10546 = PCURVE('',#491,#10547);
#10547 = DEFINITIONAL_REPRESENTATION('',(#10548),#10551);
#10548 = B_SPLINE_CURVE_WITH_KNOTS('',1,(#10549,#10550),.UNSPECIFIED.,
  .F.,.F.,(2,2),(-6.3,-3.),.PIECEWISE_BEZIER_KNOTS.);
#10549 = CARTESIAN_POINT('',(14.45,6.3));
#10550 = CARTESIAN_POINT('',(14.45,3.));
#10551 = ( GEOMETRIC_REPRESENTATION_CONTEXT(2) 
PARAMETRIC_REPRESENTATION_CONTEXT() REPRESENTATION_CONTEXT('2D SPACE',''
  ) );
#10552 = ORIENTED_EDGE('',*,*,#10553,.T.);
#10553 = EDGE_CURVE('',#10533,#10509,#10554,.T.);
#10554 = SURFACE_CURVE('',#10555,(#10559,#10566),.PCURVE_S1.);
#10555 = LINE('',#10556,#10557);
#10556 = CARTESIAN_POINT('',(85.772,-41.44,-61.64));
#10557 = VECTOR('',#10558,1.);
#10558 = DIRECTION('',(0.,0.,1.));
#10559 = PCURVE('',#10494,#10560);
#10560 = DEFINITIONAL_REPRESENTATION('',(#10561),#10565);
#10561 = LINE('',#10562,#10563);
#10562 = CARTESIAN_POINT('',(0.,-6.3));
#10563 = VECTOR('',#10564,1.);
#10564 = DIRECTION('',(1.,0.));
#10565 = ( GEOMETRIC_REPRESENTATION_CONTEXT(2) 
PARAMETRIC_REPRESENTATION_CONTEXT() REPRESENTATION_CONTEXT('2D SPACE',''
  ) );
#10566 = PCURVE('',#519,#10567);
#10567 = DEFINITIONAL_REPRESENTATION('',(#10568),#10572);
#10568 = LINE('',#10569,#10570);
#10569 = CARTESIAN_POINT('',(0.,0.));
#10570 = VECTOR('',#10571,1.);
#10571 = DIRECTION('',(1.,0.));
#10572 = ( GEOMETRIC_REPRESENTATION_CONTEXT(2) 
PARAMETRIC_REPRESENTATION_CONTEXT() REPRESENTATION_CONTEXT('2D SPACE',''
  ) );
#10573 = ADVANCED_FACE('',(#10574),#1821,.F.);
#10574 = FACE_BOUND('',#10575,.F.);
#10575 = EDGE_LOOP('',(#10576,#10577,#10598,#10621));
#10576 = ORIENTED_EDGE('',*,*,#1805,.F.);
#10577 = ORIENTED_EDGE('',*,*,#10578,.T.);
#10578 = EDGE_CURVE('',#1778,#9926,#10579,.T.);
#10579 = SURFACE_CURVE('',#10580,(#10584,#10591),.PCURVE_S1.);
#10580 = LINE('',#10581,#10582);
#10581 = CARTESIAN_POINT('',(71.322,-49.,57.94));
#10582 = VECTOR('',#10583,1.);
#10583 = DIRECTION('',(0.,1.,0.));
#10584 = PCURVE('',#1821,#10585);
#10585 = DEFINITIONAL_REPRESENTATION('',(#10586),#10590);
#10586 = LINE('',#10587,#10588);
#10587 = CARTESIAN_POINT('',(119.58,93.74));
#10588 = VECTOR('',#10589,1.);
#10589 = DIRECTION('',(0.,-1.));
#10590 = ( GEOMETRIC_REPRESENTATION_CONTEXT(2) 
PARAMETRIC_REPRESENTATION_CONTEXT() REPRESENTATION_CONTEXT('2D SPACE',''
  ) );
#10591 = PCURVE('',#70,#10592);
#10592 = DEFINITIONAL_REPRESENTATION('',(#10593),#10597);
#10593 = LINE('',#10594,#10595);
#10594 = CARTESIAN_POINT('',(7.,0.));
#10595 = VECTOR('',#10596,1.);
#10596 = DIRECTION('',(0.,1.));
#10597 = ( GEOMETRIC_REPRESENTATION_CONTEXT(2) 
PARAMETRIC_REPRESENTATION_CONTEXT() REPRESENTATION_CONTEXT('2D SPACE',''
  ) );
#10598 = ORIENTED_EDGE('',*,*,#10599,.T.);
#10599 = EDGE_CURVE('',#9926,#10600,#10602,.T.);
#10600 = VERTEX_POINT('',#10601);
#10601 = CARTESIAN_POINT('',(71.322,47.74,58.04));
#10602 = SURFACE_CURVE('',#10603,(#10607,#10614),.PCURVE_S1.);
#10603 = LINE('',#10604,#10605);
#10604 = CARTESIAN_POINT('',(71.322,47.74,-61.64));
#10605 = VECTOR('',#10606,1.);
#10606 = DIRECTION('',(0.,0.,1.));
#10607 = PCURVE('',#1821,#10608);
#10608 = DEFINITIONAL_REPRESENTATION('',(#10609),#10613);
#10609 = LINE('',#10610,#10611);
#10610 = CARTESIAN_POINT('',(0.,-3.));
#10611 = VECTOR('',#10612,1.);
#10612 = DIRECTION('',(1.,0.));
#10613 = ( GEOMETRIC_REPRESENTATION_CONTEXT(2) 
PARAMETRIC_REPRESENTATION_CONTEXT() REPRESENTATION_CONTEXT('2D SPACE',''
  ) );
#10614 = PCURVE('',#788,#10615);
#10615 = DEFINITIONAL_REPRESENTATION('',(#10616),#10620);
#10616 = LINE('',#10617,#10618);
#10617 = CARTESIAN_POINT('',(0.,0.));
#10618 = VECTOR('',#10619,1.);
#10619 = DIRECTION('',(1.,0.));
#10620 = ( GEOMETRIC_REPRESENTATION_CONTEXT(2) 
PARAMETRIC_REPRESENTATION_CONTEXT() REPRESENTATION_CONTEXT('2D SPACE',''
  ) );
#10621 = ORIENTED_EDGE('',*,*,#10622,.F.);
#10622 = EDGE_CURVE('',#1806,#10600,#10623,.T.);
#10623 = SURFACE_CURVE('',#10624,(#10628,#10635),.PCURVE_S1.);
#10624 = LINE('',#10625,#10626);
#10625 = CARTESIAN_POINT('',(71.322,44.74,58.04));
#10626 = VECTOR('',#10627,1.);
#10627 = DIRECTION('',(0.,1.,0.));
#10628 = PCURVE('',#1821,#10629);
#10629 = DEFINITIONAL_REPRESENTATION('',(#10630),#10634);
#10630 = LINE('',#10631,#10632);
#10631 = CARTESIAN_POINT('',(119.68,0.));
#10632 = VECTOR('',#10633,1.);
#10633 = DIRECTION('',(0.,-1.));
#10634 = ( GEOMETRIC_REPRESENTATION_CONTEXT(2) 
PARAMETRIC_REPRESENTATION_CONTEXT() REPRESENTATION_CONTEXT('2D SPACE',''
  ) );
#10635 = PCURVE('',#1849,#10636);
#10636 = DEFINITIONAL_REPRESENTATION('',(#10637),#10641);
#10637 = LINE('',#10638,#10639);
#10638 = CARTESIAN_POINT('',(0.,0.));
#10639 = VECTOR('',#10640,1.);
#10640 = DIRECTION('',(0.,1.));
#10641 = ( GEOMETRIC_REPRESENTATION_CONTEXT(2) 
PARAMETRIC_REPRESENTATION_CONTEXT() REPRESENTATION_CONTEXT('2D SPACE',''
  ) );
#10642 = ADVANCED_FACE('',(#10643),#1849,.T.);
#10643 = FACE_BOUND('',#10644,.T.);
#10644 = EDGE_LOOP('',(#10645,#10668,#10669,#10670));
#10645 = ORIENTED_EDGE('',*,*,#10646,.F.);
#10646 = EDGE_CURVE('',#10600,#10647,#10649,.T.);
#10647 = VERTEX_POINT('',#10648);
#10648 = CARTESIAN_POINT('',(71.4,47.74,58.04));
#10649 = SURFACE_CURVE('',#10650,(#10654,#10661),.PCURVE_S1.);
#10650 = LINE('',#10651,#10652);
#10651 = CARTESIAN_POINT('',(71.322,47.74,58.04));
#10652 = VECTOR('',#10653,1.);
#10653 = DIRECTION('',(1.,0.,0.));
#10654 = PCURVE('',#1849,#10655);
#10655 = DEFINITIONAL_REPRESENTATION('',(#10656),#10660);
#10656 = LINE('',#10657,#10658);
#10657 = CARTESIAN_POINT('',(0.,3.));
#10658 = VECTOR('',#10659,1.);
#10659 = DIRECTION('',(1.,0.));
#10660 = ( GEOMETRIC_REPRESENTATION_CONTEXT(2) 
PARAMETRIC_REPRESENTATION_CONTEXT() REPRESENTATION_CONTEXT('2D SPACE',''
  ) );
#10661 = PCURVE('',#788,#10662);
#10662 = DEFINITIONAL_REPRESENTATION('',(#10663),#10667);
#10663 = LINE('',#10664,#10665);
#10664 = CARTESIAN_POINT('',(119.68,0.));
#10665 = VECTOR('',#10666,1.);
#10666 = DIRECTION('',(0.,1.));
#10667 = ( GEOMETRIC_REPRESENTATION_CONTEXT(2) 
PARAMETRIC_REPRESENTATION_CONTEXT() REPRESENTATION_CONTEXT('2D SPACE',''
  ) );
#10668 = ORIENTED_EDGE('',*,*,#10622,.F.);
#10669 = ORIENTED_EDGE('',*,*,#1833,.T.);
#10670 = ORIENTED_EDGE('',*,*,#10671,.T.);
#10671 = EDGE_CURVE('',#1834,#10647,#10672,.T.);
#10672 = SURFACE_CURVE('',#10673,(#10677,#10683),.PCURVE_S1.);
#10673 = LINE('',#10674,#10675);
#10674 = CARTESIAN_POINT('',(71.4,44.74,58.04));
#10675 = VECTOR('',#10676,1.);
#10676 = DIRECTION('',(0.,1.,0.));
#10677 = PCURVE('',#1849,#10678);
#10678 = DEFINITIONAL_REPRESENTATION('',(#10679),#10682);
#10679 = B_SPLINE_CURVE_WITH_KNOTS('',1,(#10680,#10681),.UNSPECIFIED.,
  .F.,.F.,(2,2),(0.,3.),.PIECEWISE_BEZIER_KNOTS.);
#10680 = CARTESIAN_POINT('',(7.8E-02,0.));
#10681 = CARTESIAN_POINT('',(7.8E-02,3.));
#10682 = ( GEOMETRIC_REPRESENTATION_CONTEXT(2) 
PARAMETRIC_REPRESENTATION_CONTEXT() REPRESENTATION_CONTEXT('2D SPACE',''
  ) );
#10683 = PCURVE('',#1122,#10684);
#10684 = DEFINITIONAL_REPRESENTATION('',(#10685),#10688);
#10685 = B_SPLINE_CURVE_WITH_KNOTS('',1,(#10686,#10687),.UNSPECIFIED.,
  .F.,.F.,(2,2),(0.,3.),.PIECEWISE_BEZIER_KNOTS.);
#10686 = CARTESIAN_POINT('',(0.55,0.));
#10687 = CARTESIAN_POINT('',(0.55,-3.));
#10688 = ( GEOMETRIC_REPRESENTATION_CONTEXT(2) 
PARAMETRIC_REPRESENTATION_CONTEXT() REPRESENTATION_CONTEXT('2D SPACE',''
  ) );
#10689 = ADVANCED_FACE('',(#10690),#1122,.T.);
#10690 = FACE_BOUND('',#10691,.T.);
#10691 = EDGE_LOOP('',(#10692,#10693,#10694,#10713));
#10692 = ORIENTED_EDGE('',*,*,#1861,.F.);
#10693 = ORIENTED_EDGE('',*,*,#1104,.T.);
#10694 = ORIENTED_EDGE('',*,*,#10695,.F.);
#10695 = EDGE_CURVE('',#10647,#1107,#10696,.T.);
#10696 = SURFACE_CURVE('',#10697,(#10701,#10707),.PCURVE_S1.);
#10697 = LINE('',#10698,#10699);
#10698 = CARTESIAN_POINT('',(71.4,47.74,-2.075));
#10699 = VECTOR('',#10700,1.);
#10700 = DIRECTION('',(0.,0.,-1.));
#10701 = PCURVE('',#1122,#10702);
#10702 = DEFINITIONAL_REPRESENTATION('',(#10703),#10706);
#10703 = B_SPLINE_CURVE_WITH_KNOTS('',1,(#10704,#10705),.UNSPECIFIED.,
  .F.,.F.,(2,2),(-60.115,-59.565),.PIECEWISE_BEZIER_KNOTS.);
#10704 = CARTESIAN_POINT('',(0.55,-3.));
#10705 = CARTESIAN_POINT('',(0.,-3.));
#10706 = ( GEOMETRIC_REPRESENTATION_CONTEXT(2) 
PARAMETRIC_REPRESENTATION_CONTEXT() REPRESENTATION_CONTEXT('2D SPACE',''
  ) );
#10707 = PCURVE('',#788,#10708);
#10708 = DEFINITIONAL_REPRESENTATION('',(#10709),#10712);
#10709 = B_SPLINE_CURVE_WITH_KNOTS('',1,(#10710,#10711),.UNSPECIFIED.,
  .F.,.F.,(2,2),(-60.115,-59.565),.PIECEWISE_BEZIER_KNOTS.);
#10710 = CARTESIAN_POINT('',(119.68,7.8E-02));
#10711 = CARTESIAN_POINT('',(119.13,7.8E-02));
#10712 = ( GEOMETRIC_REPRESENTATION_CONTEXT(2) 
PARAMETRIC_REPRESENTATION_CONTEXT() REPRESENTATION_CONTEXT('2D SPACE',''
  ) );
#10713 = ORIENTED_EDGE('',*,*,#10671,.F.);
#10714 = ADVANCED_FACE('',(#10715),#966,.T.);
#10715 = FACE_BOUND('',#10716,.T.);
#10716 = EDGE_LOOP('',(#10717,#10718,#10739,#10740));
#10717 = ORIENTED_EDGE('',*,*,#1218,.F.);
#10718 = ORIENTED_EDGE('',*,*,#10719,.T.);
#10719 = EDGE_CURVE('',#1196,#952,#10720,.T.);
#10720 = SURFACE_CURVE('',#10721,(#10725,#10732),.PCURVE_S1.);
#10721 = LINE('',#10722,#10723);
#10722 = CARTESIAN_POINT('',(85.772,44.74,-61.64));
#10723 = VECTOR('',#10724,1.);
#10724 = DIRECTION('',(0.,0.,1.));
#10725 = PCURVE('',#966,#10726);
#10726 = DEFINITIONAL_REPRESENTATION('',(#10727),#10731);
#10727 = LINE('',#10728,#10729);
#10728 = CARTESIAN_POINT('',(-119.13,14.372));
#10729 = VECTOR('',#10730,1.);
#10730 = DIRECTION('',(1.,0.));
#10731 = ( GEOMETRIC_REPRESENTATION_CONTEXT(2) 
PARAMETRIC_REPRESENTATION_CONTEXT() REPRESENTATION_CONTEXT('2D SPACE',''
  ) );
#10732 = PCURVE('',#993,#10733);
#10733 = DEFINITIONAL_REPRESENTATION('',(#10734),#10738);
#10734 = LINE('',#10735,#10736);
#10735 = CARTESIAN_POINT('',(0.,-3.3));
#10736 = VECTOR('',#10737,1.);
#10737 = DIRECTION('',(1.,0.));
#10738 = ( GEOMETRIC_REPRESENTATION_CONTEXT(2) 
PARAMETRIC_REPRESENTATION_CONTEXT() REPRESENTATION_CONTEXT('2D SPACE',''
  ) );
#10739 = ORIENTED_EDGE('',*,*,#951,.F.);
#10740 = ORIENTED_EDGE('',*,*,#1030,.F.);
#10741 = ADVANCED_FACE('',(#10742),#993,.F.);
#10742 = FACE_BOUND('',#10743,.F.);
#10743 = EDGE_LOOP('',(#10744,#10745,#10768,#10787,#10788));
#10744 = ORIENTED_EDGE('',*,*,#977,.F.);
#10745 = ORIENTED_EDGE('',*,*,#10746,.F.);
#10746 = EDGE_CURVE('',#10747,#978,#10749,.T.);
#10747 = VERTEX_POINT('',#10748);
#10748 = CARTESIAN_POINT('',(85.772,41.44,-57.64));
#10749 = SURFACE_CURVE('',#10750,(#10754,#10761),.PCURVE_S1.);
#10750 = LINE('',#10751,#10752);
#10751 = CARTESIAN_POINT('',(85.772,41.44,-61.64));
#10752 = VECTOR('',#10753,1.);
#10753 = DIRECTION('',(0.,0.,1.));
#10754 = PCURVE('',#993,#10755);
#10755 = DEFINITIONAL_REPRESENTATION('',(#10756),#10760);
#10756 = LINE('',#10757,#10758);
#10757 = CARTESIAN_POINT('',(0.,0.));
#10758 = VECTOR('',#10759,1.);
#10759 = DIRECTION('',(1.,0.));
#10760 = ( GEOMETRIC_REPRESENTATION_CONTEXT(2) 
PARAMETRIC_REPRESENTATION_CONTEXT() REPRESENTATION_CONTEXT('2D SPACE',''
  ) );
#10761 = PCURVE('',#844,#10762);
#10762 = DEFINITIONAL_REPRESENTATION('',(#10763),#10767);
#10763 = LINE('',#10764,#10765);
#10764 = CARTESIAN_POINT('',(0.,0.));
#10765 = VECTOR('',#10766,1.);
#10766 = DIRECTION('',(1.,0.));
#10767 = ( GEOMETRIC_REPRESENTATION_CONTEXT(2) 
PARAMETRIC_REPRESENTATION_CONTEXT() REPRESENTATION_CONTEXT('2D SPACE',''
  ) );
#10768 = ORIENTED_EDGE('',*,*,#10769,.F.);
#10769 = EDGE_CURVE('',#1757,#10747,#10770,.T.);
#10770 = SURFACE_CURVE('',#10771,(#10775,#10781),.PCURVE_S1.);
#10771 = LINE('',#10772,#10773);
#10772 = CARTESIAN_POINT('',(85.772,-3.15,-57.64));
#10773 = VECTOR('',#10774,1.);
#10774 = DIRECTION('',(0.,-1.,0.));
#10775 = PCURVE('',#993,#10776);
#10776 = DEFINITIONAL_REPRESENTATION('',(#10777),#10780);
#10777 = B_SPLINE_CURVE_WITH_KNOTS('',1,(#10778,#10779),.UNSPECIFIED.,
  .F.,.F.,(2,2),(-47.89,-44.59),.PIECEWISE_BEZIER_KNOTS.);
#10778 = CARTESIAN_POINT('',(4.,-3.3));
#10779 = CARTESIAN_POINT('',(4.,0.));
#10780 = ( GEOMETRIC_REPRESENTATION_CONTEXT(2) 
PARAMETRIC_REPRESENTATION_CONTEXT() REPRESENTATION_CONTEXT('2D SPACE',''
  ) );
#10781 = PCURVE('',#491,#10782);
#10782 = DEFINITIONAL_REPRESENTATION('',(#10783),#10786);
#10783 = B_SPLINE_CURVE_WITH_KNOTS('',1,(#10784,#10785),.UNSPECIFIED.,
  .F.,.F.,(2,2),(-47.89,-44.59),.PIECEWISE_BEZIER_KNOTS.);
#10784 = CARTESIAN_POINT('',(14.45,92.48));
#10785 = CARTESIAN_POINT('',(14.45,89.18));
#10786 = ( GEOMETRIC_REPRESENTATION_CONTEXT(2) 
PARAMETRIC_REPRESENTATION_CONTEXT() REPRESENTATION_CONTEXT('2D SPACE',''
  ) );
#10787 = ORIENTED_EDGE('',*,*,#1887,.T.);
#10788 = ORIENTED_EDGE('',*,*,#10719,.T.);
#10789 = ADVANCED_FACE('',(#10790),#844,.F.);
#10790 = FACE_BOUND('',#10791,.F.);
#10791 = EDGE_LOOP('',(#10792,#10793,#10812,#10813));
#10792 = ORIENTED_EDGE('',*,*,#828,.F.);
#10793 = ORIENTED_EDGE('',*,*,#10794,.F.);
#10794 = EDGE_CURVE('',#10747,#829,#10795,.T.);
#10795 = SURFACE_CURVE('',#10796,(#10800,#10806),.PCURVE_S1.);
#10796 = LINE('',#10797,#10798);
#10797 = CARTESIAN_POINT('',(78.547,41.44,-57.64));
#10798 = VECTOR('',#10799,1.);
#10799 = DIRECTION('',(1.,0.,0.));
#10800 = PCURVE('',#844,#10801);
#10801 = DEFINITIONAL_REPRESENTATION('',(#10802),#10805);
#10802 = B_SPLINE_CURVE_WITH_KNOTS('',1,(#10803,#10804),.UNSPECIFIED.,
  .F.,.F.,(2,2),(7.225,10.225),.PIECEWISE_BEZIER_KNOTS.);
#10803 = CARTESIAN_POINT('',(4.,0.));
#10804 = CARTESIAN_POINT('',(4.,3.));
#10805 = ( GEOMETRIC_REPRESENTATION_CONTEXT(2) 
PARAMETRIC_REPRESENTATION_CONTEXT() REPRESENTATION_CONTEXT('2D SPACE',''
  ) );
#10806 = PCURVE('',#491,#10807);
#10807 = DEFINITIONAL_REPRESENTATION('',(#10808),#10811);
#10808 = B_SPLINE_CURVE_WITH_KNOTS('',1,(#10809,#10810),.UNSPECIFIED.,
  .F.,.F.,(2,2),(7.225,10.225),.PIECEWISE_BEZIER_KNOTS.);
#10809 = CARTESIAN_POINT('',(14.45,89.18));
#10810 = CARTESIAN_POINT('',(17.45,89.18));
#10811 = ( GEOMETRIC_REPRESENTATION_CONTEXT(2) 
PARAMETRIC_REPRESENTATION_CONTEXT() REPRESENTATION_CONTEXT('2D SPACE',''
  ) );
#10812 = ORIENTED_EDGE('',*,*,#10746,.T.);
#10813 = ORIENTED_EDGE('',*,*,#1005,.T.);
#10814 = ADVANCED_FACE('',(#10815),#788,.T.);
#10815 = FACE_BOUND('',#10816,.T.);
#10816 = EDGE_LOOP('',(#10817,#10818,#10839,#10840,#10841,#10842,#10843,
    #10844,#10845,#10846,#10847,#10848,#10849));
#10817 = ORIENTED_EDGE('',*,*,#770,.T.);
#10818 = ORIENTED_EDGE('',*,*,#10819,.F.);
#10819 = EDGE_CURVE('',#9949,#773,#10820,.T.);
#10820 = SURFACE_CURVE('',#10821,(#10825,#10832),.PCURVE_S1.);
#10821 = LINE('',#10822,#10823);
#10822 = CARTESIAN_POINT('',(71.322,47.74,-61.64));
#10823 = VECTOR('',#10824,1.);
#10824 = DIRECTION('',(1.,0.,0.));
#10825 = PCURVE('',#788,#10826);
#10826 = DEFINITIONAL_REPRESENTATION('',(#10827),#10831);
#10827 = LINE('',#10828,#10829);
#10828 = CARTESIAN_POINT('',(0.,0.));
#10829 = VECTOR('',#10830,1.);
#10830 = DIRECTION('',(0.,1.));
#10831 = ( GEOMETRIC_REPRESENTATION_CONTEXT(2) 
PARAMETRIC_REPRESENTATION_CONTEXT() REPRESENTATION_CONTEXT('2D SPACE',''
  ) );
#10832 = PCURVE('',#126,#10833);
#10833 = DEFINITIONAL_REPRESENTATION('',(#10834),#10838);
#10834 = LINE('',#10835,#10836);
#10835 = CARTESIAN_POINT('',(7.,96.74));
#10836 = VECTOR('',#10837,1.);
#10837 = DIRECTION('',(1.,0.));
#10838 = ( GEOMETRIC_REPRESENTATION_CONTEXT(2) 
PARAMETRIC_REPRESENTATION_CONTEXT() REPRESENTATION_CONTEXT('2D SPACE',''
  ) );
#10839 = ORIENTED_EDGE('',*,*,#9948,.F.);
#10840 = ORIENTED_EDGE('',*,*,#10599,.T.);
#10841 = ORIENTED_EDGE('',*,*,#10646,.T.);
#10842 = ORIENTED_EDGE('',*,*,#10695,.T.);
#10843 = ORIENTED_EDGE('',*,*,#1346,.T.);
#10844 = ORIENTED_EDGE('',*,*,#1460,.T.);
#10845 = ORIENTED_EDGE('',*,*,#1534,.T.);
#10846 = ORIENTED_EDGE('',*,*,#1630,.F.);
#10847 = ORIENTED_EDGE('',*,*,#1240,.T.);
#10848 = ORIENTED_EDGE('',*,*,#1081,.F.);
#10849 = ORIENTED_EDGE('',*,*,#902,.T.);
#10850 = ADVANCED_FACE('',(#10851,#10883,#10914),#491,.T.);
#10851 = FACE_BOUND('',#10852,.T.);
#10852 = EDGE_LOOP('',(#10853,#10854,#10855,#10856,#10875,#10876,#10877,
    #10878,#10879,#10880,#10881,#10882));
#10853 = ORIENTED_EDGE('',*,*,#1964,.F.);
#10854 = ORIENTED_EDGE('',*,*,#10413,.T.);
#10855 = ORIENTED_EDGE('',*,*,#10532,.F.);
#10856 = ORIENTED_EDGE('',*,*,#10857,.T.);
#10857 = EDGE_CURVE('',#10533,#476,#10858,.T.);
#10858 = SURFACE_CURVE('',#10859,(#10863,#10869),.PCURVE_S1.);
#10859 = LINE('',#10860,#10861);
#10860 = CARTESIAN_POINT('',(78.547,-41.44,-57.64));
#10861 = VECTOR('',#10862,1.);
#10862 = DIRECTION('',(1.,0.,0.));
#10863 = PCURVE('',#491,#10864);
#10864 = DEFINITIONAL_REPRESENTATION('',(#10865),#10868);
#10865 = B_SPLINE_CURVE_WITH_KNOTS('',1,(#10866,#10867),.UNSPECIFIED.,
  .F.,.F.,(2,2),(7.225,10.225),.PIECEWISE_BEZIER_KNOTS.);
#10866 = CARTESIAN_POINT('',(14.45,6.3));
#10867 = CARTESIAN_POINT('',(17.45,6.3));
#10868 = ( GEOMETRIC_REPRESENTATION_CONTEXT(2) 
PARAMETRIC_REPRESENTATION_CONTEXT() REPRESENTATION_CONTEXT('2D SPACE',''
  ) );
#10869 = PCURVE('',#519,#10870);
#10870 = DEFINITIONAL_REPRESENTATION('',(#10871),#10874);
#10871 = B_SPLINE_CURVE_WITH_KNOTS('',1,(#10872,#10873),.UNSPECIFIED.,
  .F.,.F.,(2,2),(7.225,10.225),.PIECEWISE_BEZIER_KNOTS.);
#10872 = CARTESIAN_POINT('',(4.,0.));
#10873 = CARTESIAN_POINT('',(4.,3.));
#10874 = ( GEOMETRIC_REPRESENTATION_CONTEXT(2) 
PARAMETRIC_REPRESENTATION_CONTEXT() REPRESENTATION_CONTEXT('2D SPACE',''
  ) );
#10875 = ORIENTED_EDGE('',*,*,#475,.T.);
#10876 = ORIENTED_EDGE('',*,*,#605,.T.);
#10877 = ORIENTED_EDGE('',*,*,#678,.T.);
#10878 = ORIENTED_EDGE('',*,*,#722,.F.);
#10879 = ORIENTED_EDGE('',*,*,#856,.T.);
#10880 = ORIENTED_EDGE('',*,*,#10794,.F.);
#10881 = ORIENTED_EDGE('',*,*,#10769,.F.);
#10882 = ORIENTED_EDGE('',*,*,#1754,.F.);
#10883 = FACE_BOUND('',#10884,.T.);
#10884 = EDGE_LOOP('',(#10885));
#10885 = ORIENTED_EDGE('',*,*,#10886,.F.);
#10886 = EDGE_CURVE('',#10887,#10887,#10889,.T.);
#10887 = VERTEX_POINT('',#10888);
#10888 = CARTESIAN_POINT('',(81.322,10.,-57.64));
#10889 = SURFACE_CURVE('',#10890,(#10895,#10902),.PCURVE_S1.);
#10890 = CIRCLE('',#10891,2.);
#10891 = AXIS2_PLACEMENT_3D('',#10892,#10893,#10894);
#10892 = CARTESIAN_POINT('',(79.322,10.,-57.64));
#10893 = DIRECTION('',(0.,0.,1.));
#10894 = DIRECTION('',(1.,0.,-0.));
#10895 = PCURVE('',#491,#10896);
#10896 = DEFINITIONAL_REPRESENTATION('',(#10897),#10901);
#10897 = CIRCLE('',#10898,2.);
#10898 = AXIS2_PLACEMENT_2D('',#10899,#10900);
#10899 = CARTESIAN_POINT('',(8.,57.74));
#10900 = DIRECTION('',(1.,0.));
#10901 = ( GEOMETRIC_REPRESENTATION_CONTEXT(2) 
PARAMETRIC_REPRESENTATION_CONTEXT() REPRESENTATION_CONTEXT('2D SPACE',''
  ) );
#10902 = PCURVE('',#10903,#10908);
#10903 = CYLINDRICAL_SURFACE('',#10904,2.);
#10904 = AXIS2_PLACEMENT_3D('',#10905,#10906,#10907);
#10905 = CARTESIAN_POINT('',(79.322,10.,-62.64));
#10906 = DIRECTION('',(0.,0.,1.));
#10907 = DIRECTION('',(1.,0.,0.));
#10908 = DEFINITIONAL_REPRESENTATION('',(#10909),#10913);
#10909 = LINE('',#10910,#10911);
#10910 = CARTESIAN_POINT('',(0.,5.));
#10911 = VECTOR('',#10912,1.);
#10912 = DIRECTION('',(1.,0.));
#10913 = ( GEOMETRIC_REPRESENTATION_CONTEXT(2) 
PARAMETRIC_REPRESENTATION_CONTEXT() REPRESENTATION_CONTEXT('2D SPACE',''
  ) );
#10914 = FACE_BOUND('',#10915,.T.);
#10915 = EDGE_LOOP('',(#10916));
#10916 = ORIENTED_EDGE('',*,*,#10917,.F.);
#10917 = EDGE_CURVE('',#10918,#10918,#10920,.T.);
#10918 = VERTEX_POINT('',#10919);
#10919 = CARTESIAN_POINT('',(81.322,30.,-57.64));
#10920 = SURFACE_CURVE('',#10921,(#10926,#10933),.PCURVE_S1.);
#10921 = CIRCLE('',#10922,2.);
#10922 = AXIS2_PLACEMENT_3D('',#10923,#10924,#10925);
#10923 = CARTESIAN_POINT('',(79.322,30.,-57.64));
#10924 = DIRECTION('',(0.,0.,1.));
#10925 = DIRECTION('',(1.,0.,-0.));
#10926 = PCURVE('',#491,#10927);
#10927 = DEFINITIONAL_REPRESENTATION('',(#10928),#10932);
#10928 = CIRCLE('',#10929,2.);
#10929 = AXIS2_PLACEMENT_2D('',#10930,#10931);
#10930 = CARTESIAN_POINT('',(8.,77.74));
#10931 = DIRECTION('',(1.,0.));
#10932 = ( GEOMETRIC_REPRESENTATION_CONTEXT(2) 
PARAMETRIC_REPRESENTATION_CONTEXT() REPRESENTATION_CONTEXT('2D SPACE',''
  ) );
#10933 = PCURVE('',#10934,#10939);
#10934 = CYLINDRICAL_SURFACE('',#10935,2.);
#10935 = AXIS2_PLACEMENT_3D('',#10936,#10937,#10938);
#10936 = CARTESIAN_POINT('',(79.322,30.,-62.64));
#10937 = DIRECTION('',(0.,0.,1.));
#10938 = DIRECTION('',(1.,0.,0.));
#10939 = DEFINITIONAL_REPRESENTATION('',(#10940),#10944);
#10940 = LINE('',#10941,#10942);
#10941 = CARTESIAN_POINT('',(0.,5.));
#10942 = VECTOR('',#10943,1.);
#10943 = DIRECTION('',(1.,0.));
#10944 = ( GEOMETRIC_REPRESENTATION_CONTEXT(2) 
PARAMETRIC_REPRESENTATION_CONTEXT() REPRESENTATION_CONTEXT('2D SPACE',''
  ) );
#10945 = ADVANCED_FACE('',(#10946),#10934,.F.);
#10946 = FACE_BOUND('',#10947,.F.);
#10947 = EDGE_LOOP('',(#10948,#10949,#10972,#10994));
#10948 = ORIENTED_EDGE('',*,*,#10917,.F.);
#10949 = ORIENTED_EDGE('',*,*,#10950,.F.);
#10950 = EDGE_CURVE('',#10951,#10918,#10953,.T.);
#10951 = VERTEX_POINT('',#10952);
#10952 = CARTESIAN_POINT('',(81.322,30.,-61.64));
#10953 = SEAM_CURVE('',#10954,(#10958,#10965),.PCURVE_S1.);
#10954 = LINE('',#10955,#10956);
#10955 = CARTESIAN_POINT('',(81.322,30.,-62.64));
#10956 = VECTOR('',#10957,1.);
#10957 = DIRECTION('',(0.,0.,1.));
#10958 = PCURVE('',#10934,#10959);
#10959 = DEFINITIONAL_REPRESENTATION('',(#10960),#10964);
#10960 = LINE('',#10961,#10962);
#10961 = CARTESIAN_POINT('',(6.28318530718,-0.));
#10962 = VECTOR('',#10963,1.);
#10963 = DIRECTION('',(0.,1.));
#10964 = ( GEOMETRIC_REPRESENTATION_CONTEXT(2) 
PARAMETRIC_REPRESENTATION_CONTEXT() REPRESENTATION_CONTEXT('2D SPACE',''
  ) );
#10965 = PCURVE('',#10934,#10966);
#10966 = DEFINITIONAL_REPRESENTATION('',(#10967),#10971);
#10967 = LINE('',#10968,#10969);
#10968 = CARTESIAN_POINT('',(0.,-0.));
#10969 = VECTOR('',#10970,1.);
#10970 = DIRECTION('',(0.,1.));
#10971 = ( GEOMETRIC_REPRESENTATION_CONTEXT(2) 
PARAMETRIC_REPRESENTATION_CONTEXT() REPRESENTATION_CONTEXT('2D SPACE',''
  ) );
#10972 = ORIENTED_EDGE('',*,*,#10973,.T.);
#10973 = EDGE_CURVE('',#10951,#10951,#10974,.T.);
#10974 = SURFACE_CURVE('',#10975,(#10980,#10987),.PCURVE_S1.);
#10975 = CIRCLE('',#10976,2.);
#10976 = AXIS2_PLACEMENT_3D('',#10977,#10978,#10979);
#10977 = CARTESIAN_POINT('',(79.322,30.,-61.64));
#10978 = DIRECTION('',(0.,0.,1.));
#10979 = DIRECTION('',(1.,0.,-0.));
#10980 = PCURVE('',#10934,#10981);
#10981 = DEFINITIONAL_REPRESENTATION('',(#10982),#10986);
#10982 = LINE('',#10983,#10984);
#10983 = CARTESIAN_POINT('',(0.,1.));
#10984 = VECTOR('',#10985,1.);
#10985 = DIRECTION('',(1.,0.));
#10986 = ( GEOMETRIC_REPRESENTATION_CONTEXT(2) 
PARAMETRIC_REPRESENTATION_CONTEXT() REPRESENTATION_CONTEXT('2D SPACE',''
  ) );
#10987 = PCURVE('',#126,#10988);
#10988 = DEFINITIONAL_REPRESENTATION('',(#10989),#10993);
#10989 = CIRCLE('',#10990,2.);
#10990 = AXIS2_PLACEMENT_2D('',#10991,#10992);
#10991 = CARTESIAN_POINT('',(15.,79.));
#10992 = DIRECTION('',(1.,0.));
#10993 = ( GEOMETRIC_REPRESENTATION_CONTEXT(2) 
PARAMETRIC_REPRESENTATION_CONTEXT() REPRESENTATION_CONTEXT('2D SPACE',''
  ) );
#10994 = ORIENTED_EDGE('',*,*,#10950,.T.);
#10995 = ADVANCED_FACE('',(#10996),#10903,.F.);
#10996 = FACE_BOUND('',#10997,.F.);
#10997 = EDGE_LOOP('',(#10998,#10999,#11022,#11044));
#10998 = ORIENTED_EDGE('',*,*,#10886,.F.);
#10999 = ORIENTED_EDGE('',*,*,#11000,.F.);
#11000 = EDGE_CURVE('',#11001,#10887,#11003,.T.);
#11001 = VERTEX_POINT('',#11002);
#11002 = CARTESIAN_POINT('',(81.322,10.,-61.64));
#11003 = SEAM_CURVE('',#11004,(#11008,#11015),.PCURVE_S1.);
#11004 = LINE('',#11005,#11006);
#11005 = CARTESIAN_POINT('',(81.322,10.,-62.64));
#11006 = VECTOR('',#11007,1.);
#11007 = DIRECTION('',(0.,0.,1.));
#11008 = PCURVE('',#10903,#11009);
#11009 = DEFINITIONAL_REPRESENTATION('',(#11010),#11014);
#11010 = LINE('',#11011,#11012);
#11011 = CARTESIAN_POINT('',(6.28318530718,-0.));
#11012 = VECTOR('',#11013,1.);
#11013 = DIRECTION('',(0.,1.));
#11014 = ( GEOMETRIC_REPRESENTATION_CONTEXT(2) 
PARAMETRIC_REPRESENTATION_CONTEXT() REPRESENTATION_CONTEXT('2D SPACE',''
  ) );
#11015 = PCURVE('',#10903,#11016);
#11016 = DEFINITIONAL_REPRESENTATION('',(#11017),#11021);
#11017 = LINE('',#11018,#11019);
#11018 = CARTESIAN_POINT('',(0.,-0.));
#11019 = VECTOR('',#11020,1.);
#11020 = DIRECTION('',(0.,1.));
#11021 = ( GEOMETRIC_REPRESENTATION_CONTEXT(2) 
PARAMETRIC_REPRESENTATION_CONTEXT() REPRESENTATION_CONTEXT('2D SPACE',''
  ) );
#11022 = ORIENTED_EDGE('',*,*,#11023,.T.);
#11023 = EDGE_CURVE('',#11001,#11001,#11024,.T.);
#11024 = SURFACE_CURVE('',#11025,(#11030,#11037),.PCURVE_S1.);
#11025 = CIRCLE('',#11026,2.);
#11026 = AXIS2_PLACEMENT_3D('',#11027,#11028,#11029);
#11027 = CARTESIAN_POINT('',(79.322,10.,-61.64));
#11028 = DIRECTION('',(0.,0.,1.));
#11029 = DIRECTION('',(1.,0.,-0.));
#11030 = PCURVE('',#10903,#11031);
#11031 = DEFINITIONAL_REPRESENTATION('',(#11032),#11036);
#11032 = LINE('',#11033,#11034);
#11033 = CARTESIAN_POINT('',(0.,1.));
#11034 = VECTOR('',#11035,1.);
#11035 = DIRECTION('',(1.,0.));
#11036 = ( GEOMETRIC_REPRESENTATION_CONTEXT(2) 
PARAMETRIC_REPRESENTATION_CONTEXT() REPRESENTATION_CONTEXT('2D SPACE',''
  ) );
#11037 = PCURVE('',#126,#11038);
#11038 = DEFINITIONAL_REPRESENTATION('',(#11039),#11043);
#11039 = CIRCLE('',#11040,2.);
#11040 = AXIS2_PLACEMENT_2D('',#11041,#11042);
#11041 = CARTESIAN_POINT('',(15.,59.));
#11042 = DIRECTION('',(1.,0.));
#11043 = ( GEOMETRIC_REPRESENTATION_CONTEXT(2) 
PARAMETRIC_REPRESENTATION_CONTEXT() REPRESENTATION_CONTEXT('2D SPACE',''
  ) );
#11044 = ORIENTED_EDGE('',*,*,#11000,.T.);
#11045 = ADVANCED_FACE('',(#11046),#519,.T.);
#11046 = FACE_BOUND('',#11047,.T.);
#11047 = EDGE_LOOP('',(#11048,#11049,#11050,#11051));
#11048 = ORIENTED_EDGE('',*,*,#503,.F.);
#11049 = ORIENTED_EDGE('',*,*,#10857,.F.);
#11050 = ORIENTED_EDGE('',*,*,#10553,.T.);
#11051 = ORIENTED_EDGE('',*,*,#11052,.T.);
#11052 = EDGE_CURVE('',#10509,#504,#11053,.T.);
#11053 = SURFACE_CURVE('',#11054,(#11058,#11065),.PCURVE_S1.);
#11054 = LINE('',#11055,#11056);
#11055 = CARTESIAN_POINT('',(85.772,-41.44,58.04));
#11056 = VECTOR('',#11057,1.);
#11057 = DIRECTION('',(1.,0.,0.));
#11058 = PCURVE('',#519,#11059);
#11059 = DEFINITIONAL_REPRESENTATION('',(#11060),#11064);
#11060 = LINE('',#11061,#11062);
#11061 = CARTESIAN_POINT('',(119.68,0.));
#11062 = VECTOR('',#11063,1.);
#11063 = DIRECTION('',(0.,1.));
#11064 = ( GEOMETRIC_REPRESENTATION_CONTEXT(2) 
PARAMETRIC_REPRESENTATION_CONTEXT() REPRESENTATION_CONTEXT('2D SPACE',''
  ) );
#11065 = PCURVE('',#385,#11066);
#11066 = DEFINITIONAL_REPRESENTATION('',(#11067),#11071);
#11067 = LINE('',#11068,#11069);
#11068 = CARTESIAN_POINT('',(14.45,6.3));
#11069 = VECTOR('',#11070,1.);
#11070 = DIRECTION('',(1.,0.));
#11071 = ( GEOMETRIC_REPRESENTATION_CONTEXT(2) 
PARAMETRIC_REPRESENTATION_CONTEXT() REPRESENTATION_CONTEXT('2D SPACE',''
  ) );
#11072 = ADVANCED_FACE('',(#11073),#385,.T.);
#11073 = FACE_BOUND('',#11074,.T.);
#11074 = EDGE_LOOP('',(#11075,#11076,#11097,#11098,#11099,#11100));
#11075 = ORIENTED_EDGE('',*,*,#10458,.F.);
#11076 = ORIENTED_EDGE('',*,*,#11077,.F.);
#11077 = EDGE_CURVE('',#342,#10436,#11078,.T.);
#11078 = SURFACE_CURVE('',#11079,(#11083,#11090),.PCURVE_S1.);
#11079 = LINE('',#11080,#11081);
#11080 = CARTESIAN_POINT('',(71.322,-47.74,58.04));
#11081 = VECTOR('',#11082,1.);
#11082 = DIRECTION('',(0.,1.,0.));
#11083 = PCURVE('',#385,#11084);
#11084 = DEFINITIONAL_REPRESENTATION('',(#11085),#11089);
#11085 = LINE('',#11086,#11087);
#11086 = CARTESIAN_POINT('',(0.,0.));
#11087 = VECTOR('',#11088,1.);
#11088 = DIRECTION('',(0.,1.));
#11089 = ( GEOMETRIC_REPRESENTATION_CONTEXT(2) 
PARAMETRIC_REPRESENTATION_CONTEXT() REPRESENTATION_CONTEXT('2D SPACE',''
  ) );
#11090 = PCURVE('',#357,#11091);
#11091 = DEFINITIONAL_REPRESENTATION('',(#11092),#11096);
#11092 = LINE('',#11093,#11094);
#11093 = CARTESIAN_POINT('',(119.68,0.));
#11094 = VECTOR('',#11095,1.);
#11095 = DIRECTION('',(0.,-1.));
#11096 = ( GEOMETRIC_REPRESENTATION_CONTEXT(2) 
PARAMETRIC_REPRESENTATION_CONTEXT() REPRESENTATION_CONTEXT('2D SPACE',''
  ) );
#11097 = ORIENTED_EDGE('',*,*,#369,.F.);
#11098 = ORIENTED_EDGE('',*,*,#531,.T.);
#11099 = ORIENTED_EDGE('',*,*,#11052,.F.);
#11100 = ORIENTED_EDGE('',*,*,#10508,.F.);
#11101 = ADVANCED_FACE('',(#11102),#357,.F.);
#11102 = FACE_BOUND('',#11103,.F.);
#11103 = EDGE_LOOP('',(#11104,#11105,#11126,#11127));
#11104 = ORIENTED_EDGE('',*,*,#341,.F.);
#11105 = ORIENTED_EDGE('',*,*,#11106,.T.);
#11106 = EDGE_CURVE('',#242,#1912,#11107,.T.);
#11107 = SURFACE_CURVE('',#11108,(#11112,#11119),.PCURVE_S1.);
#11108 = LINE('',#11109,#11110);
#11109 = CARTESIAN_POINT('',(71.322,-49.,57.94));
#11110 = VECTOR('',#11111,1.);
#11111 = DIRECTION('',(0.,1.,0.));
#11112 = PCURVE('',#357,#11113);
#11113 = DEFINITIONAL_REPRESENTATION('',(#11114),#11118);
#11114 = LINE('',#11115,#11116);
#11115 = CARTESIAN_POINT('',(119.58,1.26));
#11116 = VECTOR('',#11117,1.);
#11117 = DIRECTION('',(0.,-1.));
#11118 = ( GEOMETRIC_REPRESENTATION_CONTEXT(2) 
PARAMETRIC_REPRESENTATION_CONTEXT() REPRESENTATION_CONTEXT('2D SPACE',''
  ) );
#11119 = PCURVE('',#70,#11120);
#11120 = DEFINITIONAL_REPRESENTATION('',(#11121),#11125);
#11121 = LINE('',#11122,#11123);
#11122 = CARTESIAN_POINT('',(7.,0.));
#11123 = VECTOR('',#11124,1.);
#11124 = DIRECTION('',(0.,1.));
#11125 = ( GEOMETRIC_REPRESENTATION_CONTEXT(2) 
PARAMETRIC_REPRESENTATION_CONTEXT() REPRESENTATION_CONTEXT('2D SPACE',''
  ) );
#11126 = ORIENTED_EDGE('',*,*,#10435,.T.);
#11127 = ORIENTED_EDGE('',*,*,#11077,.F.);
#11128 = ADVANCED_FACE('',(#11129,#11265,#11268),#126,.F.);
#11129 = FACE_BOUND('',#11130,.F.);
#11130 = EDGE_LOOP('',(#11131,#11132,#11133,#11134,#11135,#11136,#11137,
    #11138,#11139,#11140,#11141,#11142,#11143,#11144,#11145,#11146,
    #11147,#11148,#11149,#11150,#11151,#11152,#11153,#11154,#11155,
    #11156,#11157,#11158,#11159,#11160,#11161,#11162,#11163,#11164,
    #11165,#11166,#11167,#11168,#11169,#11170,#11171,#11172,#11173,
    #11174,#11175,#11176,#11177,#11178,#11179,#11180,#11181,#11182,
    #11183,#11184,#11185,#11186,#11187,#11188,#11189,#11190,#11191,
    #11192,#11193,#11194,#11195,#11196,#11197,#11198,#11199,#11200,
    #11201,#11202,#11203,#11204,#11205,#11206,#11207,#11208,#11209,
    #11210,#11211,#11212,#11213,#11214,#11215,#11216,#11217,#11218,
    #11219,#11220,#11221,#11222,#11223,#11224,#11225,#11226,#11227,
    #11228,#11229,#11230,#11231,#11232,#11233,#11234,#11235,#11236,
    #11237,#11238,#11239,#11240,#11241,#11242,#11243,#11244));
#11131 = ORIENTED_EDGE('',*,*,#110,.F.);
#11132 = ORIENTED_EDGE('',*,*,#165,.T.);
#11133 = ORIENTED_EDGE('',*,*,#265,.F.);
#11134 = ORIENTED_EDGE('',*,*,#317,.F.);
#11135 = ORIENTED_EDGE('',*,*,#426,.F.);
#11136 = ORIENTED_EDGE('',*,*,#556,.T.);
#11137 = ORIENTED_EDGE('',*,*,#629,.T.);
#11138 = ORIENTED_EDGE('',*,*,#700,.F.);
#11139 = ORIENTED_EDGE('',*,*,#878,.F.);
#11140 = ORIENTED_EDGE('',*,*,#10819,.F.);
#11141 = ORIENTED_EDGE('',*,*,#9971,.F.);
#11142 = ORIENTED_EDGE('',*,*,#9849,.F.);
#11143 = ORIENTED_EDGE('',*,*,#9797,.F.);
#11144 = ORIENTED_EDGE('',*,*,#9699,.F.);
#11145 = ORIENTED_EDGE('',*,*,#9647,.F.);
#11146 = ORIENTED_EDGE('',*,*,#9553,.T.);
#11147 = ORIENTED_EDGE('',*,*,#9481,.T.);
#11148 = ORIENTED_EDGE('',*,*,#9409,.T.);
#11149 = ORIENTED_EDGE('',*,*,#9337,.T.);
#11150 = ORIENTED_EDGE('',*,*,#9265,.T.);
#11151 = ORIENTED_EDGE('',*,*,#9193,.T.);
#11152 = ORIENTED_EDGE('',*,*,#9121,.T.);
#11153 = ORIENTED_EDGE('',*,*,#9049,.T.);
#11154 = ORIENTED_EDGE('',*,*,#8977,.T.);
#11155 = ORIENTED_EDGE('',*,*,#8905,.T.);
#11156 = ORIENTED_EDGE('',*,*,#8833,.T.);
#11157 = ORIENTED_EDGE('',*,*,#8761,.T.);
#11158 = ORIENTED_EDGE('',*,*,#8689,.T.);
#11159 = ORIENTED_EDGE('',*,*,#8617,.T.);
#11160 = ORIENTED_EDGE('',*,*,#8545,.T.);
#11161 = ORIENTED_EDGE('',*,*,#8473,.T.);
#11162 = ORIENTED_EDGE('',*,*,#8401,.T.);
#11163 = ORIENTED_EDGE('',*,*,#8329,.T.);
#11164 = ORIENTED_EDGE('',*,*,#8257,.T.);
#11165 = ORIENTED_EDGE('',*,*,#8185,.T.);
#11166 = ORIENTED_EDGE('',*,*,#8113,.T.);
#11167 = ORIENTED_EDGE('',*,*,#8041,.T.);
#11168 = ORIENTED_EDGE('',*,*,#7969,.T.);
#11169 = ORIENTED_EDGE('',*,*,#7897,.T.);
#11170 = ORIENTED_EDGE('',*,*,#7825,.T.);
#11171 = ORIENTED_EDGE('',*,*,#7753,.T.);
#11172 = ORIENTED_EDGE('',*,*,#7681,.T.);
#11173 = ORIENTED_EDGE('',*,*,#7609,.T.);
#11174 = ORIENTED_EDGE('',*,*,#7537,.T.);
#11175 = ORIENTED_EDGE('',*,*,#7465,.T.);
#11176 = ORIENTED_EDGE('',*,*,#7393,.T.);
#11177 = ORIENTED_EDGE('',*,*,#7321,.T.);
#11178 = ORIENTED_EDGE('',*,*,#7249,.T.);
#11179 = ORIENTED_EDGE('',*,*,#7177,.T.);
#11180 = ORIENTED_EDGE('',*,*,#7105,.T.);
#11181 = ORIENTED_EDGE('',*,*,#7033,.T.);
#11182 = ORIENTED_EDGE('',*,*,#6961,.T.);
#11183 = ORIENTED_EDGE('',*,*,#6889,.T.);
#11184 = ORIENTED_EDGE('',*,*,#6817,.T.);
#11185 = ORIENTED_EDGE('',*,*,#6745,.T.);
#11186 = ORIENTED_EDGE('',*,*,#6673,.T.);
#11187 = ORIENTED_EDGE('',*,*,#6601,.T.);
#11188 = ORIENTED_EDGE('',*,*,#6529,.T.);
#11189 = ORIENTED_EDGE('',*,*,#6457,.T.);
#11190 = ORIENTED_EDGE('',*,*,#6415,.T.);
#11191 = ORIENTED_EDGE('',*,*,#6311,.T.);
#11192 = ORIENTED_EDGE('',*,*,#6261,.F.);
#11193 = ORIENTED_EDGE('',*,*,#6163,.F.);
#11194 = ORIENTED_EDGE('',*,*,#2440,.T.);
#11195 = ORIENTED_EDGE('',*,*,#2632,.T.);
#11196 = ORIENTED_EDGE('',*,*,#2755,.F.);
#11197 = ORIENTED_EDGE('',*,*,#2780,.F.);
#11198 = ORIENTED_EDGE('',*,*,#2854,.T.);
#11199 = ORIENTED_EDGE('',*,*,#2926,.T.);
#11200 = ORIENTED_EDGE('',*,*,#2998,.T.);
#11201 = ORIENTED_EDGE('',*,*,#3070,.T.);
#11202 = ORIENTED_EDGE('',*,*,#3142,.T.);
#11203 = ORIENTED_EDGE('',*,*,#3214,.T.);
#11204 = ORIENTED_EDGE('',*,*,#3286,.T.);
#11205 = ORIENTED_EDGE('',*,*,#3358,.T.);
#11206 = ORIENTED_EDGE('',*,*,#3430,.T.);
#11207 = ORIENTED_EDGE('',*,*,#3502,.T.);
#11208 = ORIENTED_EDGE('',*,*,#3574,.T.);
#11209 = ORIENTED_EDGE('',*,*,#3646,.T.);
#11210 = ORIENTED_EDGE('',*,*,#3718,.T.);
#11211 = ORIENTED_EDGE('',*,*,#3790,.T.);
#11212 = ORIENTED_EDGE('',*,*,#3862,.T.);
#11213 = ORIENTED_EDGE('',*,*,#3934,.T.);
#11214 = ORIENTED_EDGE('',*,*,#4006,.T.);
#11215 = ORIENTED_EDGE('',*,*,#4078,.T.);
#11216 = ORIENTED_EDGE('',*,*,#4150,.T.);
#11217 = ORIENTED_EDGE('',*,*,#4222,.T.);
#11218 = ORIENTED_EDGE('',*,*,#4294,.T.);
#11219 = ORIENTED_EDGE('',*,*,#4366,.T.);
#11220 = ORIENTED_EDGE('',*,*,#4438,.T.);
#11221 = ORIENTED_EDGE('',*,*,#4510,.T.);
#11222 = ORIENTED_EDGE('',*,*,#4582,.T.);
#11223 = ORIENTED_EDGE('',*,*,#4654,.T.);
#11224 = ORIENTED_EDGE('',*,*,#4726,.T.);
#11225 = ORIENTED_EDGE('',*,*,#4798,.T.);
#11226 = ORIENTED_EDGE('',*,*,#4870,.T.);
#11227 = ORIENTED_EDGE('',*,*,#4942,.T.);
#11228 = ORIENTED_EDGE('',*,*,#5014,.T.);
#11229 = ORIENTED_EDGE('',*,*,#5086,.T.);
#11230 = ORIENTED_EDGE('',*,*,#5158,.T.);
#11231 = ORIENTED_EDGE('',*,*,#5230,.T.);
#11232 = ORIENTED_EDGE('',*,*,#5302,.T.);
#11233 = ORIENTED_EDGE('',*,*,#5374,.T.);
#11234 = ORIENTED_EDGE('',*,*,#5446,.T.);
#11235 = ORIENTED_EDGE('',*,*,#5518,.T.);
#11236 = ORIENTED_EDGE('',*,*,#5590,.T.);
#11237 = ORIENTED_EDGE('',*,*,#5662,.T.);
#11238 = ORIENTED_EDGE('',*,*,#5734,.T.);
#11239 = ORIENTED_EDGE('',*,*,#5806,.T.);
#11240 = ORIENTED_EDGE('',*,*,#5878,.T.);
#11241 = ORIENTED_EDGE('',*,*,#5950,.T.);
#11242 = ORIENTED_EDGE('',*,*,#6023,.T.);
#11243 = ORIENTED_EDGE('',*,*,#6138,.F.);
#11244 = ORIENTED_EDGE('',*,*,#11245,.T.);
#11245 = EDGE_CURVE('',#6116,#111,#11246,.T.);
#11246 = SURFACE_CURVE('',#11247,(#11251,#11258),.PCURVE_S1.);
#11247 = LINE('',#11248,#11249);
#11248 = CARTESIAN_POINT('',(57.,-23.,-61.64));
#11249 = VECTOR('',#11250,1.);
#11250 = DIRECTION('',(1.,0.,0.));
#11251 = PCURVE('',#126,#11252);
#11252 = DEFINITIONAL_REPRESENTATION('',(#11253),#11257);
#11253 = LINE('',#11254,#11255);
#11254 = CARTESIAN_POINT('',(-7.322,26.));
#11255 = VECTOR('',#11256,1.);
#11256 = DIRECTION('',(1.,0.));
#11257 = ( GEOMETRIC_REPRESENTATION_CONTEXT(2) 
PARAMETRIC_REPRESENTATION_CONTEXT() REPRESENTATION_CONTEXT('2D SPACE',''
  ) );
#11258 = PCURVE('',#151,#11259);
#11259 = DEFINITIONAL_REPRESENTATION('',(#11260),#11264);
#11260 = LINE('',#11261,#11262);
#11261 = CARTESIAN_POINT('',(0.,0.));
#11262 = VECTOR('',#11263,1.);
#11263 = DIRECTION('',(0.,1.));
#11264 = ( GEOMETRIC_REPRESENTATION_CONTEXT(2) 
PARAMETRIC_REPRESENTATION_CONTEXT() REPRESENTATION_CONTEXT('2D SPACE',''
  ) );
#11265 = FACE_BOUND('',#11266,.F.);
#11266 = EDGE_LOOP('',(#11267));
#11267 = ORIENTED_EDGE('',*,*,#11023,.F.);
#11268 = FACE_BOUND('',#11269,.F.);
#11269 = EDGE_LOOP('',(#11270));
#11270 = ORIENTED_EDGE('',*,*,#10973,.F.);
#11271 = ADVANCED_FACE('',(#11272),#151,.F.);
#11272 = FACE_BOUND('',#11273,.F.);
#11273 = EDGE_LOOP('',(#11274,#11275,#11276,#11297));
#11274 = ORIENTED_EDGE('',*,*,#11245,.F.);
#11275 = ORIENTED_EDGE('',*,*,#6115,.T.);
#11276 = ORIENTED_EDGE('',*,*,#11277,.T.);
#11277 = EDGE_CURVE('',#6093,#50,#11278,.T.);
#11278 = SURFACE_CURVE('',#11279,(#11283,#11290),.PCURVE_S1.);
#11279 = LINE('',#11280,#11281);
#11280 = CARTESIAN_POINT('',(57.,-23.,57.94));
#11281 = VECTOR('',#11282,1.);
#11282 = DIRECTION('',(1.,0.,0.));
#11283 = PCURVE('',#151,#11284);
#11284 = DEFINITIONAL_REPRESENTATION('',(#11285),#11289);
#11285 = LINE('',#11286,#11287);
#11286 = CARTESIAN_POINT('',(119.58,0.));
#11287 = VECTOR('',#11288,1.);
#11288 = DIRECTION('',(0.,1.));
#11289 = ( GEOMETRIC_REPRESENTATION_CONTEXT(2) 
PARAMETRIC_REPRESENTATION_CONTEXT() REPRESENTATION_CONTEXT('2D SPACE',''
  ) );
#11290 = PCURVE('',#70,#11291);
#11291 = DEFINITIONAL_REPRESENTATION('',(#11292),#11296);
#11292 = LINE('',#11293,#11294);
#11293 = CARTESIAN_POINT('',(-7.322,26.));
#11294 = VECTOR('',#11295,1.);
#11295 = DIRECTION('',(1.,0.));
#11296 = ( GEOMETRIC_REPRESENTATION_CONTEXT(2) 
PARAMETRIC_REPRESENTATION_CONTEXT() REPRESENTATION_CONTEXT('2D SPACE',''
  ) );
#11297 = ORIENTED_EDGE('',*,*,#138,.F.);
#11298 = ADVANCED_FACE('',(#11299),#70,.T.);
#11299 = FACE_BOUND('',#11300,.T.);
#11300 = EDGE_LOOP('',(#11301,#11302,#11303,#11304,#11305,#11306,#11307,
    #11308,#11309,#11310,#11311,#11312,#11313,#11314,#11315,#11316,
    #11317,#11318,#11319,#11320,#11321,#11322,#11323,#11324,#11325,
    #11326,#11327,#11328,#11329,#11330,#11331,#11332,#11333,#11334,
    #11335,#11336,#11337,#11338,#11339,#11340,#11341,#11342,#11343,
    #11344,#11345,#11346,#11347,#11348,#11349,#11350,#11351,#11352,
    #11353,#11354,#11355,#11356,#11357,#11358,#11359,#11360,#11361,
    #11362,#11363,#11364,#11365,#11366,#11367,#11368,#11369,#11370,
    #11371,#11372,#11373,#11374,#11375,#11376,#11377,#11378,#11379,
    #11380,#11381,#11382,#11383,#11384,#11385,#11386,#11387,#11388,
    #11389,#11390,#11391,#11392,#11393,#11394,#11395,#11396,#11397,
    #11398,#11399,#11400,#11401,#11402,#11403,#11404,#11405,#11406,
    #11407,#11408,#11409,#11410,#11411,#11412,#11413,#11414,#11415,
    #11416,#11417,#11418));
#11301 = ORIENTED_EDGE('',*,*,#47,.F.);
#11302 = ORIENTED_EDGE('',*,*,#189,.T.);
#11303 = ORIENTED_EDGE('',*,*,#241,.T.);
#11304 = ORIENTED_EDGE('',*,*,#11106,.T.);
#11305 = ORIENTED_EDGE('',*,*,#1911,.T.);
#11306 = ORIENTED_EDGE('',*,*,#10391,.T.);
#11307 = ORIENTED_EDGE('',*,*,#10339,.T.);
#11308 = ORIENTED_EDGE('',*,*,#10270,.F.);
#11309 = ORIENTED_EDGE('',*,*,#2093,.T.);
#11310 = ORIENTED_EDGE('',*,*,#10171,.T.);
#11311 = ORIENTED_EDGE('',*,*,#10146,.T.);
#11312 = ORIENTED_EDGE('',*,*,#10196,.F.);
#11313 = ORIENTED_EDGE('',*,*,#1986,.T.);
#11314 = ORIENTED_EDGE('',*,*,#10578,.T.);
#11315 = ORIENTED_EDGE('',*,*,#9925,.T.);
#11316 = ORIENTED_EDGE('',*,*,#9873,.F.);
#11317 = ORIENTED_EDGE('',*,*,#9773,.F.);
#11318 = ORIENTED_EDGE('',*,*,#9723,.F.);
#11319 = ORIENTED_EDGE('',*,*,#9623,.F.);
#11320 = ORIENTED_EDGE('',*,*,#9575,.T.);
#11321 = ORIENTED_EDGE('',*,*,#9503,.T.);
#11322 = ORIENTED_EDGE('',*,*,#9431,.T.);
#11323 = ORIENTED_EDGE('',*,*,#9359,.T.);
#11324 = ORIENTED_EDGE('',*,*,#9287,.T.);
#11325 = ORIENTED_EDGE('',*,*,#9215,.T.);
#11326 = ORIENTED_EDGE('',*,*,#9143,.T.);
#11327 = ORIENTED_EDGE('',*,*,#9071,.T.);
#11328 = ORIENTED_EDGE('',*,*,#8999,.T.);
#11329 = ORIENTED_EDGE('',*,*,#8927,.T.);
#11330 = ORIENTED_EDGE('',*,*,#8855,.T.);
#11331 = ORIENTED_EDGE('',*,*,#8783,.T.);
#11332 = ORIENTED_EDGE('',*,*,#8711,.T.);
#11333 = ORIENTED_EDGE('',*,*,#8639,.T.);
#11334 = ORIENTED_EDGE('',*,*,#8567,.T.);
#11335 = ORIENTED_EDGE('',*,*,#8495,.T.);
#11336 = ORIENTED_EDGE('',*,*,#8423,.T.);
#11337 = ORIENTED_EDGE('',*,*,#8351,.T.);
#11338 = ORIENTED_EDGE('',*,*,#8279,.T.);
#11339 = ORIENTED_EDGE('',*,*,#8207,.T.);
#11340 = ORIENTED_EDGE('',*,*,#8135,.T.);
#11341 = ORIENTED_EDGE('',*,*,#8063,.T.);
#11342 = ORIENTED_EDGE('',*,*,#7991,.T.);
#11343 = ORIENTED_EDGE('',*,*,#7919,.T.);
#11344 = ORIENTED_EDGE('',*,*,#7847,.T.);
#11345 = ORIENTED_EDGE('',*,*,#7775,.T.);
#11346 = ORIENTED_EDGE('',*,*,#7703,.T.);
#11347 = ORIENTED_EDGE('',*,*,#7631,.T.);
#11348 = ORIENTED_EDGE('',*,*,#7559,.T.);
#11349 = ORIENTED_EDGE('',*,*,#7487,.T.);
#11350 = ORIENTED_EDGE('',*,*,#7415,.T.);
#11351 = ORIENTED_EDGE('',*,*,#7343,.T.);
#11352 = ORIENTED_EDGE('',*,*,#7271,.T.);
#11353 = ORIENTED_EDGE('',*,*,#7199,.T.);
#11354 = ORIENTED_EDGE('',*,*,#7127,.T.);
#11355 = ORIENTED_EDGE('',*,*,#7055,.T.);
#11356 = ORIENTED_EDGE('',*,*,#6983,.T.);
#11357 = ORIENTED_EDGE('',*,*,#6911,.T.);
#11358 = ORIENTED_EDGE('',*,*,#6839,.T.);
#11359 = ORIENTED_EDGE('',*,*,#6767,.T.);
#11360 = ORIENTED_EDGE('',*,*,#6695,.T.);
#11361 = ORIENTED_EDGE('',*,*,#6623,.T.);
#11362 = ORIENTED_EDGE('',*,*,#6551,.T.);
#11363 = ORIENTED_EDGE('',*,*,#6479,.T.);
#11364 = ORIENTED_EDGE('',*,*,#6435,.T.);
#11365 = ORIENTED_EDGE('',*,*,#6360,.T.);
#11366 = ORIENTED_EDGE('',*,*,#6237,.F.);
#11367 = ORIENTED_EDGE('',*,*,#6187,.F.);
#11368 = ORIENTED_EDGE('',*,*,#2487,.T.);
#11369 = ORIENTED_EDGE('',*,*,#2656,.T.);
#11370 = ORIENTED_EDGE('',*,*,#2706,.F.);
#11371 = ORIENTED_EDGE('',*,*,#2829,.F.);
#11372 = ORIENTED_EDGE('',*,*,#2903,.T.);
#11373 = ORIENTED_EDGE('',*,*,#2975,.T.);
#11374 = ORIENTED_EDGE('',*,*,#3047,.T.);
#11375 = ORIENTED_EDGE('',*,*,#3119,.T.);
#11376 = ORIENTED_EDGE('',*,*,#3191,.T.);
#11377 = ORIENTED_EDGE('',*,*,#3263,.T.);
#11378 = ORIENTED_EDGE('',*,*,#3335,.T.);
#11379 = ORIENTED_EDGE('',*,*,#3407,.T.);
#11380 = ORIENTED_EDGE('',*,*,#3479,.T.);
#11381 = ORIENTED_EDGE('',*,*,#3551,.T.);
#11382 = ORIENTED_EDGE('',*,*,#3623,.T.);
#11383 = ORIENTED_EDGE('',*,*,#3695,.T.);
#11384 = ORIENTED_EDGE('',*,*,#3767,.T.);
#11385 = ORIENTED_EDGE('',*,*,#3839,.T.);
#11386 = ORIENTED_EDGE('',*,*,#3911,.T.);
#11387 = ORIENTED_EDGE('',*,*,#3983,.T.);
#11388 = ORIENTED_EDGE('',*,*,#4055,.T.);
#11389 = ORIENTED_EDGE('',*,*,#4127,.T.);
#11390 = ORIENTED_EDGE('',*,*,#4199,.T.);
#11391 = ORIENTED_EDGE('',*,*,#4271,.T.);
#11392 = ORIENTED_EDGE('',*,*,#4343,.T.);
#11393 = ORIENTED_EDGE('',*,*,#4415,.T.);
#11394 = ORIENTED_EDGE('',*,*,#4487,.T.);
#11395 = ORIENTED_EDGE('',*,*,#4559,.T.);
#11396 = ORIENTED_EDGE('',*,*,#4631,.T.);
#11397 = ORIENTED_EDGE('',*,*,#4703,.T.);
#11398 = ORIENTED_EDGE('',*,*,#4775,.T.);
#11399 = ORIENTED_EDGE('',*,*,#4847,.T.);
#11400 = ORIENTED_EDGE('',*,*,#4919,.T.);
#11401 = ORIENTED_EDGE('',*,*,#4991,.T.);
#11402 = ORIENTED_EDGE('',*,*,#5063,.T.);
#11403 = ORIENTED_EDGE('',*,*,#5135,.T.);
#11404 = ORIENTED_EDGE('',*,*,#5207,.T.);
#11405 = ORIENTED_EDGE('',*,*,#5279,.T.);
#11406 = ORIENTED_EDGE('',*,*,#5351,.T.);
#11407 = ORIENTED_EDGE('',*,*,#5423,.T.);
#11408 = ORIENTED_EDGE('',*,*,#5495,.T.);
#11409 = ORIENTED_EDGE('',*,*,#5567,.T.);
#11410 = ORIENTED_EDGE('',*,*,#5639,.T.);
#11411 = ORIENTED_EDGE('',*,*,#5711,.T.);
#11412 = ORIENTED_EDGE('',*,*,#5783,.T.);
#11413 = ORIENTED_EDGE('',*,*,#5855,.T.);
#11414 = ORIENTED_EDGE('',*,*,#5927,.T.);
#11415 = ORIENTED_EDGE('',*,*,#5999,.T.);
#11416 = ORIENTED_EDGE('',*,*,#6070,.T.);
#11417 = ORIENTED_EDGE('',*,*,#6092,.F.);
#11418 = ORIENTED_EDGE('',*,*,#11277,.T.);
#11419 = ( GEOMETRIC_REPRESENTATION_CONTEXT(3) 
GLOBAL_UNCERTAINTY_ASSIGNED_CONTEXT((#11423)) 
GLOBAL_UNIT_ASSIGNED_CONTEXT((#11420,#11421,#11422)) 
REPRESENTATION_CONTEXT('Context #1',
  '3D Context with UNIT and UNCERTAINTY') );
#11420 = ( LENGTH_UNIT() NAMED_UNIT(*) SI_UNIT(.MILLI.,.METRE.) );
#11421 = ( NAMED_UNIT(*) PLANE_ANGLE_UNIT() SI_UNIT($,.RADIAN.) );
#11422 = ( NAMED_UNIT(*) SI_UNIT($,.STERADIAN.) SOLID_ANGLE_UNIT() );
#11423 = UNCERTAINTY_MEASURE_WITH_UNIT(LENGTH_MEASURE(1.E-07),#11420,
  'distance_accuracy_value','confusion accuracy');
#11424 = CONTEXT_DEPENDENT_SHAPE_REPRESENTATION(#11425,#11427);
#11425 = ( REPRESENTATION_RELATIONSHIP('','',#40,#10) 
REPRESENTATION_RELATIONSHIP_WITH_TRANSFORMATION(#11426) 
SHAPE_REPRESENTATION_RELATIONSHIP() );
#11426 = ITEM_DEFINED_TRANSFORMATION('','',#11,#15);
#11427 = PRODUCT_DEFINITION_SHAPE('Placement','Placement of an item',
  #11428);
#11428 = NEXT_ASSEMBLY_USAGE_OCCURRENCE('1','cradle','',#5,#35,$);
#11429 = PRODUCT_RELATED_PRODUCT_CATEGORY('part',$,(#37));
#11430 = SHAPE_DEFINITION_REPRESENTATION(#11431,#11437);
#11431 = PRODUCT_DEFINITION_SHAPE('','',#11432);
#11432 = PRODUCT_DEFINITION('design','',#11433,#11436);
#11433 = PRODUCT_DEFINITION_FORMATION('','',#11434);
#11434 = PRODUCT('lock','lock','',(#11435));
#11435 = PRODUCT_CONTEXT('',#2,'mechanical');
#11436 = PRODUCT_DEFINITION_CONTEXT('part definition',#2,'design');
#11437 = ADVANCED_BREP_SHAPE_REPRESENTATION('',(#11,#11438),#13139);
#11438 = MANIFOLD_SOLID_BREP('',#11439);
#11439 = CLOSED_SHELL('',(#11440,#11562,#12136,#12186,#12254,#12306,
    #12358,#12386,#12458,#12506,#12558,#12606,#12658,#12706,#12758,
    #12806,#12858,#12906,#12958,#13029,#13056,#13084,#13132));
#11440 = ADVANCED_FACE('',(#11441),#11455,.T.);
#11441 = FACE_BOUND('',#11442,.T.);
#11442 = EDGE_LOOP('',(#11443,#11476,#11505,#11531));
#11443 = ORIENTED_EDGE('',*,*,#11444,.F.);
#11444 = EDGE_CURVE('',#11445,#11447,#11449,.T.);
#11445 = VERTEX_POINT('',#11446);
#11446 = CARTESIAN_POINT('',(84.,47.346688068541,57.99));
#11447 = VERTEX_POINT('',#11448);
#11448 = CARTESIAN_POINT('',(84.,47.346688068541,63.99));
#11449 = SURFACE_CURVE('',#11450,(#11454,#11465),.PCURVE_S1.);
#11450 = LINE('',#11451,#11452);
#11451 = CARTESIAN_POINT('',(84.,47.346688068541,57.99));
#11452 = VECTOR('',#11453,1.);
#11453 = DIRECTION('',(0.,0.,1.));
#11454 = PCURVE('',#11455,#11460);
#11455 = CYLINDRICAL_SURFACE('',#11456,6.5);
#11456 = AXIS2_PLACEMENT_3D('',#11457,#11458,#11459);
#11457 = CARTESIAN_POINT('',(79.,51.5,57.99));
#11458 = DIRECTION('',(0.,0.,1.));
#11459 = DIRECTION('',(1.,0.,0.));
#11460 = DEFINITIONAL_REPRESENTATION('',(#11461),#11464);
#11461 = B_SPLINE_CURVE_WITH_KNOTS('',1,(#11462,#11463),.UNSPECIFIED.,
  .F.,.F.,(2,2),(0.,6.),.PIECEWISE_BEZIER_KNOTS.);
#11462 = CARTESIAN_POINT('',(5.590025399603,0.));
#11463 = CARTESIAN_POINT('',(5.590025399603,6.));
#11464 = ( GEOMETRIC_REPRESENTATION_CONTEXT(2) 
PARAMETRIC_REPRESENTATION_CONTEXT() REPRESENTATION_CONTEXT('2D SPACE',''
  ) );
#11465 = PCURVE('',#11466,#11471);
#11466 = PLANE('',#11467);
#11467 = AXIS2_PLACEMENT_3D('',#11468,#11469,#11470);
#11468 = CARTESIAN_POINT('',(84.,38.,57.99));
#11469 = DIRECTION('',(1.,0.,0.));
#11470 = DIRECTION('',(0.,0.,1.));
#11471 = DEFINITIONAL_REPRESENTATION('',(#11472),#11475);
#11472 = B_SPLINE_CURVE_WITH_KNOTS('',1,(#11473,#11474),.UNSPECIFIED.,
  .F.,.F.,(2,2),(-5.999999999062E-07,6.0000006),
  .PIECEWISE_BEZIER_KNOTS.);
#11473 = CARTESIAN_POINT('',(-5.999999999062E-07,-9.346688068541));
#11474 = CARTESIAN_POINT('',(6.0000006,-9.346688068541));
#11475 = ( GEOMETRIC_REPRESENTATION_CONTEXT(2) 
PARAMETRIC_REPRESENTATION_CONTEXT() REPRESENTATION_CONTEXT('2D SPACE',''
  ) );
#11476 = ORIENTED_EDGE('',*,*,#11477,.T.);
#11477 = EDGE_CURVE('',#11445,#11478,#11480,.T.);
#11478 = VERTEX_POINT('',#11479);
#11479 = CARTESIAN_POINT('',(84.789622033462,48.545295833818,57.99));
#11480 = SURFACE_CURVE('',#11481,(#11486,#11493),.PCURVE_S1.);
#11481 = CIRCLE('',#11482,6.5);
#11482 = AXIS2_PLACEMENT_3D('',#11483,#11484,#11485);
#11483 = CARTESIAN_POINT('',(79.,51.5,57.99));
#11484 = DIRECTION('',(-0.,0.,1.));
#11485 = DIRECTION('',(0.769230769231,-0.638971066378,0.));
#11486 = PCURVE('',#11455,#11487);
#11487 = DEFINITIONAL_REPRESENTATION('',(#11488),#11492);
#11488 = LINE('',#11489,#11490);
#11489 = CARTESIAN_POINT('',(5.590025399603,0.));
#11490 = VECTOR('',#11491,1.);
#11491 = DIRECTION('',(1.,0.));
#11492 = ( GEOMETRIC_REPRESENTATION_CONTEXT(2) 
PARAMETRIC_REPRESENTATION_CONTEXT() REPRESENTATION_CONTEXT('2D SPACE',''
  ) );
#11493 = PCURVE('',#11494,#11499);
#11494 = PLANE('',#11495);
#11495 = AXIS2_PLACEMENT_3D('',#11496,#11497,#11498);
#11496 = CARTESIAN_POINT('',(79.,51.5,57.99));
#11497 = DIRECTION('',(0.,0.,1.));
#11498 = DIRECTION('',(1.,0.,0.));
#11499 = DEFINITIONAL_REPRESENTATION('',(#11500),#11504);
#11500 = CIRCLE('',#11501,6.5);
#11501 = AXIS2_PLACEMENT_2D('',#11502,#11503);
#11502 = CARTESIAN_POINT('',(0.,0.));
#11503 = DIRECTION('',(0.769230769231,-0.638971066378));
#11504 = ( GEOMETRIC_REPRESENTATION_CONTEXT(2) 
PARAMETRIC_REPRESENTATION_CONTEXT() REPRESENTATION_CONTEXT('2D SPACE',''
  ) );
#11505 = ORIENTED_EDGE('',*,*,#11506,.T.);
#11506 = EDGE_CURVE('',#11478,#11507,#11509,.T.);
#11507 = VERTEX_POINT('',#11508);
#11508 = CARTESIAN_POINT('',(84.789622033462,48.545295833818,63.99));
#11509 = SURFACE_CURVE('',#11510,(#11514,#11520),.PCURVE_S1.);
#11510 = LINE('',#11511,#11512);
#11511 = CARTESIAN_POINT('',(84.789622033461,48.545295833817,57.99));
#11512 = VECTOR('',#11513,1.);
#11513 = DIRECTION('',(0.,0.,1.));
#11514 = PCURVE('',#11455,#11515);
#11515 = DEFINITIONAL_REPRESENTATION('',(#11516),#11519);
#11516 = B_SPLINE_CURVE_WITH_KNOTS('',1,(#11517,#11518),.UNSPECIFIED.,
  .F.,.F.,(2,2),(-5.999999999062E-07,6.0000006),
  .PIECEWISE_BEZIER_KNOTS.);
#11517 = CARTESIAN_POINT('',(5.811296056966,-5.999999999062E-07));
#11518 = CARTESIAN_POINT('',(5.811296056966,6.0000006));
#11519 = ( GEOMETRIC_REPRESENTATION_CONTEXT(2) 
PARAMETRIC_REPRESENTATION_CONTEXT() REPRESENTATION_CONTEXT('2D SPACE',''
  ) );
#11520 = PCURVE('',#11521,#11526);
#11521 = CYLINDRICAL_SURFACE('',#11522,1.7);
#11522 = AXIS2_PLACEMENT_3D('',#11523,#11524,#11525);
#11523 = CARTESIAN_POINT('',(86.483424213341,48.400264197843,56.99));
#11524 = DIRECTION('',(0.,0.,1.));
#11525 = DIRECTION('',(1.,0.,0.));
#11526 = DEFINITIONAL_REPRESENTATION('',(#11527),#11530);
#11527 = B_SPLINE_CURVE_WITH_KNOTS('',1,(#11528,#11529),.UNSPECIFIED.,
  .F.,.F.,(2,2),(-5.999999999062E-07,6.0000006),
  .PIECEWISE_BEZIER_KNOTS.);
#11528 = CARTESIAN_POINT('',(3.05617609807,0.9999994));
#11529 = CARTESIAN_POINT('',(3.05617609807,7.0000006));
#11530 = ( GEOMETRIC_REPRESENTATION_CONTEXT(2) 
PARAMETRIC_REPRESENTATION_CONTEXT() REPRESENTATION_CONTEXT('2D SPACE',''
  ) );
#11531 = ORIENTED_EDGE('',*,*,#11532,.T.);
#11532 = EDGE_CURVE('',#11507,#11447,#11533,.T.);
#11533 = SURFACE_CURVE('',#11534,(#11539,#11546),.PCURVE_S1.);
#11534 = CIRCLE('',#11535,6.5);
#11535 = AXIS2_PLACEMENT_3D('',#11536,#11537,#11538);
#11536 = CARTESIAN_POINT('',(79.,51.5,63.99));
#11537 = DIRECTION('',(-0.,0.,-1.));
#11538 = DIRECTION('',(-0.769230769231,-0.638971066378,0.));
#11539 = PCURVE('',#11455,#11540);
#11540 = DEFINITIONAL_REPRESENTATION('',(#11541),#11545);
#11541 = LINE('',#11542,#11543);
#11542 = CARTESIAN_POINT('',(10.117937868346,6.));
#11543 = VECTOR('',#11544,1.);
#11544 = DIRECTION('',(-1.,-0.));
#11545 = ( GEOMETRIC_REPRESENTATION_CONTEXT(2) 
PARAMETRIC_REPRESENTATION_CONTEXT() REPRESENTATION_CONTEXT('2D SPACE',''
  ) );
#11546 = PCURVE('',#11547,#11552);
#11547 = PLANE('',#11548);
#11548 = AXIS2_PLACEMENT_3D('',#11549,#11550,#11551);
#11549 = CARTESIAN_POINT('',(79.,51.5,63.99));
#11550 = DIRECTION('',(0.,0.,1.));
#11551 = DIRECTION('',(1.,0.,0.));
#11552 = DEFINITIONAL_REPRESENTATION('',(#11553),#11561);
#11553 = ( BOUNDED_CURVE() B_SPLINE_CURVE(2,(#11554,#11555,#11556,#11557
    ,#11558,#11559,#11560),.UNSPECIFIED.,.T.,.F.) 
B_SPLINE_CURVE_WITH_KNOTS((1,2,2,2,2,1),(-2.094395102393,0.,
    2.094395102393,4.188790204786,6.28318530718,8.377580409573),
.UNSPECIFIED.) CURVE() GEOMETRIC_REPRESENTATION_ITEM() 
RATIONAL_B_SPLINE_CURVE((1.,0.5,1.,0.5,1.,0.5,1.)) REPRESENTATION_ITEM(
  '') );
#11554 = CARTESIAN_POINT('',(-5.,-4.153311931459));
#11555 = CARTESIAN_POINT('',(-12.19374728496,4.506942106385));
#11556 = CARTESIAN_POINT('',(-1.096873642484,6.406782984652));
#11557 = CARTESIAN_POINT('',(10.,8.306623862918));
#11558 = CARTESIAN_POINT('',(6.096873642485,-2.253471053193));
#11559 = CARTESIAN_POINT('',(2.193747284969,-12.8135659693));
#11560 = CARTESIAN_POINT('',(-5.,-4.153311931459));
#11561 = ( GEOMETRIC_REPRESENTATION_CONTEXT(2) 
PARAMETRIC_REPRESENTATION_CONTEXT() REPRESENTATION_CONTEXT('2D SPACE',''
  ) );
#11562 = ADVANCED_FACE('',(#11563,#11987,#12105),#11494,.F.);
#11563 = FACE_BOUND('',#11564,.F.);
#11564 = EDGE_LOOP('',(#11565,#11595,#11624,#11645,#11646,#11670,#11699,
    #11728,#11757,#11786,#11815,#11844,#11873,#11902,#11931,#11960));
#11565 = ORIENTED_EDGE('',*,*,#11566,.F.);
#11566 = EDGE_CURVE('',#11567,#11569,#11571,.T.);
#11567 = VERTEX_POINT('',#11568);
#11568 = CARTESIAN_POINT('',(74.,38.,57.99));
#11569 = VERTEX_POINT('',#11570);
#11570 = CARTESIAN_POINT('',(74.,47.346688068541,57.99));
#11571 = SURFACE_CURVE('',#11572,(#11576,#11583),.PCURVE_S1.);
#11572 = LINE('',#11573,#11574);
#11573 = CARTESIAN_POINT('',(74.,38.,57.99));
#11574 = VECTOR('',#11575,1.);
#11575 = DIRECTION('',(0.,1.,0.));
#11576 = PCURVE('',#11494,#11577);
#11577 = DEFINITIONAL_REPRESENTATION('',(#11578),#11582);
#11578 = LINE('',#11579,#11580);
#11579 = CARTESIAN_POINT('',(-5.,-13.5));
#11580 = VECTOR('',#11581,1.);
#11581 = DIRECTION('',(0.,1.));
#11582 = ( GEOMETRIC_REPRESENTATION_CONTEXT(2) 
PARAMETRIC_REPRESENTATION_CONTEXT() REPRESENTATION_CONTEXT('2D SPACE',''
  ) );
#11583 = PCURVE('',#11584,#11589);
#11584 = PLANE('',#11585);
#11585 = AXIS2_PLACEMENT_3D('',#11586,#11587,#11588);
#11586 = CARTESIAN_POINT('',(74.,38.,57.99));
#11587 = DIRECTION('',(1.,0.,0.));
#11588 = DIRECTION('',(0.,0.,1.));
#11589 = DEFINITIONAL_REPRESENTATION('',(#11590),#11594);
#11590 = LINE('',#11591,#11592);
#11591 = CARTESIAN_POINT('',(0.,0.));
#11592 = VECTOR('',#11593,1.);
#11593 = DIRECTION('',(0.,-1.));
#11594 = ( GEOMETRIC_REPRESENTATION_CONTEXT(2) 
PARAMETRIC_REPRESENTATION_CONTEXT() REPRESENTATION_CONTEXT('2D SPACE',''
  ) );
#11595 = ORIENTED_EDGE('',*,*,#11596,.T.);
#11596 = EDGE_CURVE('',#11567,#11597,#11599,.T.);
#11597 = VERTEX_POINT('',#11598);
#11598 = CARTESIAN_POINT('',(84.,38.,57.99));
#11599 = SURFACE_CURVE('',#11600,(#11605,#11612),.PCURVE_S1.);
#11600 = CIRCLE('',#11601,5.);
#11601 = AXIS2_PLACEMENT_3D('',#11602,#11603,#11604);
#11602 = CARTESIAN_POINT('',(79.,38.,57.99));
#11603 = DIRECTION('',(0.,0.,1.));
#11604 = DIRECTION('',(1.,0.,0.));
#11605 = PCURVE('',#11494,#11606);
#11606 = DEFINITIONAL_REPRESENTATION('',(#11607),#11611);
#11607 = CIRCLE('',#11608,5.);
#11608 = AXIS2_PLACEMENT_2D('',#11609,#11610);
#11609 = CARTESIAN_POINT('',(0.,-13.5));
#11610 = DIRECTION('',(1.,0.));
#11611 = ( GEOMETRIC_REPRESENTATION_CONTEXT(2) 
PARAMETRIC_REPRESENTATION_CONTEXT() REPRESENTATION_CONTEXT('2D SPACE',''
  ) );
#11612 = PCURVE('',#11613,#11618);
#11613 = CYLINDRICAL_SURFACE('',#11614,5.);
#11614 = AXIS2_PLACEMENT_3D('',#11615,#11616,#11617);
#11615 = CARTESIAN_POINT('',(79.,38.,57.99));
#11616 = DIRECTION('',(0.,0.,1.));
#11617 = DIRECTION('',(1.,0.,0.));
#11618 = DEFINITIONAL_REPRESENTATION('',(#11619),#11623);
#11619 = LINE('',#11620,#11621);
#11620 = CARTESIAN_POINT('',(0.,0.));
#11621 = VECTOR('',#11622,1.);
#11622 = DIRECTION('',(1.,0.));
#11623 = ( GEOMETRIC_REPRESENTATION_CONTEXT(2) 
PARAMETRIC_REPRESENTATION_CONTEXT() REPRESENTATION_CONTEXT('2D SPACE',''
  ) );
#11624 = ORIENTED_EDGE('',*,*,#11625,.T.);
#11625 = EDGE_CURVE('',#11597,#11445,#11626,.T.);
#11626 = SURFACE_CURVE('',#11627,(#11631,#11638),.PCURVE_S1.);
#11627 = LINE('',#11628,#11629);
#11628 = CARTESIAN_POINT('',(84.,38.,57.99));
#11629 = VECTOR('',#11630,1.);
#11630 = DIRECTION('',(0.,1.,0.));
#11631 = PCURVE('',#11494,#11632);
#11632 = DEFINITIONAL_REPRESENTATION('',(#11633),#11637);
#11633 = LINE('',#11634,#11635);
#11634 = CARTESIAN_POINT('',(5.,-13.5));
#11635 = VECTOR('',#11636,1.);
#11636 = DIRECTION('',(0.,1.));
#11637 = ( GEOMETRIC_REPRESENTATION_CONTEXT(2) 
PARAMETRIC_REPRESENTATION_CONTEXT() REPRESENTATION_CONTEXT('2D SPACE',''
  ) );
#11638 = PCURVE('',#11466,#11639);
#11639 = DEFINITIONAL_REPRESENTATION('',(#11640),#11644);
#11640 = LINE('',#11641,#11642);
#11641 = CARTESIAN_POINT('',(0.,0.));
#11642 = VECTOR('',#11643,1.);
#11643 = DIRECTION('',(0.,-1.));
#11644 = ( GEOMETRIC_REPRESENTATION_CONTEXT(2) 
PARAMETRIC_REPRESENTATION_CONTEXT() REPRESENTATION_CONTEXT('2D SPACE',''
  ) );
#11645 = ORIENTED_EDGE('',*,*,#11477,.T.);
#11646 = ORIENTED_EDGE('',*,*,#11647,.F.);
#11647 = EDGE_CURVE('',#11648,#11478,#11650,.T.);
#11648 = VERTEX_POINT('',#11649);
#11649 = CARTESIAN_POINT('',(85.183172352675,49.49541035194,57.99));
#11650 = SURFACE_CURVE('',#11651,(#11656,#11663),.PCURVE_S1.);
#11651 = CIRCLE('',#11652,1.7);
#11652 = AXIS2_PLACEMENT_3D('',#11653,#11654,#11655);
#11653 = CARTESIAN_POINT('',(86.483424213341,48.400264197843,57.99));
#11654 = DIRECTION('',(0.,0.,1.));
#11655 = DIRECTION('',(1.,0.,-0.));
#11656 = PCURVE('',#11494,#11657);
#11657 = DEFINITIONAL_REPRESENTATION('',(#11658),#11662);
#11658 = CIRCLE('',#11659,1.7);
#11659 = AXIS2_PLACEMENT_2D('',#11660,#11661);
#11660 = CARTESIAN_POINT('',(7.483424213341,-3.099735802157));
#11661 = DIRECTION('',(1.,0.));
#11662 = ( GEOMETRIC_REPRESENTATION_CONTEXT(2) 
PARAMETRIC_REPRESENTATION_CONTEXT() REPRESENTATION_CONTEXT('2D SPACE',''
  ) );
#11663 = PCURVE('',#11521,#11664);
#11664 = DEFINITIONAL_REPRESENTATION('',(#11665),#11669);
#11665 = LINE('',#11666,#11667);
#11666 = CARTESIAN_POINT('',(0.,1.));
#11667 = VECTOR('',#11668,1.);
#11668 = DIRECTION('',(1.,0.));
#11669 = ( GEOMETRIC_REPRESENTATION_CONTEXT(2) 
PARAMETRIC_REPRESENTATION_CONTEXT() REPRESENTATION_CONTEXT('2D SPACE',''
  ) );
#11670 = ORIENTED_EDGE('',*,*,#11671,.T.);
#11671 = EDGE_CURVE('',#11648,#11672,#11674,.T.);
#11672 = VERTEX_POINT('',#11673);
#11673 = CARTESIAN_POINT('',(85.183172352676,53.504589648058,57.99));
#11674 = SURFACE_CURVE('',#11675,(#11680,#11687),.PCURVE_S1.);
#11675 = CIRCLE('',#11676,6.5);
#11676 = AXIS2_PLACEMENT_3D('',#11677,#11678,#11679);
#11677 = CARTESIAN_POINT('',(79.,51.5,57.99));
#11678 = DIRECTION('',(-0.,0.,1.));
#11679 = DIRECTION('',(0.769230769231,-0.638971066378,0.));
#11680 = PCURVE('',#11494,#11681);
#11681 = DEFINITIONAL_REPRESENTATION('',(#11682),#11686);
#11682 = CIRCLE('',#11683,6.5);
#11683 = AXIS2_PLACEMENT_2D('',#11684,#11685);
#11684 = CARTESIAN_POINT('',(0.,0.));
#11685 = DIRECTION('',(0.769230769231,-0.638971066378));
#11686 = ( GEOMETRIC_REPRESENTATION_CONTEXT(2) 
PARAMETRIC_REPRESENTATION_CONTEXT() REPRESENTATION_CONTEXT('2D SPACE',''
  ) );
#11687 = PCURVE('',#11688,#11693);
#11688 = CYLINDRICAL_SURFACE('',#11689,6.5);
#11689 = AXIS2_PLACEMENT_3D('',#11690,#11691,#11692);
#11690 = CARTESIAN_POINT('',(79.,51.5,57.99));
#11691 = DIRECTION('',(0.,0.,1.));
#11692 = DIRECTION('',(1.,0.,0.));
#11693 = DEFINITIONAL_REPRESENTATION('',(#11694),#11698);
#11694 = LINE('',#11695,#11696);
#11695 = CARTESIAN_POINT('',(5.590025399603,0.));
#11696 = VECTOR('',#11697,1.);
#11697 = DIRECTION('',(1.,0.));
#11698 = ( GEOMETRIC_REPRESENTATION_CONTEXT(2) 
PARAMETRIC_REPRESENTATION_CONTEXT() REPRESENTATION_CONTEXT('2D SPACE',''
  ) );
#11699 = ORIENTED_EDGE('',*,*,#11700,.F.);
#11700 = EDGE_CURVE('',#11701,#11672,#11703,.T.);
#11701 = VERTEX_POINT('',#11702);
#11702 = CARTESIAN_POINT('',(84.78962203346,54.454704166185,57.99));
#11703 = SURFACE_CURVE('',#11704,(#11709,#11716),.PCURVE_S1.);
#11704 = CIRCLE('',#11705,1.7);
#11705 = AXIS2_PLACEMENT_3D('',#11706,#11707,#11708);
#11706 = CARTESIAN_POINT('',(86.483424213341,54.599735802157,57.99));
#11707 = DIRECTION('',(0.,0.,1.));
#11708 = DIRECTION('',(1.,0.,-0.));
#11709 = PCURVE('',#11494,#11710);
#11710 = DEFINITIONAL_REPRESENTATION('',(#11711),#11715);
#11711 = CIRCLE('',#11712,1.7);
#11712 = AXIS2_PLACEMENT_2D('',#11713,#11714);
#11713 = CARTESIAN_POINT('',(7.483424213341,3.099735802157));
#11714 = DIRECTION('',(1.,0.));
#11715 = ( GEOMETRIC_REPRESENTATION_CONTEXT(2) 
PARAMETRIC_REPRESENTATION_CONTEXT() REPRESENTATION_CONTEXT('2D SPACE',''
  ) );
#11716 = PCURVE('',#11717,#11722);
#11717 = CYLINDRICAL_SURFACE('',#11718,1.7);
#11718 = AXIS2_PLACEMENT_3D('',#11719,#11720,#11721);
#11719 = CARTESIAN_POINT('',(86.483424213341,54.599735802157,56.99));
#11720 = DIRECTION('',(0.,0.,1.));
#11721 = DIRECTION('',(1.,0.,0.));
#11722 = DEFINITIONAL_REPRESENTATION('',(#11723),#11727);
#11723 = LINE('',#11724,#11725);
#11724 = CARTESIAN_POINT('',(0.,1.));
#11725 = VECTOR('',#11726,1.);
#11726 = DIRECTION('',(1.,0.));
#11727 = ( GEOMETRIC_REPRESENTATION_CONTEXT(2) 
PARAMETRIC_REPRESENTATION_CONTEXT() REPRESENTATION_CONTEXT('2D SPACE',''
  ) );
#11728 = ORIENTED_EDGE('',*,*,#11729,.T.);
#11729 = EDGE_CURVE('',#11701,#11730,#11732,.T.);
#11730 = VERTEX_POINT('',#11731);
#11731 = CARTESIAN_POINT('',(81.954704166187,57.289622033459,57.99));
#11732 = SURFACE_CURVE('',#11733,(#11738,#11745),.PCURVE_S1.);
#11733 = CIRCLE('',#11734,6.5);
#11734 = AXIS2_PLACEMENT_3D('',#11735,#11736,#11737);
#11735 = CARTESIAN_POINT('',(79.,51.5,57.99));
#11736 = DIRECTION('',(-0.,0.,1.));
#11737 = DIRECTION('',(0.769230769231,-0.638971066378,0.));
#11738 = PCURVE('',#11494,#11739);
#11739 = DEFINITIONAL_REPRESENTATION('',(#11740),#11744);
#11740 = CIRCLE('',#11741,6.5);
#11741 = AXIS2_PLACEMENT_2D('',#11742,#11743);
#11742 = CARTESIAN_POINT('',(0.,0.));
#11743 = DIRECTION('',(0.769230769231,-0.638971066378));
#11744 = ( GEOMETRIC_REPRESENTATION_CONTEXT(2) 
PARAMETRIC_REPRESENTATION_CONTEXT() REPRESENTATION_CONTEXT('2D SPACE',''
  ) );
#11745 = PCURVE('',#11746,#11751);
#11746 = CYLINDRICAL_SURFACE('',#11747,6.5);
#11747 = AXIS2_PLACEMENT_3D('',#11748,#11749,#11750);
#11748 = CARTESIAN_POINT('',(79.,51.5,57.99));
#11749 = DIRECTION('',(0.,0.,1.));
#11750 = DIRECTION('',(1.,0.,0.));
#11751 = DEFINITIONAL_REPRESENTATION('',(#11752),#11756);
#11752 = LINE('',#11753,#11754);
#11753 = CARTESIAN_POINT('',(5.590025399603,0.));
#11754 = VECTOR('',#11755,1.);
#11755 = DIRECTION('',(1.,0.));
#11756 = ( GEOMETRIC_REPRESENTATION_CONTEXT(2) 
PARAMETRIC_REPRESENTATION_CONTEXT() REPRESENTATION_CONTEXT('2D SPACE',''
  ) );
#11757 = ORIENTED_EDGE('',*,*,#11758,.F.);
#11758 = EDGE_CURVE('',#11759,#11730,#11761,.T.);
#11759 = VERTEX_POINT('',#11760);
#11760 = CARTESIAN_POINT('',(81.004589648055,57.683172352677,57.99));
#11761 = SURFACE_CURVE('',#11762,(#11767,#11774),.PCURVE_S1.);
#11762 = CIRCLE('',#11763,1.7);
#11763 = AXIS2_PLACEMENT_3D('',#11764,#11765,#11766);
#11764 = CARTESIAN_POINT('',(82.099735802157,58.983424213341,57.99));
#11765 = DIRECTION('',(0.,0.,1.));
#11766 = DIRECTION('',(1.,0.,-0.));
#11767 = PCURVE('',#11494,#11768);
#11768 = DEFINITIONAL_REPRESENTATION('',(#11769),#11773);
#11769 = CIRCLE('',#11770,1.7);
#11770 = AXIS2_PLACEMENT_2D('',#11771,#11772);
#11771 = CARTESIAN_POINT('',(3.099735802157,7.483424213341));
#11772 = DIRECTION('',(1.,0.));
#11773 = ( GEOMETRIC_REPRESENTATION_CONTEXT(2) 
PARAMETRIC_REPRESENTATION_CONTEXT() REPRESENTATION_CONTEXT('2D SPACE',''
  ) );
#11774 = PCURVE('',#11775,#11780);
#11775 = CYLINDRICAL_SURFACE('',#11776,1.7);
#11776 = AXIS2_PLACEMENT_3D('',#11777,#11778,#11779);
#11777 = CARTESIAN_POINT('',(82.099735802157,58.983424213341,56.99));
#11778 = DIRECTION('',(0.,0.,1.));
#11779 = DIRECTION('',(1.,0.,0.));
#11780 = DEFINITIONAL_REPRESENTATION('',(#11781),#11785);
#11781 = LINE('',#11782,#11783);
#11782 = CARTESIAN_POINT('',(0.,1.));
#11783 = VECTOR('',#11784,1.);
#11784 = DIRECTION('',(1.,0.));
#11785 = ( GEOMETRIC_REPRESENTATION_CONTEXT(2) 
PARAMETRIC_REPRESENTATION_CONTEXT() REPRESENTATION_CONTEXT('2D SPACE',''
  ) );
#11786 = ORIENTED_EDGE('',*,*,#11787,.T.);
#11787 = EDGE_CURVE('',#11759,#11788,#11790,.T.);
#11788 = VERTEX_POINT('',#11789);
#11789 = CARTESIAN_POINT('',(76.995410351942,57.683172352676,57.99));
#11790 = SURFACE_CURVE('',#11791,(#11796,#11803),.PCURVE_S1.);
#11791 = CIRCLE('',#11792,6.5);
#11792 = AXIS2_PLACEMENT_3D('',#11793,#11794,#11795);
#11793 = CARTESIAN_POINT('',(79.,51.5,57.99));
#11794 = DIRECTION('',(-0.,0.,1.));
#11795 = DIRECTION('',(0.769230769231,-0.638971066378,0.));
#11796 = PCURVE('',#11494,#11797);
#11797 = DEFINITIONAL_REPRESENTATION('',(#11798),#11802);
#11798 = CIRCLE('',#11799,6.5);
#11799 = AXIS2_PLACEMENT_2D('',#11800,#11801);
#11800 = CARTESIAN_POINT('',(0.,0.));
#11801 = DIRECTION('',(0.769230769231,-0.638971066378));
#11802 = ( GEOMETRIC_REPRESENTATION_CONTEXT(2) 
PARAMETRIC_REPRESENTATION_CONTEXT() REPRESENTATION_CONTEXT('2D SPACE',''
  ) );
#11803 = PCURVE('',#11804,#11809);
#11804 = CYLINDRICAL_SURFACE('',#11805,6.5);
#11805 = AXIS2_PLACEMENT_3D('',#11806,#11807,#11808);
#11806 = CARTESIAN_POINT('',(79.,51.5,57.99));
#11807 = DIRECTION('',(0.,0.,1.));
#11808 = DIRECTION('',(1.,0.,0.));
#11809 = DEFINITIONAL_REPRESENTATION('',(#11810),#11814);
#11810 = LINE('',#11811,#11812);
#11811 = CARTESIAN_POINT('',(5.590025399603,0.));
#11812 = VECTOR('',#11813,1.);
#11813 = DIRECTION('',(1.,0.));
#11814 = ( GEOMETRIC_REPRESENTATION_CONTEXT(2) 
PARAMETRIC_REPRESENTATION_CONTEXT() REPRESENTATION_CONTEXT('2D SPACE',''
  ) );
#11815 = ORIENTED_EDGE('',*,*,#11816,.F.);
#11816 = EDGE_CURVE('',#11817,#11788,#11819,.T.);
#11817 = VERTEX_POINT('',#11818);
#11818 = CARTESIAN_POINT('',(76.045295833815,57.28962203346,57.99));
#11819 = SURFACE_CURVE('',#11820,(#11825,#11832),.PCURVE_S1.);
#11820 = CIRCLE('',#11821,1.7);
#11821 = AXIS2_PLACEMENT_3D('',#11822,#11823,#11824);
#11822 = CARTESIAN_POINT('',(75.900264197843,58.983424213341,57.99));
#11823 = DIRECTION('',(0.,0.,1.));
#11824 = DIRECTION('',(1.,0.,-0.));
#11825 = PCURVE('',#11494,#11826);
#11826 = DEFINITIONAL_REPRESENTATION('',(#11827),#11831);
#11827 = CIRCLE('',#11828,1.7);
#11828 = AXIS2_PLACEMENT_2D('',#11829,#11830);
#11829 = CARTESIAN_POINT('',(-3.099735802157,7.483424213341));
#11830 = DIRECTION('',(1.,0.));
#11831 = ( GEOMETRIC_REPRESENTATION_CONTEXT(2) 
PARAMETRIC_REPRESENTATION_CONTEXT() REPRESENTATION_CONTEXT('2D SPACE',''
  ) );
#11832 = PCURVE('',#11833,#11838);
#11833 = CYLINDRICAL_SURFACE('',#11834,1.7);
#11834 = AXIS2_PLACEMENT_3D('',#11835,#11836,#11837);
#11835 = CARTESIAN_POINT('',(75.900264197843,58.983424213341,56.99));
#11836 = DIRECTION('',(0.,0.,1.));
#11837 = DIRECTION('',(1.,0.,0.));
#11838 = DEFINITIONAL_REPRESENTATION('',(#11839),#11843);
#11839 = LINE('',#11840,#11841);
#11840 = CARTESIAN_POINT('',(0.,1.));
#11841 = VECTOR('',#11842,1.);
#11842 = DIRECTION('',(1.,0.));
#11843 = ( GEOMETRIC_REPRESENTATION_CONTEXT(2) 
PARAMETRIC_REPRESENTATION_CONTEXT() REPRESENTATION_CONTEXT('2D SPACE',''
  ) );
#11844 = ORIENTED_EDGE('',*,*,#11845,.T.);
#11845 = EDGE_CURVE('',#11817,#11846,#11848,.T.);
#11846 = VERTEX_POINT('',#11847);
#11847 = CARTESIAN_POINT('',(73.21037796654,54.454704166185,57.99));
#11848 = SURFACE_CURVE('',#11849,(#11854,#11861),.PCURVE_S1.);
#11849 = CIRCLE('',#11850,6.5);
#11850 = AXIS2_PLACEMENT_3D('',#11851,#11852,#11853);
#11851 = CARTESIAN_POINT('',(79.,51.5,57.99));
#11852 = DIRECTION('',(-0.,0.,1.));
#11853 = DIRECTION('',(0.769230769231,-0.638971066378,0.));
#11854 = PCURVE('',#11494,#11855);
#11855 = DEFINITIONAL_REPRESENTATION('',(#11856),#11860);
#11856 = CIRCLE('',#11857,6.5);
#11857 = AXIS2_PLACEMENT_2D('',#11858,#11859);
#11858 = CARTESIAN_POINT('',(0.,0.));
#11859 = DIRECTION('',(0.769230769231,-0.638971066378));
#11860 = ( GEOMETRIC_REPRESENTATION_CONTEXT(2) 
PARAMETRIC_REPRESENTATION_CONTEXT() REPRESENTATION_CONTEXT('2D SPACE',''
  ) );
#11861 = PCURVE('',#11862,#11867);
#11862 = CYLINDRICAL_SURFACE('',#11863,6.5);
#11863 = AXIS2_PLACEMENT_3D('',#11864,#11865,#11866);
#11864 = CARTESIAN_POINT('',(79.,51.5,57.99));
#11865 = DIRECTION('',(0.,0.,1.));
#11866 = DIRECTION('',(1.,0.,0.));
#11867 = DEFINITIONAL_REPRESENTATION('',(#11868),#11872);
#11868 = LINE('',#11869,#11870);
#11869 = CARTESIAN_POINT('',(5.590025399603,0.));
#11870 = VECTOR('',#11871,1.);
#11871 = DIRECTION('',(1.,0.));
#11872 = ( GEOMETRIC_REPRESENTATION_CONTEXT(2) 
PARAMETRIC_REPRESENTATION_CONTEXT() REPRESENTATION_CONTEXT('2D SPACE',''
  ) );
#11873 = ORIENTED_EDGE('',*,*,#11874,.F.);
#11874 = EDGE_CURVE('',#11875,#11846,#11877,.T.);
#11875 = VERTEX_POINT('',#11876);
#11876 = CARTESIAN_POINT('',(72.816827647324,53.504589648058,57.99));
#11877 = SURFACE_CURVE('',#11878,(#11883,#11890),.PCURVE_S1.);
#11878 = CIRCLE('',#11879,1.7);
#11879 = AXIS2_PLACEMENT_3D('',#11880,#11881,#11882);
#11880 = CARTESIAN_POINT('',(71.516575786659,54.599735802157,57.99));
#11881 = DIRECTION('',(0.,0.,1.));
#11882 = DIRECTION('',(1.,0.,-0.));
#11883 = PCURVE('',#11494,#11884);
#11884 = DEFINITIONAL_REPRESENTATION('',(#11885),#11889);
#11885 = CIRCLE('',#11886,1.7);
#11886 = AXIS2_PLACEMENT_2D('',#11887,#11888);
#11887 = CARTESIAN_POINT('',(-7.483424213341,3.099735802157));
#11888 = DIRECTION('',(1.,0.));
#11889 = ( GEOMETRIC_REPRESENTATION_CONTEXT(2) 
PARAMETRIC_REPRESENTATION_CONTEXT() REPRESENTATION_CONTEXT('2D SPACE',''
  ) );
#11890 = PCURVE('',#11891,#11896);
#11891 = CYLINDRICAL_SURFACE('',#11892,1.7);
#11892 = AXIS2_PLACEMENT_3D('',#11893,#11894,#11895);
#11893 = CARTESIAN_POINT('',(71.516575786659,54.599735802157,56.99));
#11894 = DIRECTION('',(0.,0.,1.));
#11895 = DIRECTION('',(1.,0.,0.));
#11896 = DEFINITIONAL_REPRESENTATION('',(#11897),#11901);
#11897 = LINE('',#11898,#11899);
#11898 = CARTESIAN_POINT('',(0.,1.));
#11899 = VECTOR('',#11900,1.);
#11900 = DIRECTION('',(1.,0.));
#11901 = ( GEOMETRIC_REPRESENTATION_CONTEXT(2) 
PARAMETRIC_REPRESENTATION_CONTEXT() REPRESENTATION_CONTEXT('2D SPACE',''
  ) );
#11902 = ORIENTED_EDGE('',*,*,#11903,.T.);
#11903 = EDGE_CURVE('',#11875,#11904,#11906,.T.);
#11904 = VERTEX_POINT('',#11905);
#11905 = CARTESIAN_POINT('',(72.816827647324,49.495410351941,57.99));
#11906 = SURFACE_CURVE('',#11907,(#11912,#11919),.PCURVE_S1.);
#11907 = CIRCLE('',#11908,6.5);
#11908 = AXIS2_PLACEMENT_3D('',#11909,#11910,#11911);
#11909 = CARTESIAN_POINT('',(79.,51.5,57.99));
#11910 = DIRECTION('',(-0.,0.,1.));
#11911 = DIRECTION('',(0.769230769231,-0.638971066378,0.));
#11912 = PCURVE('',#11494,#11913);
#11913 = DEFINITIONAL_REPRESENTATION('',(#11914),#11918);
#11914 = CIRCLE('',#11915,6.5);
#11915 = AXIS2_PLACEMENT_2D('',#11916,#11917);
#11916 = CARTESIAN_POINT('',(0.,0.));
#11917 = DIRECTION('',(0.769230769231,-0.638971066378));
#11918 = ( GEOMETRIC_REPRESENTATION_CONTEXT(2) 
PARAMETRIC_REPRESENTATION_CONTEXT() REPRESENTATION_CONTEXT('2D SPACE',''
  ) );
#11919 = PCURVE('',#11920,#11925);
#11920 = CYLINDRICAL_SURFACE('',#11921,6.5);
#11921 = AXIS2_PLACEMENT_3D('',#11922,#11923,#11924);
#11922 = CARTESIAN_POINT('',(79.,51.5,57.99));
#11923 = DIRECTION('',(0.,0.,1.));
#11924 = DIRECTION('',(1.,0.,0.));
#11925 = DEFINITIONAL_REPRESENTATION('',(#11926),#11930);
#11926 = LINE('',#11927,#11928);
#11927 = CARTESIAN_POINT('',(5.590025399603,0.));
#11928 = VECTOR('',#11929,1.);
#11929 = DIRECTION('',(1.,0.));
#11930 = ( GEOMETRIC_REPRESENTATION_CONTEXT(2) 
PARAMETRIC_REPRESENTATION_CONTEXT() REPRESENTATION_CONTEXT('2D SPACE',''
  ) );
#11931 = ORIENTED_EDGE('',*,*,#11932,.F.);
#11932 = EDGE_CURVE('',#11933,#11904,#11935,.T.);
#11933 = VERTEX_POINT('',#11934);
#11934 = CARTESIAN_POINT('',(73.210377966539,48.545295833816,57.99));
#11935 = SURFACE_CURVE('',#11936,(#11941,#11948),.PCURVE_S1.);
#11936 = CIRCLE('',#11937,1.7);
#11937 = AXIS2_PLACEMENT_3D('',#11938,#11939,#11940);
#11938 = CARTESIAN_POINT('',(71.516575786659,48.400264197843,57.99));
#11939 = DIRECTION('',(0.,0.,1.));
#11940 = DIRECTION('',(1.,0.,-0.));
#11941 = PCURVE('',#11494,#11942);
#11942 = DEFINITIONAL_REPRESENTATION('',(#11943),#11947);
#11943 = CIRCLE('',#11944,1.7);
#11944 = AXIS2_PLACEMENT_2D('',#11945,#11946);
#11945 = CARTESIAN_POINT('',(-7.483424213341,-3.099735802157));
#11946 = DIRECTION('',(1.,0.));
#11947 = ( GEOMETRIC_REPRESENTATION_CONTEXT(2) 
PARAMETRIC_REPRESENTATION_CONTEXT() REPRESENTATION_CONTEXT('2D SPACE',''
  ) );
#11948 = PCURVE('',#11949,#11954);
#11949 = CYLINDRICAL_SURFACE('',#11950,1.7);
#11950 = AXIS2_PLACEMENT_3D('',#11951,#11952,#11953);
#11951 = CARTESIAN_POINT('',(71.516575786659,48.400264197843,56.99));
#11952 = DIRECTION('',(0.,0.,1.));
#11953 = DIRECTION('',(1.,0.,0.));
#11954 = DEFINITIONAL_REPRESENTATION('',(#11955),#11959);
#11955 = LINE('',#11956,#11957);
#11956 = CARTESIAN_POINT('',(0.,1.));
#11957 = VECTOR('',#11958,1.);
#11958 = DIRECTION('',(1.,0.));
#11959 = ( GEOMETRIC_REPRESENTATION_CONTEXT(2) 
PARAMETRIC_REPRESENTATION_CONTEXT() REPRESENTATION_CONTEXT('2D SPACE',''
  ) );
#11960 = ORIENTED_EDGE('',*,*,#11961,.T.);
#11961 = EDGE_CURVE('',#11933,#11569,#11962,.T.);
#11962 = SURFACE_CURVE('',#11963,(#11968,#11975),.PCURVE_S1.);
#11963 = CIRCLE('',#11964,6.5);
#11964 = AXIS2_PLACEMENT_3D('',#11965,#11966,#11967);
#11965 = CARTESIAN_POINT('',(79.,51.5,57.99));
#11966 = DIRECTION('',(-0.,0.,1.));
#11967 = DIRECTION('',(0.769230769231,-0.638971066378,0.));
#11968 = PCURVE('',#11494,#11969);
#11969 = DEFINITIONAL_REPRESENTATION('',(#11970),#11974);
#11970 = CIRCLE('',#11971,6.5);
#11971 = AXIS2_PLACEMENT_2D('',#11972,#11973);
#11972 = CARTESIAN_POINT('',(0.,0.));
#11973 = DIRECTION('',(0.769230769231,-0.638971066378));
#11974 = ( GEOMETRIC_REPRESENTATION_CONTEXT(2) 
PARAMETRIC_REPRESENTATION_CONTEXT() REPRESENTATION_CONTEXT('2D SPACE',''
  ) );
#11975 = PCURVE('',#11976,#11981);
#11976 = CYLINDRICAL_SURFACE('',#11977,6.5);
#11977 = AXIS2_PLACEMENT_3D('',#11978,#11979,#11980);
#11978 = CARTESIAN_POINT('',(79.,51.5,57.99));
#11979 = DIRECTION('',(0.,0.,1.));
#11980 = DIRECTION('',(1.,0.,0.));
#11981 = DEFINITIONAL_REPRESENTATION('',(#11982),#11986);
#11982 = LINE('',#11983,#11984);
#11983 = CARTESIAN_POINT('',(5.590025399603,0.));
#11984 = VECTOR('',#11985,1.);
#11985 = DIRECTION('',(1.,0.));
#11986 = ( GEOMETRIC_REPRESENTATION_CONTEXT(2) 
PARAMETRIC_REPRESENTATION_CONTEXT() REPRESENTATION_CONTEXT('2D SPACE',''
  ) );
#11987 = FACE_BOUND('',#11988,.F.);
#11988 = EDGE_LOOP('',(#11989,#12020,#12049,#12078));
#11989 = ORIENTED_EDGE('',*,*,#11990,.F.);
#11990 = EDGE_CURVE('',#11991,#11993,#11995,.T.);
#11991 = VERTEX_POINT('',#11992);
#11992 = CARTESIAN_POINT('',(76.902913568745,45.389417452339,57.99));
#11993 = VERTEX_POINT('',#11994);
#11994 = CARTESIAN_POINT('',(77.598363877336,43.936217348977,57.99));
#11995 = SURFACE_CURVE('',#11996,(#12001,#12008),.PCURVE_S1.);
#11996 = CIRCLE('',#11997,1.7);
#11997 = AXIS2_PLACEMENT_3D('',#11998,#11999,#12000);
#11998 = CARTESIAN_POINT('',(75.900264197843,44.016575786659,57.99));
#11999 = DIRECTION('',(0.,0.,1.));
#12000 = DIRECTION('',(1.,0.,-0.));
#12001 = PCURVE('',#11494,#12002);
#12002 = DEFINITIONAL_REPRESENTATION('',(#12003),#12007);
#12003 = CIRCLE('',#12004,1.7);
#12004 = AXIS2_PLACEMENT_2D('',#12005,#12006);
#12005 = CARTESIAN_POINT('',(-3.099735802157,-7.483424213341));
#12006 = DIRECTION('',(1.,0.));
#12007 = ( GEOMETRIC_REPRESENTATION_CONTEXT(2) 
PARAMETRIC_REPRESENTATION_CONTEXT() REPRESENTATION_CONTEXT('2D SPACE',''
  ) );
#12008 = PCURVE('',#12009,#12014);
#12009 = CYLINDRICAL_SURFACE('',#12010,1.7);
#12010 = AXIS2_PLACEMENT_3D('',#12011,#12012,#12013);
#12011 = CARTESIAN_POINT('',(75.900264197843,44.016575786659,56.99));
#12012 = DIRECTION('',(0.,0.,1.));
#12013 = DIRECTION('',(1.,0.,0.));
#12014 = DEFINITIONAL_REPRESENTATION('',(#12015),#12019);
#12015 = LINE('',#12016,#12017);
#12016 = CARTESIAN_POINT('',(0.,1.));
#12017 = VECTOR('',#12018,1.);
#12018 = DIRECTION('',(1.,0.));
#12019 = ( GEOMETRIC_REPRESENTATION_CONTEXT(2) 
PARAMETRIC_REPRESENTATION_CONTEXT() REPRESENTATION_CONTEXT('2D SPACE',''
  ) );
#12020 = ORIENTED_EDGE('',*,*,#12021,.F.);
#12021 = EDGE_CURVE('',#12022,#11991,#12024,.T.);
#12022 = VERTEX_POINT('',#12023);
#12023 = CARTESIAN_POINT('',(81.097086431255,45.389417452339,57.99));
#12024 = SURFACE_CURVE('',#12025,(#12030,#12037),.PCURVE_S1.);
#12025 = CIRCLE('',#12026,2.1);
#12026 = AXIS2_PLACEMENT_3D('',#12027,#12028,#12029);
#12027 = CARTESIAN_POINT('',(79.,45.5,57.99));
#12028 = DIRECTION('',(-0.,0.,1.));
#12029 = DIRECTION('',(0.998612586312,-5.265835602902E-02,0.));
#12030 = PCURVE('',#11494,#12031);
#12031 = DEFINITIONAL_REPRESENTATION('',(#12032),#12036);
#12032 = CIRCLE('',#12033,2.1);
#12033 = AXIS2_PLACEMENT_2D('',#12034,#12035);
#12034 = CARTESIAN_POINT('',(0.,-6.));
#12035 = DIRECTION('',(0.998612586312,-5.265835602902E-02));
#12036 = ( GEOMETRIC_REPRESENTATION_CONTEXT(2) 
PARAMETRIC_REPRESENTATION_CONTEXT() REPRESENTATION_CONTEXT('2D SPACE',''
  ) );
#12037 = PCURVE('',#12038,#12043);
#12038 = CYLINDRICAL_SURFACE('',#12039,2.1);
#12039 = AXIS2_PLACEMENT_3D('',#12040,#12041,#12042);
#12040 = CARTESIAN_POINT('',(79.,45.5,56.99));
#12041 = DIRECTION('',(0.,0.,1.));
#12042 = DIRECTION('',(1.,0.,0.));
#12043 = DEFINITIONAL_REPRESENTATION('',(#12044),#12048);
#12044 = LINE('',#12045,#12046);
#12045 = CARTESIAN_POINT('',(6.230502584653,1.));
#12046 = VECTOR('',#12047,1.);
#12047 = DIRECTION('',(1.,0.));
#12048 = ( GEOMETRIC_REPRESENTATION_CONTEXT(2) 
PARAMETRIC_REPRESENTATION_CONTEXT() REPRESENTATION_CONTEXT('2D SPACE',''
  ) );
#12049 = ORIENTED_EDGE('',*,*,#12050,.F.);
#12050 = EDGE_CURVE('',#12051,#12022,#12053,.T.);
#12051 = VERTEX_POINT('',#12052);
#12052 = CARTESIAN_POINT('',(80.401636122664,43.936217348977,57.99));
#12053 = SURFACE_CURVE('',#12054,(#12059,#12066),.PCURVE_S1.);
#12054 = CIRCLE('',#12055,1.7);
#12055 = AXIS2_PLACEMENT_3D('',#12056,#12057,#12058);
#12056 = CARTESIAN_POINT('',(82.099735802157,44.016575786659,57.99));
#12057 = DIRECTION('',(0.,0.,1.));
#12058 = DIRECTION('',(-0.998882164407,-4.726966922456E-02,0.));
#12059 = PCURVE('',#11494,#12060);
#12060 = DEFINITIONAL_REPRESENTATION('',(#12061),#12065);
#12061 = CIRCLE('',#12062,1.7);
#12062 = AXIS2_PLACEMENT_2D('',#12063,#12064);
#12063 = CARTESIAN_POINT('',(3.099735802157,-7.483424213341));
#12064 = DIRECTION('',(-0.998882164407,-4.726966922456E-02));
#12065 = ( GEOMETRIC_REPRESENTATION_CONTEXT(2) 
PARAMETRIC_REPRESENTATION_CONTEXT() REPRESENTATION_CONTEXT('2D SPACE',''
  ) );
#12066 = PCURVE('',#12067,#12072);
#12067 = CYLINDRICAL_SURFACE('',#12068,1.7);
#12068 = AXIS2_PLACEMENT_3D('',#12069,#12070,#12071);
#12069 = CARTESIAN_POINT('',(82.099735802157,44.016575786659,56.99));
#12070 = DIRECTION('',(0.,0.,1.));
#12071 = DIRECTION('',(1.,0.,0.));
#12072 = DEFINITIONAL_REPRESENTATION('',(#12073),#12077);
#12073 = LINE('',#12074,#12075);
#12074 = CARTESIAN_POINT('',(3.188879943933,1.));
#12075 = VECTOR('',#12076,1.);
#12076 = DIRECTION('',(1.,0.));
#12077 = ( GEOMETRIC_REPRESENTATION_CONTEXT(2) 
PARAMETRIC_REPRESENTATION_CONTEXT() REPRESENTATION_CONTEXT('2D SPACE',''
  ) );
#12078 = ORIENTED_EDGE('',*,*,#12079,.F.);
#12079 = EDGE_CURVE('',#11993,#12051,#12080,.T.);
#12080 = SURFACE_CURVE('',#12081,(#12086,#12093),.PCURVE_S1.);
#12081 = CIRCLE('',#12082,2.1);
#12082 = AXIS2_PLACEMENT_3D('',#12083,#12084,#12085);
#12083 = CARTESIAN_POINT('',(79.,45.5,57.99));
#12084 = DIRECTION('',(0.,0.,1.));
#12085 = DIRECTION('',(1.,0.,-0.));
#12086 = PCURVE('',#11494,#12087);
#12087 = DEFINITIONAL_REPRESENTATION('',(#12088),#12092);
#12088 = CIRCLE('',#12089,2.1);
#12089 = AXIS2_PLACEMENT_2D('',#12090,#12091);
#12090 = CARTESIAN_POINT('',(0.,-6.));
#12091 = DIRECTION('',(1.,0.));
#12092 = ( GEOMETRIC_REPRESENTATION_CONTEXT(2) 
PARAMETRIC_REPRESENTATION_CONTEXT() REPRESENTATION_CONTEXT('2D SPACE',''
  ) );
#12093 = PCURVE('',#12094,#12099);
#12094 = CYLINDRICAL_SURFACE('',#12095,2.1);
#12095 = AXIS2_PLACEMENT_3D('',#12096,#12097,#12098);
#12096 = CARTESIAN_POINT('',(79.,45.5,56.99));
#12097 = DIRECTION('',(0.,0.,1.));
#12098 = DIRECTION('',(1.,0.,0.));
#12099 = DEFINITIONAL_REPRESENTATION('',(#12100),#12104);
#12100 = LINE('',#12101,#12102);
#12101 = CARTESIAN_POINT('',(0.,1.));
#12102 = VECTOR('',#12103,1.);
#12103 = DIRECTION('',(1.,0.));
#12104 = ( GEOMETRIC_REPRESENTATION_CONTEXT(2) 
PARAMETRIC_REPRESENTATION_CONTEXT() REPRESENTATION_CONTEXT('2D SPACE',''
  ) );
#12105 = FACE_BOUND('',#12106,.F.);
#12106 = EDGE_LOOP('',(#12107));
#12107 = ORIENTED_EDGE('',*,*,#12108,.F.);
#12108 = EDGE_CURVE('',#12109,#12109,#12111,.T.);
#12109 = VERTEX_POINT('',#12110);
#12110 = CARTESIAN_POINT('',(81.65,51.5,57.99));
#12111 = SURFACE_CURVE('',#12112,(#12117,#12124),.PCURVE_S1.);
#12112 = CIRCLE('',#12113,2.65);
#12113 = AXIS2_PLACEMENT_3D('',#12114,#12115,#12116);
#12114 = CARTESIAN_POINT('',(79.,51.5,57.99));
#12115 = DIRECTION('',(0.,0.,1.));
#12116 = DIRECTION('',(1.,0.,-0.));
#12117 = PCURVE('',#11494,#12118);
#12118 = DEFINITIONAL_REPRESENTATION('',(#12119),#12123);
#12119 = CIRCLE('',#12120,2.65);
#12120 = AXIS2_PLACEMENT_2D('',#12121,#12122);
#12121 = CARTESIAN_POINT('',(0.,0.));
#12122 = DIRECTION('',(1.,0.));
#12123 = ( GEOMETRIC_REPRESENTATION_CONTEXT(2) 
PARAMETRIC_REPRESENTATION_CONTEXT() REPRESENTATION_CONTEXT('2D SPACE',''
  ) );
#12124 = PCURVE('',#12125,#12130);
#12125 = CYLINDRICAL_SURFACE('',#12126,2.65);
#12126 = AXIS2_PLACEMENT_3D('',#12127,#12128,#12129);
#12127 = CARTESIAN_POINT('',(79.,51.5,56.99));
#12128 = DIRECTION('',(0.,0.,1.));
#12129 = DIRECTION('',(1.,0.,0.));
#12130 = DEFINITIONAL_REPRESENTATION('',(#12131),#12135);
#12131 = LINE('',#12132,#12133);
#12132 = CARTESIAN_POINT('',(0.,1.));
#12133 = VECTOR('',#12134,1.);
#12134 = DIRECTION('',(1.,0.));
#12135 = ( GEOMETRIC_REPRESENTATION_CONTEXT(2) 
PARAMETRIC_REPRESENTATION_CONTEXT() REPRESENTATION_CONTEXT('2D SPACE',''
  ) );
#12136 = ADVANCED_FACE('',(#12137),#12125,.F.);
#12137 = FACE_BOUND('',#12138,.F.);
#12138 = EDGE_LOOP('',(#12139,#12163,#12184,#12185));
#12139 = ORIENTED_EDGE('',*,*,#12140,.F.);
#12140 = EDGE_CURVE('',#12141,#12141,#12143,.T.);
#12141 = VERTEX_POINT('',#12142);
#12142 = CARTESIAN_POINT('',(81.65,51.5,63.99));
#12143 = SURFACE_CURVE('',#12144,(#12149,#12156),.PCURVE_S1.);
#12144 = CIRCLE('',#12145,2.65);
#12145 = AXIS2_PLACEMENT_3D('',#12146,#12147,#12148);
#12146 = CARTESIAN_POINT('',(79.,51.5,63.99));
#12147 = DIRECTION('',(0.,0.,1.));
#12148 = DIRECTION('',(1.,0.,-0.));
#12149 = PCURVE('',#12125,#12150);
#12150 = DEFINITIONAL_REPRESENTATION('',(#12151),#12155);
#12151 = LINE('',#12152,#12153);
#12152 = CARTESIAN_POINT('',(0.,7.));
#12153 = VECTOR('',#12154,1.);
#12154 = DIRECTION('',(1.,0.));
#12155 = ( GEOMETRIC_REPRESENTATION_CONTEXT(2) 
PARAMETRIC_REPRESENTATION_CONTEXT() REPRESENTATION_CONTEXT('2D SPACE',''
  ) );
#12156 = PCURVE('',#11547,#12157);
#12157 = DEFINITIONAL_REPRESENTATION('',(#12158),#12162);
#12158 = CIRCLE('',#12159,2.65);
#12159 = AXIS2_PLACEMENT_2D('',#12160,#12161);
#12160 = CARTESIAN_POINT('',(0.,0.));
#12161 = DIRECTION('',(1.,0.));
#12162 = ( GEOMETRIC_REPRESENTATION_CONTEXT(2) 
PARAMETRIC_REPRESENTATION_CONTEXT() REPRESENTATION_CONTEXT('2D SPACE',''
  ) );
#12163 = ORIENTED_EDGE('',*,*,#12164,.F.);
#12164 = EDGE_CURVE('',#12109,#12141,#12165,.T.);
#12165 = SEAM_CURVE('',#12166,(#12170,#12177),.PCURVE_S1.);
#12166 = LINE('',#12167,#12168);
#12167 = CARTESIAN_POINT('',(81.65,51.5,56.99));
#12168 = VECTOR('',#12169,1.);
#12169 = DIRECTION('',(0.,0.,1.));
#12170 = PCURVE('',#12125,#12171);
#12171 = DEFINITIONAL_REPRESENTATION('',(#12172),#12176);
#12172 = LINE('',#12173,#12174);
#12173 = CARTESIAN_POINT('',(6.28318530718,-0.));
#12174 = VECTOR('',#12175,1.);
#12175 = DIRECTION('',(0.,1.));
#12176 = ( GEOMETRIC_REPRESENTATION_CONTEXT(2) 
PARAMETRIC_REPRESENTATION_CONTEXT() REPRESENTATION_CONTEXT('2D SPACE',''
  ) );
#12177 = PCURVE('',#12125,#12178);
#12178 = DEFINITIONAL_REPRESENTATION('',(#12179),#12183);
#12179 = LINE('',#12180,#12181);
#12180 = CARTESIAN_POINT('',(0.,-0.));
#12181 = VECTOR('',#12182,1.);
#12182 = DIRECTION('',(0.,1.));
#12183 = ( GEOMETRIC_REPRESENTATION_CONTEXT(2) 
PARAMETRIC_REPRESENTATION_CONTEXT() REPRESENTATION_CONTEXT('2D SPACE',''
  ) );
#12184 = ORIENTED_EDGE('',*,*,#12108,.T.);
#12185 = ORIENTED_EDGE('',*,*,#12164,.T.);
#12186 = ADVANCED_FACE('',(#12187),#12094,.F.);
#12187 = FACE_BOUND('',#12188,.F.);
#12188 = EDGE_LOOP('',(#12189,#12215,#12234,#12235));
#12189 = ORIENTED_EDGE('',*,*,#12190,.F.);
#12190 = EDGE_CURVE('',#12191,#12193,#12195,.T.);
#12191 = VERTEX_POINT('',#12192);
#12192 = CARTESIAN_POINT('',(77.598363877336,43.936217348977,63.99));
#12193 = VERTEX_POINT('',#12194);
#12194 = CARTESIAN_POINT('',(80.401636122664,43.936217348977,63.99));
#12195 = SURFACE_CURVE('',#12196,(#12201,#12208),.PCURVE_S1.);
#12196 = CIRCLE('',#12197,2.1);
#12197 = AXIS2_PLACEMENT_3D('',#12198,#12199,#12200);
#12198 = CARTESIAN_POINT('',(79.,45.5,63.99));
#12199 = DIRECTION('',(0.,0.,1.));
#12200 = DIRECTION('',(1.,0.,-0.));
#12201 = PCURVE('',#12094,#12202);
#12202 = DEFINITIONAL_REPRESENTATION('',(#12203),#12207);
#12203 = LINE('',#12204,#12205);
#12204 = CARTESIAN_POINT('',(0.,7.));
#12205 = VECTOR('',#12206,1.);
#12206 = DIRECTION('',(1.,0.));
#12207 = ( GEOMETRIC_REPRESENTATION_CONTEXT(2) 
PARAMETRIC_REPRESENTATION_CONTEXT() REPRESENTATION_CONTEXT('2D SPACE',''
  ) );
#12208 = PCURVE('',#11547,#12209);
#12209 = DEFINITIONAL_REPRESENTATION('',(#12210),#12214);
#12210 = CIRCLE('',#12211,2.1);
#12211 = AXIS2_PLACEMENT_2D('',#12212,#12213);
#12212 = CARTESIAN_POINT('',(0.,-6.));
#12213 = DIRECTION('',(1.,0.));
#12214 = ( GEOMETRIC_REPRESENTATION_CONTEXT(2) 
PARAMETRIC_REPRESENTATION_CONTEXT() REPRESENTATION_CONTEXT('2D SPACE',''
  ) );
#12215 = ORIENTED_EDGE('',*,*,#12216,.F.);
#12216 = EDGE_CURVE('',#11993,#12191,#12217,.T.);
#12217 = SURFACE_CURVE('',#12218,(#12222,#12228),.PCURVE_S1.);
#12218 = LINE('',#12219,#12220);
#12219 = CARTESIAN_POINT('',(77.598363877336,43.936217348977,56.99));
#12220 = VECTOR('',#12221,1.);
#12221 = DIRECTION('',(0.,0.,1.));
#12222 = PCURVE('',#12094,#12223);
#12223 = DEFINITIONAL_REPRESENTATION('',(#12224),#12227);
#12224 = B_SPLINE_CURVE_WITH_KNOTS('',1,(#12225,#12226),.UNSPECIFIED.,
  .F.,.F.,(2,2),(0.9999994,7.0000006),.PIECEWISE_BEZIER_KNOTS.);
#12225 = CARTESIAN_POINT('',(3.981615554451,0.9999994));
#12226 = CARTESIAN_POINT('',(3.981615554451,7.0000006));
#12227 = ( GEOMETRIC_REPRESENTATION_CONTEXT(2) 
PARAMETRIC_REPRESENTATION_CONTEXT() REPRESENTATION_CONTEXT('2D SPACE',''
  ) );
#12228 = PCURVE('',#12009,#12229);
#12229 = DEFINITIONAL_REPRESENTATION('',(#12230),#12233);
#12230 = B_SPLINE_CURVE_WITH_KNOTS('',1,(#12231,#12232),.UNSPECIFIED.,
  .F.,.F.,(2,2),(0.9999994,7.0000006),.PIECEWISE_BEZIER_KNOTS.);
#12231 = CARTESIAN_POINT('',(6.235898016836,0.9999994));
#12232 = CARTESIAN_POINT('',(6.235898016836,7.0000006));
#12233 = ( GEOMETRIC_REPRESENTATION_CONTEXT(2) 
PARAMETRIC_REPRESENTATION_CONTEXT() REPRESENTATION_CONTEXT('2D SPACE',''
  ) );
#12234 = ORIENTED_EDGE('',*,*,#12079,.T.);
#12235 = ORIENTED_EDGE('',*,*,#12236,.T.);
#12236 = EDGE_CURVE('',#12051,#12193,#12237,.T.);
#12237 = SURFACE_CURVE('',#12238,(#12242,#12248),.PCURVE_S1.);
#12238 = LINE('',#12239,#12240);
#12239 = CARTESIAN_POINT('',(80.401636122664,43.936217348977,56.99));
#12240 = VECTOR('',#12241,1.);
#12241 = DIRECTION('',(0.,0.,1.));
#12242 = PCURVE('',#12094,#12243);
#12243 = DEFINITIONAL_REPRESENTATION('',(#12244),#12247);
#12244 = B_SPLINE_CURVE_WITH_KNOTS('',1,(#12245,#12246),.UNSPECIFIED.,
  .F.,.F.,(2,2),(0.9999994,7.0000006),.PIECEWISE_BEZIER_KNOTS.);
#12245 = CARTESIAN_POINT('',(5.443162406318,0.9999994));
#12246 = CARTESIAN_POINT('',(5.443162406318,7.0000006));
#12247 = ( GEOMETRIC_REPRESENTATION_CONTEXT(2) 
PARAMETRIC_REPRESENTATION_CONTEXT() REPRESENTATION_CONTEXT('2D SPACE',''
  ) );
#12248 = PCURVE('',#12067,#12249);
#12249 = DEFINITIONAL_REPRESENTATION('',(#12250),#12253);
#12250 = B_SPLINE_CURVE_WITH_KNOTS('',1,(#12251,#12252),.UNSPECIFIED.,
  .F.,.F.,(2,2),(1.,7.),.PIECEWISE_BEZIER_KNOTS.);
#12251 = CARTESIAN_POINT('',(3.188879943933,1.));
#12252 = CARTESIAN_POINT('',(3.188879943933,7.));
#12253 = ( GEOMETRIC_REPRESENTATION_CONTEXT(2) 
PARAMETRIC_REPRESENTATION_CONTEXT() REPRESENTATION_CONTEXT('2D SPACE',''
  ) );
#12254 = ADVANCED_FACE('',(#12255),#12067,.F.);
#12255 = FACE_BOUND('',#12256,.F.);
#12256 = EDGE_LOOP('',(#12257,#12258,#12279,#12305));
#12257 = ORIENTED_EDGE('',*,*,#12050,.T.);
#12258 = ORIENTED_EDGE('',*,*,#12259,.T.);
#12259 = EDGE_CURVE('',#12022,#12260,#12262,.T.);
#12260 = VERTEX_POINT('',#12261);
#12261 = CARTESIAN_POINT('',(81.097086431255,45.389417452339,63.99));
#12262 = SURFACE_CURVE('',#12263,(#12267,#12273),.PCURVE_S1.);
#12263 = LINE('',#12264,#12265);
#12264 = CARTESIAN_POINT('',(81.097086431255,45.389417452339,56.99));
#12265 = VECTOR('',#12266,1.);
#12266 = DIRECTION('',(0.,0.,1.));
#12267 = PCURVE('',#12067,#12268);
#12268 = DEFINITIONAL_REPRESENTATION('',(#12269),#12272);
#12269 = B_SPLINE_CURVE_WITH_KNOTS('',1,(#12270,#12271),.UNSPECIFIED.,
  .F.,.F.,(2,2),(1.,7.),.PIECEWISE_BEZIER_KNOTS.);
#12270 = CARTESIAN_POINT('',(8.484785047038,1.));
#12271 = CARTESIAN_POINT('',(8.484785047038,7.));
#12272 = ( GEOMETRIC_REPRESENTATION_CONTEXT(2) 
PARAMETRIC_REPRESENTATION_CONTEXT() REPRESENTATION_CONTEXT('2D SPACE',''
  ) );
#12273 = PCURVE('',#12038,#12274);
#12274 = DEFINITIONAL_REPRESENTATION('',(#12275),#12278);
#12275 = B_SPLINE_CURVE_WITH_KNOTS('',1,(#12276,#12277),.UNSPECIFIED.,
  .F.,.F.,(2,2),(1.,7.),.PIECEWISE_BEZIER_KNOTS.);
#12276 = CARTESIAN_POINT('',(6.230502584653,1.));
#12277 = CARTESIAN_POINT('',(6.230502584653,7.));
#12278 = ( GEOMETRIC_REPRESENTATION_CONTEXT(2) 
PARAMETRIC_REPRESENTATION_CONTEXT() REPRESENTATION_CONTEXT('2D SPACE',''
  ) );
#12279 = ORIENTED_EDGE('',*,*,#12280,.T.);
#12280 = EDGE_CURVE('',#12260,#12193,#12281,.T.);
#12281 = SURFACE_CURVE('',#12282,(#12287,#12294),.PCURVE_S1.);
#12282 = CIRCLE('',#12283,1.7);
#12283 = AXIS2_PLACEMENT_3D('',#12284,#12285,#12286);
#12284 = CARTESIAN_POINT('',(82.099735802157,44.016575786659,63.99));
#12285 = DIRECTION('',(0.,0.,-1.));
#12286 = DIRECTION('',(-0.58979374759,0.807553920989,0.));
#12287 = PCURVE('',#12067,#12288);
#12288 = DEFINITIONAL_REPRESENTATION('',(#12289),#12293);
#12289 = LINE('',#12290,#12291);
#12290 = CARTESIAN_POINT('',(8.484785047038,7.));
#12291 = VECTOR('',#12292,1.);
#12292 = DIRECTION('',(-1.,-0.));
#12293 = ( GEOMETRIC_REPRESENTATION_CONTEXT(2) 
PARAMETRIC_REPRESENTATION_CONTEXT() REPRESENTATION_CONTEXT('2D SPACE',''
  ) );
#12294 = PCURVE('',#11547,#12295);
#12295 = DEFINITIONAL_REPRESENTATION('',(#12296),#12304);
#12296 = ( BOUNDED_CURVE() B_SPLINE_CURVE(2,(#12297,#12298,#12299,#12300
    ,#12301,#12302,#12303),.UNSPECIFIED.,.T.,.F.) 
B_SPLINE_CURVE_WITH_KNOTS((1,2,2,2,2,1),(-2.094395102393,0.,
    2.094395102393,4.188790204786,6.28318530718,8.377580409573),
.UNSPECIFIED.) CURVE() GEOMETRIC_REPRESENTATION_ITEM() 
RATIONAL_B_SPLINE_CURVE((1.,0.5,1.,0.5,1.,0.5,1.)) REPRESENTATION_ITEM(
  '') );
#12297 = CARTESIAN_POINT('',(2.097086431255,-6.110582547661));
#12298 = CARTESIAN_POINT('',(4.474917946961,-4.37394289508));
#12299 = CARTESIAN_POINT('',(4.789976245462,-7.301525219891));
#12300 = CARTESIAN_POINT('',(5.105034543963,-10.2291075447));
#12301 = CARTESIAN_POINT('',(2.412144729756,-9.038164872472));
#12302 = CARTESIAN_POINT('',(-0.280745084452,-7.847222200241));
#12303 = CARTESIAN_POINT('',(2.097086431255,-6.110582547661));
#12304 = ( GEOMETRIC_REPRESENTATION_CONTEXT(2) 
PARAMETRIC_REPRESENTATION_CONTEXT() REPRESENTATION_CONTEXT('2D SPACE',''
  ) );
#12305 = ORIENTED_EDGE('',*,*,#12236,.F.);
#12306 = ADVANCED_FACE('',(#12307),#12038,.F.);
#12307 = FACE_BOUND('',#12308,.F.);
#12308 = EDGE_LOOP('',(#12309,#12310,#12331,#12357));
#12309 = ORIENTED_EDGE('',*,*,#12021,.T.);
#12310 = ORIENTED_EDGE('',*,*,#12311,.T.);
#12311 = EDGE_CURVE('',#11991,#12312,#12314,.T.);
#12312 = VERTEX_POINT('',#12313);
#12313 = CARTESIAN_POINT('',(76.902913568745,45.389417452339,63.99));
#12314 = SURFACE_CURVE('',#12315,(#12319,#12325),.PCURVE_S1.);
#12315 = LINE('',#12316,#12317);
#12316 = CARTESIAN_POINT('',(76.902913568745,45.389417452339,56.99));
#12317 = VECTOR('',#12318,1.);
#12318 = DIRECTION('',(0.,0.,1.));
#12319 = PCURVE('',#12038,#12320);
#12320 = DEFINITIONAL_REPRESENTATION('',(#12321),#12324);
#12321 = B_SPLINE_CURVE_WITH_KNOTS('',1,(#12322,#12323),.UNSPECIFIED.,
  .F.,.F.,(2,2),(1.,7.),.PIECEWISE_BEZIER_KNOTS.);
#12322 = CARTESIAN_POINT('',(9.477460683296,1.));
#12323 = CARTESIAN_POINT('',(9.477460683296,7.));
#12324 = ( GEOMETRIC_REPRESENTATION_CONTEXT(2) 
PARAMETRIC_REPRESENTATION_CONTEXT() REPRESENTATION_CONTEXT('2D SPACE',''
  ) );
#12325 = PCURVE('',#12009,#12326);
#12326 = DEFINITIONAL_REPRESENTATION('',(#12327),#12330);
#12327 = B_SPLINE_CURVE_WITH_KNOTS('',1,(#12328,#12329),.UNSPECIFIED.,
  .F.,.F.,(2,2),(0.9999994,7.0000006),.PIECEWISE_BEZIER_KNOTS.);
#12328 = CARTESIAN_POINT('',(0.939992913732,0.9999994));
#12329 = CARTESIAN_POINT('',(0.939992913732,7.0000006));
#12330 = ( GEOMETRIC_REPRESENTATION_CONTEXT(2) 
PARAMETRIC_REPRESENTATION_CONTEXT() REPRESENTATION_CONTEXT('2D SPACE',''
  ) );
#12331 = ORIENTED_EDGE('',*,*,#12332,.T.);
#12332 = EDGE_CURVE('',#12312,#12260,#12333,.T.);
#12333 = SURFACE_CURVE('',#12334,(#12339,#12346),.PCURVE_S1.);
#12334 = CIRCLE('',#12335,2.1);
#12335 = AXIS2_PLACEMENT_3D('',#12336,#12337,#12338);
#12336 = CARTESIAN_POINT('',(79.,45.5,63.99));
#12337 = DIRECTION('',(-0.,0.,-1.));
#12338 = DIRECTION('',(-0.998612586312,-5.265835602902E-02,0.));
#12339 = PCURVE('',#12038,#12340);
#12340 = DEFINITIONAL_REPRESENTATION('',(#12341),#12345);
#12341 = LINE('',#12342,#12343);
#12342 = CARTESIAN_POINT('',(9.477460683296,7.));
#12343 = VECTOR('',#12344,1.);
#12344 = DIRECTION('',(-1.,-0.));
#12345 = ( GEOMETRIC_REPRESENTATION_CONTEXT(2) 
PARAMETRIC_REPRESENTATION_CONTEXT() REPRESENTATION_CONTEXT('2D SPACE',''
  ) );
#12346 = PCURVE('',#11547,#12347);
#12347 = DEFINITIONAL_REPRESENTATION('',(#12348),#12356);
#12348 = ( BOUNDED_CURVE() B_SPLINE_CURVE(2,(#12349,#12350,#12351,#12352
    ,#12353,#12354,#12355),.UNSPECIFIED.,.T.,.F.) 
B_SPLINE_CURVE_WITH_KNOTS((1,2,2,2,2,1),(-2.094395102393,0.,
    2.094395102393,4.188790204786,6.28318530718,8.377580409573),
.UNSPECIFIED.) CURVE() GEOMETRIC_REPRESENTATION_ITEM() 
RATIONAL_B_SPLINE_CURVE((1.,0.5,1.,0.5,1.,0.5,1.)) REPRESENTATION_ITEM(
  '') );
#12349 = CARTESIAN_POINT('',(-2.097086431255,-6.110582547661));
#12350 = CARTESIAN_POINT('',(-2.288621022234,-2.478322300864));
#12351 = CARTESIAN_POINT('',(0.952775920138,-4.128578602771));
#12352 = CARTESIAN_POINT('',(4.19417286251,-5.778834904678));
#12353 = CARTESIAN_POINT('',(1.144310511117,-7.760838849568));
#12354 = CARTESIAN_POINT('',(-1.905551840276,-9.742842794457));
#12355 = CARTESIAN_POINT('',(-2.097086431255,-6.110582547661));
#12356 = ( GEOMETRIC_REPRESENTATION_CONTEXT(2) 
PARAMETRIC_REPRESENTATION_CONTEXT() REPRESENTATION_CONTEXT('2D SPACE',''
  ) );
#12357 = ORIENTED_EDGE('',*,*,#12259,.F.);
#12358 = ADVANCED_FACE('',(#12359),#12009,.F.);
#12359 = FACE_BOUND('',#12360,.F.);
#12360 = EDGE_LOOP('',(#12361,#12383,#12384,#12385));
#12361 = ORIENTED_EDGE('',*,*,#12362,.F.);
#12362 = EDGE_CURVE('',#12312,#12191,#12363,.T.);
#12363 = SURFACE_CURVE('',#12364,(#12369,#12376),.PCURVE_S1.);
#12364 = CIRCLE('',#12365,1.7);
#12365 = AXIS2_PLACEMENT_3D('',#12366,#12367,#12368);
#12366 = CARTESIAN_POINT('',(75.900264197843,44.016575786659,63.99));
#12367 = DIRECTION('',(0.,0.,1.));
#12368 = DIRECTION('',(1.,0.,-0.));
#12369 = PCURVE('',#12009,#12370);
#12370 = DEFINITIONAL_REPRESENTATION('',(#12371),#12375);
#12371 = LINE('',#12372,#12373);
#12372 = CARTESIAN_POINT('',(0.,7.));
#12373 = VECTOR('',#12374,1.);
#12374 = DIRECTION('',(1.,0.));
#12375 = ( GEOMETRIC_REPRESENTATION_CONTEXT(2) 
PARAMETRIC_REPRESENTATION_CONTEXT() REPRESENTATION_CONTEXT('2D SPACE',''
  ) );
#12376 = PCURVE('',#11547,#12377);
#12377 = DEFINITIONAL_REPRESENTATION('',(#12378),#12382);
#12378 = CIRCLE('',#12379,1.7);
#12379 = AXIS2_PLACEMENT_2D('',#12380,#12381);
#12380 = CARTESIAN_POINT('',(-3.099735802157,-7.483424213341));
#12381 = DIRECTION('',(1.,0.));
#12382 = ( GEOMETRIC_REPRESENTATION_CONTEXT(2) 
PARAMETRIC_REPRESENTATION_CONTEXT() REPRESENTATION_CONTEXT('2D SPACE',''
  ) );
#12383 = ORIENTED_EDGE('',*,*,#12311,.F.);
#12384 = ORIENTED_EDGE('',*,*,#11990,.T.);
#12385 = ORIENTED_EDGE('',*,*,#12216,.T.);
#12386 = ADVANCED_FACE('',(#12387),#11976,.T.);
#12387 = FACE_BOUND('',#12388,.T.);
#12388 = EDGE_LOOP('',(#12389,#12410,#12411,#12432));
#12389 = ORIENTED_EDGE('',*,*,#12390,.F.);
#12390 = EDGE_CURVE('',#11933,#12391,#12393,.T.);
#12391 = VERTEX_POINT('',#12392);
#12392 = CARTESIAN_POINT('',(73.210377966539,48.545295833816,63.99));
#12393 = SURFACE_CURVE('',#12394,(#12398,#12404),.PCURVE_S1.);
#12394 = LINE('',#12395,#12396);
#12395 = CARTESIAN_POINT('',(73.210377966539,48.545295833817,57.99));
#12396 = VECTOR('',#12397,1.);
#12397 = DIRECTION('',(0.,0.,1.));
#12398 = PCURVE('',#11976,#12399);
#12399 = DEFINITIONAL_REPRESENTATION('',(#12400),#12403);
#12400 = B_SPLINE_CURVE_WITH_KNOTS('',1,(#12401,#12402),.UNSPECIFIED.,
  .F.,.F.,(2,2),(-5.999999999062E-07,6.0000006),
  .PIECEWISE_BEZIER_KNOTS.);
#12401 = CARTESIAN_POINT('',(9.896667210983,-5.999999999062E-07));
#12402 = CARTESIAN_POINT('',(9.896667210983,6.0000006));
#12403 = ( GEOMETRIC_REPRESENTATION_CONTEXT(2) 
PARAMETRIC_REPRESENTATION_CONTEXT() REPRESENTATION_CONTEXT('2D SPACE',''
  ) );
#12404 = PCURVE('',#11949,#12405);
#12405 = DEFINITIONAL_REPRESENTATION('',(#12406),#12409);
#12406 = B_SPLINE_CURVE_WITH_KNOTS('',1,(#12407,#12408),.UNSPECIFIED.,
  .F.,.F.,(2,2),(-5.999999999062E-07,6.0000006),
  .PIECEWISE_BEZIER_KNOTS.);
#12407 = CARTESIAN_POINT('',(8.541655551989E-02,0.9999994));
#12408 = CARTESIAN_POINT('',(8.541655551989E-02,7.0000006));
#12409 = ( GEOMETRIC_REPRESENTATION_CONTEXT(2) 
PARAMETRIC_REPRESENTATION_CONTEXT() REPRESENTATION_CONTEXT('2D SPACE',''
  ) );
#12410 = ORIENTED_EDGE('',*,*,#11961,.T.);
#12411 = ORIENTED_EDGE('',*,*,#12412,.T.);
#12412 = EDGE_CURVE('',#11569,#12413,#12415,.T.);
#12413 = VERTEX_POINT('',#12414);
#12414 = CARTESIAN_POINT('',(74.,47.346688068541,63.99));
#12415 = SURFACE_CURVE('',#12416,(#12420,#12426),.PCURVE_S1.);
#12416 = LINE('',#12417,#12418);
#12417 = CARTESIAN_POINT('',(74.,47.346688068541,57.99));
#12418 = VECTOR('',#12419,1.);
#12419 = DIRECTION('',(0.,0.,1.));
#12420 = PCURVE('',#11976,#12421);
#12421 = DEFINITIONAL_REPRESENTATION('',(#12422),#12425);
#12422 = B_SPLINE_CURVE_WITH_KNOTS('',1,(#12423,#12424),.UNSPECIFIED.,
  .F.,.F.,(2,2),(0.,6.),.PIECEWISE_BEZIER_KNOTS.);
#12423 = CARTESIAN_POINT('',(10.117937868346,0.));
#12424 = CARTESIAN_POINT('',(10.117937868346,6.));
#12425 = ( GEOMETRIC_REPRESENTATION_CONTEXT(2) 
PARAMETRIC_REPRESENTATION_CONTEXT() REPRESENTATION_CONTEXT('2D SPACE',''
  ) );
#12426 = PCURVE('',#11584,#12427);
#12427 = DEFINITIONAL_REPRESENTATION('',(#12428),#12431);
#12428 = B_SPLINE_CURVE_WITH_KNOTS('',1,(#12429,#12430),.UNSPECIFIED.,
  .F.,.F.,(2,2),(-5.999999999062E-07,6.0000006),
  .PIECEWISE_BEZIER_KNOTS.);
#12429 = CARTESIAN_POINT('',(-5.999999999062E-07,-9.346688068541));
#12430 = CARTESIAN_POINT('',(6.0000006,-9.346688068541));
#12431 = ( GEOMETRIC_REPRESENTATION_CONTEXT(2) 
PARAMETRIC_REPRESENTATION_CONTEXT() REPRESENTATION_CONTEXT('2D SPACE',''
  ) );
#12432 = ORIENTED_EDGE('',*,*,#12433,.T.);
#12433 = EDGE_CURVE('',#12413,#12391,#12434,.T.);
#12434 = SURFACE_CURVE('',#12435,(#12440,#12447),.PCURVE_S1.);
#12435 = CIRCLE('',#12436,6.5);
#12436 = AXIS2_PLACEMENT_3D('',#12437,#12438,#12439);
#12437 = CARTESIAN_POINT('',(79.,51.5,63.99));
#12438 = DIRECTION('',(-0.,0.,-1.));
#12439 = DIRECTION('',(-0.769230769231,-0.638971066378,0.));
#12440 = PCURVE('',#11976,#12441);
#12441 = DEFINITIONAL_REPRESENTATION('',(#12442),#12446);
#12442 = LINE('',#12443,#12444);
#12443 = CARTESIAN_POINT('',(10.117937868346,6.));
#12444 = VECTOR('',#12445,1.);
#12445 = DIRECTION('',(-1.,-0.));
#12446 = ( GEOMETRIC_REPRESENTATION_CONTEXT(2) 
PARAMETRIC_REPRESENTATION_CONTEXT() REPRESENTATION_CONTEXT('2D SPACE',''
  ) );
#12447 = PCURVE('',#11547,#12448);
#12448 = DEFINITIONAL_REPRESENTATION('',(#12449),#12457);
#12449 = ( BOUNDED_CURVE() B_SPLINE_CURVE(2,(#12450,#12451,#12452,#12453
    ,#12454,#12455,#12456),.UNSPECIFIED.,.T.,.F.) 
B_SPLINE_CURVE_WITH_KNOTS((1,2,2,2,2,1),(-2.094395102393,0.,
    2.094395102393,4.188790204786,6.28318530718,8.377580409573),
.UNSPECIFIED.) CURVE() GEOMETRIC_REPRESENTATION_ITEM() 
RATIONAL_B_SPLINE_CURVE((1.,0.5,1.,0.5,1.,0.5,1.)) REPRESENTATION_ITEM(
  '') );
#12450 = CARTESIAN_POINT('',(-5.,-4.153311931459));
#12451 = CARTESIAN_POINT('',(-12.19374728496,4.506942106385));
#12452 = CARTESIAN_POINT('',(-1.096873642484,6.406782984652));
#12453 = CARTESIAN_POINT('',(10.,8.306623862918));
#12454 = CARTESIAN_POINT('',(6.096873642485,-2.253471053193));
#12455 = CARTESIAN_POINT('',(2.193747284969,-12.8135659693));
#12456 = CARTESIAN_POINT('',(-5.,-4.153311931459));
#12457 = ( GEOMETRIC_REPRESENTATION_CONTEXT(2) 
PARAMETRIC_REPRESENTATION_CONTEXT() REPRESENTATION_CONTEXT('2D SPACE',''
  ) );
#12458 = ADVANCED_FACE('',(#12459),#11949,.F.);
#12459 = FACE_BOUND('',#12460,.F.);
#12460 = EDGE_LOOP('',(#12461,#12485,#12486,#12487));
#12461 = ORIENTED_EDGE('',*,*,#12462,.F.);
#12462 = EDGE_CURVE('',#12391,#12463,#12465,.T.);
#12463 = VERTEX_POINT('',#12464);
#12464 = CARTESIAN_POINT('',(72.816827647324,49.495410351941,63.99));
#12465 = SURFACE_CURVE('',#12466,(#12471,#12478),.PCURVE_S1.);
#12466 = CIRCLE('',#12467,1.7);
#12467 = AXIS2_PLACEMENT_3D('',#12468,#12469,#12470);
#12468 = CARTESIAN_POINT('',(71.516575786659,48.400264197843,63.99));
#12469 = DIRECTION('',(0.,0.,1.));
#12470 = DIRECTION('',(1.,0.,-0.));
#12471 = PCURVE('',#11949,#12472);
#12472 = DEFINITIONAL_REPRESENTATION('',(#12473),#12477);
#12473 = LINE('',#12474,#12475);
#12474 = CARTESIAN_POINT('',(0.,7.));
#12475 = VECTOR('',#12476,1.);
#12476 = DIRECTION('',(1.,0.));
#12477 = ( GEOMETRIC_REPRESENTATION_CONTEXT(2) 
PARAMETRIC_REPRESENTATION_CONTEXT() REPRESENTATION_CONTEXT('2D SPACE',''
  ) );
#12478 = PCURVE('',#11547,#12479);
#12479 = DEFINITIONAL_REPRESENTATION('',(#12480),#12484);
#12480 = CIRCLE('',#12481,1.7);
#12481 = AXIS2_PLACEMENT_2D('',#12482,#12483);
#12482 = CARTESIAN_POINT('',(-7.483424213341,-3.099735802157));
#12483 = DIRECTION('',(1.,0.));
#12484 = ( GEOMETRIC_REPRESENTATION_CONTEXT(2) 
PARAMETRIC_REPRESENTATION_CONTEXT() REPRESENTATION_CONTEXT('2D SPACE',''
  ) );
#12485 = ORIENTED_EDGE('',*,*,#12390,.F.);
#12486 = ORIENTED_EDGE('',*,*,#11932,.T.);
#12487 = ORIENTED_EDGE('',*,*,#12488,.T.);
#12488 = EDGE_CURVE('',#11904,#12463,#12489,.T.);
#12489 = SURFACE_CURVE('',#12490,(#12494,#12500),.PCURVE_S1.);
#12490 = LINE('',#12491,#12492);
#12491 = CARTESIAN_POINT('',(72.816827647324,49.495410351941,57.99));
#12492 = VECTOR('',#12493,1.);
#12493 = DIRECTION('',(0.,0.,1.));
#12494 = PCURVE('',#11949,#12495);
#12495 = DEFINITIONAL_REPRESENTATION('',(#12496),#12499);
#12496 = B_SPLINE_CURVE_WITH_KNOTS('',1,(#12497,#12498),.UNSPECIFIED.,
  .F.,.F.,(2,2),(-5.999999999062E-07,6.0000006),
  .PIECEWISE_BEZIER_KNOTS.);
#12497 = CARTESIAN_POINT('',(0.699981607878,0.9999994));
#12498 = CARTESIAN_POINT('',(0.699981607878,7.0000006));
#12499 = ( GEOMETRIC_REPRESENTATION_CONTEXT(2) 
PARAMETRIC_REPRESENTATION_CONTEXT() REPRESENTATION_CONTEXT('2D SPACE',''
  ) );
#12500 = PCURVE('',#11920,#12501);
#12501 = DEFINITIONAL_REPRESENTATION('',(#12502),#12505);
#12502 = B_SPLINE_CURVE_WITH_KNOTS('',1,(#12503,#12504),.UNSPECIFIED.,
  .F.,.F.,(2,2),(-5.999999999062E-07,6.0000006),
  .PIECEWISE_BEZIER_KNOTS.);
#12503 = CARTESIAN_POINT('',(9.738286873953,-5.999999999062E-07));
#12504 = CARTESIAN_POINT('',(9.738286873953,6.0000006));
#12505 = ( GEOMETRIC_REPRESENTATION_CONTEXT(2) 
PARAMETRIC_REPRESENTATION_CONTEXT() REPRESENTATION_CONTEXT('2D SPACE',''
  ) );
#12506 = ADVANCED_FACE('',(#12507),#11920,.T.);
#12507 = FACE_BOUND('',#12508,.T.);
#12508 = EDGE_LOOP('',(#12509,#12530,#12531,#12532));
#12509 = ORIENTED_EDGE('',*,*,#12510,.F.);
#12510 = EDGE_CURVE('',#11875,#12511,#12513,.T.);
#12511 = VERTEX_POINT('',#12512);
#12512 = CARTESIAN_POINT('',(72.816827647324,53.504589648058,63.99));
#12513 = SURFACE_CURVE('',#12514,(#12518,#12524),.PCURVE_S1.);
#12514 = LINE('',#12515,#12516);
#12515 = CARTESIAN_POINT('',(72.816827647324,53.504589648059,57.99));
#12516 = VECTOR('',#12517,1.);
#12517 = DIRECTION('',(0.,0.,1.));
#12518 = PCURVE('',#11920,#12519);
#12519 = DEFINITIONAL_REPRESENTATION('',(#12520),#12523);
#12520 = B_SPLINE_CURVE_WITH_KNOTS('',1,(#12521,#12522),.UNSPECIFIED.,
  .F.,.F.,(2,2),(-5.999999999062E-07,6.0000006),
  .PIECEWISE_BEZIER_KNOTS.);
#12521 = CARTESIAN_POINT('',(9.111269047586,-5.999999999062E-07));
#12522 = CARTESIAN_POINT('',(9.111269047586,6.0000006));
#12523 = ( GEOMETRIC_REPRESENTATION_CONTEXT(2) 
PARAMETRIC_REPRESENTATION_CONTEXT() REPRESENTATION_CONTEXT('2D SPACE',''
  ) );
#12524 = PCURVE('',#11891,#12525);
#12525 = DEFINITIONAL_REPRESENTATION('',(#12526),#12529);
#12526 = B_SPLINE_CURVE_WITH_KNOTS('',1,(#12527,#12528),.UNSPECIFIED.,
  .F.,.F.,(2,2),(-5.999999999062E-07,6.0000006),
  .PIECEWISE_BEZIER_KNOTS.);
#12527 = CARTESIAN_POINT('',(5.583203699302,0.9999994));
#12528 = CARTESIAN_POINT('',(5.583203699302,7.0000006));
#12529 = ( GEOMETRIC_REPRESENTATION_CONTEXT(2) 
PARAMETRIC_REPRESENTATION_CONTEXT() REPRESENTATION_CONTEXT('2D SPACE',''
  ) );
#12530 = ORIENTED_EDGE('',*,*,#11903,.T.);
#12531 = ORIENTED_EDGE('',*,*,#12488,.T.);
#12532 = ORIENTED_EDGE('',*,*,#12533,.T.);
#12533 = EDGE_CURVE('',#12463,#12511,#12534,.T.);
#12534 = SURFACE_CURVE('',#12535,(#12540,#12547),.PCURVE_S1.);
#12535 = CIRCLE('',#12536,6.5);
#12536 = AXIS2_PLACEMENT_3D('',#12537,#12538,#12539);
#12537 = CARTESIAN_POINT('',(79.,51.5,63.99));
#12538 = DIRECTION('',(-0.,0.,-1.));
#12539 = DIRECTION('',(-0.769230769231,-0.638971066378,0.));
#12540 = PCURVE('',#11920,#12541);
#12541 = DEFINITIONAL_REPRESENTATION('',(#12542),#12546);
#12542 = LINE('',#12543,#12544);
#12543 = CARTESIAN_POINT('',(10.117937868346,6.));
#12544 = VECTOR('',#12545,1.);
#12545 = DIRECTION('',(-1.,-0.));
#12546 = ( GEOMETRIC_REPRESENTATION_CONTEXT(2) 
PARAMETRIC_REPRESENTATION_CONTEXT() REPRESENTATION_CONTEXT('2D SPACE',''
  ) );
#12547 = PCURVE('',#11547,#12548);
#12548 = DEFINITIONAL_REPRESENTATION('',(#12549),#12557);
#12549 = ( BOUNDED_CURVE() B_SPLINE_CURVE(2,(#12550,#12551,#12552,#12553
    ,#12554,#12555,#12556),.UNSPECIFIED.,.T.,.F.) 
B_SPLINE_CURVE_WITH_KNOTS((1,2,2,2,2,1),(-2.094395102393,0.,
    2.094395102393,4.188790204786,6.28318530718,8.377580409573),
.UNSPECIFIED.) CURVE() GEOMETRIC_REPRESENTATION_ITEM() 
RATIONAL_B_SPLINE_CURVE((1.,0.5,1.,0.5,1.,0.5,1.)) REPRESENTATION_ITEM(
  '') );
#12550 = CARTESIAN_POINT('',(-5.,-4.153311931459));
#12551 = CARTESIAN_POINT('',(-12.19374728496,4.506942106385));
#12552 = CARTESIAN_POINT('',(-1.096873642484,6.406782984652));
#12553 = CARTESIAN_POINT('',(10.,8.306623862918));
#12554 = CARTESIAN_POINT('',(6.096873642485,-2.253471053193));
#12555 = CARTESIAN_POINT('',(2.193747284969,-12.8135659693));
#12556 = CARTESIAN_POINT('',(-5.,-4.153311931459));
#12557 = ( GEOMETRIC_REPRESENTATION_CONTEXT(2) 
PARAMETRIC_REPRESENTATION_CONTEXT() REPRESENTATION_CONTEXT('2D SPACE',''
  ) );
#12558 = ADVANCED_FACE('',(#12559),#11891,.F.);
#12559 = FACE_BOUND('',#12560,.F.);
#12560 = EDGE_LOOP('',(#12561,#12585,#12586,#12587));
#12561 = ORIENTED_EDGE('',*,*,#12562,.F.);
#12562 = EDGE_CURVE('',#12511,#12563,#12565,.T.);
#12563 = VERTEX_POINT('',#12564);
#12564 = CARTESIAN_POINT('',(73.21037796654,54.454704166185,63.99));
#12565 = SURFACE_CURVE('',#12566,(#12571,#12578),.PCURVE_S1.);
#12566 = CIRCLE('',#12567,1.7);
#12567 = AXIS2_PLACEMENT_3D('',#12568,#12569,#12570);
#12568 = CARTESIAN_POINT('',(71.516575786659,54.599735802157,63.99));
#12569 = DIRECTION('',(0.,0.,1.));
#12570 = DIRECTION('',(1.,0.,-0.));
#12571 = PCURVE('',#11891,#12572);
#12572 = DEFINITIONAL_REPRESENTATION('',(#12573),#12577);
#12573 = LINE('',#12574,#12575);
#12574 = CARTESIAN_POINT('',(0.,7.));
#12575 = VECTOR('',#12576,1.);
#12576 = DIRECTION('',(1.,0.));
#12577 = ( GEOMETRIC_REPRESENTATION_CONTEXT(2) 
PARAMETRIC_REPRESENTATION_CONTEXT() REPRESENTATION_CONTEXT('2D SPACE',''
  ) );
#12578 = PCURVE('',#11547,#12579);
#12579 = DEFINITIONAL_REPRESENTATION('',(#12580),#12584);
#12580 = CIRCLE('',#12581,1.7);
#12581 = AXIS2_PLACEMENT_2D('',#12582,#12583);
#12582 = CARTESIAN_POINT('',(-7.483424213341,3.099735802157));
#12583 = DIRECTION('',(1.,0.));
#12584 = ( GEOMETRIC_REPRESENTATION_CONTEXT(2) 
PARAMETRIC_REPRESENTATION_CONTEXT() REPRESENTATION_CONTEXT('2D SPACE',''
  ) );
#12585 = ORIENTED_EDGE('',*,*,#12510,.F.);
#12586 = ORIENTED_EDGE('',*,*,#11874,.T.);
#12587 = ORIENTED_EDGE('',*,*,#12588,.T.);
#12588 = EDGE_CURVE('',#11846,#12563,#12589,.T.);
#12589 = SURFACE_CURVE('',#12590,(#12594,#12600),.PCURVE_S1.);
#12590 = LINE('',#12591,#12592);
#12591 = CARTESIAN_POINT('',(73.210377966539,54.454704166183,57.99));
#12592 = VECTOR('',#12593,1.);
#12593 = DIRECTION('',(0.,0.,1.));
#12594 = PCURVE('',#11891,#12595);
#12595 = DEFINITIONAL_REPRESENTATION('',(#12596),#12599);
#12596 = B_SPLINE_CURVE_WITH_KNOTS('',1,(#12597,#12598),.UNSPECIFIED.,
  .F.,.F.,(2,2),(-5.999999999062E-07,6.0000006),
  .PIECEWISE_BEZIER_KNOTS.);
#12597 = CARTESIAN_POINT('',(6.19776875166,0.9999994));
#12598 = CARTESIAN_POINT('',(6.19776875166,7.0000006));
#12599 = ( GEOMETRIC_REPRESENTATION_CONTEXT(2) 
PARAMETRIC_REPRESENTATION_CONTEXT() REPRESENTATION_CONTEXT('2D SPACE',''
  ) );
#12600 = PCURVE('',#11862,#12601);
#12601 = DEFINITIONAL_REPRESENTATION('',(#12602),#12605);
#12602 = B_SPLINE_CURVE_WITH_KNOTS('',1,(#12603,#12604),.UNSPECIFIED.,
  .F.,.F.,(2,2),(-5.999999999062E-07,6.0000006),
  .PIECEWISE_BEZIER_KNOTS.);
#12603 = CARTESIAN_POINT('',(8.952888710556,-5.999999999062E-07));
#12604 = CARTESIAN_POINT('',(8.952888710556,6.0000006));
#12605 = ( GEOMETRIC_REPRESENTATION_CONTEXT(2) 
PARAMETRIC_REPRESENTATION_CONTEXT() REPRESENTATION_CONTEXT('2D SPACE',''
  ) );
#12606 = ADVANCED_FACE('',(#12607),#11862,.T.);
#12607 = FACE_BOUND('',#12608,.T.);
#12608 = EDGE_LOOP('',(#12609,#12630,#12631,#12632));
#12609 = ORIENTED_EDGE('',*,*,#12610,.F.);
#12610 = EDGE_CURVE('',#11817,#12611,#12613,.T.);
#12611 = VERTEX_POINT('',#12612);
#12612 = CARTESIAN_POINT('',(76.045295833818,57.289622033462,63.99));
#12613 = SURFACE_CURVE('',#12614,(#12618,#12624),.PCURVE_S1.);
#12614 = LINE('',#12615,#12616);
#12615 = CARTESIAN_POINT('',(76.045295833817,57.289622033461,57.99));
#12616 = VECTOR('',#12617,1.);
#12617 = DIRECTION('',(0.,0.,1.));
#12618 = PCURVE('',#11862,#12619);
#12619 = DEFINITIONAL_REPRESENTATION('',(#12620),#12623);
#12620 = B_SPLINE_CURVE_WITH_KNOTS('',1,(#12621,#12622),.UNSPECIFIED.,
  .F.,.F.,(2,2),(-5.999999999062E-07,6.0000006),
  .PIECEWISE_BEZIER_KNOTS.);
#12621 = CARTESIAN_POINT('',(8.325870884188,-5.999999999062E-07));
#12622 = CARTESIAN_POINT('',(8.325870884188,6.0000006));
#12623 = ( GEOMETRIC_REPRESENTATION_CONTEXT(2) 
PARAMETRIC_REPRESENTATION_CONTEXT() REPRESENTATION_CONTEXT('2D SPACE',''
  ) );
#12624 = PCURVE('',#11833,#12625);
#12625 = DEFINITIONAL_REPRESENTATION('',(#12626),#12629);
#12626 = B_SPLINE_CURVE_WITH_KNOTS('',1,(#12627,#12628),.UNSPECIFIED.,
  .F.,.F.,(2,2),(-5.999999999062E-07,6.0000006),
  .PIECEWISE_BEZIER_KNOTS.);
#12627 = CARTESIAN_POINT('',(4.797805535905,0.9999994));
#12628 = CARTESIAN_POINT('',(4.797805535905,7.0000006));
#12629 = ( GEOMETRIC_REPRESENTATION_CONTEXT(2) 
PARAMETRIC_REPRESENTATION_CONTEXT() REPRESENTATION_CONTEXT('2D SPACE',''
  ) );
#12630 = ORIENTED_EDGE('',*,*,#11845,.T.);
#12631 = ORIENTED_EDGE('',*,*,#12588,.T.);
#12632 = ORIENTED_EDGE('',*,*,#12633,.T.);
#12633 = EDGE_CURVE('',#12563,#12611,#12634,.T.);
#12634 = SURFACE_CURVE('',#12635,(#12640,#12647),.PCURVE_S1.);
#12635 = CIRCLE('',#12636,6.5);
#12636 = AXIS2_PLACEMENT_3D('',#12637,#12638,#12639);
#12637 = CARTESIAN_POINT('',(79.,51.5,63.99));
#12638 = DIRECTION('',(-0.,0.,-1.));
#12639 = DIRECTION('',(-0.769230769231,-0.638971066378,0.));
#12640 = PCURVE('',#11862,#12641);
#12641 = DEFINITIONAL_REPRESENTATION('',(#12642),#12646);
#12642 = LINE('',#12643,#12644);
#12643 = CARTESIAN_POINT('',(10.117937868346,6.));
#12644 = VECTOR('',#12645,1.);
#12645 = DIRECTION('',(-1.,-0.));
#12646 = ( GEOMETRIC_REPRESENTATION_CONTEXT(2) 
PARAMETRIC_REPRESENTATION_CONTEXT() REPRESENTATION_CONTEXT('2D SPACE',''
  ) );
#12647 = PCURVE('',#11547,#12648);
#12648 = DEFINITIONAL_REPRESENTATION('',(#12649),#12657);
#12649 = ( BOUNDED_CURVE() B_SPLINE_CURVE(2,(#12650,#12651,#12652,#12653
    ,#12654,#12655,#12656),.UNSPECIFIED.,.T.,.F.) 
B_SPLINE_CURVE_WITH_KNOTS((1,2,2,2,2,1),(-2.094395102393,0.,
    2.094395102393,4.188790204786,6.28318530718,8.377580409573),
.UNSPECIFIED.) CURVE() GEOMETRIC_REPRESENTATION_ITEM() 
RATIONAL_B_SPLINE_CURVE((1.,0.5,1.,0.5,1.,0.5,1.)) REPRESENTATION_ITEM(
  '') );
#12650 = CARTESIAN_POINT('',(-5.,-4.153311931459));
#12651 = CARTESIAN_POINT('',(-12.19374728496,4.506942106385));
#12652 = CARTESIAN_POINT('',(-1.096873642484,6.406782984652));
#12653 = CARTESIAN_POINT('',(10.,8.306623862918));
#12654 = CARTESIAN_POINT('',(6.096873642485,-2.253471053193));
#12655 = CARTESIAN_POINT('',(2.193747284969,-12.8135659693));
#12656 = CARTESIAN_POINT('',(-5.,-4.153311931459));
#12657 = ( GEOMETRIC_REPRESENTATION_CONTEXT(2) 
PARAMETRIC_REPRESENTATION_CONTEXT() REPRESENTATION_CONTEXT('2D SPACE',''
  ) );
#12658 = ADVANCED_FACE('',(#12659),#11833,.F.);
#12659 = FACE_BOUND('',#12660,.F.);
#12660 = EDGE_LOOP('',(#12661,#12685,#12686,#12687));
#12661 = ORIENTED_EDGE('',*,*,#12662,.F.);
#12662 = EDGE_CURVE('',#12611,#12663,#12665,.T.);
#12663 = VERTEX_POINT('',#12664);
#12664 = CARTESIAN_POINT('',(76.99541035194,57.683172352675,63.99));
#12665 = SURFACE_CURVE('',#12666,(#12671,#12678),.PCURVE_S1.);
#12666 = CIRCLE('',#12667,1.7);
#12667 = AXIS2_PLACEMENT_3D('',#12668,#12669,#12670);
#12668 = CARTESIAN_POINT('',(75.900264197843,58.983424213341,63.99));
#12669 = DIRECTION('',(0.,0.,1.));
#12670 = DIRECTION('',(1.,0.,-0.));
#12671 = PCURVE('',#11833,#12672);
#12672 = DEFINITIONAL_REPRESENTATION('',(#12673),#12677);
#12673 = LINE('',#12674,#12675);
#12674 = CARTESIAN_POINT('',(0.,7.));
#12675 = VECTOR('',#12676,1.);
#12676 = DIRECTION('',(1.,0.));
#12677 = ( GEOMETRIC_REPRESENTATION_CONTEXT(2) 
PARAMETRIC_REPRESENTATION_CONTEXT() REPRESENTATION_CONTEXT('2D SPACE',''
  ) );
#12678 = PCURVE('',#11547,#12679);
#12679 = DEFINITIONAL_REPRESENTATION('',(#12680),#12684);
#12680 = CIRCLE('',#12681,1.7);
#12681 = AXIS2_PLACEMENT_2D('',#12682,#12683);
#12682 = CARTESIAN_POINT('',(-3.099735802157,7.483424213341));
#12683 = DIRECTION('',(1.,0.));
#12684 = ( GEOMETRIC_REPRESENTATION_CONTEXT(2) 
PARAMETRIC_REPRESENTATION_CONTEXT() REPRESENTATION_CONTEXT('2D SPACE',''
  ) );
#12685 = ORIENTED_EDGE('',*,*,#12610,.F.);
#12686 = ORIENTED_EDGE('',*,*,#11816,.T.);
#12687 = ORIENTED_EDGE('',*,*,#12688,.T.);
#12688 = EDGE_CURVE('',#11788,#12663,#12689,.T.);
#12689 = SURFACE_CURVE('',#12690,(#12694,#12700),.PCURVE_S1.);
#12690 = LINE('',#12691,#12692);
#12691 = CARTESIAN_POINT('',(76.995410351941,57.683172352676,57.99));
#12692 = VECTOR('',#12693,1.);
#12693 = DIRECTION('',(0.,0.,1.));
#12694 = PCURVE('',#11833,#12695);
#12695 = DEFINITIONAL_REPRESENTATION('',(#12696),#12699);
#12696 = B_SPLINE_CURVE_WITH_KNOTS('',1,(#12697,#12698),.UNSPECIFIED.,
  .F.,.F.,(2,2),(-5.999999999062E-07,6.0000006),
  .PIECEWISE_BEZIER_KNOTS.);
#12697 = CARTESIAN_POINT('',(5.412370588262,0.9999994));
#12698 = CARTESIAN_POINT('',(5.412370588262,7.0000006));
#12699 = ( GEOMETRIC_REPRESENTATION_CONTEXT(2) 
PARAMETRIC_REPRESENTATION_CONTEXT() REPRESENTATION_CONTEXT('2D SPACE',''
  ) );
#12700 = PCURVE('',#11804,#12701);
#12701 = DEFINITIONAL_REPRESENTATION('',(#12702),#12705);
#12702 = B_SPLINE_CURVE_WITH_KNOTS('',1,(#12703,#12704),.UNSPECIFIED.,
  .F.,.F.,(2,2),(-5.999999999062E-07,6.0000006),
  .PIECEWISE_BEZIER_KNOTS.);
#12703 = CARTESIAN_POINT('',(8.167490547158,-5.999999999062E-07));
#12704 = CARTESIAN_POINT('',(8.167490547158,6.0000006));
#12705 = ( GEOMETRIC_REPRESENTATION_CONTEXT(2) 
PARAMETRIC_REPRESENTATION_CONTEXT() REPRESENTATION_CONTEXT('2D SPACE',''
  ) );
#12706 = ADVANCED_FACE('',(#12707),#11804,.T.);
#12707 = FACE_BOUND('',#12708,.T.);
#12708 = EDGE_LOOP('',(#12709,#12730,#12731,#12732));
#12709 = ORIENTED_EDGE('',*,*,#12710,.F.);
#12710 = EDGE_CURVE('',#11759,#12711,#12713,.T.);
#12711 = VERTEX_POINT('',#12712);
#12712 = CARTESIAN_POINT('',(81.004589648058,57.683172352676,63.99));
#12713 = SURFACE_CURVE('',#12714,(#12718,#12724),.PCURVE_S1.);
#12714 = LINE('',#12715,#12716);
#12715 = CARTESIAN_POINT('',(81.004589648059,57.683172352676,57.99));
#12716 = VECTOR('',#12717,1.);
#12717 = DIRECTION('',(0.,0.,1.));
#12718 = PCURVE('',#11804,#12719);
#12719 = DEFINITIONAL_REPRESENTATION('',(#12720),#12723);
#12720 = B_SPLINE_CURVE_WITH_KNOTS('',1,(#12721,#12722),.UNSPECIFIED.,
  .F.,.F.,(2,2),(-5.999999999062E-07,6.0000006),
  .PIECEWISE_BEZIER_KNOTS.);
#12721 = CARTESIAN_POINT('',(7.540472720791,-5.999999999062E-07));
#12722 = CARTESIAN_POINT('',(7.540472720791,6.0000006));
#12723 = ( GEOMETRIC_REPRESENTATION_CONTEXT(2) 
PARAMETRIC_REPRESENTATION_CONTEXT() REPRESENTATION_CONTEXT('2D SPACE',''
  ) );
#12724 = PCURVE('',#11775,#12725);
#12725 = DEFINITIONAL_REPRESENTATION('',(#12726),#12729);
#12726 = B_SPLINE_CURVE_WITH_KNOTS('',1,(#12727,#12728),.UNSPECIFIED.,
  .F.,.F.,(2,2),(-5.999999999062E-07,6.0000006),
  .PIECEWISE_BEZIER_KNOTS.);
#12727 = CARTESIAN_POINT('',(4.012407372507,0.9999994));
#12728 = CARTESIAN_POINT('',(4.012407372507,7.0000006));
#12729 = ( GEOMETRIC_REPRESENTATION_CONTEXT(2) 
PARAMETRIC_REPRESENTATION_CONTEXT() REPRESENTATION_CONTEXT('2D SPACE',''
  ) );
#12730 = ORIENTED_EDGE('',*,*,#11787,.T.);
#12731 = ORIENTED_EDGE('',*,*,#12688,.T.);
#12732 = ORIENTED_EDGE('',*,*,#12733,.T.);
#12733 = EDGE_CURVE('',#12663,#12711,#12734,.T.);
#12734 = SURFACE_CURVE('',#12735,(#12740,#12747),.PCURVE_S1.);
#12735 = CIRCLE('',#12736,6.5);
#12736 = AXIS2_PLACEMENT_3D('',#12737,#12738,#12739);
#12737 = CARTESIAN_POINT('',(79.,51.5,63.99));
#12738 = DIRECTION('',(-0.,0.,-1.));
#12739 = DIRECTION('',(-0.769230769231,-0.638971066378,0.));
#12740 = PCURVE('',#11804,#12741);
#12741 = DEFINITIONAL_REPRESENTATION('',(#12742),#12746);
#12742 = LINE('',#12743,#12744);
#12743 = CARTESIAN_POINT('',(10.117937868346,6.));
#12744 = VECTOR('',#12745,1.);
#12745 = DIRECTION('',(-1.,-0.));
#12746 = ( GEOMETRIC_REPRESENTATION_CONTEXT(2) 
PARAMETRIC_REPRESENTATION_CONTEXT() REPRESENTATION_CONTEXT('2D SPACE',''
  ) );
#12747 = PCURVE('',#11547,#12748);
#12748 = DEFINITIONAL_REPRESENTATION('',(#12749),#12757);
#12749 = ( BOUNDED_CURVE() B_SPLINE_CURVE(2,(#12750,#12751,#12752,#12753
    ,#12754,#12755,#12756),.UNSPECIFIED.,.T.,.F.) 
B_SPLINE_CURVE_WITH_KNOTS((1,2,2,2,2,1),(-2.094395102393,0.,
    2.094395102393,4.188790204786,6.28318530718,8.377580409573),
.UNSPECIFIED.) CURVE() GEOMETRIC_REPRESENTATION_ITEM() 
RATIONAL_B_SPLINE_CURVE((1.,0.5,1.,0.5,1.,0.5,1.)) REPRESENTATION_ITEM(
  '') );
#12750 = CARTESIAN_POINT('',(-5.,-4.153311931459));
#12751 = CARTESIAN_POINT('',(-12.19374728496,4.506942106385));
#12752 = CARTESIAN_POINT('',(-1.096873642484,6.406782984652));
#12753 = CARTESIAN_POINT('',(10.,8.306623862918));
#12754 = CARTESIAN_POINT('',(6.096873642485,-2.253471053193));
#12755 = CARTESIAN_POINT('',(2.193747284969,-12.8135659693));
#12756 = CARTESIAN_POINT('',(-5.,-4.153311931459));
#12757 = ( GEOMETRIC_REPRESENTATION_CONTEXT(2) 
PARAMETRIC_REPRESENTATION_CONTEXT() REPRESENTATION_CONTEXT('2D SPACE',''
  ) );
#12758 = ADVANCED_FACE('',(#12759),#11775,.F.);
#12759 = FACE_BOUND('',#12760,.F.);
#12760 = EDGE_LOOP('',(#12761,#12785,#12786,#12787));
#12761 = ORIENTED_EDGE('',*,*,#12762,.F.);
#12762 = EDGE_CURVE('',#12711,#12763,#12765,.T.);
#12763 = VERTEX_POINT('',#12764);
#12764 = CARTESIAN_POINT('',(81.954704166185,57.28962203346,63.99));
#12765 = SURFACE_CURVE('',#12766,(#12771,#12778),.PCURVE_S1.);
#12766 = CIRCLE('',#12767,1.7);
#12767 = AXIS2_PLACEMENT_3D('',#12768,#12769,#12770);
#12768 = CARTESIAN_POINT('',(82.099735802157,58.983424213341,63.99));
#12769 = DIRECTION('',(0.,0.,1.));
#12770 = DIRECTION('',(1.,0.,-0.));
#12771 = PCURVE('',#11775,#12772);
#12772 = DEFINITIONAL_REPRESENTATION('',(#12773),#12777);
#12773 = LINE('',#12774,#12775);
#12774 = CARTESIAN_POINT('',(0.,7.));
#12775 = VECTOR('',#12776,1.);
#12776 = DIRECTION('',(1.,0.));
#12777 = ( GEOMETRIC_REPRESENTATION_CONTEXT(2) 
PARAMETRIC_REPRESENTATION_CONTEXT() REPRESENTATION_CONTEXT('2D SPACE',''
  ) );
#12778 = PCURVE('',#11547,#12779);
#12779 = DEFINITIONAL_REPRESENTATION('',(#12780),#12784);
#12780 = CIRCLE('',#12781,1.7);
#12781 = AXIS2_PLACEMENT_2D('',#12782,#12783);
#12782 = CARTESIAN_POINT('',(3.099735802157,7.483424213341));
#12783 = DIRECTION('',(1.,0.));
#12784 = ( GEOMETRIC_REPRESENTATION_CONTEXT(2) 
PARAMETRIC_REPRESENTATION_CONTEXT() REPRESENTATION_CONTEXT('2D SPACE',''
  ) );
#12785 = ORIENTED_EDGE('',*,*,#12710,.F.);
#12786 = ORIENTED_EDGE('',*,*,#11758,.T.);
#12787 = ORIENTED_EDGE('',*,*,#12788,.T.);
#12788 = EDGE_CURVE('',#11730,#12763,#12789,.T.);
#12789 = SURFACE_CURVE('',#12790,(#12794,#12800),.PCURVE_S1.);
#12790 = LINE('',#12791,#12792);
#12791 = CARTESIAN_POINT('',(81.954704166183,57.289622033461,57.99));
#12792 = VECTOR('',#12793,1.);
#12793 = DIRECTION('',(0.,0.,1.));
#12794 = PCURVE('',#11775,#12795);
#12795 = DEFINITIONAL_REPRESENTATION('',(#12796),#12799);
#12796 = B_SPLINE_CURVE_WITH_KNOTS('',1,(#12797,#12798),.UNSPECIFIED.,
  .F.,.F.,(2,2),(-5.999999999062E-07,6.0000006),
  .PIECEWISE_BEZIER_KNOTS.);
#12797 = CARTESIAN_POINT('',(4.626972424865,0.9999994));
#12798 = CARTESIAN_POINT('',(4.626972424865,7.0000006));
#12799 = ( GEOMETRIC_REPRESENTATION_CONTEXT(2) 
PARAMETRIC_REPRESENTATION_CONTEXT() REPRESENTATION_CONTEXT('2D SPACE',''
  ) );
#12800 = PCURVE('',#11746,#12801);
#12801 = DEFINITIONAL_REPRESENTATION('',(#12802),#12805);
#12802 = B_SPLINE_CURVE_WITH_KNOTS('',1,(#12803,#12804),.UNSPECIFIED.,
  .F.,.F.,(2,2),(-5.999999999062E-07,6.0000006),
  .PIECEWISE_BEZIER_KNOTS.);
#12803 = CARTESIAN_POINT('',(7.382092383761,-5.999999999062E-07));
#12804 = CARTESIAN_POINT('',(7.382092383761,6.0000006));
#12805 = ( GEOMETRIC_REPRESENTATION_CONTEXT(2) 
PARAMETRIC_REPRESENTATION_CONTEXT() REPRESENTATION_CONTEXT('2D SPACE',''
  ) );
#12806 = ADVANCED_FACE('',(#12807),#11746,.T.);
#12807 = FACE_BOUND('',#12808,.T.);
#12808 = EDGE_LOOP('',(#12809,#12830,#12831,#12832));
#12809 = ORIENTED_EDGE('',*,*,#12810,.F.);
#12810 = EDGE_CURVE('',#11701,#12811,#12813,.T.);
#12811 = VERTEX_POINT('',#12812);
#12812 = CARTESIAN_POINT('',(84.789622033462,54.454704166182,63.99));
#12813 = SURFACE_CURVE('',#12814,(#12818,#12824),.PCURVE_S1.);
#12814 = LINE('',#12815,#12816);
#12815 = CARTESIAN_POINT('',(84.789622033461,54.454704166183,57.99));
#12816 = VECTOR('',#12817,1.);
#12817 = DIRECTION('',(0.,0.,1.));
#12818 = PCURVE('',#11746,#12819);
#12819 = DEFINITIONAL_REPRESENTATION('',(#12820),#12823);
#12820 = B_SPLINE_CURVE_WITH_KNOTS('',1,(#12821,#12822),.UNSPECIFIED.,
  .F.,.F.,(2,2),(-5.999999999062E-07,6.0000006),
  .PIECEWISE_BEZIER_KNOTS.);
#12821 = CARTESIAN_POINT('',(6.755074557393,-5.999999999062E-07));
#12822 = CARTESIAN_POINT('',(6.755074557393,6.0000006));
#12823 = ( GEOMETRIC_REPRESENTATION_CONTEXT(2) 
PARAMETRIC_REPRESENTATION_CONTEXT() REPRESENTATION_CONTEXT('2D SPACE',''
  ) );
#12824 = PCURVE('',#11717,#12825);
#12825 = DEFINITIONAL_REPRESENTATION('',(#12826),#12829);
#12826 = B_SPLINE_CURVE_WITH_KNOTS('',1,(#12827,#12828),.UNSPECIFIED.,
  .F.,.F.,(2,2),(-5.999999999062E-07,6.0000006),
  .PIECEWISE_BEZIER_KNOTS.);
#12827 = CARTESIAN_POINT('',(3.22700920911,0.9999994));
#12828 = CARTESIAN_POINT('',(3.22700920911,7.0000006));
#12829 = ( GEOMETRIC_REPRESENTATION_CONTEXT(2) 
PARAMETRIC_REPRESENTATION_CONTEXT() REPRESENTATION_CONTEXT('2D SPACE',''
  ) );
#12830 = ORIENTED_EDGE('',*,*,#11729,.T.);
#12831 = ORIENTED_EDGE('',*,*,#12788,.T.);
#12832 = ORIENTED_EDGE('',*,*,#12833,.T.);
#12833 = EDGE_CURVE('',#12763,#12811,#12834,.T.);
#12834 = SURFACE_CURVE('',#12835,(#12840,#12847),.PCURVE_S1.);
#12835 = CIRCLE('',#12836,6.5);
#12836 = AXIS2_PLACEMENT_3D('',#12837,#12838,#12839);
#12837 = CARTESIAN_POINT('',(79.,51.5,63.99));
#12838 = DIRECTION('',(-0.,0.,-1.));
#12839 = DIRECTION('',(-0.769230769231,-0.638971066378,0.));
#12840 = PCURVE('',#11746,#12841);
#12841 = DEFINITIONAL_REPRESENTATION('',(#12842),#12846);
#12842 = LINE('',#12843,#12844);
#12843 = CARTESIAN_POINT('',(10.117937868346,6.));
#12844 = VECTOR('',#12845,1.);
#12845 = DIRECTION('',(-1.,-0.));
#12846 = ( GEOMETRIC_REPRESENTATION_CONTEXT(2) 
PARAMETRIC_REPRESENTATION_CONTEXT() REPRESENTATION_CONTEXT('2D SPACE',''
  ) );
#12847 = PCURVE('',#11547,#12848);
#12848 = DEFINITIONAL_REPRESENTATION('',(#12849),#12857);
#12849 = ( BOUNDED_CURVE() B_SPLINE_CURVE(2,(#12850,#12851,#12852,#12853
    ,#12854,#12855,#12856),.UNSPECIFIED.,.T.,.F.) 
B_SPLINE_CURVE_WITH_KNOTS((1,2,2,2,2,1),(-2.094395102393,0.,
    2.094395102393,4.188790204786,6.28318530718,8.377580409573),
.UNSPECIFIED.) CURVE() GEOMETRIC_REPRESENTATION_ITEM() 
RATIONAL_B_SPLINE_CURVE((1.,0.5,1.,0.5,1.,0.5,1.)) REPRESENTATION_ITEM(
  '') );
#12850 = CARTESIAN_POINT('',(-5.,-4.153311931459));
#12851 = CARTESIAN_POINT('',(-12.19374728496,4.506942106385));
#12852 = CARTESIAN_POINT('',(-1.096873642484,6.406782984652));
#12853 = CARTESIAN_POINT('',(10.,8.306623862918));
#12854 = CARTESIAN_POINT('',(6.096873642485,-2.253471053193));
#12855 = CARTESIAN_POINT('',(2.193747284969,-12.8135659693));
#12856 = CARTESIAN_POINT('',(-5.,-4.153311931459));
#12857 = ( GEOMETRIC_REPRESENTATION_CONTEXT(2) 
PARAMETRIC_REPRESENTATION_CONTEXT() REPRESENTATION_CONTEXT('2D SPACE',''
  ) );
#12858 = ADVANCED_FACE('',(#12859),#11717,.F.);
#12859 = FACE_BOUND('',#12860,.F.);
#12860 = EDGE_LOOP('',(#12861,#12862,#12863,#12884));
#12861 = ORIENTED_EDGE('',*,*,#12810,.F.);
#12862 = ORIENTED_EDGE('',*,*,#11700,.T.);
#12863 = ORIENTED_EDGE('',*,*,#12864,.T.);
#12864 = EDGE_CURVE('',#11672,#12865,#12867,.T.);
#12865 = VERTEX_POINT('',#12866);
#12866 = CARTESIAN_POINT('',(85.183172352675,53.50458964806,63.99));
#12867 = SURFACE_CURVE('',#12868,(#12872,#12878),.PCURVE_S1.);
#12868 = LINE('',#12869,#12870);
#12869 = CARTESIAN_POINT('',(85.183172352676,53.504589648059,57.99));
#12870 = VECTOR('',#12871,1.);
#12871 = DIRECTION('',(0.,0.,1.));
#12872 = PCURVE('',#11717,#12873);
#12873 = DEFINITIONAL_REPRESENTATION('',(#12874),#12877);
#12874 = B_SPLINE_CURVE_WITH_KNOTS('',1,(#12875,#12876),.UNSPECIFIED.,
  .F.,.F.,(2,2),(-5.999999999062E-07,6.0000006),
  .PIECEWISE_BEZIER_KNOTS.);
#12875 = CARTESIAN_POINT('',(3.841574261467,0.9999994));
#12876 = CARTESIAN_POINT('',(3.841574261467,7.0000006));
#12877 = ( GEOMETRIC_REPRESENTATION_CONTEXT(2) 
PARAMETRIC_REPRESENTATION_CONTEXT() REPRESENTATION_CONTEXT('2D SPACE',''
  ) );
#12878 = PCURVE('',#11688,#12879);
#12879 = DEFINITIONAL_REPRESENTATION('',(#12880),#12883);
#12880 = B_SPLINE_CURVE_WITH_KNOTS('',1,(#12881,#12882),.UNSPECIFIED.,
  .F.,.F.,(2,2),(-5.999999999062E-07,6.0000006),
  .PIECEWISE_BEZIER_KNOTS.);
#12881 = CARTESIAN_POINT('',(6.596694220363,-5.999999999062E-07));
#12882 = CARTESIAN_POINT('',(6.596694220363,6.0000006));
#12883 = ( GEOMETRIC_REPRESENTATION_CONTEXT(2) 
PARAMETRIC_REPRESENTATION_CONTEXT() REPRESENTATION_CONTEXT('2D SPACE',''
  ) );
#12884 = ORIENTED_EDGE('',*,*,#12885,.F.);
#12885 = EDGE_CURVE('',#12811,#12865,#12886,.T.);
#12886 = SURFACE_CURVE('',#12887,(#12892,#12899),.PCURVE_S1.);
#12887 = CIRCLE('',#12888,1.7);
#12888 = AXIS2_PLACEMENT_3D('',#12889,#12890,#12891);
#12889 = CARTESIAN_POINT('',(86.483424213341,54.599735802157,63.99));
#12890 = DIRECTION('',(0.,0.,1.));
#12891 = DIRECTION('',(1.,0.,-0.));
#12892 = PCURVE('',#11717,#12893);
#12893 = DEFINITIONAL_REPRESENTATION('',(#12894),#12898);
#12894 = LINE('',#12895,#12896);
#12895 = CARTESIAN_POINT('',(0.,7.));
#12896 = VECTOR('',#12897,1.);
#12897 = DIRECTION('',(1.,0.));
#12898 = ( GEOMETRIC_REPRESENTATION_CONTEXT(2) 
PARAMETRIC_REPRESENTATION_CONTEXT() REPRESENTATION_CONTEXT('2D SPACE',''
  ) );
#12899 = PCURVE('',#11547,#12900);
#12900 = DEFINITIONAL_REPRESENTATION('',(#12901),#12905);
#12901 = CIRCLE('',#12902,1.7);
#12902 = AXIS2_PLACEMENT_2D('',#12903,#12904);
#12903 = CARTESIAN_POINT('',(7.483424213341,3.099735802157));
#12904 = DIRECTION('',(1.,0.));
#12905 = ( GEOMETRIC_REPRESENTATION_CONTEXT(2) 
PARAMETRIC_REPRESENTATION_CONTEXT() REPRESENTATION_CONTEXT('2D SPACE',''
  ) );
#12906 = ADVANCED_FACE('',(#12907),#11688,.T.);
#12907 = FACE_BOUND('',#12908,.T.);
#12908 = EDGE_LOOP('',(#12909,#12930,#12931,#12932));
#12909 = ORIENTED_EDGE('',*,*,#12910,.F.);
#12910 = EDGE_CURVE('',#11648,#12911,#12913,.T.);
#12911 = VERTEX_POINT('',#12912);
#12912 = CARTESIAN_POINT('',(85.183172352675,49.49541035194,63.99));
#12913 = SURFACE_CURVE('',#12914,(#12918,#12924),.PCURVE_S1.);
#12914 = LINE('',#12915,#12916);
#12915 = CARTESIAN_POINT('',(85.183172352676,49.495410351941,57.99));
#12916 = VECTOR('',#12917,1.);
#12917 = DIRECTION('',(0.,0.,1.));
#12918 = PCURVE('',#11688,#12919);
#12919 = DEFINITIONAL_REPRESENTATION('',(#12920),#12923);
#12920 = B_SPLINE_CURVE_WITH_KNOTS('',1,(#12921,#12922),.UNSPECIFIED.,
  .F.,.F.,(2,2),(-5.999999999062E-07,6.0000006),
  .PIECEWISE_BEZIER_KNOTS.);
#12921 = CARTESIAN_POINT('',(5.969676393996,-5.999999999062E-07));
#12922 = CARTESIAN_POINT('',(5.969676393996,6.0000006));
#12923 = ( GEOMETRIC_REPRESENTATION_CONTEXT(2) 
PARAMETRIC_REPRESENTATION_CONTEXT() REPRESENTATION_CONTEXT('2D SPACE',''
  ) );
#12924 = PCURVE('',#11521,#12925);
#12925 = DEFINITIONAL_REPRESENTATION('',(#12926),#12929);
#12926 = B_SPLINE_CURVE_WITH_KNOTS('',1,(#12927,#12928),.UNSPECIFIED.,
  .F.,.F.,(2,2),(-5.999999999062E-07,6.0000006),
  .PIECEWISE_BEZIER_KNOTS.);
#12927 = CARTESIAN_POINT('',(2.441611045712,0.9999994));
#12928 = CARTESIAN_POINT('',(2.441611045712,7.0000006));
#12929 = ( GEOMETRIC_REPRESENTATION_CONTEXT(2) 
PARAMETRIC_REPRESENTATION_CONTEXT() REPRESENTATION_CONTEXT('2D SPACE',''
  ) );
#12930 = ORIENTED_EDGE('',*,*,#11671,.T.);
#12931 = ORIENTED_EDGE('',*,*,#12864,.T.);
#12932 = ORIENTED_EDGE('',*,*,#12933,.T.);
#12933 = EDGE_CURVE('',#12865,#12911,#12934,.T.);
#12934 = SURFACE_CURVE('',#12935,(#12940,#12947),.PCURVE_S1.);
#12935 = CIRCLE('',#12936,6.5);
#12936 = AXIS2_PLACEMENT_3D('',#12937,#12938,#12939);
#12937 = CARTESIAN_POINT('',(79.,51.5,63.99));
#12938 = DIRECTION('',(-0.,0.,-1.));
#12939 = DIRECTION('',(-0.769230769231,-0.638971066378,0.));
#12940 = PCURVE('',#11688,#12941);
#12941 = DEFINITIONAL_REPRESENTATION('',(#12942),#12946);
#12942 = LINE('',#12943,#12944);
#12943 = CARTESIAN_POINT('',(10.117937868346,6.));
#12944 = VECTOR('',#12945,1.);
#12945 = DIRECTION('',(-1.,-0.));
#12946 = ( GEOMETRIC_REPRESENTATION_CONTEXT(2) 
PARAMETRIC_REPRESENTATION_CONTEXT() REPRESENTATION_CONTEXT('2D SPACE',''
  ) );
#12947 = PCURVE('',#11547,#12948);
#12948 = DEFINITIONAL_REPRESENTATION('',(#12949),#12957);
#12949 = ( BOUNDED_CURVE() B_SPLINE_CURVE(2,(#12950,#12951,#12952,#12953
    ,#12954,#12955,#12956),.UNSPECIFIED.,.T.,.F.) 
B_SPLINE_CURVE_WITH_KNOTS((1,2,2,2,2,1),(-2.094395102393,0.,
    2.094395102393,4.188790204786,6.28318530718,8.377580409573),
.UNSPECIFIED.) CURVE() GEOMETRIC_REPRESENTATION_ITEM() 
RATIONAL_B_SPLINE_CURVE((1.,0.5,1.,0.5,1.,0.5,1.)) REPRESENTATION_ITEM(
  '') );
#12950 = CARTESIAN_POINT('',(-5.,-4.153311931459));
#12951 = CARTESIAN_POINT('',(-12.19374728496,4.506942106385));
#12952 = CARTESIAN_POINT('',(-1.096873642484,6.406782984652));
#12953 = CARTESIAN_POINT('',(10.,8.306623862918));
#12954 = CARTESIAN_POINT('',(6.096873642485,-2.253471053193));
#12955 = CARTESIAN_POINT('',(2.193747284969,-12.8135659693));
#12956 = CARTESIAN_POINT('',(-5.,-4.153311931459));
#12957 = ( GEOMETRIC_REPRESENTATION_CONTEXT(2) 
PARAMETRIC_REPRESENTATION_CONTEXT() REPRESENTATION_CONTEXT('2D SPACE',''
  ) );
#12958 = ADVANCED_FACE('',(#12959),#11613,.T.);
#12959 = FACE_BOUND('',#12960,.T.);
#12960 = EDGE_LOOP('',(#12961,#12983,#13007,#13028));
#12961 = ORIENTED_EDGE('',*,*,#12962,.T.);
#12962 = EDGE_CURVE('',#11597,#12963,#12965,.T.);
#12963 = VERTEX_POINT('',#12964);
#12964 = CARTESIAN_POINT('',(84.,38.,63.99));
#12965 = SURFACE_CURVE('',#12966,(#12970,#12976),.PCURVE_S1.);
#12966 = LINE('',#12967,#12968);
#12967 = CARTESIAN_POINT('',(84.,38.,57.99));
#12968 = VECTOR('',#12969,1.);
#12969 = DIRECTION('',(0.,0.,1.));
#12970 = PCURVE('',#11613,#12971);
#12971 = DEFINITIONAL_REPRESENTATION('',(#12972),#12975);
#12972 = B_SPLINE_CURVE_WITH_KNOTS('',1,(#12973,#12974),.UNSPECIFIED.,
  .F.,.F.,(2,2),(0.,6.),.PIECEWISE_BEZIER_KNOTS.);
#12973 = CARTESIAN_POINT('',(6.28318530718,0.));
#12974 = CARTESIAN_POINT('',(6.28318530718,6.));
#12975 = ( GEOMETRIC_REPRESENTATION_CONTEXT(2) 
PARAMETRIC_REPRESENTATION_CONTEXT() REPRESENTATION_CONTEXT('2D SPACE',''
  ) );
#12976 = PCURVE('',#11466,#12977);
#12977 = DEFINITIONAL_REPRESENTATION('',(#12978),#12982);
#12978 = LINE('',#12979,#12980);
#12979 = CARTESIAN_POINT('',(0.,0.));
#12980 = VECTOR('',#12981,1.);
#12981 = DIRECTION('',(1.,0.));
#12982 = ( GEOMETRIC_REPRESENTATION_CONTEXT(2) 
PARAMETRIC_REPRESENTATION_CONTEXT() REPRESENTATION_CONTEXT('2D SPACE',''
  ) );
#12983 = ORIENTED_EDGE('',*,*,#12984,.F.);
#12984 = EDGE_CURVE('',#12985,#12963,#12987,.T.);
#12985 = VERTEX_POINT('',#12986);
#12986 = CARTESIAN_POINT('',(74.,38.,63.99));
#12987 = SURFACE_CURVE('',#12988,(#12993,#13000),.PCURVE_S1.);
#12988 = CIRCLE('',#12989,5.);
#12989 = AXIS2_PLACEMENT_3D('',#12990,#12991,#12992);
#12990 = CARTESIAN_POINT('',(79.,38.,63.99));
#12991 = DIRECTION('',(0.,0.,1.));
#12992 = DIRECTION('',(1.,0.,0.));
#12993 = PCURVE('',#11613,#12994);
#12994 = DEFINITIONAL_REPRESENTATION('',(#12995),#12999);
#12995 = LINE('',#12996,#12997);
#12996 = CARTESIAN_POINT('',(0.,6.));
#12997 = VECTOR('',#12998,1.);
#12998 = DIRECTION('',(1.,0.));
#12999 = ( GEOMETRIC_REPRESENTATION_CONTEXT(2) 
PARAMETRIC_REPRESENTATION_CONTEXT() REPRESENTATION_CONTEXT('2D SPACE',''
  ) );
#13000 = PCURVE('',#11547,#13001);
#13001 = DEFINITIONAL_REPRESENTATION('',(#13002),#13006);
#13002 = CIRCLE('',#13003,5.);
#13003 = AXIS2_PLACEMENT_2D('',#13004,#13005);
#13004 = CARTESIAN_POINT('',(0.,-13.5));
#13005 = DIRECTION('',(1.,0.));
#13006 = ( GEOMETRIC_REPRESENTATION_CONTEXT(2) 
PARAMETRIC_REPRESENTATION_CONTEXT() REPRESENTATION_CONTEXT('2D SPACE',''
  ) );
#13007 = ORIENTED_EDGE('',*,*,#13008,.F.);
#13008 = EDGE_CURVE('',#11567,#12985,#13009,.T.);
#13009 = SURFACE_CURVE('',#13010,(#13014,#13021),.PCURVE_S1.);
#13010 = LINE('',#13011,#13012);
#13011 = CARTESIAN_POINT('',(74.,38.,57.99));
#13012 = VECTOR('',#13013,1.);
#13013 = DIRECTION('',(0.,0.,1.));
#13014 = PCURVE('',#11613,#13015);
#13015 = DEFINITIONAL_REPRESENTATION('',(#13016),#13020);
#13016 = LINE('',#13017,#13018);
#13017 = CARTESIAN_POINT('',(3.14159265359,0.));
#13018 = VECTOR('',#13019,1.);
#13019 = DIRECTION('',(0.,1.));
#13020 = ( GEOMETRIC_REPRESENTATION_CONTEXT(2) 
PARAMETRIC_REPRESENTATION_CONTEXT() REPRESENTATION_CONTEXT('2D SPACE',''
  ) );
#13021 = PCURVE('',#11584,#13022);
#13022 = DEFINITIONAL_REPRESENTATION('',(#13023),#13027);
#13023 = LINE('',#13024,#13025);
#13024 = CARTESIAN_POINT('',(0.,0.));
#13025 = VECTOR('',#13026,1.);
#13026 = DIRECTION('',(1.,0.));
#13027 = ( GEOMETRIC_REPRESENTATION_CONTEXT(2) 
PARAMETRIC_REPRESENTATION_CONTEXT() REPRESENTATION_CONTEXT('2D SPACE',''
  ) );
#13028 = ORIENTED_EDGE('',*,*,#11596,.T.);
#13029 = ADVANCED_FACE('',(#13030),#11584,.F.);
#13030 = FACE_BOUND('',#13031,.F.);
#13031 = EDGE_LOOP('',(#13032,#13053,#13054,#13055));
#13032 = ORIENTED_EDGE('',*,*,#13033,.F.);
#13033 = EDGE_CURVE('',#12985,#12413,#13034,.T.);
#13034 = SURFACE_CURVE('',#13035,(#13039,#13046),.PCURVE_S1.);
#13035 = LINE('',#13036,#13037);
#13036 = CARTESIAN_POINT('',(74.,38.,63.99));
#13037 = VECTOR('',#13038,1.);
#13038 = DIRECTION('',(0.,1.,0.));
#13039 = PCURVE('',#11584,#13040);
#13040 = DEFINITIONAL_REPRESENTATION('',(#13041),#13045);
#13041 = LINE('',#13042,#13043);
#13042 = CARTESIAN_POINT('',(6.,0.));
#13043 = VECTOR('',#13044,1.);
#13044 = DIRECTION('',(0.,-1.));
#13045 = ( GEOMETRIC_REPRESENTATION_CONTEXT(2) 
PARAMETRIC_REPRESENTATION_CONTEXT() REPRESENTATION_CONTEXT('2D SPACE',''
  ) );
#13046 = PCURVE('',#11547,#13047);
#13047 = DEFINITIONAL_REPRESENTATION('',(#13048),#13052);
#13048 = LINE('',#13049,#13050);
#13049 = CARTESIAN_POINT('',(-5.,-13.5));
#13050 = VECTOR('',#13051,1.);
#13051 = DIRECTION('',(0.,1.));
#13052 = ( GEOMETRIC_REPRESENTATION_CONTEXT(2) 
PARAMETRIC_REPRESENTATION_CONTEXT() REPRESENTATION_CONTEXT('2D SPACE',''
  ) );
#13053 = ORIENTED_EDGE('',*,*,#13008,.F.);
#13054 = ORIENTED_EDGE('',*,*,#11566,.T.);
#13055 = ORIENTED_EDGE('',*,*,#12412,.T.);
#13056 = ADVANCED_FACE('',(#13057),#11521,.F.);
#13057 = FACE_BOUND('',#13058,.F.);
#13058 = EDGE_LOOP('',(#13059,#13060,#13061,#13062));
#13059 = ORIENTED_EDGE('',*,*,#12910,.F.);
#13060 = ORIENTED_EDGE('',*,*,#11647,.T.);
#13061 = ORIENTED_EDGE('',*,*,#11506,.T.);
#13062 = ORIENTED_EDGE('',*,*,#13063,.F.);
#13063 = EDGE_CURVE('',#12911,#11507,#13064,.T.);
#13064 = SURFACE_CURVE('',#13065,(#13070,#13077),.PCURVE_S1.);
#13065 = CIRCLE('',#13066,1.7);
#13066 = AXIS2_PLACEMENT_3D('',#13067,#13068,#13069);
#13067 = CARTESIAN_POINT('',(86.483424213341,48.400264197843,63.99));
#13068 = DIRECTION('',(0.,0.,1.));
#13069 = DIRECTION('',(1.,0.,-0.));
#13070 = PCURVE('',#11521,#13071);
#13071 = DEFINITIONAL_REPRESENTATION('',(#13072),#13076);
#13072 = LINE('',#13073,#13074);
#13073 = CARTESIAN_POINT('',(0.,7.));
#13074 = VECTOR('',#13075,1.);
#13075 = DIRECTION('',(1.,0.));
#13076 = ( GEOMETRIC_REPRESENTATION_CONTEXT(2) 
PARAMETRIC_REPRESENTATION_CONTEXT() REPRESENTATION_CONTEXT('2D SPACE',''
  ) );
#13077 = PCURVE('',#11547,#13078);
#13078 = DEFINITIONAL_REPRESENTATION('',(#13079),#13083);
#13079 = CIRCLE('',#13080,1.7);
#13080 = AXIS2_PLACEMENT_2D('',#13081,#13082);
#13081 = CARTESIAN_POINT('',(7.483424213341,-3.099735802157));
#13082 = DIRECTION('',(1.,0.));
#13083 = ( GEOMETRIC_REPRESENTATION_CONTEXT(2) 
PARAMETRIC_REPRESENTATION_CONTEXT() REPRESENTATION_CONTEXT('2D SPACE',''
  ) );
#13084 = ADVANCED_FACE('',(#13085,#13123,#13129),#11547,.T.);
#13085 = FACE_BOUND('',#13086,.T.);
#13086 = EDGE_LOOP('',(#13087,#13088,#13089,#13090,#13111,#13112,#13113,
    #13114,#13115,#13116,#13117,#13118,#13119,#13120,#13121,#13122));
#13087 = ORIENTED_EDGE('',*,*,#12433,.F.);
#13088 = ORIENTED_EDGE('',*,*,#13033,.F.);
#13089 = ORIENTED_EDGE('',*,*,#12984,.T.);
#13090 = ORIENTED_EDGE('',*,*,#13091,.T.);
#13091 = EDGE_CURVE('',#12963,#11447,#13092,.T.);
#13092 = SURFACE_CURVE('',#13093,(#13097,#13104),.PCURVE_S1.);
#13093 = LINE('',#13094,#13095);
#13094 = CARTESIAN_POINT('',(84.,38.,63.99));
#13095 = VECTOR('',#13096,1.);
#13096 = DIRECTION('',(0.,1.,0.));
#13097 = PCURVE('',#11547,#13098);
#13098 = DEFINITIONAL_REPRESENTATION('',(#13099),#13103);
#13099 = LINE('',#13100,#13101);
#13100 = CARTESIAN_POINT('',(5.,-13.5));
#13101 = VECTOR('',#13102,1.);
#13102 = DIRECTION('',(0.,1.));
#13103 = ( GEOMETRIC_REPRESENTATION_CONTEXT(2) 
PARAMETRIC_REPRESENTATION_CONTEXT() REPRESENTATION_CONTEXT('2D SPACE',''
  ) );
#13104 = PCURVE('',#11466,#13105);
#13105 = DEFINITIONAL_REPRESENTATION('',(#13106),#13110);
#13106 = LINE('',#13107,#13108);
#13107 = CARTESIAN_POINT('',(6.,0.));
#13108 = VECTOR('',#13109,1.);
#13109 = DIRECTION('',(0.,-1.));
#13110 = ( GEOMETRIC_REPRESENTATION_CONTEXT(2) 
PARAMETRIC_REPRESENTATION_CONTEXT() REPRESENTATION_CONTEXT('2D SPACE',''
  ) );
#13111 = ORIENTED_EDGE('',*,*,#11532,.F.);
#13112 = ORIENTED_EDGE('',*,*,#13063,.F.);
#13113 = ORIENTED_EDGE('',*,*,#12933,.F.);
#13114 = ORIENTED_EDGE('',*,*,#12885,.F.);
#13115 = ORIENTED_EDGE('',*,*,#12833,.F.);
#13116 = ORIENTED_EDGE('',*,*,#12762,.F.);
#13117 = ORIENTED_EDGE('',*,*,#12733,.F.);
#13118 = ORIENTED_EDGE('',*,*,#12662,.F.);
#13119 = ORIENTED_EDGE('',*,*,#12633,.F.);
#13120 = ORIENTED_EDGE('',*,*,#12562,.F.);
#13121 = ORIENTED_EDGE('',*,*,#12533,.F.);
#13122 = ORIENTED_EDGE('',*,*,#12462,.F.);
#13123 = FACE_BOUND('',#13124,.T.);
#13124 = EDGE_LOOP('',(#13125,#13126,#13127,#13128));
#13125 = ORIENTED_EDGE('',*,*,#12362,.F.);
#13126 = ORIENTED_EDGE('',*,*,#12332,.T.);
#13127 = ORIENTED_EDGE('',*,*,#12280,.T.);
#13128 = ORIENTED_EDGE('',*,*,#12190,.F.);
#13129 = FACE_BOUND('',#13130,.T.);
#13130 = EDGE_LOOP('',(#13131));
#13131 = ORIENTED_EDGE('',*,*,#12140,.F.);
#13132 = ADVANCED_FACE('',(#13133),#11466,.T.);
#13133 = FACE_BOUND('',#13134,.T.);
#13134 = EDGE_LOOP('',(#13135,#13136,#13137,#13138));
#13135 = ORIENTED_EDGE('',*,*,#13091,.F.);
#13136 = ORIENTED_EDGE('',*,*,#12962,.F.);
#13137 = ORIENTED_EDGE('',*,*,#11625,.T.);
#13138 = ORIENTED_EDGE('',*,*,#11444,.T.);
#13139 = ( GEOMETRIC_REPRESENTATION_CONTEXT(3) 
GLOBAL_UNCERTAINTY_ASSIGNED_CONTEXT((#13143)) 
GLOBAL_UNIT_ASSIGNED_CONTEXT((#13140,#13141,#13142)) 
REPRESENTATION_CONTEXT('Context #1',
  '3D Context with UNIT and UNCERTAINTY') );
#13140 = ( LENGTH_UNIT() NAMED_UNIT(*) SI_UNIT(.MILLI.,.METRE.) );
#13141 = ( NAMED_UNIT(*) PLANE_ANGLE_UNIT() SI_UNIT($,.RADIAN.) );
#13142 = ( NAMED_UNIT(*) SI_UNIT($,.STERADIAN.) SOLID_ANGLE_UNIT() );
#13143 = UNCERTAINTY_MEASURE_WITH_UNIT(LENGTH_MEASURE(1.E-07),#13140,
  'distance_accuracy_value','confusion accuracy');
#13144 = CONTEXT_DEPENDENT_SHAPE_REPRESENTATION(#13145,#13147);
#13145 = ( REPRESENTATION_RELATIONSHIP('','',#11437,#10) 
REPRESENTATION_RELATIONSHIP_WITH_TRANSFORMATION(#13146) 
SHAPE_REPRESENTATION_RELATIONSHIP() );
#13146 = ITEM_DEFINED_TRANSFORMATION('','',#11,#19);
#13147 = PRODUCT_DEFINITION_SHAPE('Placement','Placement of an item',
  #13148);
#13148 = NEXT_ASSEMBLY_USAGE_OCCURRENCE('2','lock','',#5,#11432,$);
#13149 = PRODUCT_RELATED_PRODUCT_CATEGORY('part',$,(#11434));
#13150 = SHAPE_DEFINITION_REPRESENTATION(#13151,#13157);
#13151 = PRODUCT_DEFINITION_SHAPE('','',#13152);
#13152 = PRODUCT_DEFINITION('design','',#13153,#13156);
#13153 = PRODUCT_DEFINITION_FORMATION('','',#13154);
#13154 = PRODUCT('luff_nut_bar','luff_nut_bar','',(#13155));
#13155 = PRODUCT_CONTEXT('',#2,'mechanical');
#13156 = PRODUCT_DEFINITION_CONTEXT('part definition',#2,'design');
#13157 = ADVANCED_BREP_SHAPE_REPRESENTATION('',(#11,#13158),#13774);
#13158 = MANIFOLD_SOLID_BREP('',#13159);
#13159 = CLOSED_SHELL('',(#13160,#13615,#13638,#13715,#13720,#13747));
#13160 = ADVANCED_FACE('',(#13161,#13273,#13444),#13176,.T.);
#13161 = FACE_BOUND('',#13162,.T.);
#13162 = EDGE_LOOP('',(#13163,#13199,#13225,#13254));
#13163 = ORIENTED_EDGE('',*,*,#13164,.F.);
#13164 = EDGE_CURVE('',#13165,#13167,#13169,.T.);
#13165 = VERTEX_POINT('',#13166);
#13166 = CARTESIAN_POINT('',(49.3,9.671732006213,45.));
#13167 = VERTEX_POINT('',#13168);
#13168 = CARTESIAN_POINT('',(49.3,-9.671732006213,45.));
#13169 = SURFACE_CURVE('',#13170,(#13175,#13187),.PCURVE_S1.);
#13170 = CIRCLE('',#13171,9.7);
#13171 = AXIS2_PLACEMENT_3D('',#13172,#13173,#13174);
#13172 = CARTESIAN_POINT('',(50.04,0.,45.));
#13173 = DIRECTION('',(0.,0.,1.));
#13174 = DIRECTION('',(1.,0.,0.));
#13175 = PCURVE('',#13176,#13181);
#13176 = CYLINDRICAL_SURFACE('',#13177,9.7);
#13177 = AXIS2_PLACEMENT_3D('',#13178,#13179,#13180);
#13178 = CARTESIAN_POINT('',(50.04,0.,-45.));
#13179 = DIRECTION('',(0.,0.,1.));
#13180 = DIRECTION('',(1.,0.,0.));
#13181 = DEFINITIONAL_REPRESENTATION('',(#13182),#13186);
#13182 = LINE('',#13183,#13184);
#13183 = CARTESIAN_POINT('',(0.,90.));
#13184 = VECTOR('',#13185,1.);
#13185 = DIRECTION('',(1.,0.));
#13186 = ( GEOMETRIC_REPRESENTATION_CONTEXT(2) 
PARAMETRIC_REPRESENTATION_CONTEXT() REPRESENTATION_CONTEXT('2D SPACE',''
  ) );
#13187 = PCURVE('',#13188,#13193);
#13188 = PLANE('',#13189);
#13189 = AXIS2_PLACEMENT_3D('',#13190,#13191,#13192);
#13190 = CARTESIAN_POINT('',(50.04,0.,45.));
#13191 = DIRECTION('',(0.,0.,1.));
#13192 = DIRECTION('',(1.,0.,0.));
#13193 = DEFINITIONAL_REPRESENTATION('',(#13194),#13198);
#13194 = CIRCLE('',#13195,9.7);
#13195 = AXIS2_PLACEMENT_2D('',#13196,#13197);
#13196 = CARTESIAN_POINT('',(0.,0.));
#13197 = DIRECTION('',(1.,0.));
#13198 = ( GEOMETRIC_REPRESENTATION_CONTEXT(2) 
PARAMETRIC_REPRESENTATION_CONTEXT() REPRESENTATION_CONTEXT('2D SPACE',''
  ) );
#13199 = ORIENTED_EDGE('',*,*,#13200,.F.);
#13200 = EDGE_CURVE('',#13201,#13165,#13203,.T.);
#13201 = VERTEX_POINT('',#13202);
#13202 = CARTESIAN_POINT('',(49.3,9.671732006213,-45.));
#13203 = SURFACE_CURVE('',#13204,(#13208,#13214),.PCURVE_S1.);
#13204 = LINE('',#13205,#13206);
#13205 = CARTESIAN_POINT('',(49.3,9.671732006213,-45.));
#13206 = VECTOR('',#13207,1.);
#13207 = DIRECTION('',(0.,0.,1.));
#13208 = PCURVE('',#13176,#13209);
#13209 = DEFINITIONAL_REPRESENTATION('',(#13210),#13213);
#13210 = B_SPLINE_CURVE_WITH_KNOTS('',1,(#13211,#13212),.UNSPECIFIED.,
  .F.,.F.,(2,2),(-5.999999999062E-07,90.0000006),
  .PIECEWISE_BEZIER_KNOTS.);
#13211 = CARTESIAN_POINT('',(1.647159180553,-5.999999999062E-07));
#13212 = CARTESIAN_POINT('',(1.647159180553,90.0000006));
#13213 = ( GEOMETRIC_REPRESENTATION_CONTEXT(2) 
PARAMETRIC_REPRESENTATION_CONTEXT() REPRESENTATION_CONTEXT('2D SPACE',''
  ) );
#13214 = PCURVE('',#13215,#13220);
#13215 = PLANE('',#13216);
#13216 = AXIS2_PLACEMENT_3D('',#13217,#13218,#13219);
#13217 = CARTESIAN_POINT('',(49.3,-20.,-90.));
#13218 = DIRECTION('',(1.,0.,0.));
#13219 = DIRECTION('',(0.,0.,1.));
#13220 = DEFINITIONAL_REPRESENTATION('',(#13221),#13224);
#13221 = B_SPLINE_CURVE_WITH_KNOTS('',1,(#13222,#13223),.UNSPECIFIED.,
  .F.,.F.,(2,2),(-5.999999999062E-07,90.0000006),
  .PIECEWISE_BEZIER_KNOTS.);
#13222 = CARTESIAN_POINT('',(44.9999994,-29.67173200621));
#13223 = CARTESIAN_POINT('',(135.0000006,-29.67173200621));
#13224 = ( GEOMETRIC_REPRESENTATION_CONTEXT(2) 
PARAMETRIC_REPRESENTATION_CONTEXT() REPRESENTATION_CONTEXT('2D SPACE',''
  ) );
#13225 = ORIENTED_EDGE('',*,*,#13226,.T.);
#13226 = EDGE_CURVE('',#13201,#13227,#13229,.T.);
#13227 = VERTEX_POINT('',#13228);
#13228 = CARTESIAN_POINT('',(49.3,-9.671732006213,-45.));
#13229 = SURFACE_CURVE('',#13230,(#13235,#13242),.PCURVE_S1.);
#13230 = CIRCLE('',#13231,9.7);
#13231 = AXIS2_PLACEMENT_3D('',#13232,#13233,#13234);
#13232 = CARTESIAN_POINT('',(50.04,0.,-45.));
#13233 = DIRECTION('',(0.,0.,1.));
#13234 = DIRECTION('',(1.,0.,0.));
#13235 = PCURVE('',#13176,#13236);
#13236 = DEFINITIONAL_REPRESENTATION('',(#13237),#13241);
#13237 = LINE('',#13238,#13239);
#13238 = CARTESIAN_POINT('',(0.,0.));
#13239 = VECTOR('',#13240,1.);
#13240 = DIRECTION('',(1.,0.));
#13241 = ( GEOMETRIC_REPRESENTATION_CONTEXT(2) 
PARAMETRIC_REPRESENTATION_CONTEXT() REPRESENTATION_CONTEXT('2D SPACE',''
  ) );
#13242 = PCURVE('',#13243,#13248);
#13243 = PLANE('',#13244);
#13244 = AXIS2_PLACEMENT_3D('',#13245,#13246,#13247);
#13245 = CARTESIAN_POINT('',(50.04,0.,-45.));
#13246 = DIRECTION('',(0.,0.,1.));
#13247 = DIRECTION('',(1.,0.,0.));
#13248 = DEFINITIONAL_REPRESENTATION('',(#13249),#13253);
#13249 = CIRCLE('',#13250,9.7);
#13250 = AXIS2_PLACEMENT_2D('',#13251,#13252);
#13251 = CARTESIAN_POINT('',(0.,0.));
#13252 = DIRECTION('',(1.,0.));
#13253 = ( GEOMETRIC_REPRESENTATION_CONTEXT(2) 
PARAMETRIC_REPRESENTATION_CONTEXT() REPRESENTATION_CONTEXT('2D SPACE',''
  ) );
#13254 = ORIENTED_EDGE('',*,*,#13255,.T.);
#13255 = EDGE_CURVE('',#13227,#13167,#13256,.T.);
#13256 = SURFACE_CURVE('',#13257,(#13261,#13267),.PCURVE_S1.);
#13257 = LINE('',#13258,#13259);
#13258 = CARTESIAN_POINT('',(49.3,-9.671732006213,-45.));
#13259 = VECTOR('',#13260,1.);
#13260 = DIRECTION('',(0.,0.,1.));
#13261 = PCURVE('',#13176,#13262);
#13262 = DEFINITIONAL_REPRESENTATION('',(#13263),#13266);
#13263 = B_SPLINE_CURVE_WITH_KNOTS('',1,(#13264,#13265),.UNSPECIFIED.,
  .F.,.F.,(2,2),(-5.999999999062E-07,90.0000006),
  .PIECEWISE_BEZIER_KNOTS.);
#13264 = CARTESIAN_POINT('',(4.636026126627,-5.999999999062E-07));
#13265 = CARTESIAN_POINT('',(4.636026126627,90.0000006));
#13266 = ( GEOMETRIC_REPRESENTATION_CONTEXT(2) 
PARAMETRIC_REPRESENTATION_CONTEXT() REPRESENTATION_CONTEXT('2D SPACE',''
  ) );
#13267 = PCURVE('',#13215,#13268);
#13268 = DEFINITIONAL_REPRESENTATION('',(#13269),#13272);
#13269 = B_SPLINE_CURVE_WITH_KNOTS('',1,(#13270,#13271),.UNSPECIFIED.,
  .F.,.F.,(2,2),(-5.999999999062E-07,90.0000006),
  .PIECEWISE_BEZIER_KNOTS.);
#13270 = CARTESIAN_POINT('',(44.9999994,-10.32826799378));
#13271 = CARTESIAN_POINT('',(135.0000006,-10.32826799378));
#13272 = ( GEOMETRIC_REPRESENTATION_CONTEXT(2) 
PARAMETRIC_REPRESENTATION_CONTEXT() REPRESENTATION_CONTEXT('2D SPACE',''
  ) );
#13273 = FACE_BOUND('',#13274,.T.);
#13274 = EDGE_LOOP('',(#13275));
#13275 = ORIENTED_EDGE('',*,*,#13276,.T.);
#13276 = EDGE_CURVE('',#13277,#13277,#13279,.T.);
#13277 = VERTEX_POINT('',#13278);
#13278 = CARTESIAN_POINT('',(40.34,-4.041334437186E-16,-36.65));
#13279 = SURFACE_CURVE('',#13280,(#13331,#13385),.PCURVE_S1.);
#13280 = B_SPLINE_CURVE_WITH_KNOTS('',7,(#13281,#13282,#13283,#13284,
    #13285,#13286,#13287,#13288,#13289,#13290,#13291,#13292,#13293,
    #13294,#13295,#13296,#13297,#13298,#13299,#13300,#13301,#13302,
    #13303,#13304,#13305,#13306,#13307,#13308,#13309,#13310,#13311,
    #13312,#13313,#13314,#13315,#13316,#13317,#13318,#13319,#13320,
    #13321,#13322,#13323,#13324,#13325,#13326,#13327,#13328,#13329,
    #13330),.UNSPECIFIED.,.T.,.F.,(8,6,6,6,6,6,6,6,8),(0.,0.123759324012
    ,0.250003108982,0.376251309764,0.499993320853,0.623762517136,
    0.750018312052,0.876273912647,1.),.UNSPECIFIED.);
#13281 = CARTESIAN_POINT('',(40.34,4.440892098501E-16,-36.65));
#13282 = CARTESIAN_POINT('',(40.34,0.217415241925,-36.65));
#13283 = CARTESIAN_POINT('',(40.345685505297,0.429536901029,
    -36.6165774849));
#13284 = CARTESIAN_POINT('',(40.35655681988,0.630351250029,
    -36.55266002066));
#13285 = CARTESIAN_POINT('',(40.371216270105,0.814760134613,
    -36.46235863196));
#13286 = CARTESIAN_POINT('',(40.387688088121,0.978778536875,
    -36.35093058935));
#13287 = CARTESIAN_POINT('',(40.404136009865,1.119920833174,
    -36.22473983667));
#13288 = CARTESIAN_POINT('',(40.434739887373,1.357809770314,
    -35.95490780363));
#13289 = CARTESIAN_POINT('',(40.449219128174,1.456531538247,
    -35.80765103359));
#13290 = CARTESIAN_POINT('',(40.461676921585,1.534490849677,
    -35.65278966945));
#13291 = CARTESIAN_POINT('',(40.471420045884,1.592387269435,
    -35.49280316688));
#13292 = CARTESIAN_POINT('',(40.478047952862,1.630782946438,
    -35.32962359053));
#13293 = CARTESIAN_POINT('',(40.481365160233,1.65,-35.16485981732));
#13294 = CARTESIAN_POINT('',(40.481365160233,1.65,-34.83513441613));
#13295 = CARTESIAN_POINT('',(40.478047727464,1.630781627156,
    -34.67037202992));
#13296 = CARTESIAN_POINT('',(40.471419852069,1.592386183172,
    -34.50719605623));
#13297 = CARTESIAN_POINT('',(40.461677030609,1.53449123337,
    -34.34721204068));
#13298 = CARTESIAN_POINT('',(40.449219306962,1.456532839303,
    -34.1923507118));
#13299 = CARTESIAN_POINT('',(40.434739940633,1.35781018431,
    -34.04509266595));
#13300 = CARTESIAN_POINT('',(40.404138606833,1.11994101983,
    -33.77528306059));
#13301 = CARTESIAN_POINT('',(40.387690300586,0.978800299132,
    -33.64908244366));
#13302 = CARTESIAN_POINT('',(40.371215722642,0.814763505974,
    -33.53763455358));
#13303 = CARTESIAN_POINT('',(40.356553624135,0.630324673724,
    -33.44732114327));
#13304 = CARTESIAN_POINT('',(40.345683003547,0.429485743049,
    -33.38340783157));
#13305 = CARTESIAN_POINT('',(40.34,0.217367487914,-33.35));
#13306 = CARTESIAN_POINT('',(40.34,-0.217415241925,-33.35));
#13307 = CARTESIAN_POINT('',(40.345685505297,-0.429536901029,
    -33.38342251509));
#13308 = CARTESIAN_POINT('',(40.35655681988,-0.63035125003,
    -33.44733997934));
#13309 = CARTESIAN_POINT('',(40.371216270104,-0.814760134612,
    -33.53764136803));
#13310 = CARTESIAN_POINT('',(40.387688088121,-0.978778536876,
    -33.64906941064));
#13311 = CARTESIAN_POINT('',(40.404136009865,-1.119920833174,
    -33.77526016332));
#13312 = CARTESIAN_POINT('',(40.434740124775,-1.357811615676,
    -34.04509428951));
#13313 = CARTESIAN_POINT('',(40.449219535615,-1.456534275344,
    -34.19235317266));
#13314 = CARTESIAN_POINT('',(40.461677126658,-1.534491731102,
    -34.34721402942));
#13315 = CARTESIAN_POINT('',(40.47141983156,-1.592386076643,
    -34.50719662047));
#13316 = CARTESIAN_POINT('',(40.478047715124,-1.630781555751,
    -34.67037163273));
#13317 = CARTESIAN_POINT('',(40.481365160233,-1.65,-34.83513416238));
#13318 = CARTESIAN_POINT('',(40.481365160233,-1.65,-35.16486558386));
#13319 = CARTESIAN_POINT('',(40.478047727464,-1.630781627156,
    -35.32962797007));
#13320 = CARTESIAN_POINT('',(40.471419852068,-1.592386183172,
    -35.49280394376));
#13321 = CARTESIAN_POINT('',(40.461677030609,-1.534491233371,
    -35.65278795931));
#13322 = CARTESIAN_POINT('',(40.449219306962,-1.456532839302,
    -35.80764928819));
#13323 = CARTESIAN_POINT('',(40.434739940633,-1.35781018431,
    -35.95490733405));
#13324 = CARTESIAN_POINT('',(40.404141443724,-1.119963071445,
    -36.22469192675));
#13325 = CARTESIAN_POINT('',(40.387691931078,-0.978817917761,
    -36.35091027319));
#13326 = CARTESIAN_POINT('',(40.371213937296,-0.814755678254,
    -36.46237966349));
#13327 = CARTESIAN_POINT('',(40.356549887591,-0.630286350977,
    -36.55270067699));
#13328 = CARTESIAN_POINT('',(40.345680652155,-0.429430201349,
    -36.61660603003));
#13329 = CARTESIAN_POINT('',(40.34,-0.217322389845,-36.65));
#13330 = CARTESIAN_POINT('',(40.34,4.440892098501E-16,-36.65));
#13331 = PCURVE('',#13176,#13332);
#13332 = DEFINITIONAL_REPRESENTATION('',(#13333),#13384);
#13333 = B_SPLINE_CURVE_WITH_KNOTS('',7,(#13334,#13335,#13336,#13337,
    #13338,#13339,#13340,#13341,#13342,#13343,#13344,#13345,#13346,
    #13347,#13348,#13349,#13350,#13351,#13352,#13353,#13354,#13355,
    #13356,#13357,#13358,#13359,#13360,#13361,#13362,#13363,#13364,
    #13365,#13366,#13367,#13368,#13369,#13370,#13371,#13372,#13373,
    #13374,#13375,#13376,#13377,#13378,#13379,#13380,#13381,#13382,
    #13383),.UNSPECIFIED.,.T.,.F.,(8,6,6,6,6,6,6,6,8),(0.,0.123759324012
    ,0.250003108982,0.376251309764,0.499993320853,0.623762517136,
    0.750018312052,0.876273912647,1.),.UNSPECIFIED.);
#13334 = CARTESIAN_POINT('',(3.14159265359,8.35));
#13335 = CARTESIAN_POINT('',(3.119178711123,8.35));
#13336 = CARTESIAN_POINT('',(3.097310478024,8.383422515093));
#13337 = CARTESIAN_POINT('',(3.076589690829,8.44733997934));
#13338 = CARTESIAN_POINT('',(3.057526983638,8.537641368033));
#13339 = CARTESIAN_POINT('',(3.040536319352,8.649069410646));
#13340 = CARTESIAN_POINT('',(3.025888159708,8.775260163327));
#13341 = CARTESIAN_POINT('',(3.001161415494,9.045092196364));
#13342 = CARTESIAN_POINT('',(2.990876638988,9.192348966408));
#13343 = CARTESIAN_POINT('',(2.98273823687,9.347210330548));
#13344 = CARTESIAN_POINT('',(2.976685667696,9.507196833121));
#13345 = CARTESIAN_POINT('',(2.972668806538,9.670376409461));
#13346 = CARTESIAN_POINT('',(2.970658367955,9.835140182674));
#13347 = CARTESIAN_POINT('',(2.970658367955,10.164865583867));
#13348 = CARTESIAN_POINT('',(2.972668944521,10.329627970075));
#13349 = CARTESIAN_POINT('',(2.976685781424,10.492803943766));
#13350 = CARTESIAN_POINT('',(2.982738196041,10.652787959316));
#13351 = CARTESIAN_POINT('',(2.990876503635,10.807649288198));
#13352 = CARTESIAN_POINT('',(3.001161372463,10.95490733405));
#13353 = CARTESIAN_POINT('',(3.025886061458,11.224716939406));
#13354 = CARTESIAN_POINT('',(3.040534064584,11.350917556338));
#13355 = CARTESIAN_POINT('',(3.057526646305,11.462365446414));
#13356 = CARTESIAN_POINT('',(3.076592443304,11.55267885673));
#13357 = CARTESIAN_POINT('',(3.097315752126,11.616592168423));
#13358 = CARTESIAN_POINT('',(3.119183634217,11.65));
#13359 = CARTESIAN_POINT('',(3.164006596056,11.65));
#13360 = CARTESIAN_POINT('',(3.185874829156,11.616577484907));
#13361 = CARTESIAN_POINT('',(3.206595616351,11.552660020659));
#13362 = CARTESIAN_POINT('',(3.225658323542,11.462358631967));
#13363 = CARTESIAN_POINT('',(3.242648987827,11.350930589354));
#13364 = CARTESIAN_POINT('',(3.257297147472,11.224739836674));
#13365 = CARTESIAN_POINT('',(3.282024083497,10.954905710484));
#13366 = CARTESIAN_POINT('',(3.292308953396,10.807646827335));
#13367 = CARTESIAN_POINT('',(3.300447163389,10.652785970579));
#13368 = CARTESIAN_POINT('',(3.306499514588,10.492803379526));
#13369 = CARTESIAN_POINT('',(3.31051635518,10.329628367266));
#13370 = CARTESIAN_POINT('',(3.312526939224,10.164865837613));
#13371 = CARTESIAN_POINT('',(3.312526939224,9.835134416133));
#13372 = CARTESIAN_POINT('',(3.310516362658,9.670372029925));
#13373 = CARTESIAN_POINT('',(3.306499525756,9.507196056234));
#13374 = CARTESIAN_POINT('',(3.300447111139,9.347212040684));
#13375 = CARTESIAN_POINT('',(3.292308803545,9.192350711802));
#13376 = CARTESIAN_POINT('',(3.282023934717,9.04509266595));
#13377 = CARTESIAN_POINT('',(3.257301537819,8.775308073241));
#13378 = CARTESIAN_POINT('',(3.242653065566,8.649089726801));
#13379 = CARTESIAN_POINT('',(3.22565783835,8.537620336501));
#13380 = CARTESIAN_POINT('',(3.206588900359,8.447299323004));
#13381 = CARTESIAN_POINT('',(3.185863829491,8.38339396997));
#13382 = CARTESIAN_POINT('',(3.163997023677,8.35));
#13383 = CARTESIAN_POINT('',(3.14159265359,8.35));
#13384 = ( GEOMETRIC_REPRESENTATION_CONTEXT(2) 
PARAMETRIC_REPRESENTATION_CONTEXT() REPRESENTATION_CONTEXT('2D SPACE',''
  ) );
#13385 = PCURVE('',#13386,#13391);
#13386 = CYLINDRICAL_SURFACE('',#13387,1.65);
#13387 = AXIS2_PLACEMENT_3D('',#13388,#13389,#13390);
#13388 = CARTESIAN_POINT('',(40.3,0.,-35.));
#13389 = DIRECTION('',(1.,0.,1.110223024625E-16));
#13390 = DIRECTION('',(1.110223024625E-16,0.,-1.));
#13391 = DEFINITIONAL_REPRESENTATION('',(#13392),#13443);
#13392 = B_SPLINE_CURVE_WITH_KNOTS('',7,(#13393,#13394,#13395,#13396,
    #13397,#13398,#13399,#13400,#13401,#13402,#13403,#13404,#13405,
    #13406,#13407,#13408,#13409,#13410,#13411,#13412,#13413,#13414,
    #13415,#13416,#13417,#13418,#13419,#13420,#13421,#13422,#13423,
    #13424,#13425,#13426,#13427,#13428,#13429,#13430,#13431,#13432,
    #13433,#13434,#13435,#13436,#13437,#13438,#13439,#13440,#13441,
    #13442),.UNSPECIFIED.,.F.,.F.,(8,6,6,6,6,6,6,6,8),(0.,0.123759324012
    ,0.250003108982,0.376251309764,0.499993320853,0.623762517136,
    0.750018312052,0.876273912647,1.),.UNSPECIFIED.);
#13393 = CARTESIAN_POINT('',(0.,4.E-02));
#13394 = CARTESIAN_POINT('',(0.131766813288,4.E-02));
#13395 = CARTESIAN_POINT('',(0.26032530298,4.568550529678E-02));
#13396 = CARTESIAN_POINT('',(0.385768042811,5.655681988014E-02));
#13397 = CARTESIAN_POINT('',(0.507922299788,7.121627010449E-02));
#13398 = CARTESIAN_POINT('',(0.62636925899,8.768808812077E-02));
#13399 = CARTESIAN_POINT('',(0.740306396042,0.104136009865));
#13400 = CARTESIAN_POINT('',(0.958320197061,0.134739887373));
#13401 = CARTESIAN_POINT('',(1.064832298203,0.149219128174));
#13402 = CARTESIAN_POINT('',(1.168658636995,0.161676921585));
#13403 = CARTESIAN_POINT('',(1.270498166096,0.171420045884));
#13404 = CARTESIAN_POINT('',(1.371024561172,0.178047952862));
#13405 = CARTESIAN_POINT('',(1.470881285991,0.181365160233));
#13406 = CARTESIAN_POINT('',(1.670714862472,0.181365160233));
#13407 = CARTESIAN_POINT('',(1.770570735882,0.178047727464));
#13408 = CARTESIAN_POINT('',(1.871095144207,0.171419852068));
#13409 = CARTESIAN_POINT('',(1.972933040492,0.161677030609));
#13410 = CARTESIAN_POINT('',(2.076759045852,0.149219306962));
#13411 = CARTESIAN_POINT('',(2.183272077121,0.134739940633));
#13412 = CARTESIAN_POINT('',(2.401267757446,0.104138606833));
#13413 = CARTESIAN_POINT('',(2.515208751604,8.769030058619E-02));
#13414 = CARTESIAN_POINT('',(2.633671022733,7.121572264241E-02));
#13415 = CARTESIAN_POINT('',(2.75584314721,5.655362413458E-02));
#13416 = CARTESIAN_POINT('',(2.881298361866,4.568300354745E-02));
#13417 = CARTESIAN_POINT('',(3.009854782127,4.E-02));
#13418 = CARTESIAN_POINT('',(3.273359466878,4.E-02));
#13419 = CARTESIAN_POINT('',(3.401917956569,4.568550529677E-02));
#13420 = CARTESIAN_POINT('',(3.527360696401,5.655681988016E-02));
#13421 = CARTESIAN_POINT('',(3.649514953378,7.121627010447E-02));
#13422 = CARTESIAN_POINT('',(3.76796191258,8.768808812078E-02));
#13423 = CARTESIAN_POINT('',(3.881899049632,0.104136009865));
#13424 = CARTESIAN_POINT('',(4.099914541837,0.134740124775));
#13425 = CARTESIAN_POINT('',(4.206427955921,0.149219535615));
#13426 = CARTESIAN_POINT('',(4.310253447429,0.161677126658));
#13427 = CARTESIAN_POINT('',(4.412090507058,0.17141983156));
#13428 = CARTESIAN_POINT('',(4.512614325294,0.178047715124));
#13429 = CARTESIAN_POINT('',(4.612470290922,0.181365160233));
#13430 = CARTESIAN_POINT('',(4.812307516062,0.181365160233));
#13431 = CARTESIAN_POINT('',(4.912163389472,0.178047727464));
#13432 = CARTESIAN_POINT('',(5.012687797797,0.171419852068));
#13433 = CARTESIAN_POINT('',(5.114525694081,0.161677030609));
#13434 = CARTESIAN_POINT('',(5.218351699442,0.149219306962));
#13435 = CARTESIAN_POINT('',(5.324864730711,0.134739940633));
#13436 = CARTESIAN_POINT('',(5.542840201788,0.104141443724));
#13437 = CARTESIAN_POINT('',(5.65679104068,8.769193107805E-02));
#13438 = CARTESIAN_POINT('',(5.775272088104,7.121393729615E-02));
#13439 = CARTESIAN_POINT('',(5.897461324944,5.65498875914E-02));
#13440 = CARTESIAN_POINT('',(6.022924682152,4.568065215512E-02));
#13441 = CARTESIAN_POINT('',(6.15147476788,4.E-02));
#13442 = CARTESIAN_POINT('',(6.28318530718,4.E-02));
#13443 = ( GEOMETRIC_REPRESENTATION_CONTEXT(2) 
PARAMETRIC_REPRESENTATION_CONTEXT() REPRESENTATION_CONTEXT('2D SPACE',''
  ) );
#13444 = FACE_BOUND('',#13445,.T.);
#13445 = EDGE_LOOP('',(#13446));
#13446 = ORIENTED_EDGE('',*,*,#13447,.T.);
#13447 = EDGE_CURVE('',#13448,#13448,#13450,.T.);
#13448 = VERTEX_POINT('',#13449);
#13449 = CARTESIAN_POINT('',(40.34,-4.041334437186E-16,33.35));
#13450 = SURFACE_CURVE('',#13451,(#13502,#13556),.PCURVE_S1.);
#13451 = B_SPLINE_CURVE_WITH_KNOTS('',7,(#13452,#13453,#13454,#13455,
    #13456,#13457,#13458,#13459,#13460,#13461,#13462,#13463,#13464,
    #13465,#13466,#13467,#13468,#13469,#13470,#13471,#13472,#13473,
    #13474,#13475,#13476,#13477,#13478,#13479,#13480,#13481,#13482,
    #13483,#13484,#13485,#13486,#13487,#13488,#13489,#13490,#13491,
    #13492,#13493,#13494,#13495,#13496,#13497,#13498,#13499,#13500,
    #13501),.UNSPECIFIED.,.T.,.F.,(8,6,6,6,6,6,6,6,8),(0.,0.123759322927
    ,0.250003106791,0.376251306467,0.499993316471,0.62376251167,
    0.750018305479,0.876273907865,1.),.UNSPECIFIED.);
#13452 = CARTESIAN_POINT('',(40.34,4.440892098501E-16,33.35));
#13453 = CARTESIAN_POINT('',(40.34,0.217415241925,33.35));
#13454 = CARTESIAN_POINT('',(40.345685505297,0.429536901029,
    33.383422515093));
#13455 = CARTESIAN_POINT('',(40.35655681988,0.630351250029,
    33.44733997934));
#13456 = CARTESIAN_POINT('',(40.371216270105,0.814760134613,
    33.537641368033));
#13457 = CARTESIAN_POINT('',(40.387688088121,0.978778536875,
    33.649069410646));
#13458 = CARTESIAN_POINT('',(40.404136009865,1.119920833174,
    33.775260163327));
#13459 = CARTESIAN_POINT('',(40.434739887373,1.357809770314,
    34.045092196364));
#13460 = CARTESIAN_POINT('',(40.449219128174,1.456531538247,
    34.192348966408));
#13461 = CARTESIAN_POINT('',(40.461676921585,1.534490849677,
    34.347210330548));
#13462 = CARTESIAN_POINT('',(40.471420045884,1.592387269435,
    34.507196833121));
#13463 = CARTESIAN_POINT('',(40.478047952862,1.630782946438,
    34.670376409461));
#13464 = CARTESIAN_POINT('',(40.481365160233,1.65,34.835140182674));
#13465 = CARTESIAN_POINT('',(40.481365160233,1.65,35.164865583867));
#13466 = CARTESIAN_POINT('',(40.478047727464,1.630781627156,
    35.329627970075));
#13467 = CARTESIAN_POINT('',(40.471419852069,1.592386183172,
    35.492803943767));
#13468 = CARTESIAN_POINT('',(40.461677030609,1.534491233371,
    35.652787959316));
#13469 = CARTESIAN_POINT('',(40.449219306962,1.456532839302,
    35.807649288198));
#13470 = CARTESIAN_POINT('',(40.434739940633,1.35781018431,
    35.95490733405));
#13471 = CARTESIAN_POINT('',(40.404138606833,1.11994101983,
    36.224716939406));
#13472 = CARTESIAN_POINT('',(40.387690300586,0.978800299131,
    36.350917556339));
#13473 = CARTESIAN_POINT('',(40.371215722642,0.814763505974,
    36.462365446413));
#13474 = CARTESIAN_POINT('',(40.356553624135,0.630324673724,
    36.55267885673));
#13475 = CARTESIAN_POINT('',(40.345683003547,0.429485743049,
    36.616592168422));
#13476 = CARTESIAN_POINT('',(40.34,0.217367487914,36.65));
#13477 = CARTESIAN_POINT('',(40.34,-0.217415241925,36.65));
#13478 = CARTESIAN_POINT('',(40.345685505297,-0.429536901029,
    36.616577484907));
#13479 = CARTESIAN_POINT('',(40.35655681988,-0.630351250029,
    36.552660020659));
#13480 = CARTESIAN_POINT('',(40.371216270104,-0.814760134612,
    36.462358631967));
#13481 = CARTESIAN_POINT('',(40.387688088121,-0.978778536876,
    36.350930589354));
#13482 = CARTESIAN_POINT('',(40.404136009865,-1.119920833174,
    36.224739836674));
#13483 = CARTESIAN_POINT('',(40.434740124775,-1.357811615676,
    35.954905710484));
#13484 = CARTESIAN_POINT('',(40.449219535615,-1.456534275344,
    35.807646827336));
#13485 = CARTESIAN_POINT('',(40.461677126658,-1.534491731103,
    35.652785970577));
#13486 = CARTESIAN_POINT('',(40.47141983156,-1.592386076643,
    35.492803379527));
#13487 = CARTESIAN_POINT('',(40.478047715124,-1.630781555752,
    35.329628367265));
#13488 = CARTESIAN_POINT('',(40.481365160233,-1.65,35.164865837613));
#13489 = CARTESIAN_POINT('',(40.481365160233,-1.65,34.83513441235));
#13490 = CARTESIAN_POINT('',(40.478047727362,-1.630781626211,
    34.670372039234));
#13491 = CARTESIAN_POINT('',(40.471419852623,-1.592386187689,
    34.507196049418));
#13492 = CARTESIAN_POINT('',(40.461677029509,-1.534491224832,
    34.34721203743));
#13493 = CARTESIAN_POINT('',(40.449219307965,-1.456532847001,
    34.192350719217));
#13494 = CARTESIAN_POINT('',(40.434739940255,-1.357810181371,
    34.045092662616));
#13495 = CARTESIAN_POINT('',(40.404141443724,-1.119963071445,
    33.775308073241));
#13496 = CARTESIAN_POINT('',(40.387691931078,-0.978817917761,
    33.649089726801));
#13497 = CARTESIAN_POINT('',(40.371213937296,-0.814755678254,
    33.537620336501));
#13498 = CARTESIAN_POINT('',(40.356549887591,-0.630286350977,
    33.447299323004));
#13499 = CARTESIAN_POINT('',(40.345680652155,-0.429430201349,
    33.38339396997));
#13500 = CARTESIAN_POINT('',(40.34,-0.217322389845,33.35));
#13501 = CARTESIAN_POINT('',(40.34,4.440892098501E-16,33.35));
#13502 = PCURVE('',#13176,#13503);
#13503 = DEFINITIONAL_REPRESENTATION('',(#13504),#13555);
#13504 = B_SPLINE_CURVE_WITH_KNOTS('',7,(#13505,#13506,#13507,#13508,
    #13509,#13510,#13511,#13512,#13513,#13514,#13515,#13516,#13517,
    #13518,#13519,#13520,#13521,#13522,#13523,#13524,#13525,#13526,
    #13527,#13528,#13529,#13530,#13531,#13532,#13533,#13534,#13535,
    #13536,#13537,#13538,#13539,#13540,#13541,#13542,#13543,#13544,
    #13545,#13546,#13547,#13548,#13549,#13550,#13551,#13552,#13553,
    #13554),.UNSPECIFIED.,.T.,.F.,(8,6,6,6,6,6,6,6,8),(0.,0.123759322927
    ,0.250003106791,0.376251306467,0.499993316471,0.62376251167,
    0.750018305479,0.876273907865,1.),.UNSPECIFIED.);
#13505 = CARTESIAN_POINT('',(3.14159265359,78.35));
#13506 = CARTESIAN_POINT('',(3.119178711123,78.35));
#13507 = CARTESIAN_POINT('',(3.097310478024,78.383422515093));
#13508 = CARTESIAN_POINT('',(3.076589690829,78.44733997934));
#13509 = CARTESIAN_POINT('',(3.057526983638,78.537641368033));
#13510 = CARTESIAN_POINT('',(3.040536319352,78.649069410646));
#13511 = CARTESIAN_POINT('',(3.025888159708,78.775260163327));
#13512 = CARTESIAN_POINT('',(3.001161415494,79.045092196364));
#13513 = CARTESIAN_POINT('',(2.990876638988,79.192348966408));
#13514 = CARTESIAN_POINT('',(2.98273823687,79.347210330548));
#13515 = CARTESIAN_POINT('',(2.976685667696,79.507196833121));
#13516 = CARTESIAN_POINT('',(2.972668806538,79.670376409461));
#13517 = CARTESIAN_POINT('',(2.970658367955,79.835140182674));
#13518 = CARTESIAN_POINT('',(2.970658367955,80.164865583867));
#13519 = CARTESIAN_POINT('',(2.972668944521,80.329627970075));
#13520 = CARTESIAN_POINT('',(2.976685781424,80.492803943767));
#13521 = CARTESIAN_POINT('',(2.982738196041,80.652787959316));
#13522 = CARTESIAN_POINT('',(2.990876503635,80.807649288198));
#13523 = CARTESIAN_POINT('',(3.001161372463,80.95490733405));
#13524 = CARTESIAN_POINT('',(3.025886061458,81.224716939406));
#13525 = CARTESIAN_POINT('',(3.040534064584,81.350917556339));
#13526 = CARTESIAN_POINT('',(3.057526646305,81.462365446413));
#13527 = CARTESIAN_POINT('',(3.076592443304,81.55267885673));
#13528 = CARTESIAN_POINT('',(3.097315752126,81.616592168422));
#13529 = CARTESIAN_POINT('',(3.119183634217,81.65));
#13530 = CARTESIAN_POINT('',(3.164006596056,81.65));
#13531 = CARTESIAN_POINT('',(3.185874829156,81.616577484907));
#13532 = CARTESIAN_POINT('',(3.206595616351,81.552660020659));
#13533 = CARTESIAN_POINT('',(3.225658323542,81.462358631967));
#13534 = CARTESIAN_POINT('',(3.242648987827,81.350930589354));
#13535 = CARTESIAN_POINT('',(3.257297147472,81.224739836674));
#13536 = CARTESIAN_POINT('',(3.282024083497,80.954905710484));
#13537 = CARTESIAN_POINT('',(3.292308953396,80.807646827336));
#13538 = CARTESIAN_POINT('',(3.300447163389,80.652785970577));
#13539 = CARTESIAN_POINT('',(3.306499514588,80.492803379527));
#13540 = CARTESIAN_POINT('',(3.31051635518,80.329628367265));
#13541 = CARTESIAN_POINT('',(3.312526939224,80.164865837613));
#13542 = CARTESIAN_POINT('',(3.312526939224,79.83513441235));
#13543 = CARTESIAN_POINT('',(3.31051636256,79.670372039234));
#13544 = CARTESIAN_POINT('',(3.306499526225,79.507196049418));
#13545 = CARTESIAN_POINT('',(3.300447110251,79.34721203743));
#13546 = CARTESIAN_POINT('',(3.292308804345,79.192350719217));
#13547 = CARTESIAN_POINT('',(3.282023934411,79.045092662616));
#13548 = CARTESIAN_POINT('',(3.257301537819,78.775308073241));
#13549 = CARTESIAN_POINT('',(3.242653065566,78.649089726801));
#13550 = CARTESIAN_POINT('',(3.22565783835,78.537620336501));
#13551 = CARTESIAN_POINT('',(3.206588900359,78.447299323004));
#13552 = CARTESIAN_POINT('',(3.185863829491,78.38339396997));
#13553 = CARTESIAN_POINT('',(3.163997023677,78.35));
#13554 = CARTESIAN_POINT('',(3.14159265359,78.35));
#13555 = ( GEOMETRIC_REPRESENTATION_CONTEXT(2) 
PARAMETRIC_REPRESENTATION_CONTEXT() REPRESENTATION_CONTEXT('2D SPACE',''
  ) );
#13556 = PCURVE('',#13557,#13562);
#13557 = CYLINDRICAL_SURFACE('',#13558,1.65);
#13558 = AXIS2_PLACEMENT_3D('',#13559,#13560,#13561);
#13559 = CARTESIAN_POINT('',(40.3,0.,35.));
#13560 = DIRECTION('',(1.,0.,1.110223024625E-16));
#13561 = DIRECTION('',(1.110223024625E-16,0.,-1.));
#13562 = DEFINITIONAL_REPRESENTATION('',(#13563),#13614);
#13563 = B_SPLINE_CURVE_WITH_KNOTS('',7,(#13564,#13565,#13566,#13567,
    #13568,#13569,#13570,#13571,#13572,#13573,#13574,#13575,#13576,
    #13577,#13578,#13579,#13580,#13581,#13582,#13583,#13584,#13585,
    #13586,#13587,#13588,#13589,#13590,#13591,#13592,#13593,#13594,
    #13595,#13596,#13597,#13598,#13599,#13600,#13601,#13602,#13603,
    #13604,#13605,#13606,#13607,#13608,#13609,#13610,#13611,#13612,
    #13613),.UNSPECIFIED.,.F.,.F.,(8,6,6,6,6,6,6,6,8),(0.,0.123759322927
    ,0.250003106791,0.376251306467,0.499993316471,0.62376251167,
    0.750018305479,0.876273907865,1.),.UNSPECIFIED.);
#13564 = CARTESIAN_POINT('',(0.,4.E-02));
#13565 = CARTESIAN_POINT('',(0.131766813288,4.E-02));
#13566 = CARTESIAN_POINT('',(0.26032530298,4.568550529678E-02));
#13567 = CARTESIAN_POINT('',(0.385768042811,5.655681988014E-02));
#13568 = CARTESIAN_POINT('',(0.507922299789,7.12162701045E-02));
#13569 = CARTESIAN_POINT('',(0.62636925899,8.768808812076E-02));
#13570 = CARTESIAN_POINT('',(0.740306396042,0.104136009865));
#13571 = CARTESIAN_POINT('',(0.958320197061,0.134739887373));
#13572 = CARTESIAN_POINT('',(1.064832298203,0.149219128174));
#13573 = CARTESIAN_POINT('',(1.168658636994,0.161676921585));
#13574 = CARTESIAN_POINT('',(1.270498166096,0.171420045884));
#13575 = CARTESIAN_POINT('',(1.371024561172,0.178047952862));
#13576 = CARTESIAN_POINT('',(1.470881285991,0.181365160233));
#13577 = CARTESIAN_POINT('',(1.670714862472,0.181365160233));
#13578 = CARTESIAN_POINT('',(1.770570735882,0.178047727464));
#13579 = CARTESIAN_POINT('',(1.871095144207,0.171419852068));
#13580 = CARTESIAN_POINT('',(1.972933040492,0.161677030609));
#13581 = CARTESIAN_POINT('',(2.076759045852,0.149219306962));
#13582 = CARTESIAN_POINT('',(2.183272077121,0.134739940633));
#13583 = CARTESIAN_POINT('',(2.401267757445,0.104138606833));
#13584 = CARTESIAN_POINT('',(2.515208751604,8.769030058615E-02));
#13585 = CARTESIAN_POINT('',(2.633671022732,7.121572264244E-02));
#13586 = CARTESIAN_POINT('',(2.75584314721,5.655362413457E-02));
#13587 = CARTESIAN_POINT('',(2.881298361866,4.568300354745E-02));
#13588 = CARTESIAN_POINT('',(3.009854782127,4.E-02));
#13589 = CARTESIAN_POINT('',(3.273359466878,4.E-02));
#13590 = CARTESIAN_POINT('',(3.401917956569,4.568550529678E-02));
#13591 = CARTESIAN_POINT('',(3.527360696401,5.655681988016E-02));
#13592 = CARTESIAN_POINT('',(3.649514953378,7.121627010446E-02));
#13593 = CARTESIAN_POINT('',(3.76796191258,8.768808812079E-02));
#13594 = CARTESIAN_POINT('',(3.881899049631,0.104136009865));
#13595 = CARTESIAN_POINT('',(4.099914541837,0.134740124775));
#13596 = CARTESIAN_POINT('',(4.20642795592,0.149219535615));
#13597 = CARTESIAN_POINT('',(4.31025344743,0.161677126658));
#13598 = CARTESIAN_POINT('',(4.412090507058,0.17141983156));
#13599 = CARTESIAN_POINT('',(4.512614325295,0.178047715124));
#13600 = CARTESIAN_POINT('',(4.612470290922,0.181365160233));
#13601 = CARTESIAN_POINT('',(4.812307518355,0.181365160233));
#13602 = CARTESIAN_POINT('',(4.912163384117,0.178047727362));
#13603 = CARTESIAN_POINT('',(5.012687800805,0.171419852623));
#13604 = CARTESIAN_POINT('',(5.114525697994,0.161677029509));
#13605 = CARTESIAN_POINT('',(5.218351693232,0.149219307965));
#13606 = CARTESIAN_POINT('',(5.324864733405,0.134739940255));
#13607 = CARTESIAN_POINT('',(5.542840201788,0.104141443724));
#13608 = CARTESIAN_POINT('',(5.65679104068,8.769193107804E-02));
#13609 = CARTESIAN_POINT('',(5.775272088104,7.121393729617E-02));
#13610 = CARTESIAN_POINT('',(5.897461324943,5.654988759139E-02));
#13611 = CARTESIAN_POINT('',(6.022924682152,4.568065215513E-02));
#13612 = CARTESIAN_POINT('',(6.15147476788,4.E-02));
#13613 = CARTESIAN_POINT('',(6.28318530718,4.E-02));
#13614 = ( GEOMETRIC_REPRESENTATION_CONTEXT(2) 
PARAMETRIC_REPRESENTATION_CONTEXT() REPRESENTATION_CONTEXT('2D SPACE',''
  ) );
#13615 = ADVANCED_FACE('',(#13616),#13188,.T.);
#13616 = FACE_BOUND('',#13617,.T.);
#13617 = EDGE_LOOP('',(#13618,#13637));
#13618 = ORIENTED_EDGE('',*,*,#13619,.T.);
#13619 = EDGE_CURVE('',#13167,#13165,#13620,.T.);
#13620 = SURFACE_CURVE('',#13621,(#13625,#13631),.PCURVE_S1.);
#13621 = LINE('',#13622,#13623);
#13622 = CARTESIAN_POINT('',(49.3,-10.,45.));
#13623 = VECTOR('',#13624,1.);
#13624 = DIRECTION('',(0.,1.,0.));
#13625 = PCURVE('',#13188,#13626);
#13626 = DEFINITIONAL_REPRESENTATION('',(#13627),#13630);
#13627 = B_SPLINE_CURVE_WITH_KNOTS('',1,(#13628,#13629),.UNSPECIFIED.,
  .F.,.F.,(2,2),(0.3,19.7),.PIECEWISE_BEZIER_KNOTS.);
#13628 = CARTESIAN_POINT('',(-0.74,-9.7));
#13629 = CARTESIAN_POINT('',(-0.74,9.7));
#13630 = ( GEOMETRIC_REPRESENTATION_CONTEXT(2) 
PARAMETRIC_REPRESENTATION_CONTEXT() REPRESENTATION_CONTEXT('2D SPACE',''
  ) );
#13631 = PCURVE('',#13215,#13632);
#13632 = DEFINITIONAL_REPRESENTATION('',(#13633),#13636);
#13633 = B_SPLINE_CURVE_WITH_KNOTS('',1,(#13634,#13635),.UNSPECIFIED.,
  .F.,.F.,(2,2),(0.3,19.7),.PIECEWISE_BEZIER_KNOTS.);
#13634 = CARTESIAN_POINT('',(135.,-10.3));
#13635 = CARTESIAN_POINT('',(135.,-29.7));
#13636 = ( GEOMETRIC_REPRESENTATION_CONTEXT(2) 
PARAMETRIC_REPRESENTATION_CONTEXT() REPRESENTATION_CONTEXT('2D SPACE',''
  ) );
#13637 = ORIENTED_EDGE('',*,*,#13164,.T.);
#13638 = ADVANCED_FACE('',(#13639,#13663,#13689),#13215,.T.);
#13639 = FACE_BOUND('',#13640,.T.);
#13640 = EDGE_LOOP('',(#13641,#13642,#13661,#13662));
#13641 = ORIENTED_EDGE('',*,*,#13255,.F.);
#13642 = ORIENTED_EDGE('',*,*,#13643,.T.);
#13643 = EDGE_CURVE('',#13227,#13201,#13644,.T.);
#13644 = SURFACE_CURVE('',#13645,(#13649,#13655),.PCURVE_S1.);
#13645 = LINE('',#13646,#13647);
#13646 = CARTESIAN_POINT('',(49.3,-10.,-45.));
#13647 = VECTOR('',#13648,1.);
#13648 = DIRECTION('',(0.,1.,0.));
#13649 = PCURVE('',#13215,#13650);
#13650 = DEFINITIONAL_REPRESENTATION('',(#13651),#13654);
#13651 = B_SPLINE_CURVE_WITH_KNOTS('',1,(#13652,#13653),.UNSPECIFIED.,
  .F.,.F.,(2,2),(0.3,19.7),.PIECEWISE_BEZIER_KNOTS.);
#13652 = CARTESIAN_POINT('',(45.,-10.3));
#13653 = CARTESIAN_POINT('',(45.,-29.7));
#13654 = ( GEOMETRIC_REPRESENTATION_CONTEXT(2) 
PARAMETRIC_REPRESENTATION_CONTEXT() REPRESENTATION_CONTEXT('2D SPACE',''
  ) );
#13655 = PCURVE('',#13243,#13656);
#13656 = DEFINITIONAL_REPRESENTATION('',(#13657),#13660);
#13657 = B_SPLINE_CURVE_WITH_KNOTS('',1,(#13658,#13659),.UNSPECIFIED.,
  .F.,.F.,(2,2),(0.3,19.7),.PIECEWISE_BEZIER_KNOTS.);
#13658 = CARTESIAN_POINT('',(-0.74,-9.7));
#13659 = CARTESIAN_POINT('',(-0.74,9.7));
#13660 = ( GEOMETRIC_REPRESENTATION_CONTEXT(2) 
PARAMETRIC_REPRESENTATION_CONTEXT() REPRESENTATION_CONTEXT('2D SPACE',''
  ) );
#13661 = ORIENTED_EDGE('',*,*,#13200,.T.);
#13662 = ORIENTED_EDGE('',*,*,#13619,.F.);
#13663 = FACE_BOUND('',#13664,.T.);
#13664 = EDGE_LOOP('',(#13665));
#13665 = ORIENTED_EDGE('',*,*,#13666,.F.);
#13666 = EDGE_CURVE('',#13667,#13667,#13669,.T.);
#13667 = VERTEX_POINT('',#13668);
#13668 = CARTESIAN_POINT('',(49.3,-4.041334437186E-16,-36.65));
#13669 = SURFACE_CURVE('',#13670,(#13675,#13682),.PCURVE_S1.);
#13670 = CIRCLE('',#13671,1.65);
#13671 = AXIS2_PLACEMENT_3D('',#13672,#13673,#13674);
#13672 = CARTESIAN_POINT('',(49.3,0.,-35.));
#13673 = DIRECTION('',(1.,0.,1.110223024625E-16));
#13674 = DIRECTION('',(1.110223024625E-16,0.,-1.));
#13675 = PCURVE('',#13215,#13676);
#13676 = DEFINITIONAL_REPRESENTATION('',(#13677),#13681);
#13677 = CIRCLE('',#13678,1.65);
#13678 = AXIS2_PLACEMENT_2D('',#13679,#13680);
#13679 = CARTESIAN_POINT('',(55.,-20.));
#13680 = DIRECTION('',(-1.,0.));
#13681 = ( GEOMETRIC_REPRESENTATION_CONTEXT(2) 
PARAMETRIC_REPRESENTATION_CONTEXT() REPRESENTATION_CONTEXT('2D SPACE',''
  ) );
#13682 = PCURVE('',#13386,#13683);
#13683 = DEFINITIONAL_REPRESENTATION('',(#13684),#13688);
#13684 = LINE('',#13685,#13686);
#13685 = CARTESIAN_POINT('',(0.,9.));
#13686 = VECTOR('',#13687,1.);
#13687 = DIRECTION('',(1.,0.));
#13688 = ( GEOMETRIC_REPRESENTATION_CONTEXT(2) 
PARAMETRIC_REPRESENTATION_CONTEXT() REPRESENTATION_CONTEXT('2D SPACE',''
  ) );
#13689 = FACE_BOUND('',#13690,.T.);
#13690 = EDGE_LOOP('',(#13691));
#13691 = ORIENTED_EDGE('',*,*,#13692,.F.);
#13692 = EDGE_CURVE('',#13693,#13693,#13695,.T.);
#13693 = VERTEX_POINT('',#13694);
#13694 = CARTESIAN_POINT('',(49.3,-4.041334437186E-16,33.35));
#13695 = SURFACE_CURVE('',#13696,(#13701,#13708),.PCURVE_S1.);
#13696 = CIRCLE('',#13697,1.65);
#13697 = AXIS2_PLACEMENT_3D('',#13698,#13699,#13700);
#13698 = CARTESIAN_POINT('',(49.3,0.,35.));
#13699 = DIRECTION('',(1.,0.,1.110223024625E-16));
#13700 = DIRECTION('',(1.110223024625E-16,0.,-1.));
#13701 = PCURVE('',#13215,#13702);
#13702 = DEFINITIONAL_REPRESENTATION('',(#13703),#13707);
#13703 = CIRCLE('',#13704,1.65);
#13704 = AXIS2_PLACEMENT_2D('',#13705,#13706);
#13705 = CARTESIAN_POINT('',(125.,-20.));
#13706 = DIRECTION('',(-1.,0.));
#13707 = ( GEOMETRIC_REPRESENTATION_CONTEXT(2) 
PARAMETRIC_REPRESENTATION_CONTEXT() REPRESENTATION_CONTEXT('2D SPACE',''
  ) );
#13708 = PCURVE('',#13557,#13709);
#13709 = DEFINITIONAL_REPRESENTATION('',(#13710),#13714);
#13710 = LINE('',#13711,#13712);
#13711 = CARTESIAN_POINT('',(0.,9.));
#13712 = VECTOR('',#13713,1.);
#13713 = DIRECTION('',(1.,0.));
#13714 = ( GEOMETRIC_REPRESENTATION_CONTEXT(2) 
PARAMETRIC_REPRESENTATION_CONTEXT() REPRESENTATION_CONTEXT('2D SPACE',''
  ) );
#13715 = ADVANCED_FACE('',(#13716),#13243,.F.);
#13716 = FACE_BOUND('',#13717,.F.);
#13717 = EDGE_LOOP('',(#13718,#13719));
#13718 = ORIENTED_EDGE('',*,*,#13643,.T.);
#13719 = ORIENTED_EDGE('',*,*,#13226,.T.);
#13720 = ADVANCED_FACE('',(#13721),#13386,.F.);
#13721 = FACE_BOUND('',#13722,.F.);
#13722 = EDGE_LOOP('',(#13723,#13724,#13745,#13746));
#13723 = ORIENTED_EDGE('',*,*,#13666,.F.);
#13724 = ORIENTED_EDGE('',*,*,#13725,.F.);
#13725 = EDGE_CURVE('',#13277,#13667,#13726,.T.);
#13726 = SEAM_CURVE('',#13727,(#13731,#13738),.PCURVE_S1.);
#13727 = LINE('',#13728,#13729);
#13728 = CARTESIAN_POINT('',(40.3,-4.041334437186E-16,-36.65));
#13729 = VECTOR('',#13730,1.);
#13730 = DIRECTION('',(1.,0.,1.110223024625E-16));
#13731 = PCURVE('',#13386,#13732);
#13732 = DEFINITIONAL_REPRESENTATION('',(#13733),#13737);
#13733 = LINE('',#13734,#13735);
#13734 = CARTESIAN_POINT('',(6.28318530718,-0.));
#13735 = VECTOR('',#13736,1.);
#13736 = DIRECTION('',(0.,1.));
#13737 = ( GEOMETRIC_REPRESENTATION_CONTEXT(2) 
PARAMETRIC_REPRESENTATION_CONTEXT() REPRESENTATION_CONTEXT('2D SPACE',''
  ) );
#13738 = PCURVE('',#13386,#13739);
#13739 = DEFINITIONAL_REPRESENTATION('',(#13740),#13744);
#13740 = LINE('',#13741,#13742);
#13741 = CARTESIAN_POINT('',(0.,-0.));
#13742 = VECTOR('',#13743,1.);
#13743 = DIRECTION('',(0.,1.));
#13744 = ( GEOMETRIC_REPRESENTATION_CONTEXT(2) 
PARAMETRIC_REPRESENTATION_CONTEXT() REPRESENTATION_CONTEXT('2D SPACE',''
  ) );
#13745 = ORIENTED_EDGE('',*,*,#13276,.T.);
#13746 = ORIENTED_EDGE('',*,*,#13725,.T.);
#13747 = ADVANCED_FACE('',(#13748),#13557,.F.);
#13748 = FACE_BOUND('',#13749,.F.);
#13749 = EDGE_LOOP('',(#13750,#13751,#13772,#13773));
#13750 = ORIENTED_EDGE('',*,*,#13692,.F.);
#13751 = ORIENTED_EDGE('',*,*,#13752,.F.);
#13752 = EDGE_CURVE('',#13448,#13693,#13753,.T.);
#13753 = SEAM_CURVE('',#13754,(#13758,#13765),.PCURVE_S1.);
#13754 = LINE('',#13755,#13756);
#13755 = CARTESIAN_POINT('',(40.3,-4.041334437186E-16,33.35));
#13756 = VECTOR('',#13757,1.);
#13757 = DIRECTION('',(1.,0.,1.110223024625E-16));
#13758 = PCURVE('',#13557,#13759);
#13759 = DEFINITIONAL_REPRESENTATION('',(#13760),#13764);
#13760 = LINE('',#13761,#13762);
#13761 = CARTESIAN_POINT('',(6.28318530718,-0.));
#13762 = VECTOR('',#13763,1.);
#13763 = DIRECTION('',(0.,1.));
#13764 = ( GEOMETRIC_REPRESENTATION_CONTEXT(2) 
PARAMETRIC_REPRESENTATION_CONTEXT() REPRESENTATION_CONTEXT('2D SPACE',''
  ) );
#13765 = PCURVE('',#13557,#13766);
#13766 = DEFINITIONAL_REPRESENTATION('',(#13767),#13771);
#13767 = LINE('',#13768,#13769);
#13768 = CARTESIAN_POINT('',(0.,-0.));
#13769 = VECTOR('',#13770,1.);
#13770 = DIRECTION('',(0.,1.));
#13771 = ( GEOMETRIC_REPRESENTATION_CONTEXT(2) 
PARAMETRIC_REPRESENTATION_CONTEXT() REPRESENTATION_CONTEXT('2D SPACE',''
  ) );
#13772 = ORIENTED_EDGE('',*,*,#13447,.T.);
#13773 = ORIENTED_EDGE('',*,*,#13752,.T.);
#13774 = ( GEOMETRIC_REPRESENTATION_CONTEXT(3) 
GLOBAL_UNCERTAINTY_ASSIGNED_CONTEXT((#13778)) 
GLOBAL_UNIT_ASSIGNED_CONTEXT((#13775,#13776,#13777)) 
REPRESENTATION_CONTEXT('Context #1',
  '3D Context with UNIT and UNCERTAINTY') );
#13775 = ( LENGTH_UNIT() NAMED_UNIT(*) SI_UNIT(.MILLI.,.METRE.) );
#13776 = ( NAMED_UNIT(*) PLANE_ANGLE_UNIT() SI_UNIT($,.RADIAN.) );
#13777 = ( NAMED_UNIT(*) SI_UNIT($,.STERADIAN.) SOLID_ANGLE_UNIT() );
#13778 = UNCERTAINTY_MEASURE_WITH_UNIT(LENGTH_MEASURE(1.E-07),#13775,
  'distance_accuracy_value','confusion accuracy');
#13779 = CONTEXT_DEPENDENT_SHAPE_REPRESENTATION(#13780,#13782);
#13780 = ( REPRESENTATION_RELATIONSHIP('','',#13157,#10) 
REPRESENTATION_RELATIONSHIP_WITH_TRANSFORMATION(#13781) 
SHAPE_REPRESENTATION_RELATIONSHIP() );
#13781 = ITEM_DEFINED_TRANSFORMATION('','',#11,#23);
#13782 = PRODUCT_DEFINITION_SHAPE('Placement','Placement of an item',
  #13783);
#13783 = NEXT_ASSEMBLY_USAGE_OCCURRENCE('3','luff_nut_bar','',#5,#13152,
  $);
#13784 = PRODUCT_RELATED_PRODUCT_CATEGORY('part',$,(#13154));
#13785 = MECHANICAL_DESIGN_GEOMETRIC_PRESENTATION_REPRESENTATION('',(
    #13786),#13774);
#13786 = STYLED_ITEM('color',(#13787),#13158);
#13787 = PRESENTATION_STYLE_ASSIGNMENT((#13788));
#13788 = SURFACE_STYLE_USAGE(.BOTH.,#13789);
#13789 = SURFACE_SIDE_STYLE('',(#13790));
#13790 = SURFACE_STYLE_FILL_AREA(#13791);
#13791 = FILL_AREA_STYLE('',(#13792));
#13792 = FILL_AREA_STYLE_COLOUR('',#13793);
#13793 = COLOUR_RGB('',0.78000000177,0.580000000354,0.24000000363);
#13794 = MECHANICAL_DESIGN_GEOMETRIC_PRESENTATION_REPRESENTATION('',(
    #13795),#13139);
#13795 = STYLED_ITEM('color',(#13796),#11438);
#13796 = PRESENTATION_STYLE_ASSIGNMENT((#13797));
#13797 = SURFACE_STYLE_USAGE(.BOTH.,#13798);
#13798 = SURFACE_SIDE_STYLE('',(#13799));
#13799 = SURFACE_STYLE_FILL_AREA(#13800);
#13800 = FILL_AREA_STYLE('',(#13801));
#13801 = FILL_AREA_STYLE_COLOUR('',#13802);
#13802 = COLOUR_RGB('',0.230000002338,0.409999990672,0.630000008194);
#13803 = MECHANICAL_DESIGN_GEOMETRIC_PRESENTATION_REPRESENTATION('',(
    #13804),#11419);
#13804 = STYLED_ITEM('color',(#13805),#41);
#13805 = PRESENTATION_STYLE_ASSIGNMENT((#13806));
#13806 = SURFACE_STYLE_USAGE(.BOTH.,#13807);
#13807 = SURFACE_SIDE_STYLE('',(#13808));
#13808 = SURFACE_STYLE_FILL_AREA(#13809);
#13809 = FILL_AREA_STYLE('',(#13810));
#13810 = FILL_AREA_STYLE_COLOUR('',#13811);
#13811 = COLOUR_RGB('',0.740000011925,0.760000013601,0.800000010877);
ENDSEC;
END-ISO-10303-21;
