ISO-10303-21;
HEADER;
FILE_DESCRIPTION(('Open CASCADE Model'),'2;1');
FILE_NAME('Open CASCADE Shape Model','2026-08-31T18:38:08',('Author'),(
    'Open CASCADE'),'Open CASCADE STEP processor 7.9','Open CASCADE 7.9'
  ,'Unknown');
FILE_SCHEMA(('AUTOMOTIVE_DESIGN { 1 0 10303 214 1 1 1 1 }'));
ENDSEC;
DATA;
#1 = APPLICATION_PROTOCOL_DEFINITION('international standard',
  'automotive_design',2000,#2);
#2 = APPLICATION_CONTEXT(
  'core data for automotive mechanical design processes');
#3 = SHAPE_DEFINITION_REPRESENTATION(#4,#10);
#4 = PRODUCT_DEFINITION_SHAPE('','',#5);
#5 = PRODUCT_DEFINITION('design','',#6,#9);
#6 = PRODUCT_DEFINITION_FORMATION('','',#7);
#7 = PRODUCT('Open CASCADE STEP translator 7.9 1',
  'Open CASCADE STEP translator 7.9 1','',(#8));
#8 = PRODUCT_CONTEXT('',#2,'mechanical');
#9 = PRODUCT_DEFINITION_CONTEXT('part definition',#2,'design');
#10 = ADVANCED_BREP_SHAPE_REPRESENTATION('',(#11,#15),#12200);
#11 = AXIS2_PLACEMENT_3D('',#12,#13,#14);
#12 = CARTESIAN_POINT('',(0.,0.,0.));
#13 = DIRECTION('',(0.,0.,1.));
#14 = DIRECTION('',(1.,0.,-0.));
#15 = MANIFOLD_SOLID_BREP('',#16);
#16 = CLOSED_SHELL('',(#17,#796,#3638,#3901,#6191,#6364,#6414,#6464,
    #6522,#6603,#6915,#7294,#7300,#7353,#7408,#7463,#7518,#7594,#7643,
    #7692,#7719,#7774,#7850,#7899,#7948,#7975,#8134,#8161,#8186,#8213,
    #8240,#8267,#8294,#8321,#8348,#8375,#8402,#8429,#8456,#8483,#8510,
    #8537,#8564,#8591,#8618,#8645,#8672,#8699,#8726,#8753,#8780,#8807,
    #8834,#8861,#8888,#8915,#8942,#8969,#8996,#9023,#9050,#9077,#9104,
    #9131,#9158,#9185,#9212,#9239,#9266,#9293,#9320,#9347,#9374,#9401,
    #9428,#9455,#9482,#9509,#9651,#9705,#9830,#9857,#9884,#9911,#9938,
    #9965,#9992,#10019,#10046,#10073,#10100,#10127,#10154,#10181,#10208,
    #10235,#10262,#10289,#10316,#10343,#10370,#10397,#10424,#10451,
    #10478,#10505,#10532,#10559,#10586,#10613,#10640,#10667,#10694,
    #10721,#10748,#10775,#10802,#10829,#10856,#10883,#10910,#10937,
    #10964,#10991,#11018,#11045,#11072,#11099,#11126,#11151,#11178,
    #11203,#11210,#11259,#11308,#11335,#11384,#11433,#11460,#11520,
    #11527,#11534,#11589,#11926,#11953,#11957,#11961,#11991,#11998,
    #12028,#12035,#12042,#12049,#12132,#12165,#12196));
#17 = ADVANCED_FACE('',(#18,#444,#475,#506,#537,#651,#682),#32,.F.);
#18 = FACE_BOUND('',#19,.F.);
#19 = EDGE_LOOP('',(#20,#55,#83,#111,#138,#164,#190,#211,#233,#261,#284,
    #312,#339,#367,#390,#418));
#20 = ORIENTED_EDGE('',*,*,#21,.F.);
#21 = EDGE_CURVE('',#22,#24,#26,.T.);
#22 = VERTEX_POINT('',#23);
#23 = CARTESIAN_POINT('',(-73.1,-47.,62.));
#24 = VERTEX_POINT('',#25);
#25 = CARTESIAN_POINT('',(-73.1,57.,62.));
#26 = SURFACE_CURVE('',#27,(#31,#43),.PCURVE_S1.);
#27 = LINE('',#28,#29);
#28 = CARTESIAN_POINT('',(-73.1,-47.,62.));
#29 = VECTOR('',#30,1.);
#30 = DIRECTION('',(0.,1.,0.));
#31 = PCURVE('',#32,#37);
#32 = PLANE('',#33);
#33 = AXIS2_PLACEMENT_3D('',#34,#35,#36);
#34 = CARTESIAN_POINT('',(-73.1,-47.,-62.));
#35 = DIRECTION('',(1.,0.,0.));
#36 = DIRECTION('',(0.,0.,1.));
#37 = DEFINITIONAL_REPRESENTATION('',(#38),#42);
#38 = LINE('',#39,#40);
#39 = CARTESIAN_POINT('',(124.,0.));
#40 = VECTOR('',#41,1.);
#41 = DIRECTION('',(0.,-1.));
#42 = ( GEOMETRIC_REPRESENTATION_CONTEXT(2) 
PARAMETRIC_REPRESENTATION_CONTEXT() REPRESENTATION_CONTEXT('2D SPACE',''
  ) );
#43 = PCURVE('',#44,#49);
#44 = PLANE('',#45);
#45 = AXIS2_PLACEMENT_3D('',#46,#47,#48);
#46 = CARTESIAN_POINT('',(-73.1,-47.,62.));
#47 = DIRECTION('',(0.,0.,1.));
#48 = DIRECTION('',(1.,0.,0.));
#49 = DEFINITIONAL_REPRESENTATION('',(#50),#54);
#50 = LINE('',#51,#52);
#51 = CARTESIAN_POINT('',(0.,0.));
#52 = VECTOR('',#53,1.);
#53 = DIRECTION('',(0.,1.));
#54 = ( GEOMETRIC_REPRESENTATION_CONTEXT(2) 
PARAMETRIC_REPRESENTATION_CONTEXT() REPRESENTATION_CONTEXT('2D SPACE',''
  ) );
#55 = ORIENTED_EDGE('',*,*,#56,.F.);
#56 = EDGE_CURVE('',#57,#22,#59,.T.);
#57 = VERTEX_POINT('',#58);
#58 = CARTESIAN_POINT('',(-73.1,-47.,58.));
#59 = SURFACE_CURVE('',#60,(#64,#71),.PCURVE_S1.);
#60 = LINE('',#61,#62);
#61 = CARTESIAN_POINT('',(-73.1,-47.,-62.));
#62 = VECTOR('',#63,1.);
#63 = DIRECTION('',(0.,0.,1.));
#64 = PCURVE('',#32,#65);
#65 = DEFINITIONAL_REPRESENTATION('',(#66),#70);
#66 = LINE('',#67,#68);
#67 = CARTESIAN_POINT('',(0.,0.));
#68 = VECTOR('',#69,1.);
#69 = DIRECTION('',(1.,0.));
#70 = ( GEOMETRIC_REPRESENTATION_CONTEXT(2) 
PARAMETRIC_REPRESENTATION_CONTEXT() REPRESENTATION_CONTEXT('2D SPACE',''
  ) );
#71 = PCURVE('',#72,#77);
#72 = PLANE('',#73);
#73 = AXIS2_PLACEMENT_3D('',#74,#75,#76);
#74 = CARTESIAN_POINT('',(-73.1,-47.,-62.));
#75 = DIRECTION('',(0.,1.,0.));
#76 = DIRECTION('',(0.,0.,1.));
#77 = DEFINITIONAL_REPRESENTATION('',(#78),#82);
#78 = LINE('',#79,#80);
#79 = CARTESIAN_POINT('',(0.,0.));
#80 = VECTOR('',#81,1.);
#81 = DIRECTION('',(1.,0.));
#82 = ( GEOMETRIC_REPRESENTATION_CONTEXT(2) 
PARAMETRIC_REPRESENTATION_CONTEXT() REPRESENTATION_CONTEXT('2D SPACE',''
  ) );
#83 = ORIENTED_EDGE('',*,*,#84,.F.);
#84 = EDGE_CURVE('',#85,#57,#87,.T.);
#85 = VERTEX_POINT('',#86);
#86 = CARTESIAN_POINT('',(-73.1,-48.5,58.));
#87 = SURFACE_CURVE('',#88,(#92,#99),.PCURVE_S1.);
#88 = LINE('',#89,#90);
#89 = CARTESIAN_POINT('',(-73.1,-52.5,58.));
#90 = VECTOR('',#91,1.);
#91 = DIRECTION('',(0.,1.,0.));
#92 = PCURVE('',#32,#93);
#93 = DEFINITIONAL_REPRESENTATION('',(#94),#98);
#94 = LINE('',#95,#96);
#95 = CARTESIAN_POINT('',(120.,5.5));
#96 = VECTOR('',#97,1.);
#97 = DIRECTION('',(0.,-1.));
#98 = ( GEOMETRIC_REPRESENTATION_CONTEXT(2) 
PARAMETRIC_REPRESENTATION_CONTEXT() REPRESENTATION_CONTEXT('2D SPACE',''
  ) );
#99 = PCURVE('',#100,#105);
#100 = PLANE('',#101);
#101 = AXIS2_PLACEMENT_3D('',#102,#103,#104);
#102 = CARTESIAN_POINT('',(-73.1,-52.5,58.));
#103 = DIRECTION('',(0.,0.,1.));
#104 = DIRECTION('',(1.,0.,0.));
#105 = DEFINITIONAL_REPRESENTATION('',(#106),#110);
#106 = LINE('',#107,#108);
#107 = CARTESIAN_POINT('',(0.,0.));
#108 = VECTOR('',#109,1.);
#109 = DIRECTION('',(0.,1.));
#110 = ( GEOMETRIC_REPRESENTATION_CONTEXT(2) 
PARAMETRIC_REPRESENTATION_CONTEXT() REPRESENTATION_CONTEXT('2D SPACE',''
  ) );
#111 = ORIENTED_EDGE('',*,*,#112,.F.);
#112 = EDGE_CURVE('',#113,#85,#115,.T.);
#113 = VERTEX_POINT('',#114);
#114 = CARTESIAN_POINT('',(-73.1,-48.5,56.799999999999));
#115 = SURFACE_CURVE('',#116,(#120,#127),.PCURVE_S1.);
#116 = LINE('',#117,#118);
#117 = CARTESIAN_POINT('',(-73.1,-48.5,20.4));
#118 = VECTOR('',#119,1.);
#119 = DIRECTION('',(0.,0.,1.));
#120 = PCURVE('',#32,#121);
#121 = DEFINITIONAL_REPRESENTATION('',(#122),#126);
#122 = LINE('',#123,#124);
#123 = CARTESIAN_POINT('',(82.4,1.5));
#124 = VECTOR('',#125,1.);
#125 = DIRECTION('',(1.,0.));
#126 = ( GEOMETRIC_REPRESENTATION_CONTEXT(2) 
PARAMETRIC_REPRESENTATION_CONTEXT() REPRESENTATION_CONTEXT('2D SPACE',''
  ) );
#127 = PCURVE('',#128,#133);
#128 = CYLINDRICAL_SURFACE('',#129,4.);
#129 = AXIS2_PLACEMENT_3D('',#130,#131,#132);
#130 = CARTESIAN_POINT('',(-73.1,-52.5,20.4));
#131 = DIRECTION('',(0.,0.,1.));
#132 = DIRECTION('',(1.,0.,0.));
#133 = DEFINITIONAL_REPRESENTATION('',(#134),#137);
#134 = B_SPLINE_CURVE_WITH_KNOTS('',1,(#135,#136),.UNSPECIFIED.,.F.,.F.,
  (2,2),(-5.999999999062E-07,37.6000006),.PIECEWISE_BEZIER_KNOTS.);
#135 = CARTESIAN_POINT('',(1.570796326795,-5.999999999062E-07));
#136 = CARTESIAN_POINT('',(1.570796326795,37.6000006));
#137 = ( GEOMETRIC_REPRESENTATION_CONTEXT(2) 
PARAMETRIC_REPRESENTATION_CONTEXT() REPRESENTATION_CONTEXT('2D SPACE',''
  ) );
#138 = ORIENTED_EDGE('',*,*,#139,.T.);
#139 = EDGE_CURVE('',#113,#140,#142,.T.);
#140 = VERTEX_POINT('',#141);
#141 = CARTESIAN_POINT('',(-73.1,-46.5,56.8));
#142 = SURFACE_CURVE('',#143,(#147,#153),.PCURVE_S1.);
#143 = LINE('',#144,#145);
#144 = CARTESIAN_POINT('',(-73.1,-58.5,56.8));
#145 = VECTOR('',#146,1.);
#146 = DIRECTION('',(0.,1.,1.110223024625E-16));
#147 = PCURVE('',#32,#148);
#148 = DEFINITIONAL_REPRESENTATION('',(#149),#152);
#149 = B_SPLINE_CURVE_WITH_KNOTS('',1,(#150,#151),.UNSPECIFIED.,.F.,.F.,
  (2,2),(-5.999999999062E-07,12.0000006),.PIECEWISE_BEZIER_KNOTS.);
#150 = CARTESIAN_POINT('',(118.8,11.5000006));
#151 = CARTESIAN_POINT('',(118.8,-0.5000006));
#152 = ( GEOMETRIC_REPRESENTATION_CONTEXT(2) 
PARAMETRIC_REPRESENTATION_CONTEXT() REPRESENTATION_CONTEXT('2D SPACE',''
  ) );
#153 = PCURVE('',#154,#159);
#154 = CYLINDRICAL_SURFACE('',#155,0.8);
#155 = AXIS2_PLACEMENT_3D('',#156,#157,#158);
#156 = CARTESIAN_POINT('',(-73.1,-58.5,56.));
#157 = DIRECTION('',(0.,1.,1.110223024625E-16));
#158 = DIRECTION('',(1.,0.,0.));
#159 = DEFINITIONAL_REPRESENTATION('',(#160),#163);
#160 = B_SPLINE_CURVE_WITH_KNOTS('',1,(#161,#162),.UNSPECIFIED.,.F.,.F.,
  (2,2),(-5.999999999062E-07,12.0000006),.PIECEWISE_BEZIER_KNOTS.);
#161 = CARTESIAN_POINT('',(4.712388980385,-5.999999998174E-07));
#162 = CARTESIAN_POINT('',(4.712388980385,12.0000006));
#163 = ( GEOMETRIC_REPRESENTATION_CONTEXT(2) 
PARAMETRIC_REPRESENTATION_CONTEXT() REPRESENTATION_CONTEXT('2D SPACE',''
  ) );
#164 = ORIENTED_EDGE('',*,*,#165,.F.);
#165 = EDGE_CURVE('',#166,#140,#168,.T.);
#166 = VERTEX_POINT('',#167);
#167 = CARTESIAN_POINT('',(-73.1,-46.5,55.2));
#168 = SURFACE_CURVE('',#169,(#173,#179),.PCURVE_S1.);
#169 = LINE('',#170,#171);
#170 = CARTESIAN_POINT('',(-73.1,-46.5,-3.));
#171 = VECTOR('',#172,1.);
#172 = DIRECTION('',(0.,-1.110223024625E-16,1.));
#173 = PCURVE('',#32,#174);
#174 = DEFINITIONAL_REPRESENTATION('',(#175),#178);
#175 = B_SPLINE_CURVE_WITH_KNOTS('',1,(#176,#177),.UNSPECIFIED.,.F.,.F.,
  (2,2),(58.2,59.8),.PIECEWISE_BEZIER_KNOTS.);
#176 = CARTESIAN_POINT('',(117.2,-0.5));
#177 = CARTESIAN_POINT('',(118.8,-0.5));
#178 = ( GEOMETRIC_REPRESENTATION_CONTEXT(2) 
PARAMETRIC_REPRESENTATION_CONTEXT() REPRESENTATION_CONTEXT('2D SPACE',''
  ) );
#179 = PCURVE('',#180,#185);
#180 = PLANE('',#181);
#181 = AXIS2_PLACEMENT_3D('',#182,#183,#184);
#182 = CARTESIAN_POINT('',(-73.1,-46.5,56.));
#183 = DIRECTION('',(0.,1.,1.110223024625E-16));
#184 = DIRECTION('',(1.,0.,0.));
#185 = DEFINITIONAL_REPRESENTATION('',(#186),#189);
#186 = B_SPLINE_CURVE_WITH_KNOTS('',1,(#187,#188),.UNSPECIFIED.,.F.,.F.,
  (2,2),(58.2,59.8),.PIECEWISE_BEZIER_KNOTS.);
#187 = CARTESIAN_POINT('',(0.,0.8));
#188 = CARTESIAN_POINT('',(0.,-0.8));
#189 = ( GEOMETRIC_REPRESENTATION_CONTEXT(2) 
PARAMETRIC_REPRESENTATION_CONTEXT() REPRESENTATION_CONTEXT('2D SPACE',''
  ) );
#190 = ORIENTED_EDGE('',*,*,#191,.F.);
#191 = EDGE_CURVE('',#192,#166,#194,.T.);
#192 = VERTEX_POINT('',#193);
#193 = CARTESIAN_POINT('',(-73.1,-48.5,55.200000000001));
#194 = SURFACE_CURVE('',#195,(#199,#205),.PCURVE_S1.);
#195 = LINE('',#196,#197);
#196 = CARTESIAN_POINT('',(-73.1,-58.5,55.2));
#197 = VECTOR('',#198,1.);
#198 = DIRECTION('',(0.,1.,1.110223024625E-16));
#199 = PCURVE('',#32,#200);
#200 = DEFINITIONAL_REPRESENTATION('',(#201),#204);
#201 = B_SPLINE_CURVE_WITH_KNOTS('',1,(#202,#203),.UNSPECIFIED.,.F.,.F.,
  (2,2),(-5.999999999062E-07,12.0000006),.PIECEWISE_BEZIER_KNOTS.);
#202 = CARTESIAN_POINT('',(117.2,11.5000006));
#203 = CARTESIAN_POINT('',(117.2,-0.5000006));
#204 = ( GEOMETRIC_REPRESENTATION_CONTEXT(2) 
PARAMETRIC_REPRESENTATION_CONTEXT() REPRESENTATION_CONTEXT('2D SPACE',''
  ) );
#205 = PCURVE('',#154,#206);
#206 = DEFINITIONAL_REPRESENTATION('',(#207),#210);
#207 = B_SPLINE_CURVE_WITH_KNOTS('',1,(#208,#209),.UNSPECIFIED.,.F.,.F.,
  (2,2),(-5.999999999062E-07,12.0000006),.PIECEWISE_BEZIER_KNOTS.);
#208 = CARTESIAN_POINT('',(1.570796326795,-5.99999999995E-07));
#209 = CARTESIAN_POINT('',(1.570796326795,12.0000006));
#210 = ( GEOMETRIC_REPRESENTATION_CONTEXT(2) 
PARAMETRIC_REPRESENTATION_CONTEXT() REPRESENTATION_CONTEXT('2D SPACE',''
  ) );
#211 = ORIENTED_EDGE('',*,*,#212,.F.);
#212 = EDGE_CURVE('',#213,#192,#215,.T.);
#213 = VERTEX_POINT('',#214);
#214 = CARTESIAN_POINT('',(-73.1,-48.5,20.4));
#215 = SURFACE_CURVE('',#216,(#220,#227),.PCURVE_S1.);
#216 = LINE('',#217,#218);
#217 = CARTESIAN_POINT('',(-73.1,-48.5,20.4));
#218 = VECTOR('',#219,1.);
#219 = DIRECTION('',(0.,0.,1.));
#220 = PCURVE('',#32,#221);
#221 = DEFINITIONAL_REPRESENTATION('',(#222),#226);
#222 = LINE('',#223,#224);
#223 = CARTESIAN_POINT('',(82.4,1.5));
#224 = VECTOR('',#225,1.);
#225 = DIRECTION('',(1.,0.));
#226 = ( GEOMETRIC_REPRESENTATION_CONTEXT(2) 
PARAMETRIC_REPRESENTATION_CONTEXT() REPRESENTATION_CONTEXT('2D SPACE',''
  ) );
#227 = PCURVE('',#128,#228);
#228 = DEFINITIONAL_REPRESENTATION('',(#229),#232);
#229 = B_SPLINE_CURVE_WITH_KNOTS('',1,(#230,#231),.UNSPECIFIED.,.F.,.F.,
  (2,2),(-5.999999999062E-07,37.6000006),.PIECEWISE_BEZIER_KNOTS.);
#230 = CARTESIAN_POINT('',(1.570796326795,-5.999999999062E-07));
#231 = CARTESIAN_POINT('',(1.570796326795,37.6000006));
#232 = ( GEOMETRIC_REPRESENTATION_CONTEXT(2) 
PARAMETRIC_REPRESENTATION_CONTEXT() REPRESENTATION_CONTEXT('2D SPACE',''
  ) );
#233 = ORIENTED_EDGE('',*,*,#234,.T.);
#234 = EDGE_CURVE('',#213,#235,#237,.T.);
#235 = VERTEX_POINT('',#236);
#236 = CARTESIAN_POINT('',(-73.1,-47.,20.4));
#237 = SURFACE_CURVE('',#238,(#242,#249),.PCURVE_S1.);
#238 = LINE('',#239,#240);
#239 = CARTESIAN_POINT('',(-73.1,-52.5,20.4));
#240 = VECTOR('',#241,1.);
#241 = DIRECTION('',(0.,1.,0.));
#242 = PCURVE('',#32,#243);
#243 = DEFINITIONAL_REPRESENTATION('',(#244),#248);
#244 = LINE('',#245,#246);
#245 = CARTESIAN_POINT('',(82.4,5.5));
#246 = VECTOR('',#247,1.);
#247 = DIRECTION('',(0.,-1.));
#248 = ( GEOMETRIC_REPRESENTATION_CONTEXT(2) 
PARAMETRIC_REPRESENTATION_CONTEXT() REPRESENTATION_CONTEXT('2D SPACE',''
  ) );
#249 = PCURVE('',#250,#255);
#250 = PLANE('',#251);
#251 = AXIS2_PLACEMENT_3D('',#252,#253,#254);
#252 = CARTESIAN_POINT('',(-73.1,-52.5,20.4));
#253 = DIRECTION('',(0.,0.,1.));
#254 = DIRECTION('',(1.,0.,0.));
#255 = DEFINITIONAL_REPRESENTATION('',(#256),#260);
#256 = LINE('',#257,#258);
#257 = CARTESIAN_POINT('',(0.,0.));
#258 = VECTOR('',#259,1.);
#259 = DIRECTION('',(0.,1.));
#260 = ( GEOMETRIC_REPRESENTATION_CONTEXT(2) 
PARAMETRIC_REPRESENTATION_CONTEXT() REPRESENTATION_CONTEXT('2D SPACE',''
  ) );
#261 = ORIENTED_EDGE('',*,*,#262,.F.);
#262 = EDGE_CURVE('',#263,#235,#265,.T.);
#263 = VERTEX_POINT('',#264);
#264 = CARTESIAN_POINT('',(-73.1,-47.,-20.4));
#265 = SURFACE_CURVE('',#266,(#270,#277),.PCURVE_S1.);
#266 = LINE('',#267,#268);
#267 = CARTESIAN_POINT('',(-73.1,-47.,-62.));
#268 = VECTOR('',#269,1.);
#269 = DIRECTION('',(0.,0.,1.));
#270 = PCURVE('',#32,#271);
#271 = DEFINITIONAL_REPRESENTATION('',(#272),#276);
#272 = LINE('',#273,#274);
#273 = CARTESIAN_POINT('',(0.,0.));
#274 = VECTOR('',#275,1.);
#275 = DIRECTION('',(1.,0.));
#276 = ( GEOMETRIC_REPRESENTATION_CONTEXT(2) 
PARAMETRIC_REPRESENTATION_CONTEXT() REPRESENTATION_CONTEXT('2D SPACE',''
  ) );
#277 = PCURVE('',#72,#278);
#278 = DEFINITIONAL_REPRESENTATION('',(#279),#283);
#279 = LINE('',#280,#281);
#280 = CARTESIAN_POINT('',(0.,0.));
#281 = VECTOR('',#282,1.);
#282 = DIRECTION('',(1.,0.));
#283 = ( GEOMETRIC_REPRESENTATION_CONTEXT(2) 
PARAMETRIC_REPRESENTATION_CONTEXT() REPRESENTATION_CONTEXT('2D SPACE',''
  ) );
#284 = ORIENTED_EDGE('',*,*,#285,.F.);
#285 = EDGE_CURVE('',#286,#263,#288,.T.);
#286 = VERTEX_POINT('',#287);
#287 = CARTESIAN_POINT('',(-73.1,-48.5,-20.4));
#288 = SURFACE_CURVE('',#289,(#293,#300),.PCURVE_S1.);
#289 = LINE('',#290,#291);
#290 = CARTESIAN_POINT('',(-73.1,-52.5,-20.4));
#291 = VECTOR('',#292,1.);
#292 = DIRECTION('',(0.,1.,0.));
#293 = PCURVE('',#32,#294);
#294 = DEFINITIONAL_REPRESENTATION('',(#295),#299);
#295 = LINE('',#296,#297);
#296 = CARTESIAN_POINT('',(41.6,5.5));
#297 = VECTOR('',#298,1.);
#298 = DIRECTION('',(0.,-1.));
#299 = ( GEOMETRIC_REPRESENTATION_CONTEXT(2) 
PARAMETRIC_REPRESENTATION_CONTEXT() REPRESENTATION_CONTEXT('2D SPACE',''
  ) );
#300 = PCURVE('',#301,#306);
#301 = PLANE('',#302);
#302 = AXIS2_PLACEMENT_3D('',#303,#304,#305);
#303 = CARTESIAN_POINT('',(-73.1,-52.5,-20.4));
#304 = DIRECTION('',(0.,0.,1.));
#305 = DIRECTION('',(1.,0.,0.));
#306 = DEFINITIONAL_REPRESENTATION('',(#307),#311);
#307 = LINE('',#308,#309);
#308 = CARTESIAN_POINT('',(0.,0.));
#309 = VECTOR('',#310,1.);
#310 = DIRECTION('',(0.,1.));
#311 = ( GEOMETRIC_REPRESENTATION_CONTEXT(2) 
PARAMETRIC_REPRESENTATION_CONTEXT() REPRESENTATION_CONTEXT('2D SPACE',''
  ) );
#312 = ORIENTED_EDGE('',*,*,#313,.F.);
#313 = EDGE_CURVE('',#314,#286,#316,.T.);
#314 = VERTEX_POINT('',#315);
#315 = CARTESIAN_POINT('',(-73.1,-48.5,-58.));
#316 = SURFACE_CURVE('',#317,(#321,#328),.PCURVE_S1.);
#317 = LINE('',#318,#319);
#318 = CARTESIAN_POINT('',(-73.1,-48.5,-58.));
#319 = VECTOR('',#320,1.);
#320 = DIRECTION('',(0.,0.,1.));
#321 = PCURVE('',#32,#322);
#322 = DEFINITIONAL_REPRESENTATION('',(#323),#327);
#323 = LINE('',#324,#325);
#324 = CARTESIAN_POINT('',(4.,1.5));
#325 = VECTOR('',#326,1.);
#326 = DIRECTION('',(1.,0.));
#327 = ( GEOMETRIC_REPRESENTATION_CONTEXT(2) 
PARAMETRIC_REPRESENTATION_CONTEXT() REPRESENTATION_CONTEXT('2D SPACE',''
  ) );
#328 = PCURVE('',#329,#334);
#329 = CYLINDRICAL_SURFACE('',#330,4.);
#330 = AXIS2_PLACEMENT_3D('',#331,#332,#333);
#331 = CARTESIAN_POINT('',(-73.1,-52.5,-58.));
#332 = DIRECTION('',(0.,0.,1.));
#333 = DIRECTION('',(1.,0.,0.));
#334 = DEFINITIONAL_REPRESENTATION('',(#335),#338);
#335 = B_SPLINE_CURVE_WITH_KNOTS('',1,(#336,#337),.UNSPECIFIED.,.F.,.F.,
  (2,2),(-5.999999999062E-07,37.6000006),.PIECEWISE_BEZIER_KNOTS.);
#336 = CARTESIAN_POINT('',(1.570796326795,-5.999999999062E-07));
#337 = CARTESIAN_POINT('',(1.570796326795,37.6000006));
#338 = ( GEOMETRIC_REPRESENTATION_CONTEXT(2) 
PARAMETRIC_REPRESENTATION_CONTEXT() REPRESENTATION_CONTEXT('2D SPACE',''
  ) );
#339 = ORIENTED_EDGE('',*,*,#340,.T.);
#340 = EDGE_CURVE('',#314,#341,#343,.T.);
#341 = VERTEX_POINT('',#342);
#342 = CARTESIAN_POINT('',(-73.1,-47.,-58.));
#343 = SURFACE_CURVE('',#344,(#348,#355),.PCURVE_S1.);
#344 = LINE('',#345,#346);
#345 = CARTESIAN_POINT('',(-73.1,-52.5,-58.));
#346 = VECTOR('',#347,1.);
#347 = DIRECTION('',(0.,1.,0.));
#348 = PCURVE('',#32,#349);
#349 = DEFINITIONAL_REPRESENTATION('',(#350),#354);
#350 = LINE('',#351,#352);
#351 = CARTESIAN_POINT('',(4.,5.5));
#352 = VECTOR('',#353,1.);
#353 = DIRECTION('',(0.,-1.));
#354 = ( GEOMETRIC_REPRESENTATION_CONTEXT(2) 
PARAMETRIC_REPRESENTATION_CONTEXT() REPRESENTATION_CONTEXT('2D SPACE',''
  ) );
#355 = PCURVE('',#356,#361);
#356 = PLANE('',#357);
#357 = AXIS2_PLACEMENT_3D('',#358,#359,#360);
#358 = CARTESIAN_POINT('',(-73.1,-52.5,-58.));
#359 = DIRECTION('',(0.,0.,1.));
#360 = DIRECTION('',(1.,0.,0.));
#361 = DEFINITIONAL_REPRESENTATION('',(#362),#366);
#362 = LINE('',#363,#364);
#363 = CARTESIAN_POINT('',(0.,0.));
#364 = VECTOR('',#365,1.);
#365 = DIRECTION('',(0.,1.));
#366 = ( GEOMETRIC_REPRESENTATION_CONTEXT(2) 
PARAMETRIC_REPRESENTATION_CONTEXT() REPRESENTATION_CONTEXT('2D SPACE',''
  ) );
#367 = ORIENTED_EDGE('',*,*,#368,.F.);
#368 = EDGE_CURVE('',#369,#341,#371,.T.);
#369 = VERTEX_POINT('',#370);
#370 = CARTESIAN_POINT('',(-73.1,-47.,-62.));
#371 = SURFACE_CURVE('',#372,(#376,#383),.PCURVE_S1.);
#372 = LINE('',#373,#374);
#373 = CARTESIAN_POINT('',(-73.1,-47.,-62.));
#374 = VECTOR('',#375,1.);
#375 = DIRECTION('',(0.,0.,1.));
#376 = PCURVE('',#32,#377);
#377 = DEFINITIONAL_REPRESENTATION('',(#378),#382);
#378 = LINE('',#379,#380);
#379 = CARTESIAN_POINT('',(0.,0.));
#380 = VECTOR('',#381,1.);
#381 = DIRECTION('',(1.,0.));
#382 = ( GEOMETRIC_REPRESENTATION_CONTEXT(2) 
PARAMETRIC_REPRESENTATION_CONTEXT() REPRESENTATION_CONTEXT('2D SPACE',''
  ) );
#383 = PCURVE('',#72,#384);
#384 = DEFINITIONAL_REPRESENTATION('',(#385),#389);
#385 = LINE('',#386,#387);
#386 = CARTESIAN_POINT('',(0.,0.));
#387 = VECTOR('',#388,1.);
#388 = DIRECTION('',(1.,0.));
#389 = ( GEOMETRIC_REPRESENTATION_CONTEXT(2) 
PARAMETRIC_REPRESENTATION_CONTEXT() REPRESENTATION_CONTEXT('2D SPACE',''
  ) );
#390 = ORIENTED_EDGE('',*,*,#391,.F.);
#391 = EDGE_CURVE('',#392,#369,#394,.T.);
#392 = VERTEX_POINT('',#393);
#393 = CARTESIAN_POINT('',(-73.1,57.,-62.));
#394 = SURFACE_CURVE('',#395,(#399,#406),.PCURVE_S1.);
#395 = LINE('',#396,#397);
#396 = CARTESIAN_POINT('',(-73.1,57.,-62.));
#397 = VECTOR('',#398,1.);
#398 = DIRECTION('',(0.,-1.,0.));
#399 = PCURVE('',#32,#400);
#400 = DEFINITIONAL_REPRESENTATION('',(#401),#405);
#401 = LINE('',#402,#403);
#402 = CARTESIAN_POINT('',(0.,-104.));
#403 = VECTOR('',#404,1.);
#404 = DIRECTION('',(0.,1.));
#405 = ( GEOMETRIC_REPRESENTATION_CONTEXT(2) 
PARAMETRIC_REPRESENTATION_CONTEXT() REPRESENTATION_CONTEXT('2D SPACE',''
  ) );
#406 = PCURVE('',#407,#412);
#407 = PLANE('',#408);
#408 = AXIS2_PLACEMENT_3D('',#409,#410,#411);
#409 = CARTESIAN_POINT('',(-73.1,-47.,-62.));
#410 = DIRECTION('',(0.,0.,1.));
#411 = DIRECTION('',(1.,0.,0.));
#412 = DEFINITIONAL_REPRESENTATION('',(#413),#417);
#413 = LINE('',#414,#415);
#414 = CARTESIAN_POINT('',(0.,104.));
#415 = VECTOR('',#416,1.);
#416 = DIRECTION('',(0.,-1.));
#417 = ( GEOMETRIC_REPRESENTATION_CONTEXT(2) 
PARAMETRIC_REPRESENTATION_CONTEXT() REPRESENTATION_CONTEXT('2D SPACE',''
  ) );
#418 = ORIENTED_EDGE('',*,*,#419,.F.);
#419 = EDGE_CURVE('',#24,#392,#420,.T.);
#420 = SURFACE_CURVE('',#421,(#425,#432),.PCURVE_S1.);
#421 = LINE('',#422,#423);
#422 = CARTESIAN_POINT('',(-73.1,57.,62.));
#423 = VECTOR('',#424,1.);
#424 = DIRECTION('',(0.,0.,-1.));
#425 = PCURVE('',#32,#426);
#426 = DEFINITIONAL_REPRESENTATION('',(#427),#431);
#427 = LINE('',#428,#429);
#428 = CARTESIAN_POINT('',(124.,-104.));
#429 = VECTOR('',#430,1.);
#430 = DIRECTION('',(-1.,0.));
#431 = ( GEOMETRIC_REPRESENTATION_CONTEXT(2) 
PARAMETRIC_REPRESENTATION_CONTEXT() REPRESENTATION_CONTEXT('2D SPACE',''
  ) );
#432 = PCURVE('',#433,#438);
#433 = PLANE('',#434);
#434 = AXIS2_PLACEMENT_3D('',#435,#436,#437);
#435 = CARTESIAN_POINT('',(-73.1,57.,-62.));
#436 = DIRECTION('',(0.,1.,0.));
#437 = DIRECTION('',(0.,0.,1.));
#438 = DEFINITIONAL_REPRESENTATION('',(#439),#443);
#439 = LINE('',#440,#441);
#440 = CARTESIAN_POINT('',(124.,0.));
#441 = VECTOR('',#442,1.);
#442 = DIRECTION('',(-1.,0.));
#443 = ( GEOMETRIC_REPRESENTATION_CONTEXT(2) 
PARAMETRIC_REPRESENTATION_CONTEXT() REPRESENTATION_CONTEXT('2D SPACE',''
  ) );
#444 = FACE_BOUND('',#445,.F.);
#445 = EDGE_LOOP('',(#446));
#446 = ORIENTED_EDGE('',*,*,#447,.F.);
#447 = EDGE_CURVE('',#448,#448,#450,.T.);
#448 = VERTEX_POINT('',#449);
#449 = CARTESIAN_POINT('',(-73.1,52.5,-32.));
#450 = SURFACE_CURVE('',#451,(#456,#463),.PCURVE_S1.);
#451 = CIRCLE('',#452,2.);
#452 = AXIS2_PLACEMENT_3D('',#453,#454,#455);
#453 = CARTESIAN_POINT('',(-73.1,52.5,-30.));
#454 = DIRECTION('',(1.,0.,1.110223024625E-16));
#455 = DIRECTION('',(1.110223024625E-16,0.,-1.));
#456 = PCURVE('',#32,#457);
#457 = DEFINITIONAL_REPRESENTATION('',(#458),#462);
#458 = CIRCLE('',#459,2.);
#459 = AXIS2_PLACEMENT_2D('',#460,#461);
#460 = CARTESIAN_POINT('',(32.,-99.5));
#461 = DIRECTION('',(-1.,0.));
#462 = ( GEOMETRIC_REPRESENTATION_CONTEXT(2) 
PARAMETRIC_REPRESENTATION_CONTEXT() REPRESENTATION_CONTEXT('2D SPACE',''
  ) );
#463 = PCURVE('',#464,#469);
#464 = CYLINDRICAL_SURFACE('',#465,2.);
#465 = AXIS2_PLACEMENT_3D('',#466,#467,#468);
#466 = CARTESIAN_POINT('',(-73.2,52.5,-30.));
#467 = DIRECTION('',(1.,0.,1.110223024625E-16));
#468 = DIRECTION('',(1.110223024625E-16,0.,-1.));
#469 = DEFINITIONAL_REPRESENTATION('',(#470),#474);
#470 = LINE('',#471,#472);
#471 = CARTESIAN_POINT('',(0.,9.999999999999E-02));
#472 = VECTOR('',#473,1.);
#473 = DIRECTION('',(1.,0.));
#474 = ( GEOMETRIC_REPRESENTATION_CONTEXT(2) 
PARAMETRIC_REPRESENTATION_CONTEXT() REPRESENTATION_CONTEXT('2D SPACE',''
  ) );
#475 = FACE_BOUND('',#476,.F.);
#476 = EDGE_LOOP('',(#477));
#477 = ORIENTED_EDGE('',*,*,#478,.F.);
#478 = EDGE_CURVE('',#479,#479,#481,.T.);
#479 = VERTEX_POINT('',#480);
#480 = CARTESIAN_POINT('',(-73.1,52.5,28.));
#481 = SURFACE_CURVE('',#482,(#487,#494),.PCURVE_S1.);
#482 = CIRCLE('',#483,2.);
#483 = AXIS2_PLACEMENT_3D('',#484,#485,#486);
#484 = CARTESIAN_POINT('',(-73.1,52.5,30.));
#485 = DIRECTION('',(1.,0.,1.110223024625E-16));
#486 = DIRECTION('',(1.110223024625E-16,0.,-1.));
#487 = PCURVE('',#32,#488);
#488 = DEFINITIONAL_REPRESENTATION('',(#489),#493);
#489 = CIRCLE('',#490,2.);
#490 = AXIS2_PLACEMENT_2D('',#491,#492);
#491 = CARTESIAN_POINT('',(92.,-99.5));
#492 = DIRECTION('',(-1.,0.));
#493 = ( GEOMETRIC_REPRESENTATION_CONTEXT(2) 
PARAMETRIC_REPRESENTATION_CONTEXT() REPRESENTATION_CONTEXT('2D SPACE',''
  ) );
#494 = PCURVE('',#495,#500);
#495 = CYLINDRICAL_SURFACE('',#496,2.);
#496 = AXIS2_PLACEMENT_3D('',#497,#498,#499);
#497 = CARTESIAN_POINT('',(-73.2,52.5,30.));
#498 = DIRECTION('',(1.,0.,1.110223024625E-16));
#499 = DIRECTION('',(1.110223024625E-16,0.,-1.));
#500 = DEFINITIONAL_REPRESENTATION('',(#501),#505);
#501 = LINE('',#502,#503);
#502 = CARTESIAN_POINT('',(0.,9.999999999999E-02));
#503 = VECTOR('',#504,1.);
#504 = DIRECTION('',(1.,0.));
#505 = ( GEOMETRIC_REPRESENTATION_CONTEXT(2) 
PARAMETRIC_REPRESENTATION_CONTEXT() REPRESENTATION_CONTEXT('2D SPACE',''
  ) );
#506 = FACE_BOUND('',#507,.F.);
#507 = EDGE_LOOP('',(#508));
#508 = ORIENTED_EDGE('',*,*,#509,.F.);
#509 = EDGE_CURVE('',#510,#510,#512,.T.);
#510 = VERTEX_POINT('',#511);
#511 = CARTESIAN_POINT('',(-73.1,-1.102182119233E-15,-39.5));
#512 = SURFACE_CURVE('',#513,(#518,#525),.PCURVE_S1.);
#513 = CIRCLE('',#514,4.5);
#514 = AXIS2_PLACEMENT_3D('',#515,#516,#517);
#515 = CARTESIAN_POINT('',(-73.1,0.,-35.));
#516 = DIRECTION('',(1.,0.,1.110223024625E-16));
#517 = DIRECTION('',(1.110223024625E-16,0.,-1.));
#518 = PCURVE('',#32,#519);
#519 = DEFINITIONAL_REPRESENTATION('',(#520),#524);
#520 = CIRCLE('',#521,4.5);
#521 = AXIS2_PLACEMENT_2D('',#522,#523);
#522 = CARTESIAN_POINT('',(27.,-47.));
#523 = DIRECTION('',(-1.,0.));
#524 = ( GEOMETRIC_REPRESENTATION_CONTEXT(2) 
PARAMETRIC_REPRESENTATION_CONTEXT() REPRESENTATION_CONTEXT('2D SPACE',''
  ) );
#525 = PCURVE('',#526,#531);
#526 = CYLINDRICAL_SURFACE('',#527,4.5);
#527 = AXIS2_PLACEMENT_3D('',#528,#529,#530);
#528 = CARTESIAN_POINT('',(-73.2,0.,-35.));
#529 = DIRECTION('',(1.,0.,1.110223024625E-16));
#530 = DIRECTION('',(1.110223024625E-16,0.,-1.));
#531 = DEFINITIONAL_REPRESENTATION('',(#532),#536);
#532 = LINE('',#533,#534);
#533 = CARTESIAN_POINT('',(0.,9.999999999999E-02));
#534 = VECTOR('',#535,1.);
#535 = DIRECTION('',(1.,0.));
#536 = ( GEOMETRIC_REPRESENTATION_CONTEXT(2) 
PARAMETRIC_REPRESENTATION_CONTEXT() REPRESENTATION_CONTEXT('2D SPACE',''
  ) );
#537 = FACE_BOUND('',#538,.F.);
#538 = EDGE_LOOP('',(#539,#569,#597,#625));
#539 = ORIENTED_EDGE('',*,*,#540,.T.);
#540 = EDGE_CURVE('',#541,#543,#545,.T.);
#541 = VERTEX_POINT('',#542);
#542 = CARTESIAN_POINT('',(-73.1,12.,-57.));
#543 = VERTEX_POINT('',#544);
#544 = CARTESIAN_POINT('',(-73.1,12.,57.));
#545 = SURFACE_CURVE('',#546,(#550,#557),.PCURVE_S1.);
#546 = LINE('',#547,#548);
#547 = CARTESIAN_POINT('',(-73.1,12.,-57.));
#548 = VECTOR('',#549,1.);
#549 = DIRECTION('',(0.,0.,1.));
#550 = PCURVE('',#32,#551);
#551 = DEFINITIONAL_REPRESENTATION('',(#552),#556);
#552 = LINE('',#553,#554);
#553 = CARTESIAN_POINT('',(5.,-59.));
#554 = VECTOR('',#555,1.);
#555 = DIRECTION('',(1.,0.));
#556 = ( GEOMETRIC_REPRESENTATION_CONTEXT(2) 
PARAMETRIC_REPRESENTATION_CONTEXT() REPRESENTATION_CONTEXT('2D SPACE',''
  ) );
#557 = PCURVE('',#558,#563);
#558 = PLANE('',#559);
#559 = AXIS2_PLACEMENT_3D('',#560,#561,#562);
#560 = CARTESIAN_POINT('',(-73.1,12.,-57.));
#561 = DIRECTION('',(0.,1.,0.));
#562 = DIRECTION('',(0.,0.,1.));
#563 = DEFINITIONAL_REPRESENTATION('',(#564),#568);
#564 = LINE('',#565,#566);
#565 = CARTESIAN_POINT('',(0.,0.));
#566 = VECTOR('',#567,1.);
#567 = DIRECTION('',(1.,0.));
#568 = ( GEOMETRIC_REPRESENTATION_CONTEXT(2) 
PARAMETRIC_REPRESENTATION_CONTEXT() REPRESENTATION_CONTEXT('2D SPACE',''
  ) );
#569 = ORIENTED_EDGE('',*,*,#570,.T.);
#570 = EDGE_CURVE('',#543,#571,#573,.T.);
#571 = VERTEX_POINT('',#572);
#572 = CARTESIAN_POINT('',(-73.1,18.5,57.));
#573 = SURFACE_CURVE('',#574,(#578,#585),.PCURVE_S1.);
#574 = LINE('',#575,#576);
#575 = CARTESIAN_POINT('',(-73.1,12.,57.));
#576 = VECTOR('',#577,1.);
#577 = DIRECTION('',(0.,1.,0.));
#578 = PCURVE('',#32,#579);
#579 = DEFINITIONAL_REPRESENTATION('',(#580),#584);
#580 = LINE('',#581,#582);
#581 = CARTESIAN_POINT('',(119.,-59.));
#582 = VECTOR('',#583,1.);
#583 = DIRECTION('',(0.,-1.));
#584 = ( GEOMETRIC_REPRESENTATION_CONTEXT(2) 
PARAMETRIC_REPRESENTATION_CONTEXT() REPRESENTATION_CONTEXT('2D SPACE',''
  ) );
#585 = PCURVE('',#586,#591);
#586 = PLANE('',#587);
#587 = AXIS2_PLACEMENT_3D('',#588,#589,#590);
#588 = CARTESIAN_POINT('',(-73.1,12.,57.));
#589 = DIRECTION('',(0.,0.,1.));
#590 = DIRECTION('',(1.,0.,0.));
#591 = DEFINITIONAL_REPRESENTATION('',(#592),#596);
#592 = LINE('',#593,#594);
#593 = CARTESIAN_POINT('',(0.,0.));
#594 = VECTOR('',#595,1.);
#595 = DIRECTION('',(0.,1.));
#596 = ( GEOMETRIC_REPRESENTATION_CONTEXT(2) 
PARAMETRIC_REPRESENTATION_CONTEXT() REPRESENTATION_CONTEXT('2D SPACE',''
  ) );
#597 = ORIENTED_EDGE('',*,*,#598,.F.);
#598 = EDGE_CURVE('',#599,#571,#601,.T.);
#599 = VERTEX_POINT('',#600);
#600 = CARTESIAN_POINT('',(-73.1,18.5,-57.));
#601 = SURFACE_CURVE('',#602,(#606,#613),.PCURVE_S1.);
#602 = LINE('',#603,#604);
#603 = CARTESIAN_POINT('',(-73.1,18.5,-57.));
#604 = VECTOR('',#605,1.);
#605 = DIRECTION('',(0.,0.,1.));
#606 = PCURVE('',#32,#607);
#607 = DEFINITIONAL_REPRESENTATION('',(#608),#612);
#608 = LINE('',#609,#610);
#609 = CARTESIAN_POINT('',(5.,-65.5));
#610 = VECTOR('',#611,1.);
#611 = DIRECTION('',(1.,0.));
#612 = ( GEOMETRIC_REPRESENTATION_CONTEXT(2) 
PARAMETRIC_REPRESENTATION_CONTEXT() REPRESENTATION_CONTEXT('2D SPACE',''
  ) );
#613 = PCURVE('',#614,#619);
#614 = PLANE('',#615);
#615 = AXIS2_PLACEMENT_3D('',#616,#617,#618);
#616 = CARTESIAN_POINT('',(-73.1,18.5,-57.));
#617 = DIRECTION('',(0.,1.,0.));
#618 = DIRECTION('',(0.,0.,1.));
#619 = DEFINITIONAL_REPRESENTATION('',(#620),#624);
#620 = LINE('',#621,#622);
#621 = CARTESIAN_POINT('',(0.,0.));
#622 = VECTOR('',#623,1.);
#623 = DIRECTION('',(1.,0.));
#624 = ( GEOMETRIC_REPRESENTATION_CONTEXT(2) 
PARAMETRIC_REPRESENTATION_CONTEXT() REPRESENTATION_CONTEXT('2D SPACE',''
  ) );
#625 = ORIENTED_EDGE('',*,*,#626,.F.);
#626 = EDGE_CURVE('',#541,#599,#627,.T.);
#627 = SURFACE_CURVE('',#628,(#632,#639),.PCURVE_S1.);
#628 = LINE('',#629,#630);
#629 = CARTESIAN_POINT('',(-73.1,12.,-57.));
#630 = VECTOR('',#631,1.);
#631 = DIRECTION('',(0.,1.,0.));
#632 = PCURVE('',#32,#633);
#633 = DEFINITIONAL_REPRESENTATION('',(#634),#638);
#634 = LINE('',#635,#636);
#635 = CARTESIAN_POINT('',(5.,-59.));
#636 = VECTOR('',#637,1.);
#637 = DIRECTION('',(0.,-1.));
#638 = ( GEOMETRIC_REPRESENTATION_CONTEXT(2) 
PARAMETRIC_REPRESENTATION_CONTEXT() REPRESENTATION_CONTEXT('2D SPACE',''
  ) );
#639 = PCURVE('',#640,#645);
#640 = PLANE('',#641);
#641 = AXIS2_PLACEMENT_3D('',#642,#643,#644);
#642 = CARTESIAN_POINT('',(-73.1,12.,-57.));
#643 = DIRECTION('',(0.,0.,1.));
#644 = DIRECTION('',(1.,0.,0.));
#645 = DEFINITIONAL_REPRESENTATION('',(#646),#650);
#646 = LINE('',#647,#648);
#647 = CARTESIAN_POINT('',(0.,0.));
#648 = VECTOR('',#649,1.);
#649 = DIRECTION('',(0.,1.));
#650 = ( GEOMETRIC_REPRESENTATION_CONTEXT(2) 
PARAMETRIC_REPRESENTATION_CONTEXT() REPRESENTATION_CONTEXT('2D SPACE',''
  ) );
#651 = FACE_BOUND('',#652,.F.);
#652 = EDGE_LOOP('',(#653));
#653 = ORIENTED_EDGE('',*,*,#654,.F.);
#654 = EDGE_CURVE('',#655,#655,#657,.T.);
#655 = VERTEX_POINT('',#656);
#656 = CARTESIAN_POINT('',(-73.1,-1.102182119233E-15,30.5));
#657 = SURFACE_CURVE('',#658,(#663,#670),.PCURVE_S1.);
#658 = CIRCLE('',#659,4.5);
#659 = AXIS2_PLACEMENT_3D('',#660,#661,#662);
#660 = CARTESIAN_POINT('',(-73.1,0.,35.));
#661 = DIRECTION('',(1.,0.,1.110223024625E-16));
#662 = DIRECTION('',(1.110223024625E-16,0.,-1.));
#663 = PCURVE('',#32,#664);
#664 = DEFINITIONAL_REPRESENTATION('',(#665),#669);
#665 = CIRCLE('',#666,4.5);
#666 = AXIS2_PLACEMENT_2D('',#667,#668);
#667 = CARTESIAN_POINT('',(97.,-47.));
#668 = DIRECTION('',(-1.,0.));
#669 = ( GEOMETRIC_REPRESENTATION_CONTEXT(2) 
PARAMETRIC_REPRESENTATION_CONTEXT() REPRESENTATION_CONTEXT('2D SPACE',''
  ) );
#670 = PCURVE('',#671,#676);
#671 = CYLINDRICAL_SURFACE('',#672,4.5);
#672 = AXIS2_PLACEMENT_3D('',#673,#674,#675);
#673 = CARTESIAN_POINT('',(-73.2,0.,35.));
#674 = DIRECTION('',(1.,0.,1.110223024625E-16));
#675 = DIRECTION('',(1.110223024625E-16,0.,-1.));
#676 = DEFINITIONAL_REPRESENTATION('',(#677),#681);
#677 = LINE('',#678,#679);
#678 = CARTESIAN_POINT('',(0.,9.999999999999E-02));
#679 = VECTOR('',#680,1.);
#680 = DIRECTION('',(1.,0.));
#681 = ( GEOMETRIC_REPRESENTATION_CONTEXT(2) 
PARAMETRIC_REPRESENTATION_CONTEXT() REPRESENTATION_CONTEXT('2D SPACE',''
  ) );
#682 = FACE_BOUND('',#683,.F.);
#683 = EDGE_LOOP('',(#684,#714,#742,#770));
#684 = ORIENTED_EDGE('',*,*,#685,.T.);
#685 = EDGE_CURVE('',#686,#688,#690,.T.);
#686 = VERTEX_POINT('',#687);
#687 = CARTESIAN_POINT('',(-73.1,-18.5,-57.));
#688 = VERTEX_POINT('',#689);
#689 = CARTESIAN_POINT('',(-73.1,-18.5,57.));
#690 = SURFACE_CURVE('',#691,(#695,#702),.PCURVE_S1.);
#691 = LINE('',#692,#693);
#692 = CARTESIAN_POINT('',(-73.1,-18.5,-57.));
#693 = VECTOR('',#694,1.);
#694 = DIRECTION('',(0.,0.,1.));
#695 = PCURVE('',#32,#696);
#696 = DEFINITIONAL_REPRESENTATION('',(#697),#701);
#697 = LINE('',#698,#699);
#698 = CARTESIAN_POINT('',(5.,-28.5));
#699 = VECTOR('',#700,1.);
#700 = DIRECTION('',(1.,0.));
#701 = ( GEOMETRIC_REPRESENTATION_CONTEXT(2) 
PARAMETRIC_REPRESENTATION_CONTEXT() REPRESENTATION_CONTEXT('2D SPACE',''
  ) );
#702 = PCURVE('',#703,#708);
#703 = PLANE('',#704);
#704 = AXIS2_PLACEMENT_3D('',#705,#706,#707);
#705 = CARTESIAN_POINT('',(-73.1,-18.5,-57.));
#706 = DIRECTION('',(0.,1.,0.));
#707 = DIRECTION('',(0.,0.,1.));
#708 = DEFINITIONAL_REPRESENTATION('',(#709),#713);
#709 = LINE('',#710,#711);
#710 = CARTESIAN_POINT('',(0.,0.));
#711 = VECTOR('',#712,1.);
#712 = DIRECTION('',(1.,0.));
#713 = ( GEOMETRIC_REPRESENTATION_CONTEXT(2) 
PARAMETRIC_REPRESENTATION_CONTEXT() REPRESENTATION_CONTEXT('2D SPACE',''
  ) );
#714 = ORIENTED_EDGE('',*,*,#715,.T.);
#715 = EDGE_CURVE('',#688,#716,#718,.T.);
#716 = VERTEX_POINT('',#717);
#717 = CARTESIAN_POINT('',(-73.1,-12.,57.));
#718 = SURFACE_CURVE('',#719,(#723,#730),.PCURVE_S1.);
#719 = LINE('',#720,#721);
#720 = CARTESIAN_POINT('',(-73.1,-18.5,57.));
#721 = VECTOR('',#722,1.);
#722 = DIRECTION('',(0.,1.,0.));
#723 = PCURVE('',#32,#724);
#724 = DEFINITIONAL_REPRESENTATION('',(#725),#729);
#725 = LINE('',#726,#727);
#726 = CARTESIAN_POINT('',(119.,-28.5));
#727 = VECTOR('',#728,1.);
#728 = DIRECTION('',(0.,-1.));
#729 = ( GEOMETRIC_REPRESENTATION_CONTEXT(2) 
PARAMETRIC_REPRESENTATION_CONTEXT() REPRESENTATION_CONTEXT('2D SPACE',''
  ) );
#730 = PCURVE('',#731,#736);
#731 = PLANE('',#732);
#732 = AXIS2_PLACEMENT_3D('',#733,#734,#735);
#733 = CARTESIAN_POINT('',(-73.1,-18.5,57.));
#734 = DIRECTION('',(0.,0.,1.));
#735 = DIRECTION('',(1.,0.,0.));
#736 = DEFINITIONAL_REPRESENTATION('',(#737),#741);
#737 = LINE('',#738,#739);
#738 = CARTESIAN_POINT('',(0.,0.));
#739 = VECTOR('',#740,1.);
#740 = DIRECTION('',(0.,1.));
#741 = ( GEOMETRIC_REPRESENTATION_CONTEXT(2) 
PARAMETRIC_REPRESENTATION_CONTEXT() REPRESENTATION_CONTEXT('2D SPACE',''
  ) );
#742 = ORIENTED_EDGE('',*,*,#743,.F.);
#743 = EDGE_CURVE('',#744,#716,#746,.T.);
#744 = VERTEX_POINT('',#745);
#745 = CARTESIAN_POINT('',(-73.1,-12.,-57.));
#746 = SURFACE_CURVE('',#747,(#751,#758),.PCURVE_S1.);
#747 = LINE('',#748,#749);
#748 = CARTESIAN_POINT('',(-73.1,-12.,-57.));
#749 = VECTOR('',#750,1.);
#750 = DIRECTION('',(0.,0.,1.));
#751 = PCURVE('',#32,#752);
#752 = DEFINITIONAL_REPRESENTATION('',(#753),#757);
#753 = LINE('',#754,#755);
#754 = CARTESIAN_POINT('',(5.,-35.));
#755 = VECTOR('',#756,1.);
#756 = DIRECTION('',(1.,0.));
#757 = ( GEOMETRIC_REPRESENTATION_CONTEXT(2) 
PARAMETRIC_REPRESENTATION_CONTEXT() REPRESENTATION_CONTEXT('2D SPACE',''
  ) );
#758 = PCURVE('',#759,#764);
#759 = PLANE('',#760);
#760 = AXIS2_PLACEMENT_3D('',#761,#762,#763);
#761 = CARTESIAN_POINT('',(-73.1,-12.,-57.));
#762 = DIRECTION('',(0.,1.,0.));
#763 = DIRECTION('',(0.,0.,1.));
#764 = DEFINITIONAL_REPRESENTATION('',(#765),#769);
#765 = LINE('',#766,#767);
#766 = CARTESIAN_POINT('',(0.,0.));
#767 = VECTOR('',#768,1.);
#768 = DIRECTION('',(1.,0.));
#769 = ( GEOMETRIC_REPRESENTATION_CONTEXT(2) 
PARAMETRIC_REPRESENTATION_CONTEXT() REPRESENTATION_CONTEXT('2D SPACE',''
  ) );
#770 = ORIENTED_EDGE('',*,*,#771,.F.);
#771 = EDGE_CURVE('',#686,#744,#772,.T.);
#772 = SURFACE_CURVE('',#773,(#777,#784),.PCURVE_S1.);
#773 = LINE('',#774,#775);
#774 = CARTESIAN_POINT('',(-73.1,-18.5,-57.));
#775 = VECTOR('',#776,1.);
#776 = DIRECTION('',(0.,1.,0.));
#777 = PCURVE('',#32,#778);
#778 = DEFINITIONAL_REPRESENTATION('',(#779),#783);
#779 = LINE('',#780,#781);
#780 = CARTESIAN_POINT('',(5.,-28.5));
#781 = VECTOR('',#782,1.);
#782 = DIRECTION('',(0.,-1.));
#783 = ( GEOMETRIC_REPRESENTATION_CONTEXT(2) 
PARAMETRIC_REPRESENTATION_CONTEXT() REPRESENTATION_CONTEXT('2D SPACE',''
  ) );
#784 = PCURVE('',#785,#790);
#785 = PLANE('',#786);
#786 = AXIS2_PLACEMENT_3D('',#787,#788,#789);
#787 = CARTESIAN_POINT('',(-73.1,-18.5,-57.));
#788 = DIRECTION('',(0.,0.,1.));
#789 = DIRECTION('',(1.,0.,0.));
#790 = DEFINITIONAL_REPRESENTATION('',(#791),#795);
#791 = LINE('',#792,#793);
#792 = CARTESIAN_POINT('',(0.,0.));
#793 = VECTOR('',#794,1.);
#794 = DIRECTION('',(0.,1.));
#795 = ( GEOMETRIC_REPRESENTATION_CONTEXT(2) 
PARAMETRIC_REPRESENTATION_CONTEXT() REPRESENTATION_CONTEXT('2D SPACE',''
  ) );
#796 = ADVANCED_FACE('',(#797),#44,.T.);
#797 = FACE_BOUND('',#798,.T.);
#798 = EDGE_LOOP('',(#799,#800,#823,#851,#879,#907,#933,#959,#985,#1011,
    #1037,#1063,#1089,#1115,#1141,#1167,#1193,#1219,#1245,#1271,#1297,
    #1323,#1349,#1375,#1401,#1427,#1453,#1479,#1505,#1531,#1557,#1583,
    #1609,#1635,#1661,#1687,#1713,#1739,#1765,#1791,#1817,#1843,#1869,
    #1895,#1921,#1947,#1973,#1999,#2025,#2051,#2077,#2103,#2129,#2155,
    #2181,#2207,#2233,#2259,#2285,#2311,#2337,#2363,#2389,#2415,#2441,
    #2467,#2493,#2519,#2545,#2571,#2597,#2623,#2649,#2675,#2701,#2727,
    #2753,#2779,#2805,#2831,#2857,#2883,#2909,#2935,#2961,#2987,#3013,
    #3039,#3065,#3091,#3117,#3143,#3169,#3195,#3221,#3247,#3273,#3299,
    #3325,#3351,#3377,#3403,#3429,#3455,#3481,#3507,#3533,#3561,#3589,
    #3617));
#799 = ORIENTED_EDGE('',*,*,#21,.F.);
#800 = ORIENTED_EDGE('',*,*,#801,.T.);
#801 = EDGE_CURVE('',#22,#802,#804,.T.);
#802 = VERTEX_POINT('',#803);
#803 = CARTESIAN_POINT('',(-66.1,-47.,62.));
#804 = SURFACE_CURVE('',#805,(#809,#816),.PCURVE_S1.);
#805 = LINE('',#806,#807);
#806 = CARTESIAN_POINT('',(-73.1,-47.,62.));
#807 = VECTOR('',#808,1.);
#808 = DIRECTION('',(1.,0.,0.));
#809 = PCURVE('',#44,#810);
#810 = DEFINITIONAL_REPRESENTATION('',(#811),#815);
#811 = LINE('',#812,#813);
#812 = CARTESIAN_POINT('',(0.,0.));
#813 = VECTOR('',#814,1.);
#814 = DIRECTION('',(1.,0.));
#815 = ( GEOMETRIC_REPRESENTATION_CONTEXT(2) 
PARAMETRIC_REPRESENTATION_CONTEXT() REPRESENTATION_CONTEXT('2D SPACE',''
  ) );
#816 = PCURVE('',#72,#817);
#817 = DEFINITIONAL_REPRESENTATION('',(#818),#822);
#818 = LINE('',#819,#820);
#819 = CARTESIAN_POINT('',(124.,0.));
#820 = VECTOR('',#821,1.);
#821 = DIRECTION('',(0.,1.));
#822 = ( GEOMETRIC_REPRESENTATION_CONTEXT(2) 
PARAMETRIC_REPRESENTATION_CONTEXT() REPRESENTATION_CONTEXT('2D SPACE',''
  ) );
#823 = ORIENTED_EDGE('',*,*,#824,.T.);
#824 = EDGE_CURVE('',#802,#825,#827,.T.);
#825 = VERTEX_POINT('',#826);
#826 = CARTESIAN_POINT('',(-66.1,-21.60273972602,62.));
#827 = SURFACE_CURVE('',#828,(#832,#839),.PCURVE_S1.);
#828 = LINE('',#829,#830);
#829 = CARTESIAN_POINT('',(-66.1,-47.,62.));
#830 = VECTOR('',#831,1.);
#831 = DIRECTION('',(0.,1.,0.));
#832 = PCURVE('',#44,#833);
#833 = DEFINITIONAL_REPRESENTATION('',(#834),#838);
#834 = LINE('',#835,#836);
#835 = CARTESIAN_POINT('',(7.,0.));
#836 = VECTOR('',#837,1.);
#837 = DIRECTION('',(0.,1.));
#838 = ( GEOMETRIC_REPRESENTATION_CONTEXT(2) 
PARAMETRIC_REPRESENTATION_CONTEXT() REPRESENTATION_CONTEXT('2D SPACE',''
  ) );
#839 = PCURVE('',#840,#845);
#840 = PLANE('',#841);
#841 = AXIS2_PLACEMENT_3D('',#842,#843,#844);
#842 = CARTESIAN_POINT('',(-66.1,-47.,-62.));
#843 = DIRECTION('',(1.,0.,0.));
#844 = DIRECTION('',(0.,0.,1.));
#845 = DEFINITIONAL_REPRESENTATION('',(#846),#850);
#846 = LINE('',#847,#848);
#847 = CARTESIAN_POINT('',(124.,0.));
#848 = VECTOR('',#849,1.);
#849 = DIRECTION('',(0.,-1.));
#850 = ( GEOMETRIC_REPRESENTATION_CONTEXT(2) 
PARAMETRIC_REPRESENTATION_CONTEXT() REPRESENTATION_CONTEXT('2D SPACE',''
  ) );
#851 = ORIENTED_EDGE('',*,*,#852,.T.);
#852 = EDGE_CURVE('',#825,#853,#855,.T.);
#853 = VERTEX_POINT('',#854);
#854 = CARTESIAN_POINT('',(-58.5,-19.,62.));
#855 = SURFACE_CURVE('',#856,(#860,#867),.PCURVE_S1.);
#856 = LINE('',#857,#858);
#857 = CARTESIAN_POINT('',(-73.1,-24.,62.));
#858 = VECTOR('',#859,1.);
#859 = DIRECTION('',(0.946059486625,0.323992974872,0.));
#860 = PCURVE('',#44,#861);
#861 = DEFINITIONAL_REPRESENTATION('',(#862),#866);
#862 = LINE('',#863,#864);
#863 = CARTESIAN_POINT('',(0.,23.));
#864 = VECTOR('',#865,1.);
#865 = DIRECTION('',(0.946059486625,0.323992974872));
#866 = ( GEOMETRIC_REPRESENTATION_CONTEXT(2) 
PARAMETRIC_REPRESENTATION_CONTEXT() REPRESENTATION_CONTEXT('2D SPACE',''
  ) );
#867 = PCURVE('',#868,#873);
#868 = PLANE('',#869);
#869 = AXIS2_PLACEMENT_3D('',#870,#871,#872);
#870 = CARTESIAN_POINT('',(-73.1,-24.,-62.));
#871 = DIRECTION('',(-0.323992974872,0.946059486625,0.));
#872 = DIRECTION('',(0.946059486625,0.323992974872,0.));
#873 = DEFINITIONAL_REPRESENTATION('',(#874),#878);
#874 = LINE('',#875,#876);
#875 = CARTESIAN_POINT('',(0.,-124.));
#876 = VECTOR('',#877,1.);
#877 = DIRECTION('',(1.,0.));
#878 = ( GEOMETRIC_REPRESENTATION_CONTEXT(2) 
PARAMETRIC_REPRESENTATION_CONTEXT() REPRESENTATION_CONTEXT('2D SPACE',''
  ) );
#879 = ORIENTED_EDGE('',*,*,#880,.T.);
#880 = EDGE_CURVE('',#853,#881,#883,.T.);
#881 = VERTEX_POINT('',#882);
#882 = CARTESIAN_POINT('',(-58.5,-18.69855149623,62.));
#883 = SURFACE_CURVE('',#884,(#888,#895),.PCURVE_S1.);
#884 = LINE('',#885,#886);
#885 = CARTESIAN_POINT('',(-58.5,-19.,62.));
#886 = VECTOR('',#887,1.);
#887 = DIRECTION('',(0.,1.,0.));
#888 = PCURVE('',#44,#889);
#889 = DEFINITIONAL_REPRESENTATION('',(#890),#894);
#890 = LINE('',#891,#892);
#891 = CARTESIAN_POINT('',(14.6,28.));
#892 = VECTOR('',#893,1.);
#893 = DIRECTION('',(0.,1.));
#894 = ( GEOMETRIC_REPRESENTATION_CONTEXT(2) 
PARAMETRIC_REPRESENTATION_CONTEXT() REPRESENTATION_CONTEXT('2D SPACE',''
  ) );
#895 = PCURVE('',#896,#901);
#896 = PLANE('',#897);
#897 = AXIS2_PLACEMENT_3D('',#898,#899,#900);
#898 = CARTESIAN_POINT('',(-58.5,-19.,-62.));
#899 = DIRECTION('',(-1.,0.,0.));
#900 = DIRECTION('',(0.,1.,0.));
#901 = DEFINITIONAL_REPRESENTATION('',(#902),#906);
#902 = LINE('',#903,#904);
#903 = CARTESIAN_POINT('',(0.,-124.));
#904 = VECTOR('',#905,1.);
#905 = DIRECTION('',(1.,0.));
#906 = ( GEOMETRIC_REPRESENTATION_CONTEXT(2) 
PARAMETRIC_REPRESENTATION_CONTEXT() REPRESENTATION_CONTEXT('2D SPACE',''
  ) );
#907 = ORIENTED_EDGE('',*,*,#908,.F.);
#908 = EDGE_CURVE('',#909,#881,#911,.T.);
#909 = VERTEX_POINT('',#910);
#910 = CARTESIAN_POINT('',(-58.5967933014,-18.56734031393,62.));
#911 = SURFACE_CURVE('',#912,(#916,#922),.PCURVE_S1.);
#912 = LINE('',#913,#914);
#913 = CARTESIAN_POINT('',(-54.23613728686,-24.47856374546,62.));
#914 = VECTOR('',#915,1.);
#915 = DIRECTION('',(0.593641668157,-0.80472950103,0.));
#916 = PCURVE('',#44,#917);
#917 = DEFINITIONAL_REPRESENTATION('',(#918),#921);
#918 = B_SPLINE_CURVE_WITH_KNOTS('',1,(#919,#920),.UNSPECIFIED.,.F.,.F.,
  (2,2),(-7.345602993265,-7.182552947086),.PIECEWISE_BEZIER_KNOTS.);
#919 = CARTESIAN_POINT('',(14.503206698593,28.432659686067));
#920 = CARTESIAN_POINT('',(14.6,28.301448503763));
#921 = ( GEOMETRIC_REPRESENTATION_CONTEXT(2) 
PARAMETRIC_REPRESENTATION_CONTEXT() REPRESENTATION_CONTEXT('2D SPACE',''
  ) );
#922 = PCURVE('',#923,#928);
#923 = PLANE('',#924);
#924 = AXIS2_PLACEMENT_3D('',#925,#926,#927);
#925 = CARTESIAN_POINT('',(-58.34727753823,-18.90557919837,-200.));
#926 = DIRECTION('',(-0.80472950103,-0.593641668157,0.));
#927 = DIRECTION('',(-0.593641668157,0.80472950103,0.));
#928 = DEFINITIONAL_REPRESENTATION('',(#929),#932);
#929 = B_SPLINE_CURVE_WITH_KNOTS('',1,(#930,#931),.UNSPECIFIED.,.F.,.F.,
  (2,2),(-7.345602993265,-7.182552947086),.PIECEWISE_BEZIER_KNOTS.);
#930 = CARTESIAN_POINT('',(0.420313762585,-262.));
#931 = CARTESIAN_POINT('',(0.257263716406,-262.));
#932 = ( GEOMETRIC_REPRESENTATION_CONTEXT(2) 
PARAMETRIC_REPRESENTATION_CONTEXT() REPRESENTATION_CONTEXT('2D SPACE',''
  ) );
#933 = ORIENTED_EDGE('',*,*,#934,.F.);
#934 = EDGE_CURVE('',#935,#909,#937,.T.);
#935 = VERTEX_POINT('',#936);
#936 = CARTESIAN_POINT('',(-58.83531639735,-18.2290002431,62.));
#937 = SURFACE_CURVE('',#938,(#942,#948),.PCURVE_S1.);
#938 = LINE('',#939,#940);
#939 = CARTESIAN_POINT('',(-54.30940680594,-24.64890924877,62.));
#940 = VECTOR('',#941,1.);
#941 = DIRECTION('',(0.576191036045,-0.817315049403,0.));
#942 = PCURVE('',#44,#943);
#943 = DEFINITIONAL_REPRESENTATION('',(#944),#947);
#944 = B_SPLINE_CURVE_WITH_KNOTS('',1,(#945,#946),.UNSPECIFIED.,.F.,.F.,
  (2,2),(-7.854876782657,-7.440911481177),.PIECEWISE_BEZIER_KNOTS.);
#945 = CARTESIAN_POINT('',(14.264683602647,28.770999756898));
#946 = CARTESIAN_POINT('',(14.503206698593,28.432659686067));
#947 = ( GEOMETRIC_REPRESENTATION_CONTEXT(2) 
PARAMETRIC_REPRESENTATION_CONTEXT() REPRESENTATION_CONTEXT('2D SPACE',''
  ) );
#948 = PCURVE('',#949,#954);
#949 = PLANE('',#950);
#950 = AXIS2_PLACEMENT_3D('',#951,#952,#953);
#951 = CARTESIAN_POINT('',(-58.5967933014,-18.56734031393,-200.));
#952 = DIRECTION('',(-0.817315049403,-0.576191036045,0.));
#953 = DIRECTION('',(-0.576191036045,0.817315049403,0.));
#954 = DEFINITIONAL_REPRESENTATION('',(#955),#958);
#955 = B_SPLINE_CURVE_WITH_KNOTS('',1,(#956,#957),.UNSPECIFIED.,.F.,.F.,
  (2,2),(-7.854876782657,-7.440911481177),.PIECEWISE_BEZIER_KNOTS.);
#956 = CARTESIAN_POINT('',(0.41396530148,-262.));
#957 = CARTESIAN_POINT('',(0.,-262.));
#958 = ( GEOMETRIC_REPRESENTATION_CONTEXT(2) 
PARAMETRIC_REPRESENTATION_CONTEXT() REPRESENTATION_CONTEXT('2D SPACE',''
  ) );
#959 = ORIENTED_EDGE('',*,*,#960,.F.);
#960 = EDGE_CURVE('',#961,#935,#963,.T.);
#961 = VERTEX_POINT('',#962);
#962 = CARTESIAN_POINT('',(-59.06789978635,-17.89270108854,62.));
#963 = SURFACE_CURVE('',#964,(#968,#974),.PCURVE_S1.);
#964 = LINE('',#965,#966);
#965 = CARTESIAN_POINT('',(-54.41300978279,-24.62334328747,62.));
#966 = VECTOR('',#967,1.);
#967 = DIRECTION('',(0.568814616439,-0.822465763498,0.));
#968 = PCURVE('',#44,#969);
#969 = DEFINITIONAL_REPRESENTATION('',(#970),#973);
#970 = B_SPLINE_CURVE_WITH_KNOTS('',1,(#971,#972),.UNSPECIFIED.,.F.,.F.,
  (2,2),(-8.183492246913,-7.774600874792),.PIECEWISE_BEZIER_KNOTS.);
#971 = CARTESIAN_POINT('',(14.032100213649,29.107298911456));
#972 = CARTESIAN_POINT('',(14.264683602647,28.770999756898));
#973 = ( GEOMETRIC_REPRESENTATION_CONTEXT(2) 
PARAMETRIC_REPRESENTATION_CONTEXT() REPRESENTATION_CONTEXT('2D SPACE',''
  ) );
#974 = PCURVE('',#975,#980);
#975 = PLANE('',#976);
#976 = AXIS2_PLACEMENT_3D('',#977,#978,#979);
#977 = CARTESIAN_POINT('',(-58.83531639735,-18.2290002431,-200.));
#978 = DIRECTION('',(-0.822465763498,-0.568814616439,0.));
#979 = DIRECTION('',(-0.568814616439,0.822465763498,0.));
#980 = DEFINITIONAL_REPRESENTATION('',(#981),#984);
#981 = B_SPLINE_CURVE_WITH_KNOTS('',1,(#982,#983),.UNSPECIFIED.,.F.,.F.,
  (2,2),(-8.183492246913,-7.774600874792),.PIECEWISE_BEZIER_KNOTS.);
#982 = CARTESIAN_POINT('',(0.40889137212,-262.));
#983 = CARTESIAN_POINT('',(0.,-262.));
#984 = ( GEOMETRIC_REPRESENTATION_CONTEXT(2) 
PARAMETRIC_REPRESENTATION_CONTEXT() REPRESENTATION_CONTEXT('2D SPACE',''
  ) );
#985 = ORIENTED_EDGE('',*,*,#986,.F.);
#986 = EDGE_CURVE('',#987,#961,#989,.T.);
#987 = VERTEX_POINT('',#988);
#988 = CARTESIAN_POINT('',(-59.29603706318,-17.5563421081,62.));
#989 = SURFACE_CURVE('',#990,(#994,#1000),.PCURVE_S1.);
#990 = LINE('',#991,#992);
#991 = CARTESIAN_POINT('',(-54.51765535319,-24.60144943305,62.));
#992 = VECTOR('',#993,1.);
#993 = DIRECTION('',(0.561322291209,-0.827597296631,0.));
#994 = PCURVE('',#44,#995);
#995 = DEFINITIONAL_REPRESENTATION('',(#996),#999);
#996 = B_SPLINE_CURVE_WITH_KNOTS('',1,(#997,#998),.UNSPECIFIED.,.F.,.F.,
  (2,2),(-8.512723946336,-8.106295624479),.PIECEWISE_BEZIER_KNOTS.);
#997 = CARTESIAN_POINT('',(13.803962936812,29.443657891899));
#998 = CARTESIAN_POINT('',(14.032100213649,29.107298911456));
#999 = ( GEOMETRIC_REPRESENTATION_CONTEXT(2) 
PARAMETRIC_REPRESENTATION_CONTEXT() REPRESENTATION_CONTEXT('2D SPACE',''
  ) );
#1000 = PCURVE('',#1001,#1006);
#1001 = PLANE('',#1002);
#1002 = AXIS2_PLACEMENT_3D('',#1003,#1004,#1005);
#1003 = CARTESIAN_POINT('',(-59.06789978635,-17.89270108854,-200.));
#1004 = DIRECTION('',(-0.827597296631,-0.561322291209,0.));
#1005 = DIRECTION('',(-0.561322291209,0.827597296631,0.));
#1006 = DEFINITIONAL_REPRESENTATION('',(#1007),#1010);
#1007 = B_SPLINE_CURVE_WITH_KNOTS('',1,(#1008,#1009),.UNSPECIFIED.,.F.,
  .F.,(2,2),(-8.512723946336,-8.106295624479),.PIECEWISE_BEZIER_KNOTS.);
#1008 = CARTESIAN_POINT('',(0.406428321857,-262.));
#1009 = CARTESIAN_POINT('',(0.,-262.));
#1010 = ( GEOMETRIC_REPRESENTATION_CONTEXT(2) 
PARAMETRIC_REPRESENTATION_CONTEXT() REPRESENTATION_CONTEXT('2D SPACE',''
  ) );
#1011 = ORIENTED_EDGE('',*,*,#1012,.F.);
#1012 = EDGE_CURVE('',#1013,#987,#1015,.T.);
#1013 = VERTEX_POINT('',#1014);
#1014 = CARTESIAN_POINT('',(-59.52105844156,-17.21788343778,62.));
#1015 = SURFACE_CURVE('',#1016,(#1020,#1026),.PCURVE_S1.);
#1016 = LINE('',#1017,#1018);
#1017 = CARTESIAN_POINT('',(-54.62416297713,-24.58339128205,62.));
#1018 = VECTOR('',#1019,1.);
#1019 = DIRECTION('',(0.553647521739,-0.832751116284,0.));
#1020 = PCURVE('',#44,#1021);
#1021 = DEFINITIONAL_REPRESENTATION('',(#1022),#1025);
#1022 = B_SPLINE_CURVE_WITH_KNOTS('',1,(#1023,#1024),.UNSPECIFIED.,.F.,
  .F.,(2,2),(-8.844788917403,-8.438354553407),.PIECEWISE_BEZIER_KNOTS.);
#1023 = CARTESIAN_POINT('',(13.578941558436,29.782116562213));
#1024 = CARTESIAN_POINT('',(13.803962936812,29.443657891899));
#1025 = ( GEOMETRIC_REPRESENTATION_CONTEXT(2) 
PARAMETRIC_REPRESENTATION_CONTEXT() REPRESENTATION_CONTEXT('2D SPACE',''
  ) );
#1026 = PCURVE('',#1027,#1032);
#1027 = PLANE('',#1028);
#1028 = AXIS2_PLACEMENT_3D('',#1029,#1030,#1031);
#1029 = CARTESIAN_POINT('',(-59.29603706318,-17.5563421081,-200.));
#1030 = DIRECTION('',(-0.832751116284,-0.553647521739,0.));
#1031 = DIRECTION('',(-0.553647521739,0.832751116284,0.));
#1032 = DEFINITIONAL_REPRESENTATION('',(#1033),#1036);
#1033 = B_SPLINE_CURVE_WITH_KNOTS('',1,(#1034,#1035),.UNSPECIFIED.,.F.,
  .F.,(2,2),(-8.844788917403,-8.438354553407),.PIECEWISE_BEZIER_KNOTS.);
#1034 = CARTESIAN_POINT('',(0.406434363995,-262.));
#1035 = CARTESIAN_POINT('',(0.,-262.));
#1036 = ( GEOMETRIC_REPRESENTATION_CONTEXT(2) 
PARAMETRIC_REPRESENTATION_CONTEXT() REPRESENTATION_CONTEXT('2D SPACE',''
  ) );
#1037 = ORIENTED_EDGE('',*,*,#1038,.F.);
#1038 = EDGE_CURVE('',#1039,#1013,#1041,.T.);
#1039 = VERTEX_POINT('',#1040);
#1040 = CARTESIAN_POINT('',(-59.73705645404,-16.87727117522,62.));
#1041 = SURFACE_CURVE('',#1042,(#1046,#1052),.PCURVE_S1.);
#1042 = LINE('',#1043,#1044);
#1043 = CARTESIAN_POINT('',(-54.73353791843,-24.7674353004,62.));
#1044 = VECTOR('',#1045,1.);
#1045 = DIRECTION('',(0.535542011777,-0.844508587062,0.));
#1046 = PCURVE('',#44,#1047);
#1047 = DEFINITIONAL_REPRESENTATION('',(#1048),#1051);
#1048 = B_SPLINE_CURVE_WITH_KNOTS('',1,(#1049,#1050),.UNSPECIFIED.,.F.,
  .F.,(2,2),(-9.342905739574,-8.939579748833),.PIECEWISE_BEZIER_KNOTS.);
#1049 = CARTESIAN_POINT('',(13.362943545953,30.122728824779));
#1050 = CARTESIAN_POINT('',(13.578941558436,29.782116562213));
#1051 = ( GEOMETRIC_REPRESENTATION_CONTEXT(2) 
PARAMETRIC_REPRESENTATION_CONTEXT() REPRESENTATION_CONTEXT('2D SPACE',''
  ) );
#1052 = PCURVE('',#1053,#1058);
#1053 = PLANE('',#1054);
#1054 = AXIS2_PLACEMENT_3D('',#1055,#1056,#1057);
#1055 = CARTESIAN_POINT('',(-59.52105844156,-17.21788343778,-200.));
#1056 = DIRECTION('',(-0.844508587062,-0.535542011777,0.));
#1057 = DIRECTION('',(-0.535542011777,0.844508587062,0.));
#1058 = DEFINITIONAL_REPRESENTATION('',(#1059),#1062);
#1059 = B_SPLINE_CURVE_WITH_KNOTS('',1,(#1060,#1061),.UNSPECIFIED.,.F.,
  .F.,(2,2),(-9.342905739574,-8.939579748833),.PIECEWISE_BEZIER_KNOTS.);
#1060 = CARTESIAN_POINT('',(0.403325990741,-262.));
#1061 = CARTESIAN_POINT('',(0.,-262.));
#1062 = ( GEOMETRIC_REPRESENTATION_CONTEXT(2) 
PARAMETRIC_REPRESENTATION_CONTEXT() REPRESENTATION_CONTEXT('2D SPACE',''
  ) );
#1063 = ORIENTED_EDGE('',*,*,#1064,.F.);
#1064 = EDGE_CURVE('',#1065,#1039,#1067,.T.);
#1065 = VERTEX_POINT('',#1066);
#1066 = CARTESIAN_POINT('',(-59.94042567051,-16.54086851554,62.));
#1067 = SURFACE_CURVE('',#1068,(#1072,#1078),.PCURVE_S1.);
#1068 = LINE('',#1069,#1070);
#1069 = CARTESIAN_POINT('',(-54.85717118403,-24.94932068307,62.));
#1070 = VECTOR('',#1071,1.);
#1071 = DIRECTION('',(0.517350332376,-0.855773704662,0.));
#1072 = PCURVE('',#44,#1073);
#1073 = DEFINITIONAL_REPRESENTATION('',(#1074),#1077);
#1074 = B_SPLINE_CURVE_WITH_KNOTS('',1,(#1075,#1076),.UNSPECIFIED.,.F.,
  .F.,(2,2),(-9.825555660008,-9.432457977946),.PIECEWISE_BEZIER_KNOTS.);
#1075 = CARTESIAN_POINT('',(13.159574329482,30.459131484451));
#1076 = CARTESIAN_POINT('',(13.362943545953,30.122728824779));
#1077 = ( GEOMETRIC_REPRESENTATION_CONTEXT(2) 
PARAMETRIC_REPRESENTATION_CONTEXT() REPRESENTATION_CONTEXT('2D SPACE',''
  ) );
#1078 = PCURVE('',#1079,#1084);
#1079 = PLANE('',#1080);
#1080 = AXIS2_PLACEMENT_3D('',#1081,#1082,#1083);
#1081 = CARTESIAN_POINT('',(-59.73705645404,-16.87727117522,-200.));
#1082 = DIRECTION('',(-0.855773704662,-0.517350332376,0.));
#1083 = DIRECTION('',(-0.517350332376,0.855773704662,0.));
#1084 = DEFINITIONAL_REPRESENTATION('',(#1085),#1088);
#1085 = B_SPLINE_CURVE_WITH_KNOTS('',1,(#1086,#1087),.UNSPECIFIED.,.F.,
  .F.,(2,2),(-9.825555660008,-9.432457977946),.PIECEWISE_BEZIER_KNOTS.);
#1086 = CARTESIAN_POINT('',(0.393097682061,-262.));
#1087 = CARTESIAN_POINT('',(0.,-262.));
#1088 = ( GEOMETRIC_REPRESENTATION_CONTEXT(2) 
PARAMETRIC_REPRESENTATION_CONTEXT() REPRESENTATION_CONTEXT('2D SPACE',''
  ) );
#1089 = ORIENTED_EDGE('',*,*,#1090,.F.);
#1090 = EDGE_CURVE('',#1091,#1065,#1093,.T.);
#1091 = VERTEX_POINT('',#1092);
#1092 = CARTESIAN_POINT('',(-60.14536418332,-16.20451702225,62.));
#1093 = SURFACE_CURVE('',#1094,(#1098,#1104),.PCURVE_S1.);
#1094 = LINE('',#1095,#1096);
#1095 = CARTESIAN_POINT('',(-54.95470644341,-24.72358675731,62.));
#1096 = VECTOR('',#1097,1.);
#1097 = DIRECTION('',(0.520322630361,-0.853969765468,0.));
#1098 = PCURVE('',#44,#1099);
#1099 = DEFINITIONAL_REPRESENTATION('',(#1100),#1103);
#1100 = B_SPLINE_CURVE_WITH_KNOTS('',1,(#1101,#1102),.UNSPECIFIED.,.F.,
  .F.,(2,2),(-9.975844672193,-9.5819765203),.PIECEWISE_BEZIER_KNOTS.);
#1101 = CARTESIAN_POINT('',(12.954635816674,30.795482977749));
#1102 = CARTESIAN_POINT('',(13.159574329482,30.459131484451));
#1103 = ( GEOMETRIC_REPRESENTATION_CONTEXT(2) 
PARAMETRIC_REPRESENTATION_CONTEXT() REPRESENTATION_CONTEXT('2D SPACE',''
  ) );
#1104 = PCURVE('',#1105,#1110);
#1105 = PLANE('',#1106);
#1106 = AXIS2_PLACEMENT_3D('',#1107,#1108,#1109);
#1107 = CARTESIAN_POINT('',(-59.94042567051,-16.54086851554,-200.));
#1108 = DIRECTION('',(-0.853969765468,-0.520322630361,0.));
#1109 = DIRECTION('',(-0.520322630361,0.853969765468,0.));
#1110 = DEFINITIONAL_REPRESENTATION('',(#1111),#1114);
#1111 = B_SPLINE_CURVE_WITH_KNOTS('',1,(#1112,#1113),.UNSPECIFIED.,.F.,
  .F.,(2,2),(-9.975844672193,-9.5819765203),.PIECEWISE_BEZIER_KNOTS.);
#1112 = CARTESIAN_POINT('',(0.393868151894,-262.));
#1113 = CARTESIAN_POINT('',(0.,-262.));
#1114 = ( GEOMETRIC_REPRESENTATION_CONTEXT(2) 
PARAMETRIC_REPRESENTATION_CONTEXT() REPRESENTATION_CONTEXT('2D SPACE',''
  ) );
#1115 = ORIENTED_EDGE('',*,*,#1116,.F.);
#1116 = EDGE_CURVE('',#1117,#1091,#1119,.T.);
#1117 = VERTEX_POINT('',#1118);
#1118 = CARTESIAN_POINT('',(-60.34191631494,-15.86596337379,62.));
#1119 = SURFACE_CURVE('',#1120,(#1124,#1130),.PCURVE_S1.);
#1120 = LINE('',#1121,#1122);
#1121 = CARTESIAN_POINT('',(-55.09234278899,-24.90815617748,62.));
#1122 = VECTOR('',#1123,1.);
#1123 = DIRECTION('',(0.502083160408,-0.864819345317,0.));
#1124 = PCURVE('',#44,#1125);
#1125 = DEFINITIONAL_REPRESENTATION('',(#1126),#1129);
#1126 = B_SPLINE_CURVE_WITH_KNOTS('',1,(#1127,#1128),.UNSPECIFIED.,.F.,
  .F.,(2,2),(-10.45558572742,-10.06411246737),.PIECEWISE_BEZIER_KNOTS.);
#1127 = CARTESIAN_POINT('',(12.758083685056,31.134036626208));
#1128 = CARTESIAN_POINT('',(12.954635816674,30.795482977749));
#1129 = ( GEOMETRIC_REPRESENTATION_CONTEXT(2) 
PARAMETRIC_REPRESENTATION_CONTEXT() REPRESENTATION_CONTEXT('2D SPACE',''
  ) );
#1130 = PCURVE('',#1131,#1136);
#1131 = PLANE('',#1132);
#1132 = AXIS2_PLACEMENT_3D('',#1133,#1134,#1135);
#1133 = CARTESIAN_POINT('',(-60.14536418332,-16.20451702225,-200.));
#1134 = DIRECTION('',(-0.864819345317,-0.502083160408,0.));
#1135 = DIRECTION('',(-0.502083160408,0.864819345317,0.));
#1136 = DEFINITIONAL_REPRESENTATION('',(#1137),#1140);
#1137 = B_SPLINE_CURVE_WITH_KNOTS('',1,(#1138,#1139),.UNSPECIFIED.,.F.,
  .F.,(2,2),(-10.45558572742,-10.06411246737),.PIECEWISE_BEZIER_KNOTS.);
#1138 = CARTESIAN_POINT('',(0.391473260042,-262.));
#1139 = CARTESIAN_POINT('',(0.,-262.));
#1140 = ( GEOMETRIC_REPRESENTATION_CONTEXT(2) 
PARAMETRIC_REPRESENTATION_CONTEXT() REPRESENTATION_CONTEXT('2D SPACE',''
  ) );
#1141 = ORIENTED_EDGE('',*,*,#1142,.F.);
#1142 = EDGE_CURVE('',#1143,#1117,#1145,.T.);
#1143 = VERTEX_POINT('',#1144);
#1144 = CARTESIAN_POINT('',(-60.53325706014,-15.52956815332,62.));
#1145 = SURFACE_CURVE('',#1146,(#1150,#1156),.PCURVE_S1.);
#1146 = LINE('',#1147,#1148);
#1147 = CARTESIAN_POINT('',(-55.21119565132,-24.88625806814,62.));
#1148 = VECTOR('',#1149,1.);
#1149 = DIRECTION('',(0.494413886461,-0.869226615374,0.));
#1150 = PCURVE('',#44,#1151);
#1151 = DEFINITIONAL_REPRESENTATION('',(#1152),#1155);
#1152 = B_SPLINE_CURVE_WITH_KNOTS('',1,(#1153,#1154),.UNSPECIFIED.,.F.,
  .F.,(2,2),(-10.76438497088,-10.37737977049),.PIECEWISE_BEZIER_KNOTS.);
#1153 = CARTESIAN_POINT('',(12.566742939853,31.470431846671));
#1154 = CARTESIAN_POINT('',(12.758083685056,31.134036626208));
#1155 = ( GEOMETRIC_REPRESENTATION_CONTEXT(2) 
PARAMETRIC_REPRESENTATION_CONTEXT() REPRESENTATION_CONTEXT('2D SPACE',''
  ) );
#1156 = PCURVE('',#1157,#1162);
#1157 = PLANE('',#1158);
#1158 = AXIS2_PLACEMENT_3D('',#1159,#1160,#1161);
#1159 = CARTESIAN_POINT('',(-60.34191631494,-15.86596337379,-200.));
#1160 = DIRECTION('',(-0.869226615374,-0.494413886461,0.));
#1161 = DIRECTION('',(-0.494413886461,0.869226615374,0.));
#1162 = DEFINITIONAL_REPRESENTATION('',(#1163),#1166);
#1163 = B_SPLINE_CURVE_WITH_KNOTS('',1,(#1164,#1165),.UNSPECIFIED.,.F.,
  .F.,(2,2),(-10.76438497088,-10.37737977049),.PIECEWISE_BEZIER_KNOTS.);
#1164 = CARTESIAN_POINT('',(0.387005200385,-262.));
#1165 = CARTESIAN_POINT('',(0.,-262.));
#1166 = ( GEOMETRIC_REPRESENTATION_CONTEXT(2) 
PARAMETRIC_REPRESENTATION_CONTEXT() REPRESENTATION_CONTEXT('2D SPACE',''
  ) );
#1167 = ORIENTED_EDGE('',*,*,#1168,.F.);
#1168 = EDGE_CURVE('',#1169,#1143,#1171,.T.);
#1169 = VERTEX_POINT('',#1170);
#1170 = CARTESIAN_POINT('',(-60.72070339959,-15.19315279671,62.));
#1171 = SURFACE_CURVE('',#1172,(#1176,#1182),.PCURVE_S1.);
#1172 = LINE('',#1173,#1174);
#1173 = CARTESIAN_POINT('',(-55.33145516281,-24.86539218409,62.));
#1174 = VECTOR('',#1175,1.);
#1175 = DIRECTION('',(0.486731735576,-0.873551496812,0.));
#1176 = PCURVE('',#44,#1177);
#1177 = DEFINITIONAL_REPRESENTATION('',(#1178),#1181);
#1178 = B_SPLINE_CURVE_WITH_KNOTS('',1,(#1179,#1180),.UNSPECIFIED.,.F.,
  .F.,(2,2),(-11.07231734211,-10.68720512166),.PIECEWISE_BEZIER_KNOTS.);
#1179 = CARTESIAN_POINT('',(12.379296600403,31.806847203283));
#1180 = CARTESIAN_POINT('',(12.566742939853,31.470431846671));
#1181 = ( GEOMETRIC_REPRESENTATION_CONTEXT(2) 
PARAMETRIC_REPRESENTATION_CONTEXT() REPRESENTATION_CONTEXT('2D SPACE',''
  ) );
#1182 = PCURVE('',#1183,#1188);
#1183 = PLANE('',#1184);
#1184 = AXIS2_PLACEMENT_3D('',#1185,#1186,#1187);
#1185 = CARTESIAN_POINT('',(-60.53325706014,-15.52956815332,-200.));
#1186 = DIRECTION('',(-0.873551496812,-0.486731735576,0.));
#1187 = DIRECTION('',(-0.486731735576,0.873551496812,0.));
#1188 = DEFINITIONAL_REPRESENTATION('',(#1189),#1192);
#1189 = B_SPLINE_CURVE_WITH_KNOTS('',1,(#1190,#1191),.UNSPECIFIED.,.F.,
  .F.,(2,2),(-11.07231734211,-10.68720512166),.PIECEWISE_BEZIER_KNOTS.);
#1190 = CARTESIAN_POINT('',(0.385112220448,-262.));
#1191 = CARTESIAN_POINT('',(0.,-262.));
#1192 = ( GEOMETRIC_REPRESENTATION_CONTEXT(2) 
PARAMETRIC_REPRESENTATION_CONTEXT() REPRESENTATION_CONTEXT('2D SPACE',''
  ) );
#1193 = ORIENTED_EDGE('',*,*,#1194,.F.);
#1194 = EDGE_CURVE('',#1195,#1169,#1197,.T.);
#1195 = VERTEX_POINT('',#1196);
#1196 = CARTESIAN_POINT('',(-60.90539620756,-14.85465286919,62.));
#1197 = SURFACE_CURVE('',#1198,(#1202,#1208),.PCURVE_S1.);
#1198 = LINE('',#1199,#1200);
#1199 = CARTESIAN_POINT('',(-55.45403243054,-24.84576331756,62.));
#1200 = VECTOR('',#1201,1.);
#1201 = DIRECTION('',(0.478965018919,-0.877833988093,0.));
#1202 = PCURVE('',#44,#1203);
#1203 = DEFINITIONAL_REPRESENTATION('',(#1204),#1207);
#1204 = B_SPLINE_CURVE_WITH_KNOTS('',1,(#1205,#1206),.UNSPECIFIED.,.F.,
  .F.,(2,2),(-11.38154888496,-10.99594074936),.PIECEWISE_BEZIER_KNOTS.);
#1205 = CARTESIAN_POINT('',(12.194603792437,32.145347130803));
#1206 = CARTESIAN_POINT('',(12.379296600403,31.806847203283));
#1207 = ( GEOMETRIC_REPRESENTATION_CONTEXT(2) 
PARAMETRIC_REPRESENTATION_CONTEXT() REPRESENTATION_CONTEXT('2D SPACE',''
  ) );
#1208 = PCURVE('',#1209,#1214);
#1209 = PLANE('',#1210);
#1210 = AXIS2_PLACEMENT_3D('',#1211,#1212,#1213);
#1211 = CARTESIAN_POINT('',(-60.72070339959,-15.19315279671,-200.));
#1212 = DIRECTION('',(-0.877833988093,-0.478965018919,0.));
#1213 = DIRECTION('',(-0.478965018919,0.877833988093,0.));
#1214 = DEFINITIONAL_REPRESENTATION('',(#1215),#1218);
#1215 = B_SPLINE_CURVE_WITH_KNOTS('',1,(#1216,#1217),.UNSPECIFIED.,.F.,
  .F.,(2,2),(-11.38154888496,-10.99594074936),.PIECEWISE_BEZIER_KNOTS.);
#1216 = CARTESIAN_POINT('',(0.385608135605,-262.));
#1217 = CARTESIAN_POINT('',(0.,-262.));
#1218 = ( GEOMETRIC_REPRESENTATION_CONTEXT(2) 
PARAMETRIC_REPRESENTATION_CONTEXT() REPRESENTATION_CONTEXT('2D SPACE',''
  ) );
#1219 = ORIENTED_EDGE('',*,*,#1220,.F.);
#1220 = EDGE_CURVE('',#1221,#1195,#1223,.T.);
#1221 = VERTEX_POINT('',#1222);
#1222 = CARTESIAN_POINT('',(-61.08115833808,-14.51615108678,62.));
#1223 = SURFACE_CURVE('',#1224,(#1228,#1234),.PCURVE_S1.);
#1224 = LINE('',#1225,#1226);
#1225 = CARTESIAN_POINT('',(-55.62687750986,-25.02059693455,62.));
#1226 = VECTOR('',#1227,1.);
#1227 = DIRECTION('',(0.460818553406,-0.887494372285,0.));
#1228 = PCURVE('',#44,#1229);
#1229 = DEFINITIONAL_REPRESENTATION('',(#1230),#1233);
#1230 = B_SPLINE_CURVE_WITH_KNOTS('',1,(#1231,#1232),.UNSPECIFIED.,.F.,
  .F.,(2,2),(-11.83607037499,-11.45465749736),.PIECEWISE_BEZIER_KNOTS.);
#1231 = CARTESIAN_POINT('',(12.018841661916,32.483848913218));
#1232 = CARTESIAN_POINT('',(12.194603792437,32.145347130803));
#1233 = ( GEOMETRIC_REPRESENTATION_CONTEXT(2) 
PARAMETRIC_REPRESENTATION_CONTEXT() REPRESENTATION_CONTEXT('2D SPACE',''
  ) );
#1234 = PCURVE('',#1235,#1240);
#1235 = PLANE('',#1236);
#1236 = AXIS2_PLACEMENT_3D('',#1237,#1238,#1239);
#1237 = CARTESIAN_POINT('',(-60.90539620756,-14.85465286919,-200.));
#1238 = DIRECTION('',(-0.887494372285,-0.460818553406,0.));
#1239 = DIRECTION('',(-0.460818553406,0.887494372285,0.));
#1240 = DEFINITIONAL_REPRESENTATION('',(#1241),#1244);
#1241 = B_SPLINE_CURVE_WITH_KNOTS('',1,(#1242,#1243),.UNSPECIFIED.,.F.,
  .F.,(2,2),(-11.83607037499,-11.45465749736),.PIECEWISE_BEZIER_KNOTS.);
#1242 = CARTESIAN_POINT('',(0.381412877632,-262.));
#1243 = CARTESIAN_POINT('',(0.,-262.));
#1244 = ( GEOMETRIC_REPRESENTATION_CONTEXT(2) 
PARAMETRIC_REPRESENTATION_CONTEXT() REPRESENTATION_CONTEXT('2D SPACE',''
  ) );
#1245 = ORIENTED_EDGE('',*,*,#1246,.F.);
#1246 = EDGE_CURVE('',#1247,#1221,#1249,.T.);
#1247 = VERTEX_POINT('',#1248);
#1248 = CARTESIAN_POINT('',(-61.25219395427,-14.17981961158,62.));
#1249 = SURFACE_CURVE('',#1250,(#1254,#1260),.PCURVE_S1.);
#1250 = LINE('',#1251,#1252);
#1251 = CARTESIAN_POINT('',(-55.75345142587,-24.99277323784,62.));
#1252 = VECTOR('',#1253,1.);
#1253 = DIRECTION('',(0.453287974653,-0.891364129879,0.));
#1254 = PCURVE('',#44,#1255);
#1255 = DEFINITIONAL_REPRESENTATION('',(#1256),#1259);
#1256 = B_SPLINE_CURVE_WITH_KNOTS('',1,(#1257,#1258),.UNSPECIFIED.,.F.,
  .F.,(2,2),(-12.13079286433,-11.75347066353),.PIECEWISE_BEZIER_KNOTS.);
#1257 = CARTESIAN_POINT('',(11.847806045724,32.82018038842));
#1258 = CARTESIAN_POINT('',(12.018841661916,32.483848913218));
#1259 = ( GEOMETRIC_REPRESENTATION_CONTEXT(2) 
PARAMETRIC_REPRESENTATION_CONTEXT() REPRESENTATION_CONTEXT('2D SPACE',''
  ) );
#1260 = PCURVE('',#1261,#1266);
#1261 = PLANE('',#1262);
#1262 = AXIS2_PLACEMENT_3D('',#1263,#1264,#1265);
#1263 = CARTESIAN_POINT('',(-61.08115833808,-14.51615108678,-200.));
#1264 = DIRECTION('',(-0.891364129879,-0.453287974653,0.));
#1265 = DIRECTION('',(-0.453287974653,0.891364129879,0.));
#1266 = DEFINITIONAL_REPRESENTATION('',(#1267),#1270);
#1267 = B_SPLINE_CURVE_WITH_KNOTS('',1,(#1268,#1269),.UNSPECIFIED.,.F.,
  .F.,(2,2),(-12.13079286433,-11.75347066353),.PIECEWISE_BEZIER_KNOTS.);
#1268 = CARTESIAN_POINT('',(0.377322200801,-262.));
#1269 = CARTESIAN_POINT('',(0.,-262.));
#1270 = ( GEOMETRIC_REPRESENTATION_CONTEXT(2) 
PARAMETRIC_REPRESENTATION_CONTEXT() REPRESENTATION_CONTEXT('2D SPACE',''
  ) );
#1271 = ORIENTED_EDGE('',*,*,#1272,.F.);
#1272 = EDGE_CURVE('',#1273,#1247,#1275,.T.);
#1273 = VERTEX_POINT('',#1274);
#1274 = CARTESIAN_POINT('',(-61.41969151418,-13.84348454747,62.));
#1275 = SURFACE_CURVE('',#1276,(#1280,#1286),.PCURVE_S1.);
#1276 = LINE('',#1277,#1278);
#1277 = CARTESIAN_POINT('',(-55.88112570038,-24.96492350497,62.));
#1278 = VECTOR('',#1279,1.);
#1279 = DIRECTION('',(0.445786548315,-0.895139292703,0.));
#1280 = PCURVE('',#44,#1281);
#1281 = DEFINITIONAL_REPRESENTATION('',(#1282),#1285);
#1282 = B_SPLINE_CURVE_WITH_KNOTS('',1,(#1283,#1284),.UNSPECIFIED.,.F.,
  .F.,(2,2),(-12.424255139,-12.04852024853),.PIECEWISE_BEZIER_KNOTS.);
#1283 = CARTESIAN_POINT('',(11.680308485818,33.156515452523));
#1284 = CARTESIAN_POINT('',(11.847806045724,32.82018038842));
#1285 = ( GEOMETRIC_REPRESENTATION_CONTEXT(2) 
PARAMETRIC_REPRESENTATION_CONTEXT() REPRESENTATION_CONTEXT('2D SPACE',''
  ) );
#1286 = PCURVE('',#1287,#1292);
#1287 = PLANE('',#1288);
#1288 = AXIS2_PLACEMENT_3D('',#1289,#1290,#1291);
#1289 = CARTESIAN_POINT('',(-61.25219395427,-14.17981961158,-200.));
#1290 = DIRECTION('',(-0.895139292703,-0.445786548315,0.));
#1291 = DIRECTION('',(-0.445786548315,0.895139292703,0.));
#1292 = DEFINITIONAL_REPRESENTATION('',(#1293),#1296);
#1293 = B_SPLINE_CURVE_WITH_KNOTS('',1,(#1294,#1295),.UNSPECIFIED.,.F.,
  .F.,(2,2),(-12.424255139,-12.04852024853),.PIECEWISE_BEZIER_KNOTS.);
#1294 = CARTESIAN_POINT('',(0.375734890475,-262.));
#1295 = CARTESIAN_POINT('',(0.,-262.));
#1296 = ( GEOMETRIC_REPRESENTATION_CONTEXT(2) 
PARAMETRIC_REPRESENTATION_CONTEXT() REPRESENTATION_CONTEXT('2D SPACE',''
  ) );
#1297 = ORIENTED_EDGE('',*,*,#1298,.F.);
#1298 = EDGE_CURVE('',#1299,#1273,#1301,.T.);
#1299 = VERTEX_POINT('',#1300);
#1300 = CARTESIAN_POINT('',(-61.58369115503,-13.5071488039,62.));
#1301 = SURFACE_CURVE('',#1302,(#1306,#1312),.PCURVE_S1.);
#1302 = LINE('',#1303,#1304);
#1303 = CARTESIAN_POINT('',(-56.01063606124,-24.93654961939,62.));
#1304 = VECTOR('',#1305,1.);
#1305 = DIRECTION('',(0.438279905867,-0.898838541738,0.));
#1306 = PCURVE('',#44,#1307);
#1307 = DEFINITIONAL_REPRESENTATION('',(#1308),#1311);
#1308 = B_SPLINE_CURVE_WITH_KNOTS('',1,(#1309,#1310),.UNSPECIFIED.,.F.,
  .F.,(2,2),(-12.71574402382,-12.34155474739),.PIECEWISE_BEZIER_KNOTS.);
#1309 = CARTESIAN_POINT('',(11.516308844963,33.492851196091));
#1310 = CARTESIAN_POINT('',(11.680308485818,33.156515452523));
#1311 = ( GEOMETRIC_REPRESENTATION_CONTEXT(2) 
PARAMETRIC_REPRESENTATION_CONTEXT() REPRESENTATION_CONTEXT('2D SPACE',''
  ) );
#1312 = PCURVE('',#1313,#1318);
#1313 = PLANE('',#1314);
#1314 = AXIS2_PLACEMENT_3D('',#1315,#1316,#1317);
#1315 = CARTESIAN_POINT('',(-61.41969151418,-13.84348454747,-200.));
#1316 = DIRECTION('',(-0.898838541738,-0.438279905867,0.));
#1317 = DIRECTION('',(-0.438279905867,0.898838541738,0.));
#1318 = DEFINITIONAL_REPRESENTATION('',(#1319),#1322);
#1319 = B_SPLINE_CURVE_WITH_KNOTS('',1,(#1320,#1321),.UNSPECIFIED.,.F.,
  .F.,(2,2),(-12.71574402382,-12.34155474739),.PIECEWISE_BEZIER_KNOTS.);
#1320 = CARTESIAN_POINT('',(0.374189276439,-262.));
#1321 = CARTESIAN_POINT('',(0.,-262.));
#1322 = ( GEOMETRIC_REPRESENTATION_CONTEXT(2) 
PARAMETRIC_REPRESENTATION_CONTEXT() REPRESENTATION_CONTEXT('2D SPACE',''
  ) );
#1323 = ORIENTED_EDGE('',*,*,#1324,.F.);
#1324 = EDGE_CURVE('',#1325,#1299,#1327,.T.);
#1325 = VERTEX_POINT('',#1326);
#1326 = CARTESIAN_POINT('',(-61.74518129999,-13.16879657107,62.));
#1327 = SURFACE_CURVE('',#1328,(#1332,#1338),.PCURVE_S1.);
#1328 = LINE('',#1329,#1330);
#1329 = CARTESIAN_POINT('',(-56.14217469569,-24.90814943154,62.));
#1330 = VECTOR('',#1331,1.);
#1331 = DIRECTION('',(0.430737954379,-0.902477043839,0.));
#1332 = PCURVE('',#44,#1333);
#1333 = DEFINITIONAL_REPRESENTATION('',(#1334),#1337);
#1334 = B_SPLINE_CURVE_WITH_KNOTS('',1,(#1335,#1336),.UNSPECIFIED.,.F.,
  .F.,(2,2),(-13.00792406922,-12.63300901166),.PIECEWISE_BEZIER_KNOTS.);
#1335 = CARTESIAN_POINT('',(11.354818700004,33.831203428928));
#1336 = CARTESIAN_POINT('',(11.516308844963,33.492851196091));
#1337 = ( GEOMETRIC_REPRESENTATION_CONTEXT(2) 
PARAMETRIC_REPRESENTATION_CONTEXT() REPRESENTATION_CONTEXT('2D SPACE',''
  ) );
#1338 = PCURVE('',#1339,#1344);
#1339 = PLANE('',#1340);
#1340 = AXIS2_PLACEMENT_3D('',#1341,#1342,#1343);
#1341 = CARTESIAN_POINT('',(-61.58369115503,-13.5071488039,-200.));
#1342 = DIRECTION('',(-0.902477043839,-0.430737954379,0.));
#1343 = DIRECTION('',(-0.430737954379,0.902477043839,0.));
#1344 = DEFINITIONAL_REPRESENTATION('',(#1345),#1348);
#1345 = B_SPLINE_CURVE_WITH_KNOTS('',1,(#1346,#1347),.UNSPECIFIED.,.F.,
  .F.,(2,2),(-13.00792406922,-12.63300901166),.PIECEWISE_BEZIER_KNOTS.);
#1346 = CARTESIAN_POINT('',(0.374915057559,-262.));
#1347 = CARTESIAN_POINT('',(0.,-262.));
#1348 = ( GEOMETRIC_REPRESENTATION_CONTEXT(2) 
PARAMETRIC_REPRESENTATION_CONTEXT() REPRESENTATION_CONTEXT('2D SPACE',''
  ) );
#1349 = ORIENTED_EDGE('',*,*,#1350,.F.);
#1350 = EDGE_CURVE('',#1351,#1325,#1353,.T.);
#1351 = VERTEX_POINT('',#1352);
#1352 = CARTESIAN_POINT('',(-61.89775050985,-12.83248816665,62.));
#1353 = SURFACE_CURVE('',#1354,(#1358,#1364),.PCURVE_S1.);
#1354 = LINE('',#1355,#1356);
#1355 = CARTESIAN_POINT('',(-56.35006624965,-25.06125204019,62.));
#1356 = VECTOR('',#1357,1.);
#1357 = DIRECTION('',(0.413133515729,-0.910670466295,0.));
#1358 = PCURVE('',#44,#1359);
#1359 = DEFINITIONAL_REPRESENTATION('',(#1360),#1363);
#1360 = B_SPLINE_CURVE_WITH_KNOTS('',1,(#1361,#1362),.UNSPECIFIED.,.F.,
  .F.,(2,2),(-13.42830840149,-13.05901081596),.PIECEWISE_BEZIER_KNOTS.);
#1361 = CARTESIAN_POINT('',(11.202249490143,34.167511833346));
#1362 = CARTESIAN_POINT('',(11.354818700004,33.831203428928));
#1363 = ( GEOMETRIC_REPRESENTATION_CONTEXT(2) 
PARAMETRIC_REPRESENTATION_CONTEXT() REPRESENTATION_CONTEXT('2D SPACE',''
  ) );
#1364 = PCURVE('',#1365,#1370);
#1365 = PLANE('',#1366);
#1366 = AXIS2_PLACEMENT_3D('',#1367,#1368,#1369);
#1367 = CARTESIAN_POINT('',(-61.74518129999,-13.16879657107,-200.));
#1368 = DIRECTION('',(-0.910670466295,-0.413133515729,0.));
#1369 = DIRECTION('',(-0.413133515729,0.910670466295,0.));
#1370 = DEFINITIONAL_REPRESENTATION('',(#1371),#1374);
#1371 = B_SPLINE_CURVE_WITH_KNOTS('',1,(#1372,#1373),.UNSPECIFIED.,.F.,
  .F.,(2,2),(-13.42830840149,-13.05901081596),.PIECEWISE_BEZIER_KNOTS.);
#1372 = CARTESIAN_POINT('',(0.369297585532,-262.));
#1373 = CARTESIAN_POINT('',(0.,-262.));
#1374 = ( GEOMETRIC_REPRESENTATION_CONTEXT(2) 
PARAMETRIC_REPRESENTATION_CONTEXT() REPRESENTATION_CONTEXT('2D SPACE',''
  ) );
#1375 = ORIENTED_EDGE('',*,*,#1376,.F.);
#1376 = EDGE_CURVE('',#1377,#1351,#1379,.T.);
#1377 = VERTEX_POINT('',#1378);
#1378 = CARTESIAN_POINT('',(-62.05154371113,-12.49627469243,62.));
#1379 = SURFACE_CURVE('',#1380,(#1384,#1390),.PCURVE_S1.);
#1380 = LINE('',#1381,#1382);
#1381 = CARTESIAN_POINT('',(-56.40454856358,-24.84139685482,62.));
#1382 = VECTOR('',#1383,1.);
#1383 = DIRECTION('',(0.415973656721,-0.909376663938,0.));
#1384 = PCURVE('',#44,#1385);
#1385 = DEFINITIONAL_REPRESENTATION('',(#1386),#1389);
#1386 = B_SPLINE_CURVE_WITH_KNOTS('',1,(#1387,#1388),.UNSPECIFIED.,.F.,
  .F.,(2,2),(-13.57536722894,-13.20564862107),.PIECEWISE_BEZIER_KNOTS.);
#1387 = CARTESIAN_POINT('',(11.048456288869,34.503725307568));
#1388 = CARTESIAN_POINT('',(11.202249490143,34.167511833346));
#1389 = ( GEOMETRIC_REPRESENTATION_CONTEXT(2) 
PARAMETRIC_REPRESENTATION_CONTEXT() REPRESENTATION_CONTEXT('2D SPACE',''
  ) );
#1390 = PCURVE('',#1391,#1396);
#1391 = PLANE('',#1392);
#1392 = AXIS2_PLACEMENT_3D('',#1393,#1394,#1395);
#1393 = CARTESIAN_POINT('',(-61.89775050985,-12.83248816665,-200.));
#1394 = DIRECTION('',(-0.909376663938,-0.415973656721,0.));
#1395 = DIRECTION('',(-0.415973656721,0.909376663938,0.));
#1396 = DEFINITIONAL_REPRESENTATION('',(#1397),#1400);
#1397 = B_SPLINE_CURVE_WITH_KNOTS('',1,(#1398,#1399),.UNSPECIFIED.,.F.,
  .F.,(2,2),(-13.57536722894,-13.20564862107),.PIECEWISE_BEZIER_KNOTS.);
#1398 = CARTESIAN_POINT('',(0.369718607872,-262.));
#1399 = CARTESIAN_POINT('',(0.,-262.));
#1400 = ( GEOMETRIC_REPRESENTATION_CONTEXT(2) 
PARAMETRIC_REPRESENTATION_CONTEXT() REPRESENTATION_CONTEXT('2D SPACE',''
  ) );
#1401 = ORIENTED_EDGE('',*,*,#1402,.F.);
#1402 = EDGE_CURVE('',#1403,#1377,#1405,.T.);
#1403 = VERTEX_POINT('',#1404);
#1404 = CARTESIAN_POINT('',(-62.19856584369,-12.15801360514,62.));
#1405 = SURFACE_CURVE('',#1406,(#1410,#1416),.PCURVE_S1.);
#1406 = LINE('',#1407,#1408);
#1407 = CARTESIAN_POINT('',(-56.62240766818,-24.98735633399,62.));
#1408 = VECTOR('',#1409,1.);
#1409 = DIRECTION('',(0.398616873443,-0.917117543288,0.));
#1410 = PCURVE('',#44,#1411);
#1411 = DEFINITIONAL_REPRESENTATION('',(#1412),#1415);
#1412 = B_SPLINE_CURVE_WITH_KNOTS('',1,(#1413,#1414),.UNSPECIFIED.,.F.,
  .F.,(2,2),(-13.98876602323,-13.61993534305),.PIECEWISE_BEZIER_KNOTS.);
#1413 = CARTESIAN_POINT('',(10.901434156309,34.841986394858));
#1414 = CARTESIAN_POINT('',(11.048456288869,34.503725307568));
#1415 = ( GEOMETRIC_REPRESENTATION_CONTEXT(2) 
PARAMETRIC_REPRESENTATION_CONTEXT() REPRESENTATION_CONTEXT('2D SPACE',''
  ) );
#1416 = PCURVE('',#1417,#1422);
#1417 = PLANE('',#1418);
#1418 = AXIS2_PLACEMENT_3D('',#1419,#1420,#1421);
#1419 = CARTESIAN_POINT('',(-62.05154371113,-12.49627469243,-200.));
#1420 = DIRECTION('',(-0.917117543288,-0.398616873443,0.));
#1421 = DIRECTION('',(-0.398616873443,0.917117543288,0.));
#1422 = DEFINITIONAL_REPRESENTATION('',(#1423),#1426);
#1423 = B_SPLINE_CURVE_WITH_KNOTS('',1,(#1424,#1425),.UNSPECIFIED.,.F.,
  .F.,(2,2),(-13.98876602323,-13.61993534305),.PIECEWISE_BEZIER_KNOTS.);
#1424 = CARTESIAN_POINT('',(0.368830680174,-262.));
#1425 = CARTESIAN_POINT('',(0.,-262.));
#1426 = ( GEOMETRIC_REPRESENTATION_CONTEXT(2) 
PARAMETRIC_REPRESENTATION_CONTEXT() REPRESENTATION_CONTEXT('2D SPACE',''
  ) );
#1427 = ORIENTED_EDGE('',*,*,#1428,.F.);
#1428 = EDGE_CURVE('',#1429,#1403,#1431,.T.);
#1429 = VERTEX_POINT('',#1430);
#1430 = CARTESIAN_POINT('',(-62.34158088075,-11.82184382859,62.));
#1431 = SURFACE_CURVE('',#1432,(#1436,#1442),.PCURVE_S1.);
#1432 = LINE('',#1433,#1434);
#1433 = CARTESIAN_POINT('',(-56.75835054944,-24.94573157819,62.));
#1434 = VECTOR('',#1435,1.);
#1435 = DIRECTION('',(0.391471886836,-0.92019006831,0.));
#1436 = PCURVE('',#44,#1437);
#1437 = DEFINITIONAL_REPRESENTATION('',(#1438),#1441);
#1438 = B_SPLINE_CURVE_WITH_KNOTS('',1,(#1439,#1440),.UNSPECIFIED.,.F.,
  .F.,(2,2),(-14.26214887723,-13.89682242118),.PIECEWISE_BEZIER_KNOTS.);
#1439 = CARTESIAN_POINT('',(10.758419119247,35.178156171408));
#1440 = CARTESIAN_POINT('',(10.901434156309,34.841986394858));
#1441 = ( GEOMETRIC_REPRESENTATION_CONTEXT(2) 
PARAMETRIC_REPRESENTATION_CONTEXT() REPRESENTATION_CONTEXT('2D SPACE',''
  ) );
#1442 = PCURVE('',#1443,#1448);
#1443 = PLANE('',#1444);
#1444 = AXIS2_PLACEMENT_3D('',#1445,#1446,#1447);
#1445 = CARTESIAN_POINT('',(-62.19856584369,-12.15801360514,-200.));
#1446 = DIRECTION('',(-0.92019006831,-0.391471886836,0.));
#1447 = DIRECTION('',(-0.391471886836,0.92019006831,0.));
#1448 = DEFINITIONAL_REPRESENTATION('',(#1449),#1452);
#1449 = B_SPLINE_CURVE_WITH_KNOTS('',1,(#1450,#1451),.UNSPECIFIED.,.F.,
  .F.,(2,2),(-14.26214887723,-13.89682242118),.PIECEWISE_BEZIER_KNOTS.);
#1450 = CARTESIAN_POINT('',(0.365326456052,-262.));
#1451 = CARTESIAN_POINT('',(0.,-262.));
#1452 = ( GEOMETRIC_REPRESENTATION_CONTEXT(2) 
PARAMETRIC_REPRESENTATION_CONTEXT() REPRESENTATION_CONTEXT('2D SPACE',''
  ) );
#1453 = ORIENTED_EDGE('',*,*,#1454,.F.);
#1454 = EDGE_CURVE('',#1455,#1429,#1457,.T.);
#1455 = VERTEX_POINT('',#1456);
#1456 = CARTESIAN_POINT('',(-62.48155265682,-11.48568771148,62.));
#1457 = SURFACE_CURVE('',#1458,(#1462,#1468),.PCURVE_S1.);
#1458 = LINE('',#1459,#1460);
#1459 = CARTESIAN_POINT('',(-56.89470505757,-24.90305690207,62.));
#1460 = VECTOR('',#1461,1.);
#1461 = DIRECTION('',(0.384397115908,-0.923167838089,0.));
#1462 = PCURVE('',#44,#1463);
#1463 = DEFINITIONAL_REPRESENTATION('',(#1464),#1467);
#1464 = B_SPLINE_CURVE_WITH_KNOTS('',1,(#1465,#1466),.UNSPECIFIED.,.F.,
  .F.,(2,2),(-14.53405181268,-14.16991854977),.PIECEWISE_BEZIER_KNOTS.);
#1465 = CARTESIAN_POINT('',(10.618447343175,35.514312288511));
#1466 = CARTESIAN_POINT('',(10.758419119247,35.178156171408));
#1467 = ( GEOMETRIC_REPRESENTATION_CONTEXT(2) 
PARAMETRIC_REPRESENTATION_CONTEXT() REPRESENTATION_CONTEXT('2D SPACE',''
  ) );
#1468 = PCURVE('',#1469,#1474);
#1469 = PLANE('',#1470);
#1470 = AXIS2_PLACEMENT_3D('',#1471,#1472,#1473);
#1471 = CARTESIAN_POINT('',(-62.34158088075,-11.82184382859,-200.));
#1472 = DIRECTION('',(-0.923167838089,-0.384397115908,0.));
#1473 = DIRECTION('',(-0.384397115908,0.923167838089,0.));
#1474 = DEFINITIONAL_REPRESENTATION('',(#1475),#1478);
#1475 = B_SPLINE_CURVE_WITH_KNOTS('',1,(#1476,#1477),.UNSPECIFIED.,.F.,
  .F.,(2,2),(-14.53405181268,-14.16991854977),.PIECEWISE_BEZIER_KNOTS.);
#1476 = CARTESIAN_POINT('',(0.364133262917,-262.));
#1477 = CARTESIAN_POINT('',(0.,-262.));
#1478 = ( GEOMETRIC_REPRESENTATION_CONTEXT(2) 
PARAMETRIC_REPRESENTATION_CONTEXT() REPRESENTATION_CONTEXT('2D SPACE',''
  ) );
#1479 = ORIENTED_EDGE('',*,*,#1480,.F.);
#1480 = EDGE_CURVE('',#1481,#1455,#1483,.T.);
#1481 = VERTEX_POINT('',#1482);
#1482 = CARTESIAN_POINT('',(-62.61929063541,-11.14763336926,62.));
#1483 = SURFACE_CURVE('',#1484,(#1488,#1494),.PCURVE_S1.);
#1484 = LINE('',#1485,#1486);
#1485 = CARTESIAN_POINT('',(-57.03250019147,-24.85945626634,62.));
#1486 = VECTOR('',#1487,1.);
#1487 = DIRECTION('',(0.377325399113,-0.926080743339,0.));
#1488 = PCURVE('',#44,#1489);
#1489 = DEFINITIONAL_REPRESENTATION('',(#1490),#1493);
#1490 = B_SPLINE_CURVE_WITH_KNOTS('',1,(#1491,#1492),.UNSPECIFIED.,.F.,
  .F.,(2,2),(-14.80629307508,-14.4412554208),.PIECEWISE_BEZIER_KNOTS.);
#1491 = CARTESIAN_POINT('',(10.480709364582,35.852366630736));
#1492 = CARTESIAN_POINT('',(10.618447343175,35.514312288511));
#1493 = ( GEOMETRIC_REPRESENTATION_CONTEXT(2) 
PARAMETRIC_REPRESENTATION_CONTEXT() REPRESENTATION_CONTEXT('2D SPACE',''
  ) );
#1494 = PCURVE('',#1495,#1500);
#1495 = PLANE('',#1496);
#1496 = AXIS2_PLACEMENT_3D('',#1497,#1498,#1499);
#1497 = CARTESIAN_POINT('',(-62.48155265682,-11.48568771148,-200.));
#1498 = DIRECTION('',(-0.926080743339,-0.377325399113,0.));
#1499 = DIRECTION('',(-0.377325399113,0.926080743339,0.));
#1500 = DEFINITIONAL_REPRESENTATION('',(#1501),#1504);
#1501 = B_SPLINE_CURVE_WITH_KNOTS('',1,(#1502,#1503),.UNSPECIFIED.,.F.,
  .F.,(2,2),(-14.80629307508,-14.4412554208),.PIECEWISE_BEZIER_KNOTS.);
#1502 = CARTESIAN_POINT('',(0.365037654282,-262.));
#1503 = CARTESIAN_POINT('',(0.,-262.));
#1504 = ( GEOMETRIC_REPRESENTATION_CONTEXT(2) 
PARAMETRIC_REPRESENTATION_CONTEXT() REPRESENTATION_CONTEXT('2D SPACE',''
  ) );
#1505 = ORIENTED_EDGE('',*,*,#1506,.F.);
#1506 = EDGE_CURVE('',#1507,#1481,#1509,.T.);
#1507 = VERTEX_POINT('',#1508);
#1508 = CARTESIAN_POINT('',(-62.74929663722,-10.81153422692,62.));
#1509 = SURFACE_CURVE('',#1510,(#1514,#1520),.PCURVE_S1.);
#1510 = LINE('',#1511,#1512);
#1511 = CARTESIAN_POINT('',(-57.26975820016,-24.97755843718,62.));
#1512 = VECTOR('',#1513,1.);
#1513 = DIRECTION('',(0.360760259011,-0.932658584649,0.));
#1514 = PCURVE('',#44,#1515);
#1515 = DEFINITIONAL_REPRESENTATION('',(#1516),#1519);
#1516 = B_SPLINE_CURVE_WITH_KNOTS('',1,(#1517,#1518),.UNSPECIFIED.,.F.,
  .F.,(2,2),(-15.18886379585,-14.82849704657),.PIECEWISE_BEZIER_KNOTS.);
#1517 = CARTESIAN_POINT('',(10.350703362771,36.18846577308));
#1518 = CARTESIAN_POINT('',(10.480709364582,35.852366630736));
#1519 = ( GEOMETRIC_REPRESENTATION_CONTEXT(2) 
PARAMETRIC_REPRESENTATION_CONTEXT() REPRESENTATION_CONTEXT('2D SPACE',''
  ) );
#1520 = PCURVE('',#1521,#1526);
#1521 = PLANE('',#1522);
#1522 = AXIS2_PLACEMENT_3D('',#1523,#1524,#1525);
#1523 = CARTESIAN_POINT('',(-62.61929063541,-11.14763336926,-200.));
#1524 = DIRECTION('',(-0.932658584649,-0.360760259011,0.));
#1525 = DIRECTION('',(-0.360760259011,0.932658584649,0.));
#1526 = DEFINITIONAL_REPRESENTATION('',(#1527),#1530);
#1527 = B_SPLINE_CURVE_WITH_KNOTS('',1,(#1528,#1529),.UNSPECIFIED.,.F.,
  .F.,(2,2),(-15.18886379585,-14.82849704657),.PIECEWISE_BEZIER_KNOTS.);
#1528 = CARTESIAN_POINT('',(0.360366749287,-262.));
#1529 = CARTESIAN_POINT('',(0.,-262.));
#1530 = ( GEOMETRIC_REPRESENTATION_CONTEXT(2) 
PARAMETRIC_REPRESENTATION_CONTEXT() REPRESENTATION_CONTEXT('2D SPACE',''
  ) );
#1531 = ORIENTED_EDGE('',*,*,#1532,.F.);
#1532 = EDGE_CURVE('',#1533,#1507,#1535,.T.);
#1533 = VERTEX_POINT('',#1534);
#1534 = CARTESIAN_POINT('',(-62.87971796197,-10.47740065369,62.));
#1535 = SURFACE_CURVE('',#1536,(#1540,#1546),.PCURVE_S1.);
#1536 = LINE('',#1537,#1538);
#1537 = CARTESIAN_POINT('',(-57.30464263131,-24.76049312277,62.));
#1538 = VECTOR('',#1539,1.);
#1539 = DIRECTION('',(0.363609589878,-0.931551429685,0.));
#1540 = PCURVE('',#44,#1541);
#1541 = DEFINITIONAL_REPRESENTATION('',(#1542),#1545);
#1542 = B_SPLINE_CURVE_WITH_KNOTS('',1,(#1543,#1544),.UNSPECIFIED.,.F.,
  .F.,(2,2),(-15.33258606441,-14.97390101217),.PIECEWISE_BEZIER_KNOTS.);
#1543 = CARTESIAN_POINT('',(10.220282038029,36.522599346305));
#1544 = CARTESIAN_POINT('',(10.350703362771,36.18846577308));
#1545 = ( GEOMETRIC_REPRESENTATION_CONTEXT(2) 
PARAMETRIC_REPRESENTATION_CONTEXT() REPRESENTATION_CONTEXT('2D SPACE',''
  ) );
#1546 = PCURVE('',#1547,#1552);
#1547 = PLANE('',#1548);
#1548 = AXIS2_PLACEMENT_3D('',#1549,#1550,#1551);
#1549 = CARTESIAN_POINT('',(-62.74929663722,-10.81153422692,-200.));
#1550 = DIRECTION('',(-0.931551429685,-0.363609589878,0.));
#1551 = DIRECTION('',(-0.363609589878,0.931551429685,0.));
#1552 = DEFINITIONAL_REPRESENTATION('',(#1553),#1556);
#1553 = B_SPLINE_CURVE_WITH_KNOTS('',1,(#1554,#1555),.UNSPECIFIED.,.F.,
  .F.,(2,2),(-15.33258606441,-14.97390101217),.PIECEWISE_BEZIER_KNOTS.);
#1554 = CARTESIAN_POINT('',(0.358685052244,-262.));
#1555 = CARTESIAN_POINT('',(0.,-262.));
#1556 = ( GEOMETRIC_REPRESENTATION_CONTEXT(2) 
PARAMETRIC_REPRESENTATION_CONTEXT() REPRESENTATION_CONTEXT('2D SPACE',''
  ) );
#1557 = ORIENTED_EDGE('',*,*,#1558,.F.);
#1558 = EDGE_CURVE('',#1559,#1533,#1561,.T.);
#1559 = VERTEX_POINT('',#1560);
#1560 = CARTESIAN_POINT('',(-63.00873320602,-10.13947531644,62.));
#1561 = SURFACE_CURVE('',#1562,(#1566,#1572),.PCURVE_S1.);
#1562 = LINE('',#1563,#1564);
#1563 = CARTESIAN_POINT('',(-57.4448528427,-24.71276207809,62.));
#1564 = VECTOR('',#1565,1.);
#1565 = DIRECTION('',(0.356675521729,-0.934228329799,0.));
#1566 = PCURVE('',#44,#1567);
#1567 = DEFINITIONAL_REPRESENTATION('',(#1568),#1571);
#1568 = B_SPLINE_CURVE_WITH_KNOTS('',1,(#1569,#1570),.UNSPECIFIED.,.F.,
  .F.,(2,2),(-15.59927728244,-15.23756127954),.PIECEWISE_BEZIER_KNOTS.);
#1569 = CARTESIAN_POINT('',(10.091266793977,36.860524683556));
#1570 = CARTESIAN_POINT('',(10.220282038029,36.522599346305));
#1571 = ( GEOMETRIC_REPRESENTATION_CONTEXT(2) 
PARAMETRIC_REPRESENTATION_CONTEXT() REPRESENTATION_CONTEXT('2D SPACE',''
  ) );
#1572 = PCURVE('',#1573,#1578);
#1573 = PLANE('',#1574);
#1574 = AXIS2_PLACEMENT_3D('',#1575,#1576,#1577);
#1575 = CARTESIAN_POINT('',(-62.87971796197,-10.47740065369,-200.));
#1576 = DIRECTION('',(-0.934228329799,-0.356675521729,0.));
#1577 = DIRECTION('',(-0.356675521729,0.934228329799,0.));
#1578 = DEFINITIONAL_REPRESENTATION('',(#1579),#1582);
#1579 = B_SPLINE_CURVE_WITH_KNOTS('',1,(#1580,#1581),.UNSPECIFIED.,.F.,
  .F.,(2,2),(-15.59927728244,-15.23756127954),.PIECEWISE_BEZIER_KNOTS.);
#1580 = CARTESIAN_POINT('',(0.3617160029,-262.));
#1581 = CARTESIAN_POINT('',(0.,-262.));
#1582 = ( GEOMETRIC_REPRESENTATION_CONTEXT(2) 
PARAMETRIC_REPRESENTATION_CONTEXT() REPRESENTATION_CONTEXT('2D SPACE',''
  ) );
#1583 = ORIENTED_EDGE('',*,*,#1584,.F.);
#1584 = EDGE_CURVE('',#1585,#1559,#1587,.T.);
#1585 = VERTEX_POINT('',#1586);
#1586 = CARTESIAN_POINT('',(-63.13113808078,-9.801611958319,62.));
#1587 = SURFACE_CURVE('',#1588,(#1592,#1598),.PCURVE_S1.);
#1588 = LINE('',#1589,#1590);
#1589 = CARTESIAN_POINT('',(-57.69175636638,-24.81545659242,62.));
#1590 = VECTOR('',#1591,1.);
#1591 = DIRECTION('',(0.340625690104,-0.940198989173,0.));
#1592 = PCURVE('',#44,#1593);
#1593 = DEFINITIONAL_REPRESENTATION('',(#1594),#1597);
#1594 = B_SPLINE_CURVE_WITH_KNOTS('',1,(#1595,#1596),.UNSPECIFIED.,.F.,
  .F.,(2,2),(-15.96879469879,-15.60944166606),.PIECEWISE_BEZIER_KNOTS.);
#1595 = CARTESIAN_POINT('',(9.968861919213,37.198388041681));
#1596 = CARTESIAN_POINT('',(10.091266793977,36.860524683556));
#1597 = ( GEOMETRIC_REPRESENTATION_CONTEXT(2) 
PARAMETRIC_REPRESENTATION_CONTEXT() REPRESENTATION_CONTEXT('2D SPACE',''
  ) );
#1598 = PCURVE('',#1599,#1604);
#1599 = PLANE('',#1600);
#1600 = AXIS2_PLACEMENT_3D('',#1601,#1602,#1603);
#1601 = CARTESIAN_POINT('',(-63.00873320602,-10.13947531644,-200.));
#1602 = DIRECTION('',(-0.940198989173,-0.340625690104,0.));
#1603 = DIRECTION('',(-0.340625690104,0.940198989173,0.));
#1604 = DEFINITIONAL_REPRESENTATION('',(#1605),#1608);
#1605 = B_SPLINE_CURVE_WITH_KNOTS('',1,(#1606,#1607),.UNSPECIFIED.,.F.,
  .F.,(2,2),(-15.96879469879,-15.60944166606),.PIECEWISE_BEZIER_KNOTS.);
#1606 = CARTESIAN_POINT('',(0.359353032726,-262.));
#1607 = CARTESIAN_POINT('',(0.,-262.));
#1608 = ( GEOMETRIC_REPRESENTATION_CONTEXT(2) 
PARAMETRIC_REPRESENTATION_CONTEXT() REPRESENTATION_CONTEXT('2D SPACE',''
  ) );
#1609 = ORIENTED_EDGE('',*,*,#1610,.F.);
#1610 = EDGE_CURVE('',#1611,#1585,#1613,.T.);
#1611 = VERTEX_POINT('',#1612);
#1612 = CARTESIAN_POINT('',(-63.24958194648,-9.467497329065,62.));
#1613 = SURFACE_CURVE('',#1614,(#1618,#1624),.PCURVE_S1.);
#1614 = LINE('',#1615,#1616);
#1615 = CARTESIAN_POINT('',(-57.83027189338,-24.75466107185,62.));
#1616 = VECTOR('',#1617,1.);
#1617 = DIRECTION('',(0.334126862999,-0.94252811068,0.));
#1618 = PCURVE('',#44,#1619);
#1619 = DEFINITIONAL_REPRESENTATION('',(#1620),#1623);
#1620 = B_SPLINE_CURVE_WITH_KNOTS('',1,(#1621,#1622),.UNSPECIFIED.,.F.,
  .F.,(2,2),(-16.21931862781,-15.86483092026),.PIECEWISE_BEZIER_KNOTS.);
#1621 = CARTESIAN_POINT('',(9.850418053519,37.532502670935));
#1622 = CARTESIAN_POINT('',(9.968861919213,37.198388041681));
#1623 = ( GEOMETRIC_REPRESENTATION_CONTEXT(2) 
PARAMETRIC_REPRESENTATION_CONTEXT() REPRESENTATION_CONTEXT('2D SPACE',''
  ) );
#1624 = PCURVE('',#1625,#1630);
#1625 = PLANE('',#1626);
#1626 = AXIS2_PLACEMENT_3D('',#1627,#1628,#1629);
#1627 = CARTESIAN_POINT('',(-63.13113808078,-9.801611958319,-200.));
#1628 = DIRECTION('',(-0.94252811068,-0.334126862999,0.));
#1629 = DIRECTION('',(-0.334126862999,0.94252811068,0.));
#1630 = DEFINITIONAL_REPRESENTATION('',(#1631),#1634);
#1631 = B_SPLINE_CURVE_WITH_KNOTS('',1,(#1632,#1633),.UNSPECIFIED.,.F.,
  .F.,(2,2),(-16.21931862781,-15.86483092026),.PIECEWISE_BEZIER_KNOTS.);
#1632 = CARTESIAN_POINT('',(0.354487707548,-262.));
#1633 = CARTESIAN_POINT('',(0.,-262.));
#1634 = ( GEOMETRIC_REPRESENTATION_CONTEXT(2) 
PARAMETRIC_REPRESENTATION_CONTEXT() REPRESENTATION_CONTEXT('2D SPACE',''
  ) );
#1635 = ORIENTED_EDGE('',*,*,#1636,.F.);
#1636 = EDGE_CURVE('',#1637,#1611,#1639,.T.);
#1637 = VERTEX_POINT('',#1638);
#1638 = CARTESIAN_POINT('',(-63.36968294309,-9.131581200183,62.));
#1639 = SURFACE_CURVE('',#1640,(#1644,#1650),.PCURVE_S1.);
#1640 = LINE('',#1641,#1642);
#1641 = CARTESIAN_POINT('',(-57.85873163513,-24.54542023654,62.));
#1642 = VECTOR('',#1643,1.);
#1643 = DIRECTION('',(0.336661927588,-0.941625587223,0.));
#1644 = PCURVE('',#44,#1645);
#1645 = DEFINITIONAL_REPRESENTATION('',(#1646),#1649);
#1646 = B_SPLINE_CURVE_WITH_KNOTS('',1,(#1647,#1648),.UNSPECIFIED.,.F.,
  .F.,(2,2),(-16.36939272415,-16.01265206901),.PIECEWISE_BEZIER_KNOTS.);
#1647 = CARTESIAN_POINT('',(9.730317056911,37.868418799817));
#1648 = CARTESIAN_POINT('',(9.850418053519,37.532502670935));
#1649 = ( GEOMETRIC_REPRESENTATION_CONTEXT(2) 
PARAMETRIC_REPRESENTATION_CONTEXT() REPRESENTATION_CONTEXT('2D SPACE',''
  ) );
#1650 = PCURVE('',#1651,#1656);
#1651 = PLANE('',#1652);
#1652 = AXIS2_PLACEMENT_3D('',#1653,#1654,#1655);
#1653 = CARTESIAN_POINT('',(-63.24958194648,-9.467497329065,-200.));
#1654 = DIRECTION('',(-0.941625587223,-0.336661927588,0.));
#1655 = DIRECTION('',(-0.336661927588,0.941625587223,0.));
#1656 = DEFINITIONAL_REPRESENTATION('',(#1657),#1660);
#1657 = B_SPLINE_CURVE_WITH_KNOTS('',1,(#1658,#1659),.UNSPECIFIED.,.F.,
  .F.,(2,2),(-16.36939272415,-16.01265206901),.PIECEWISE_BEZIER_KNOTS.);
#1658 = CARTESIAN_POINT('',(0.356740655139,-262.));
#1659 = CARTESIAN_POINT('',(0.,-262.));
#1660 = ( GEOMETRIC_REPRESENTATION_CONTEXT(2) 
PARAMETRIC_REPRESENTATION_CONTEXT() REPRESENTATION_CONTEXT('2D SPACE',''
  ) );
#1661 = ORIENTED_EDGE('',*,*,#1662,.F.);
#1662 = EDGE_CURVE('',#1663,#1637,#1665,.T.);
#1663 = VERTEX_POINT('',#1664);
#1664 = CARTESIAN_POINT('',(-63.48421616774,-8.79386491525,62.));
#1665 = SURFACE_CURVE('',#1666,(#1670,#1676),.PCURVE_S1.);
#1666 = LINE('',#1667,#1668);
#1667 = CARTESIAN_POINT('',(-58.11255502987,-24.63291466625,62.));
#1668 = VECTOR('',#1669,1.);
#1669 = DIRECTION('',(0.321172904213,-0.947020572955,0.));
#1670 = PCURVE('',#44,#1671);
#1671 = DEFINITIONAL_REPRESENTATION('',(#1672),#1675);
#1672 = B_SPLINE_CURVE_WITH_KNOTS('',1,(#1673,#1674),.UNSPECIFIED.,.F.,
  .F.,(2,2),(-16.72513797834,-16.3685287403),.PIECEWISE_BEZIER_KNOTS.);
#1673 = CARTESIAN_POINT('',(9.615783832259,38.20613508475));
#1674 = CARTESIAN_POINT('',(9.730317056911,37.868418799817));
#1675 = ( GEOMETRIC_REPRESENTATION_CONTEXT(2) 
PARAMETRIC_REPRESENTATION_CONTEXT() REPRESENTATION_CONTEXT('2D SPACE',''
  ) );
#1676 = PCURVE('',#1677,#1682);
#1677 = PLANE('',#1678);
#1678 = AXIS2_PLACEMENT_3D('',#1679,#1680,#1681);
#1679 = CARTESIAN_POINT('',(-63.36968294309,-9.131581200183,-200.));
#1680 = DIRECTION('',(-0.947020572955,-0.321172904213,0.));
#1681 = DIRECTION('',(-0.321172904213,0.947020572955,0.));
#1682 = DEFINITIONAL_REPRESENTATION('',(#1683),#1686);
#1683 = B_SPLINE_CURVE_WITH_KNOTS('',1,(#1684,#1685),.UNSPECIFIED.,.F.,
  .F.,(2,2),(-16.72513797834,-16.3685287403),.PIECEWISE_BEZIER_KNOTS.);
#1684 = CARTESIAN_POINT('',(0.356609238044,-262.));
#1685 = CARTESIAN_POINT('',(0.,-262.));
#1686 = ( GEOMETRIC_REPRESENTATION_CONTEXT(2) 
PARAMETRIC_REPRESENTATION_CONTEXT() REPRESENTATION_CONTEXT('2D SPACE',''
  ) );
#1687 = ORIENTED_EDGE('',*,*,#1688,.F.);
#1688 = EDGE_CURVE('',#1689,#1663,#1691,.T.);
#1689 = VERTEX_POINT('',#1690);
#1690 = CARTESIAN_POINT('',(-63.5956178739,-8.458021406253,62.));
#1691 = SURFACE_CURVE('',#1692,(#1696,#1702),.PCURVE_S1.);
#1692 = LINE('',#1693,#1694);
#1693 = CARTESIAN_POINT('',(-58.25227117167,-24.56664638188,62.));
#1694 = VECTOR('',#1695,1.);
#1695 = DIRECTION('',(0.314838324095,-0.949145315366,0.));
#1696 = PCURVE('',#44,#1697);
#1697 = DEFINITIONAL_REPRESENTATION('',(#1698),#1701);
#1698 = B_SPLINE_CURVE_WITH_KNOTS('',1,(#1699,#1700),.UNSPECIFIED.,.F.,
  .F.,(2,2),(-16.97171625339,-16.61787843366),.PIECEWISE_BEZIER_KNOTS.);
#1699 = CARTESIAN_POINT('',(9.504382126094,38.541978593747));
#1700 = CARTESIAN_POINT('',(9.615783832259,38.20613508475));
#1701 = ( GEOMETRIC_REPRESENTATION_CONTEXT(2) 
PARAMETRIC_REPRESENTATION_CONTEXT() REPRESENTATION_CONTEXT('2D SPACE',''
  ) );
#1702 = PCURVE('',#1703,#1708);
#1703 = PLANE('',#1704);
#1704 = AXIS2_PLACEMENT_3D('',#1705,#1706,#1707);
#1705 = CARTESIAN_POINT('',(-63.48421616774,-8.79386491525,-200.));
#1706 = DIRECTION('',(-0.949145315366,-0.314838324095,0.));
#1707 = DIRECTION('',(-0.314838324095,0.949145315366,0.));
#1708 = DEFINITIONAL_REPRESENTATION('',(#1709),#1712);
#1709 = B_SPLINE_CURVE_WITH_KNOTS('',1,(#1710,#1711),.UNSPECIFIED.,.F.,
  .F.,(2,2),(-16.97171625339,-16.61787843366),.PIECEWISE_BEZIER_KNOTS.);
#1710 = CARTESIAN_POINT('',(0.35383781973,-262.));
#1711 = CARTESIAN_POINT('',(0.,-262.));
#1712 = ( GEOMETRIC_REPRESENTATION_CONTEXT(2) 
PARAMETRIC_REPRESENTATION_CONTEXT() REPRESENTATION_CONTEXT('2D SPACE',''
  ) );
#1713 = ORIENTED_EDGE('',*,*,#1714,.F.);
#1714 = EDGE_CURVE('',#1715,#1689,#1717,.T.);
#1715 = VERTEX_POINT('',#1716);
#1716 = CARTESIAN_POINT('',(-63.70456661197,-8.122201472716,62.));
#1717 = SURFACE_CURVE('',#1718,(#1722,#1728),.PCURVE_S1.);
#1718 = LINE('',#1719,#1720);
#1719 = CARTESIAN_POINT('',(-58.39152790167,-24.49893366978,62.));
#1720 = VECTOR('',#1721,1.);
#1721 = DIRECTION('',(0.308592257416,-0.951194416859,0.));
#1722 = PCURVE('',#44,#1723);
#1723 = DEFINITIONAL_REPRESENTATION('',(#1724),#1727);
#1724 = B_SPLINE_CURVE_WITH_KNOTS('',1,(#1725,#1726),.UNSPECIFIED.,.F.,
  .F.,(2,2),(-17.21701884158,-16.86396805871),.PIECEWISE_BEZIER_KNOTS.);
#1725 = CARTESIAN_POINT('',(9.395433388024,38.877798527284));
#1726 = CARTESIAN_POINT('',(9.504382126094,38.541978593747));
#1727 = ( GEOMETRIC_REPRESENTATION_CONTEXT(2) 
PARAMETRIC_REPRESENTATION_CONTEXT() REPRESENTATION_CONTEXT('2D SPACE',''
  ) );
#1728 = PCURVE('',#1729,#1734);
#1729 = PLANE('',#1730);
#1730 = AXIS2_PLACEMENT_3D('',#1731,#1732,#1733);
#1731 = CARTESIAN_POINT('',(-63.5956178739,-8.458021406253,-200.));
#1732 = DIRECTION('',(-0.951194416859,-0.308592257416,0.));
#1733 = DIRECTION('',(-0.308592257416,0.951194416859,0.));
#1734 = DEFINITIONAL_REPRESENTATION('',(#1735),#1738);
#1735 = B_SPLINE_CURVE_WITH_KNOTS('',1,(#1736,#1737),.UNSPECIFIED.,.F.,
  .F.,(2,2),(-17.21701884158,-16.86396805871),.PIECEWISE_BEZIER_KNOTS.);
#1736 = CARTESIAN_POINT('',(0.353050782875,-262.));
#1737 = CARTESIAN_POINT('',(0.,-262.));
#1738 = ( GEOMETRIC_REPRESENTATION_CONTEXT(2) 
PARAMETRIC_REPRESENTATION_CONTEXT() REPRESENTATION_CONTEXT('2D SPACE',''
  ) );
#1739 = ORIENTED_EDGE('',*,*,#1740,.F.);
#1740 = EDGE_CURVE('',#1741,#1715,#1743,.T.);
#1741 = VERTEX_POINT('',#1742);
#1742 = CARTESIAN_POINT('',(-63.81110124831,-7.786405579288,62.));
#1743 = SURFACE_CURVE('',#1744,(#1748,#1754),.PCURVE_S1.);
#1744 = LINE('',#1745,#1746);
#1745 = CARTESIAN_POINT('',(-58.53096678843,-24.42932594108,62.));
#1746 = VECTOR('',#1747,1.);
#1747 = DIRECTION('',(0.302405750602,-0.953179291636,0.));
#1748 = PCURVE('',#44,#1749);
#1749 = DEFINITIONAL_REPRESENTATION('',(#1750),#1753);
#1750 = B_SPLINE_CURVE_WITH_KNOTS('',1,(#1751,#1752),.UNSPECIFIED.,.F.,
  .F.,(2,2),(-17.46043006582,-17.10813968732),.PIECEWISE_BEZIER_KNOTS.);
#1751 = CARTESIAN_POINT('',(9.288898751684,39.213594420712));
#1752 = CARTESIAN_POINT('',(9.395433388024,38.877798527284));
#1753 = ( GEOMETRIC_REPRESENTATION_CONTEXT(2) 
PARAMETRIC_REPRESENTATION_CONTEXT() REPRESENTATION_CONTEXT('2D SPACE',''
  ) );
#1754 = PCURVE('',#1755,#1760);
#1755 = PLANE('',#1756);
#1756 = AXIS2_PLACEMENT_3D('',#1757,#1758,#1759);
#1757 = CARTESIAN_POINT('',(-63.70456661197,-8.122201472716,-200.));
#1758 = DIRECTION('',(-0.953179291636,-0.302405750602,0.));
#1759 = DIRECTION('',(-0.302405750602,0.953179291636,0.));
#1760 = DEFINITIONAL_REPRESENTATION('',(#1761),#1764);
#1761 = B_SPLINE_CURVE_WITH_KNOTS('',1,(#1762,#1763),.UNSPECIFIED.,.F.,
  .F.,(2,2),(-17.46043006582,-17.10813968732),.PIECEWISE_BEZIER_KNOTS.);
#1762 = CARTESIAN_POINT('',(0.352290378499,-262.));
#1763 = CARTESIAN_POINT('',(0.,-262.));
#1764 = ( GEOMETRIC_REPRESENTATION_CONTEXT(2) 
PARAMETRIC_REPRESENTATION_CONTEXT() REPRESENTATION_CONTEXT('2D SPACE',''
  ) );
#1765 = ORIENTED_EDGE('',*,*,#1766,.F.);
#1766 = EDGE_CURVE('',#1767,#1741,#1769,.T.);
#1767 = VERTEX_POINT('',#1768);
#1768 = CARTESIAN_POINT('',(-63.91575979151,-7.448992807875,62.));
#1769 = SURFACE_CURVE('',#1770,(#1774,#1780),.PCURVE_S1.);
#1770 = LINE('',#1771,#1772);
#1771 = CARTESIAN_POINT('',(-58.67087092363,-24.35819519696,62.));
#1772 = VECTOR('',#1773,1.);
#1773 = DIRECTION('',(0.296255225771,-0.955108811185,0.));
#1774 = PCURVE('',#44,#1775);
#1775 = DEFINITIONAL_REPRESENTATION('',(#1776),#1779);
#1776 = B_SPLINE_CURVE_WITH_KNOTS('',1,(#1777,#1778),.UNSPECIFIED.,.F.,
  .F.,(2,2),(-17.70395392763,-17.3506823763),.PIECEWISE_BEZIER_KNOTS.);
#1777 = CARTESIAN_POINT('',(9.184240208487,39.551007192125));
#1778 = CARTESIAN_POINT('',(9.288898751684,39.213594420712));
#1779 = ( GEOMETRIC_REPRESENTATION_CONTEXT(2) 
PARAMETRIC_REPRESENTATION_CONTEXT() REPRESENTATION_CONTEXT('2D SPACE',''
  ) );
#1780 = PCURVE('',#1781,#1786);
#1781 = PLANE('',#1782);
#1782 = AXIS2_PLACEMENT_3D('',#1783,#1784,#1785);
#1783 = CARTESIAN_POINT('',(-63.81110124831,-7.786405579288,-200.));
#1784 = DIRECTION('',(-0.955108811185,-0.296255225771,0.));
#1785 = DIRECTION('',(-0.296255225771,0.955108811185,0.));
#1786 = DEFINITIONAL_REPRESENTATION('',(#1787),#1790);
#1787 = B_SPLINE_CURVE_WITH_KNOTS('',1,(#1788,#1789),.UNSPECIFIED.,.F.,
  .F.,(2,2),(-17.70395392763,-17.3506823763),.PIECEWISE_BEZIER_KNOTS.);
#1788 = CARTESIAN_POINT('',(0.353271551326,-262.));
#1789 = CARTESIAN_POINT('',(0.,-262.));
#1790 = ( GEOMETRIC_REPRESENTATION_CONTEXT(2) 
PARAMETRIC_REPRESENTATION_CONTEXT() REPRESENTATION_CONTEXT('2D SPACE',''
  ) );
#1791 = ORIENTED_EDGE('',*,*,#1792,.F.);
#1792 = EDGE_CURVE('',#1793,#1767,#1795,.T.);
#1793 = VERTEX_POINT('',#1794);
#1794 = CARTESIAN_POINT('',(-64.01443701395,-7.11327408131,62.));
#1795 = SURFACE_CURVE('',#1796,(#1800,#1806),.PCURVE_S1.);
#1796 = LINE('',#1797,#1798);
#1797 = CARTESIAN_POINT('',(-58.93059833315,-24.40946266176,62.));
#1798 = VECTOR('',#1799,1.);
#1799 = DIRECTION('',(0.281999089006,-0.959414672496,0.));
#1800 = PCURVE('',#44,#1801);
#1801 = DEFINITIONAL_REPRESENTATION('',(#1802),#1805);
#1802 = B_SPLINE_CURVE_WITH_KNOTS('',1,(#1803,#1804),.UNSPECIFIED.,.F.,
  .F.,(2,2),(-18.02785497898,-17.67793462004),.PIECEWISE_BEZIER_KNOTS.);
#1803 = CARTESIAN_POINT('',(9.085562986044,39.88672591869));
#1804 = CARTESIAN_POINT('',(9.184240208487,39.551007192125));
#1805 = ( GEOMETRIC_REPRESENTATION_CONTEXT(2) 
PARAMETRIC_REPRESENTATION_CONTEXT() REPRESENTATION_CONTEXT('2D SPACE',''
  ) );
#1806 = PCURVE('',#1807,#1812);
#1807 = PLANE('',#1808);
#1808 = AXIS2_PLACEMENT_3D('',#1809,#1810,#1811);
#1809 = CARTESIAN_POINT('',(-63.91575979151,-7.448992807875,-200.));
#1810 = DIRECTION('',(-0.959414672496,-0.281999089006,0.));
#1811 = DIRECTION('',(-0.281999089006,0.959414672496,0.));
#1812 = DEFINITIONAL_REPRESENTATION('',(#1813),#1816);
#1813 = B_SPLINE_CURVE_WITH_KNOTS('',1,(#1814,#1815),.UNSPECIFIED.,.F.,
  .F.,(2,2),(-18.02785497898,-17.67793462004),.PIECEWISE_BEZIER_KNOTS.);
#1814 = CARTESIAN_POINT('',(0.349920358933,-262.));
#1815 = CARTESIAN_POINT('',(0.,-262.));
#1816 = ( GEOMETRIC_REPRESENTATION_CONTEXT(2) 
PARAMETRIC_REPRESENTATION_CONTEXT() REPRESENTATION_CONTEXT('2D SPACE',''
  ) );
#1817 = ORIENTED_EDGE('',*,*,#1818,.F.);
#1818 = EDGE_CURVE('',#1819,#1793,#1821,.T.);
#1819 = VERTEX_POINT('',#1820);
#1820 = CARTESIAN_POINT('',(-64.11352649881,-6.779239964085,62.));
#1821 = SURFACE_CURVE('',#1822,(#1826,#1832),.PCURVE_S1.);
#1822 = LINE('',#1823,#1824);
#1823 = CARTESIAN_POINT('',(-58.94426413584,-24.20500408616,62.));
#1824 = VECTOR('',#1825,1.);
#1825 = DIRECTION('',(0.284395465629,-0.958707055951,0.));
#1826 = PCURVE('',#44,#1827);
#1827 = DEFINITIONAL_REPRESENTATION('',(#1828),#1831);
#1828 = B_SPLINE_CURVE_WITH_KNOTS('',1,(#1829,#1830),.UNSPECIFIED.,.F.,
  .F.,(2,2),(-18.17631779584,-17.82789633055),.PIECEWISE_BEZIER_KNOTS.);
#1829 = CARTESIAN_POINT('',(8.986473501185,40.220760035915));
#1830 = CARTESIAN_POINT('',(9.085562986044,39.88672591869));
#1831 = ( GEOMETRIC_REPRESENTATION_CONTEXT(2) 
PARAMETRIC_REPRESENTATION_CONTEXT() REPRESENTATION_CONTEXT('2D SPACE',''
  ) );
#1832 = PCURVE('',#1833,#1838);
#1833 = PLANE('',#1834);
#1834 = AXIS2_PLACEMENT_3D('',#1835,#1836,#1837);
#1835 = CARTESIAN_POINT('',(-64.01443701395,-7.11327408131,-200.));
#1836 = DIRECTION('',(-0.958707055951,-0.284395465629,0.));
#1837 = DIRECTION('',(-0.284395465629,0.958707055951,0.));
#1838 = DEFINITIONAL_REPRESENTATION('',(#1839),#1842);
#1839 = B_SPLINE_CURVE_WITH_KNOTS('',1,(#1840,#1841),.UNSPECIFIED.,.F.,
  .F.,(2,2),(-18.17631779584,-17.82789633055),.PIECEWISE_BEZIER_KNOTS.);
#1840 = CARTESIAN_POINT('',(0.348421465297,-262.));
#1841 = CARTESIAN_POINT('',(0.,-262.));
#1842 = ( GEOMETRIC_REPRESENTATION_CONTEXT(2) 
PARAMETRIC_REPRESENTATION_CONTEXT() REPRESENTATION_CONTEXT('2D SPACE',''
  ) );
#1843 = ORIENTED_EDGE('',*,*,#1844,.F.);
#1844 = EDGE_CURVE('',#1845,#1819,#1847,.T.);
#1845 = VERTEX_POINT('',#1846);
#1846 = CARTESIAN_POINT('',(-64.21129693903,-6.441984662284,62.));
#1847 = SURFACE_CURVE('',#1848,(#1852,#1858),.PCURVE_S1.);
#1848 = LINE('',#1849,#1850);
#1849 = CARTESIAN_POINT('',(-59.08384682239,-24.12892288919,62.));
#1850 = VECTOR('',#1851,1.);
#1851 = DIRECTION('',(0.278436191249,-0.960454729492,0.));
#1852 = PCURVE('',#44,#1853);
#1853 = DEFINITIONAL_REPRESENTATION('',(#1854),#1857);
#1854 = B_SPLINE_CURVE_WITH_KNOTS('',1,(#1855,#1856),.UNSPECIFIED.,.F.,
  .F.,(2,2),(-18.41517115155,-18.0640298729),.PIECEWISE_BEZIER_KNOTS.);
#1855 = CARTESIAN_POINT('',(8.888703060967,40.558015337716));
#1856 = CARTESIAN_POINT('',(8.986473501185,40.220760035915));
#1857 = ( GEOMETRIC_REPRESENTATION_CONTEXT(2) 
PARAMETRIC_REPRESENTATION_CONTEXT() REPRESENTATION_CONTEXT('2D SPACE',''
  ) );
#1858 = PCURVE('',#1859,#1864);
#1859 = PLANE('',#1860);
#1860 = AXIS2_PLACEMENT_3D('',#1861,#1862,#1863);
#1861 = CARTESIAN_POINT('',(-64.11352649881,-6.779239964085,-200.));
#1862 = DIRECTION('',(-0.960454729492,-0.278436191249,0.));
#1863 = DIRECTION('',(-0.278436191249,0.960454729492,0.));
#1864 = DEFINITIONAL_REPRESENTATION('',(#1865),#1868);
#1865 = B_SPLINE_CURVE_WITH_KNOTS('',1,(#1866,#1867),.UNSPECIFIED.,.F.,
  .F.,(2,2),(-18.41517115155,-18.0640298729),.PIECEWISE_BEZIER_KNOTS.);
#1866 = CARTESIAN_POINT('',(0.351141278652,-262.));
#1867 = CARTESIAN_POINT('',(0.,-262.));
#1868 = ( GEOMETRIC_REPRESENTATION_CONTEXT(2) 
PARAMETRIC_REPRESENTATION_CONTEXT() REPRESENTATION_CONTEXT('2D SPACE',''
  ) );
#1869 = ORIENTED_EDGE('',*,*,#1870,.F.);
#1870 = EDGE_CURVE('',#1871,#1845,#1873,.T.);
#1871 = VERTEX_POINT('',#1872);
#1872 = CARTESIAN_POINT('',(-64.30345963771,-6.106340879745,62.));
#1873 = SURFACE_CURVE('',#1874,(#1878,#1884),.PCURVE_S1.);
#1874 = LINE('',#1875,#1876);
#1875 = CARTESIAN_POINT('',(-59.34498334263,-24.16442471627,62.));
#1876 = VECTOR('',#1877,1.);
#1877 = DIRECTION('',(0.264784280145,-0.964307671331,0.));
#1878 = PCURVE('',#44,#1879);
#1879 = DEFINITIONAL_REPRESENTATION('',(#1880),#1883);
#1880 = B_SPLINE_CURVE_WITH_KNOTS('',1,(#1881,#1882),.UNSPECIFIED.,.F.,
  .F.,(2,2),(-18.72647534951,-18.37840824135),.PIECEWISE_BEZIER_KNOTS.);
#1881 = CARTESIAN_POINT('',(8.79654036229,40.893659120255));
#1882 = CARTESIAN_POINT('',(8.888703060967,40.558015337716));
#1883 = ( GEOMETRIC_REPRESENTATION_CONTEXT(2) 
PARAMETRIC_REPRESENTATION_CONTEXT() REPRESENTATION_CONTEXT('2D SPACE',''
  ) );
#1884 = PCURVE('',#1885,#1890);
#1885 = PLANE('',#1886);
#1886 = AXIS2_PLACEMENT_3D('',#1887,#1888,#1889);
#1887 = CARTESIAN_POINT('',(-64.21129693903,-6.441984662284,-200.));
#1888 = DIRECTION('',(-0.964307671331,-0.264784280145,0.));
#1889 = DIRECTION('',(-0.264784280145,0.964307671331,0.));
#1890 = DEFINITIONAL_REPRESENTATION('',(#1891),#1894);
#1891 = B_SPLINE_CURVE_WITH_KNOTS('',1,(#1892,#1893),.UNSPECIFIED.,.F.,
  .F.,(2,2),(-18.72647534951,-18.37840824135),.PIECEWISE_BEZIER_KNOTS.);
#1892 = CARTESIAN_POINT('',(0.348067108162,-262.));
#1893 = CARTESIAN_POINT('',(0.,-262.));
#1894 = ( GEOMETRIC_REPRESENTATION_CONTEXT(2) 
PARAMETRIC_REPRESENTATION_CONTEXT() REPRESENTATION_CONTEXT('2D SPACE',''
  ) );
#1895 = ORIENTED_EDGE('',*,*,#1896,.F.);
#1896 = EDGE_CURVE('',#1897,#1871,#1899,.T.);
#1897 = VERTEX_POINT('',#1898);
#1898 = CARTESIAN_POINT('',(-64.39598795437,-5.772296104481,62.));
#1899 = SURFACE_CURVE('',#1900,(#1904,#1910),.PCURVE_S1.);
#1900 = LINE('',#1901,#1902);
#1901 = CARTESIAN_POINT('',(-59.3568095922,-23.9646858953,62.));
#1902 = VECTOR('',#1903,1.);
#1903 = DIRECTION('',(0.266942344495,-0.963712501068,0.));
#1904 = PCURVE('',#44,#1905);
#1905 = DEFINITIONAL_REPRESENTATION('',(#1906),#1909);
#1906 = B_SPLINE_CURVE_WITH_KNOTS('',1,(#1907,#1908),.UNSPECIFIED.,.F.,
  .F.,(2,2),(-18.87740355205,-18.53078070042),.PIECEWISE_BEZIER_KNOTS.);
#1907 = CARTESIAN_POINT('',(8.704012045622,41.227703895519));
#1908 = CARTESIAN_POINT('',(8.79654036229,40.893659120255));
#1909 = ( GEOMETRIC_REPRESENTATION_CONTEXT(2) 
PARAMETRIC_REPRESENTATION_CONTEXT() REPRESENTATION_CONTEXT('2D SPACE',''
  ) );
#1910 = PCURVE('',#1911,#1916);
#1911 = PLANE('',#1912);
#1912 = AXIS2_PLACEMENT_3D('',#1913,#1914,#1915);
#1913 = CARTESIAN_POINT('',(-64.30345963771,-6.106340879745,-200.));
#1914 = DIRECTION('',(-0.963712501068,-0.266942344495,0.));
#1915 = DIRECTION('',(-0.266942344495,0.963712501068,0.));
#1916 = DEFINITIONAL_REPRESENTATION('',(#1917),#1920);
#1917 = B_SPLINE_CURVE_WITH_KNOTS('',1,(#1918,#1919),.UNSPECIFIED.,.F.,
  .F.,(2,2),(-18.87740355205,-18.53078070042),.PIECEWISE_BEZIER_KNOTS.);
#1918 = CARTESIAN_POINT('',(0.346622851622,-262.));
#1919 = CARTESIAN_POINT('',(0.,-262.));
#1920 = ( GEOMETRIC_REPRESENTATION_CONTEXT(2) 
PARAMETRIC_REPRESENTATION_CONTEXT() REPRESENTATION_CONTEXT('2D SPACE',''
  ) );
#1921 = ORIENTED_EDGE('',*,*,#1922,.F.);
#1922 = EDGE_CURVE('',#1923,#1897,#1925,.T.);
#1923 = VERTEX_POINT('',#1924);
#1924 = CARTESIAN_POINT('',(-64.48719406059,-5.435199898138,62.));
#1925 = SURFACE_CURVE('',#1926,(#1930,#1936),.PCURVE_S1.);
#1926 = LINE('',#1927,#1928);
#1927 = CARTESIAN_POINT('',(-59.49591839892,-23.88286924908,62.));
#1928 = VECTOR('',#1929,1.);
#1929 = DIRECTION('',(0.261173271098,-0.965291936392,0.));
#1930 = PCURVE('',#44,#1931);
#1931 = DEFINITIONAL_REPRESENTATION('',(#1932),#1935);
#1932 = B_SPLINE_CURVE_WITH_KNOTS('',1,(#1933,#1934),.UNSPECIFIED.,.F.,
  .F.,(2,2),(-19.11097426121,-18.76175741433),.PIECEWISE_BEZIER_KNOTS.);
#1933 = CARTESIAN_POINT('',(8.612805939401,41.564800101862));
#1934 = CARTESIAN_POINT('',(8.704012045622,41.227703895519));
#1935 = ( GEOMETRIC_REPRESENTATION_CONTEXT(2) 
PARAMETRIC_REPRESENTATION_CONTEXT() REPRESENTATION_CONTEXT('2D SPACE',''
  ) );
#1936 = PCURVE('',#1937,#1942);
#1937 = PLANE('',#1938);
#1938 = AXIS2_PLACEMENT_3D('',#1939,#1940,#1941);
#1939 = CARTESIAN_POINT('',(-64.39598795437,-5.772296104481,-200.));
#1940 = DIRECTION('',(-0.965291936392,-0.261173271098,0.));
#1941 = DIRECTION('',(-0.261173271098,0.965291936392,0.));
#1942 = DEFINITIONAL_REPRESENTATION('',(#1943),#1946);
#1943 = B_SPLINE_CURVE_WITH_KNOTS('',1,(#1944,#1945),.UNSPECIFIED.,.F.,
  .F.,(2,2),(-19.11097426121,-18.76175741433),.PIECEWISE_BEZIER_KNOTS.);
#1944 = CARTESIAN_POINT('',(0.349216846878,-262.));
#1945 = CARTESIAN_POINT('',(0.,-262.));
#1946 = ( GEOMETRIC_REPRESENTATION_CONTEXT(2) 
PARAMETRIC_REPRESENTATION_CONTEXT() REPRESENTATION_CONTEXT('2D SPACE',''
  ) );
#1947 = ORIENTED_EDGE('',*,*,#1948,.F.);
#1948 = EDGE_CURVE('',#1949,#1923,#1951,.T.);
#1949 = VERTEX_POINT('',#1950);
#1950 = CARTESIAN_POINT('',(-64.57351678642,-5.098180248834,62.));
#1951 = SURFACE_CURVE('',#1952,(#1956,#1962),.PCURVE_S1.);
#1952 = LINE('',#1953,#1954);
#1953 = CARTESIAN_POINT('',(-59.75693593588,-23.9029894518,62.));
#1954 = VECTOR('',#1955,1.);
#1955 = DIRECTION('',(0.248125676998,-0.968727850541,0.));
#1956 = PCURVE('',#44,#1957);
#1957 = DEFINITIONAL_REPRESENTATION('',(#1958),#1961);
#1958 = B_SPLINE_CURVE_WITH_KNOTS('',1,(#1959,#1960),.UNSPECIFIED.,.F.,
  .F.,(2,2),(-19.41185978339,-19.06396057814),.PIECEWISE_BEZIER_KNOTS.);
#1959 = CARTESIAN_POINT('',(8.526483213572,41.901819751166));
#1960 = CARTESIAN_POINT('',(8.612805939401,41.564800101862));
#1961 = ( GEOMETRIC_REPRESENTATION_CONTEXT(2) 
PARAMETRIC_REPRESENTATION_CONTEXT() REPRESENTATION_CONTEXT('2D SPACE',''
  ) );
#1962 = PCURVE('',#1963,#1968);
#1963 = PLANE('',#1964);
#1964 = AXIS2_PLACEMENT_3D('',#1965,#1966,#1967);
#1965 = CARTESIAN_POINT('',(-64.48719406059,-5.435199898138,-200.));
#1966 = DIRECTION('',(-0.968727850541,-0.248125676998,0.));
#1967 = DIRECTION('',(-0.248125676998,0.968727850541,0.));
#1968 = DEFINITIONAL_REPRESENTATION('',(#1969),#1972);
#1969 = B_SPLINE_CURVE_WITH_KNOTS('',1,(#1970,#1971),.UNSPECIFIED.,.F.,
  .F.,(2,2),(-19.41185978339,-19.06396057814),.PIECEWISE_BEZIER_KNOTS.);
#1970 = CARTESIAN_POINT('',(0.347899205247,-262.));
#1971 = CARTESIAN_POINT('',(0.,-262.));
#1972 = ( GEOMETRIC_REPRESENTATION_CONTEXT(2) 
PARAMETRIC_REPRESENTATION_CONTEXT() REPRESENTATION_CONTEXT('2D SPACE',''
  ) );
#1973 = ORIENTED_EDGE('',*,*,#1974,.F.);
#1974 = EDGE_CURVE('',#1975,#1949,#1977,.T.);
#1975 = VERTEX_POINT('',#1976);
#1976 = CARTESIAN_POINT('',(-64.65711743162,-4.764157500418,62.));
#1977 = SURFACE_CURVE('',#1978,(#1982,#1988),.PCURVE_S1.);
#1978 = LINE('',#1979,#1980);
#1979 = CARTESIAN_POINT('',(-59.89026170985,-23.80992258713,62.));
#1980 = VECTOR('',#1981,1.);
#1981 = DIRECTION('',(0.242795173782,-0.970077576067,0.));
#1982 = PCURVE('',#44,#1983);
#1983 = DEFINITIONAL_REPRESENTATION('',(#1984),#1987);
#1984 = B_SPLINE_CURVE_WITH_KNOTS('',1,(#1985,#1986),.UNSPECIFIED.,.F.,
  .F.,(2,2),(-19.63323919302,-19.28891338171),.PIECEWISE_BEZIER_KNOTS.);
#1985 = CARTESIAN_POINT('',(8.442882568377,42.235842499582));
#1986 = CARTESIAN_POINT('',(8.526483213572,41.901819751166));
#1987 = ( GEOMETRIC_REPRESENTATION_CONTEXT(2) 
PARAMETRIC_REPRESENTATION_CONTEXT() REPRESENTATION_CONTEXT('2D SPACE',''
  ) );
#1988 = PCURVE('',#1989,#1994);
#1989 = PLANE('',#1990);
#1990 = AXIS2_PLACEMENT_3D('',#1991,#1992,#1993);
#1991 = CARTESIAN_POINT('',(-64.57351678642,-5.098180248834,-200.));
#1992 = DIRECTION('',(-0.970077576067,-0.242795173782,0.));
#1993 = DIRECTION('',(-0.242795173782,0.970077576067,0.));
#1994 = DEFINITIONAL_REPRESENTATION('',(#1995),#1998);
#1995 = B_SPLINE_CURVE_WITH_KNOTS('',1,(#1996,#1997),.UNSPECIFIED.,.F.,
  .F.,(2,2),(-19.63323919302,-19.28891338171),.PIECEWISE_BEZIER_KNOTS.);
#1996 = CARTESIAN_POINT('',(0.344325811313,-262.));
#1997 = CARTESIAN_POINT('',(0.,-262.));
#1998 = ( GEOMETRIC_REPRESENTATION_CONTEXT(2) 
PARAMETRIC_REPRESENTATION_CONTEXT() REPRESENTATION_CONTEXT('2D SPACE',''
  ) );
#1999 = ORIENTED_EDGE('',*,*,#2000,.F.);
#2000 = EDGE_CURVE('',#2001,#1975,#2003,.T.);
#2001 = VERTEX_POINT('',#2002);
#2002 = CARTESIAN_POINT('',(-64.74175359102,-4.428707061348,62.));
#2003 = SURFACE_CURVE('',#2004,(#2008,#2014),.PCURVE_S1.);
#2004 = LINE('',#2005,#2006);
#2005 = CARTESIAN_POINT('',(-59.90046921991,-23.61685287709,62.));
#2006 = VECTOR('',#2007,1.);
#2007 = DIRECTION('',(0.244639461798,-0.969614115889,0.));
#2008 = PCURVE('',#44,#2009);
#2009 = DEFINITIONAL_REPRESENTATION('',(#2010),#2013);
#2010 = B_SPLINE_CURVE_WITH_KNOTS('',1,(#2011,#2012),.UNSPECIFIED.,.F.,
  .F.,(2,2),(-19.78946624364,-19.44350341825),.PIECEWISE_BEZIER_KNOTS.);
#2011 = CARTESIAN_POINT('',(8.358246408971,42.571292938652));
#2012 = CARTESIAN_POINT('',(8.442882568377,42.235842499582));
#2013 = ( GEOMETRIC_REPRESENTATION_CONTEXT(2) 
PARAMETRIC_REPRESENTATION_CONTEXT() REPRESENTATION_CONTEXT('2D SPACE',''
  ) );
#2014 = PCURVE('',#2015,#2020);
#2015 = PLANE('',#2016);
#2016 = AXIS2_PLACEMENT_3D('',#2017,#2018,#2019);
#2017 = CARTESIAN_POINT('',(-64.65711743162,-4.764157500418,-200.));
#2018 = DIRECTION('',(-0.969614115889,-0.244639461798,0.));
#2019 = DIRECTION('',(-0.244639461798,0.969614115889,0.));
#2020 = DEFINITIONAL_REPRESENTATION('',(#2021),#2024);
#2021 = B_SPLINE_CURVE_WITH_KNOTS('',1,(#2022,#2023),.UNSPECIFIED.,.F.,
  .F.,(2,2),(-19.78946624364,-19.44350341825),.PIECEWISE_BEZIER_KNOTS.);
#2022 = CARTESIAN_POINT('',(0.345962825389,-262.));
#2023 = CARTESIAN_POINT('',(0.,-262.));
#2024 = ( GEOMETRIC_REPRESENTATION_CONTEXT(2) 
PARAMETRIC_REPRESENTATION_CONTEXT() REPRESENTATION_CONTEXT('2D SPACE',''
  ) );
#2025 = ORIENTED_EDGE('',*,*,#2026,.F.);
#2026 = EDGE_CURVE('',#2027,#2001,#2029,.T.);
#2027 = VERTEX_POINT('',#2028);
#2028 = CARTESIAN_POINT('',(-64.82216961213,-4.091845029849,62.));
#2029 = SURFACE_CURVE('',#2030,(#2034,#2040),.PCURVE_S1.);
#2030 = LINE('',#2031,#2032);
#2031 = CARTESIAN_POINT('',(-60.15970306996,-23.62287789566,62.));
#2032 = VECTOR('',#2033,1.);
#2033 = DIRECTION('',(0.23219643806,-0.972668912915,0.));
#2034 = PCURVE('',#44,#2035);
#2035 = DEFINITIONAL_REPRESENTATION('',(#2036),#2039);
#2036 = B_SPLINE_CURVE_WITH_KNOTS('',1,(#2037,#2038),.UNSPECIFIED.,.F.,
  .F.,(2,2),(-20.07983662937,-19.73350908972),.PIECEWISE_BEZIER_KNOTS.);
#2037 = CARTESIAN_POINT('',(8.277830387864,42.908154970152));
#2038 = CARTESIAN_POINT('',(8.358246408971,42.571292938652));
#2039 = ( GEOMETRIC_REPRESENTATION_CONTEXT(2) 
PARAMETRIC_REPRESENTATION_CONTEXT() REPRESENTATION_CONTEXT('2D SPACE',''
  ) );
#2040 = PCURVE('',#2041,#2046);
#2041 = PLANE('',#2042);
#2042 = AXIS2_PLACEMENT_3D('',#2043,#2044,#2045);
#2043 = CARTESIAN_POINT('',(-64.74175359102,-4.428707061348,-200.));
#2044 = DIRECTION('',(-0.972668912915,-0.23219643806,0.));
#2045 = DIRECTION('',(-0.23219643806,0.972668912915,0.));
#2046 = DEFINITIONAL_REPRESENTATION('',(#2047),#2050);
#2047 = B_SPLINE_CURVE_WITH_KNOTS('',1,(#2048,#2049),.UNSPECIFIED.,.F.,
  .F.,(2,2),(-20.07983662937,-19.73350908972),.PIECEWISE_BEZIER_KNOTS.);
#2048 = CARTESIAN_POINT('',(0.346327539645,-262.));
#2049 = CARTESIAN_POINT('',(0.,-262.));
#2050 = ( GEOMETRIC_REPRESENTATION_CONTEXT(2) 
PARAMETRIC_REPRESENTATION_CONTEXT() REPRESENTATION_CONTEXT('2D SPACE',''
  ) );
#2051 = ORIENTED_EDGE('',*,*,#2052,.F.);
#2052 = EDGE_CURVE('',#2053,#2027,#2055,.T.);
#2053 = VERTEX_POINT('',#2054);
#2054 = CARTESIAN_POINT('',(-64.90004489626,-3.757810540211,62.));
#2055 = SURFACE_CURVE('',#2056,(#2060,#2066),.PCURVE_S1.);
#2056 = LINE('',#2057,#2058);
#2057 = CARTESIAN_POINT('',(-60.29166494827,-23.5247733355,62.));
#2058 = VECTOR('',#2059,1.);
#2059 = DIRECTION('',(0.22704685524,-0.973883835745,0.));
#2060 = PCURVE('',#44,#2061);
#2061 = DEFINITIONAL_REPRESENTATION('',(#2062),#2065);
#2062 = B_SPLINE_CURVE_WITH_KNOTS('',1,(#2063,#2064),.UNSPECIFIED.,.F.,
  .F.,(2,2),(-20.29704372305,-19.95405159465),.PIECEWISE_BEZIER_KNOTS.);
#2063 = CARTESIAN_POINT('',(8.199955103738,43.242189459789));
#2064 = CARTESIAN_POINT('',(8.277830387864,42.908154970151));
#2065 = ( GEOMETRIC_REPRESENTATION_CONTEXT(2) 
PARAMETRIC_REPRESENTATION_CONTEXT() REPRESENTATION_CONTEXT('2D SPACE',''
  ) );
#2066 = PCURVE('',#2067,#2072);
#2067 = PLANE('',#2068);
#2068 = AXIS2_PLACEMENT_3D('',#2069,#2070,#2071);
#2069 = CARTESIAN_POINT('',(-64.82216961213,-4.091845029849,-200.));
#2070 = DIRECTION('',(-0.973883835745,-0.22704685524,0.));
#2071 = DIRECTION('',(-0.22704685524,0.973883835745,0.));
#2072 = DEFINITIONAL_REPRESENTATION('',(#2073),#2076);
#2073 = B_SPLINE_CURVE_WITH_KNOTS('',1,(#2074,#2075),.UNSPECIFIED.,.F.,
  .F.,(2,2),(-20.29704372305,-19.95405159465),.PIECEWISE_BEZIER_KNOTS.);
#2074 = CARTESIAN_POINT('',(0.342992128401,-262.));
#2075 = CARTESIAN_POINT('',(0.,-262.));
#2076 = ( GEOMETRIC_REPRESENTATION_CONTEXT(2) 
PARAMETRIC_REPRESENTATION_CONTEXT() REPRESENTATION_CONTEXT('2D SPACE',''
  ) );
#2077 = ORIENTED_EDGE('',*,*,#2078,.F.);
#2078 = EDGE_CURVE('',#2079,#2053,#2081,.T.);
#2079 = VERTEX_POINT('',#2080);
#2080 = CARTESIAN_POINT('',(-64.97881794199,-3.422431307927,62.));
#2081 = SURFACE_CURVE('',#2082,(#2086,#2092),.PCURVE_S1.);
#2082 = LINE('',#2083,#2084);
#2083 = CARTESIAN_POINT('',(-60.30160510754,-23.33584248922,62.));
#2084 = VECTOR('',#2085,1.);
#2085 = DIRECTION('',(0.2286550396,-0.973507510431,0.));
#2086 = PCURVE('',#44,#2087);
#2087 = DEFINITIONAL_REPRESENTATION('',(#2088),#2091);
#2088 = B_SPLINE_CURVE_WITH_KNOTS('',1,(#2089,#2090),.UNSPECIFIED.,.F.,
  .F.,(2,2),(-20.45532362917,-20.11081757381),.PIECEWISE_BEZIER_KNOTS.);
#2089 = CARTESIAN_POINT('',(8.121182058007,43.577568692073));
#2090 = CARTESIAN_POINT('',(8.199955103738,43.242189459789));
#2091 = ( GEOMETRIC_REPRESENTATION_CONTEXT(2) 
PARAMETRIC_REPRESENTATION_CONTEXT() REPRESENTATION_CONTEXT('2D SPACE',''
  ) );
#2092 = PCURVE('',#2093,#2098);
#2093 = PLANE('',#2094);
#2094 = AXIS2_PLACEMENT_3D('',#2095,#2096,#2097);
#2095 = CARTESIAN_POINT('',(-64.90004489626,-3.757810540211,-200.));
#2096 = DIRECTION('',(-0.973507510431,-0.2286550396,0.));
#2097 = DIRECTION('',(-0.2286550396,0.973507510431,0.));
#2098 = DEFINITIONAL_REPRESENTATION('',(#2099),#2102);
#2099 = B_SPLINE_CURVE_WITH_KNOTS('',1,(#2100,#2101),.UNSPECIFIED.,.F.,
  .F.,(2,2),(-20.45532362917,-20.11081757381),.PIECEWISE_BEZIER_KNOTS.);
#2100 = CARTESIAN_POINT('',(0.344506055362,-262.));
#2101 = CARTESIAN_POINT('',(0.,-262.));
#2102 = ( GEOMETRIC_REPRESENTATION_CONTEXT(2) 
PARAMETRIC_REPRESENTATION_CONTEXT() REPRESENTATION_CONTEXT('2D SPACE',''
  ) );
#2103 = ORIENTED_EDGE('',*,*,#2104,.F.);
#2104 = EDGE_CURVE('',#2105,#2079,#2107,.T.);
#2105 = VERTEX_POINT('',#2106);
#2106 = CARTESIAN_POINT('',(-65.05762651408,-3.064681582983,62.));
#2107 = SURFACE_CURVE('',#2108,(#2112,#2118),.PCURVE_S1.);
#2108 = LINE('',#2109,#2110);
#2109 = CARTESIAN_POINT('',(-60.58904884306,-23.34968853336,62.));
#2110 = VECTOR('',#2111,1.);
#2111 = DIRECTION('',(0.215131610656,-0.976585065469,0.));
#2112 = PCURVE('',#44,#2113);
#2113 = DEFINITIONAL_REPRESENTATION('',(#2114),#2117);
#2114 = B_SPLINE_CURVE_WITH_KNOTS('',1,(#2115,#2116),.UNSPECIFIED.,.F.,
  .F.,(2,2),(-20.77136715237,-20.40503989877),.PIECEWISE_BEZIER_KNOTS.);
#2115 = CARTESIAN_POINT('',(8.042373485912,43.935318417017));
#2116 = CARTESIAN_POINT('',(8.121182058007,43.577568692073));
#2117 = ( GEOMETRIC_REPRESENTATION_CONTEXT(2) 
PARAMETRIC_REPRESENTATION_CONTEXT() REPRESENTATION_CONTEXT('2D SPACE',''
  ) );
#2118 = PCURVE('',#2119,#2124);
#2119 = PLANE('',#2120);
#2120 = AXIS2_PLACEMENT_3D('',#2121,#2122,#2123);
#2121 = CARTESIAN_POINT('',(-64.97881794199,-3.422431307927,-200.));
#2122 = DIRECTION('',(-0.976585065469,-0.215131610656,0.));
#2123 = DIRECTION('',(-0.215131610656,0.976585065469,0.));
#2124 = DEFINITIONAL_REPRESENTATION('',(#2125),#2128);
#2125 = B_SPLINE_CURVE_WITH_KNOTS('',1,(#2126,#2127),.UNSPECIFIED.,.F.,
  .F.,(2,2),(-20.77136715237,-20.40503989877),.PIECEWISE_BEZIER_KNOTS.);
#2126 = CARTESIAN_POINT('',(0.366327253605,-262.));
#2127 = CARTESIAN_POINT('',(0.,-262.));
#2128 = ( GEOMETRIC_REPRESENTATION_CONTEXT(2) 
PARAMETRIC_REPRESENTATION_CONTEXT() REPRESENTATION_CONTEXT('2D SPACE',''
  ) );
#2129 = ORIENTED_EDGE('',*,*,#2130,.F.);
#2130 = EDGE_CURVE('',#2131,#2105,#2133,.T.);
#2131 = VERTEX_POINT('',#2132);
#2132 = CARTESIAN_POINT('',(-65.09748929894,-2.688897778915,62.));
#2133 = SURFACE_CURVE('',#2134,(#2138,#2144),.PCURVE_S1.);
#2134 = LINE('',#2135,#2136);
#2135 = CARTESIAN_POINT('',(-62.79799489112,-24.36607761433,62.));
#2136 = VECTOR('',#2137,1.);
#2137 = DIRECTION('',(0.105487188313,-0.994420662045,0.));
#2138 = PCURVE('',#44,#2139);
#2139 = DEFINITIONAL_REPRESENTATION('',(#2140),#2143);
#2140 = B_SPLINE_CURVE_WITH_KNOTS('',1,(#2141,#2142),.UNSPECIFIED.,.F.,
  .F.,(2,2),(-21.79880272282,-21.4209105305),.PIECEWISE_BEZIER_KNOTS.);
#2141 = CARTESIAN_POINT('',(8.002510701059,44.311102221085));
#2142 = CARTESIAN_POINT('',(8.042373485912,43.935318417017));
#2143 = ( GEOMETRIC_REPRESENTATION_CONTEXT(2) 
PARAMETRIC_REPRESENTATION_CONTEXT() REPRESENTATION_CONTEXT('2D SPACE',''
  ) );
#2144 = PCURVE('',#2145,#2150);
#2145 = PLANE('',#2146);
#2146 = AXIS2_PLACEMENT_3D('',#2147,#2148,#2149);
#2147 = CARTESIAN_POINT('',(-65.05762651408,-3.064681582983,-200.));
#2148 = DIRECTION('',(-0.994420662045,-0.105487188313,0.));
#2149 = DIRECTION('',(-0.105487188313,0.994420662045,0.));
#2150 = DEFINITIONAL_REPRESENTATION('',(#2151),#2154);
#2151 = B_SPLINE_CURVE_WITH_KNOTS('',1,(#2152,#2153),.UNSPECIFIED.,.F.,
  .F.,(2,2),(-21.79880272282,-21.4209105305),.PIECEWISE_BEZIER_KNOTS.);
#2152 = CARTESIAN_POINT('',(0.377892192319,-262.));
#2153 = CARTESIAN_POINT('',(0.,-262.));
#2154 = ( GEOMETRIC_REPRESENTATION_CONTEXT(2) 
PARAMETRIC_REPRESENTATION_CONTEXT() REPRESENTATION_CONTEXT('2D SPACE',''
  ) );
#2155 = ORIENTED_EDGE('',*,*,#2156,.F.);
#2156 = EDGE_CURVE('',#2157,#2131,#2159,.T.);
#2157 = VERTEX_POINT('',#2158);
#2158 = CARTESIAN_POINT('',(-65.0999983884,-2.33446879595,62.));
#2159 = SURFACE_CURVE('',#2160,(#2164,#2170),.PCURVE_S1.);
#2160 = LINE('',#2161,#2162);
#2161 = CARTESIAN_POINT('',(-64.94085310919,-24.81501415825,62.));
#2162 = VECTOR('',#2163,1.);
#2163 = DIRECTION('',(7.079067209066E-03,-0.99997494309,0.));
#2164 = PCURVE('',#44,#2165);
#2165 = DEFINITIONAL_REPRESENTATION('',(#2166),#2169);
#2166 = B_SPLINE_CURVE_WITH_KNOTS('',1,(#2167,#2168),.UNSPECIFIED.,.F.,
  .F.,(2,2),(-22.48110866942,-22.12667080534),.PIECEWISE_BEZIER_KNOTS.);
#2167 = CARTESIAN_POINT('',(8.000001611597,44.66553120405));
#2168 = CARTESIAN_POINT('',(8.002510701059,44.311102221085));
#2169 = ( GEOMETRIC_REPRESENTATION_CONTEXT(2) 
PARAMETRIC_REPRESENTATION_CONTEXT() REPRESENTATION_CONTEXT('2D SPACE',''
  ) );
#2170 = PCURVE('',#2171,#2176);
#2171 = PLANE('',#2172);
#2172 = AXIS2_PLACEMENT_3D('',#2173,#2174,#2175);
#2173 = CARTESIAN_POINT('',(-65.09748929894,-2.688897778915,-200.));
#2174 = DIRECTION('',(-0.99997494309,-7.079067209066E-03,0.));
#2175 = DIRECTION('',(-7.079067209066E-03,0.99997494309,0.));
#2176 = DEFINITIONAL_REPRESENTATION('',(#2177),#2180);
#2177 = B_SPLINE_CURVE_WITH_KNOTS('',1,(#2178,#2179),.UNSPECIFIED.,.F.,
  .F.,(2,2),(-22.48110866942,-22.12667080534),.PIECEWISE_BEZIER_KNOTS.);
#2178 = CARTESIAN_POINT('',(0.354437864083,-262.));
#2179 = CARTESIAN_POINT('',(0.,-262.));
#2180 = ( GEOMETRIC_REPRESENTATION_CONTEXT(2) 
PARAMETRIC_REPRESENTATION_CONTEXT() REPRESENTATION_CONTEXT('2D SPACE',''
  ) );
#2181 = ORIENTED_EDGE('',*,*,#2182,.F.);
#2182 = EDGE_CURVE('',#2183,#2157,#2185,.T.);
#2183 = VERTEX_POINT('',#2184);
#2184 = CARTESIAN_POINT('',(-65.1,-2.,62.));
#2185 = SURFACE_CURVE('',#2186,(#2190,#2196),.PCURVE_S1.);
#2186 = LINE('',#2187,#2188);
#2187 = CARTESIAN_POINT('',(-65.09989078076,-24.66721512393,62.));
#2188 = VECTOR('',#2189,1.);
#2189 = DIRECTION('',(4.818379053245E-06,-0.999999999988,0.));
#2190 = PCURVE('',#44,#2191);
#2191 = DEFINITIONAL_REPRESENTATION('',(#2192),#2195);
#2192 = B_SPLINE_CURVE_WITH_KNOTS('',1,(#2193,#2194),.UNSPECIFIED.,.F.,
  .F.,(2,2),(-22.66721512419,-22.33274632824),.PIECEWISE_BEZIER_KNOTS.);
#2193 = CARTESIAN_POINT('',(8.,45.));
#2194 = CARTESIAN_POINT('',(8.000001611597,44.66553120405));
#2195 = ( GEOMETRIC_REPRESENTATION_CONTEXT(2) 
PARAMETRIC_REPRESENTATION_CONTEXT() REPRESENTATION_CONTEXT('2D SPACE',''
  ) );
#2196 = PCURVE('',#2197,#2202);
#2197 = PLANE('',#2198);
#2198 = AXIS2_PLACEMENT_3D('',#2199,#2200,#2201);
#2199 = CARTESIAN_POINT('',(-65.0999983884,-2.33446879595,-200.));
#2200 = DIRECTION('',(-0.999999999988,-4.818379053245E-06,0.));
#2201 = DIRECTION('',(-4.818379053245E-06,0.999999999988,0.));
#2202 = DEFINITIONAL_REPRESENTATION('',(#2203),#2206);
#2203 = B_SPLINE_CURVE_WITH_KNOTS('',1,(#2204,#2205),.UNSPECIFIED.,.F.,
  .F.,(2,2),(-22.66721512419,-22.33274632824),.PIECEWISE_BEZIER_KNOTS.);
#2204 = CARTESIAN_POINT('',(0.334468795954,-262.));
#2205 = CARTESIAN_POINT('',(0.,-262.));
#2206 = ( GEOMETRIC_REPRESENTATION_CONTEXT(2) 
PARAMETRIC_REPRESENTATION_CONTEXT() REPRESENTATION_CONTEXT('2D SPACE',''
  ) );
#2207 = ORIENTED_EDGE('',*,*,#2208,.F.);
#2208 = EDGE_CURVE('',#2209,#2183,#2211,.T.);
#2209 = VERTEX_POINT('',#2210);
#2210 = CARTESIAN_POINT('',(-65.1,2.,62.));
#2211 = SURFACE_CURVE('',#2212,(#2216,#2222),.PCURVE_S1.);
#2212 = LINE('',#2213,#2214);
#2213 = CARTESIAN_POINT('',(-65.1,-24.5,62.));
#2214 = VECTOR('',#2215,1.);
#2215 = DIRECTION('',(0.,-1.,0.));
#2216 = PCURVE('',#44,#2217);
#2217 = DEFINITIONAL_REPRESENTATION('',(#2218),#2221);
#2218 = B_SPLINE_CURVE_WITH_KNOTS('',1,(#2219,#2220),.UNSPECIFIED.,.F.,
  .F.,(2,2),(-26.5,-22.5),.PIECEWISE_BEZIER_KNOTS.);
#2219 = CARTESIAN_POINT('',(8.,49.));
#2220 = CARTESIAN_POINT('',(8.,45.));
#2221 = ( GEOMETRIC_REPRESENTATION_CONTEXT(2) 
PARAMETRIC_REPRESENTATION_CONTEXT() REPRESENTATION_CONTEXT('2D SPACE',''
  ) );
#2222 = PCURVE('',#2223,#2228);
#2223 = PLANE('',#2224);
#2224 = AXIS2_PLACEMENT_3D('',#2225,#2226,#2227);
#2225 = CARTESIAN_POINT('',(-65.1,-2.,-200.));
#2226 = DIRECTION('',(-1.,0.,0.));
#2227 = DIRECTION('',(0.,1.,0.));
#2228 = DEFINITIONAL_REPRESENTATION('',(#2229),#2232);
#2229 = B_SPLINE_CURVE_WITH_KNOTS('',1,(#2230,#2231),.UNSPECIFIED.,.F.,
  .F.,(2,2),(-26.5,-22.5),.PIECEWISE_BEZIER_KNOTS.);
#2230 = CARTESIAN_POINT('',(4.,-262.));
#2231 = CARTESIAN_POINT('',(0.,-262.));
#2232 = ( GEOMETRIC_REPRESENTATION_CONTEXT(2) 
PARAMETRIC_REPRESENTATION_CONTEXT() REPRESENTATION_CONTEXT('2D SPACE',''
  ) );
#2233 = ORIENTED_EDGE('',*,*,#2234,.F.);
#2234 = EDGE_CURVE('',#2235,#2209,#2237,.T.);
#2235 = VERTEX_POINT('',#2236);
#2236 = CARTESIAN_POINT('',(-65.0999994586,2.333991446666,62.));
#2237 = SURFACE_CURVE('',#2238,(#2242,#2248),.PCURVE_S1.);
#2238 = LINE('',#2239,#2240);
#2239 = CARTESIAN_POINT('',(-65.1000397139,-22.50000648383,62.));
#2240 = VECTOR('',#2241,1.);
#2241 = DIRECTION('',(-1.620975083529E-06,-0.999999999999,0.));
#2242 = PCURVE('',#44,#2243);
#2243 = DEFINITIONAL_REPRESENTATION('',(#2244),#2247);
#2244 = B_SPLINE_CURVE_WITH_KNOTS('',1,(#2245,#2246),.UNSPECIFIED.,.F.,
  .F.,(2,2),(-24.83399793053,-24.50000648386),.PIECEWISE_BEZIER_KNOTS.);
#2245 = CARTESIAN_POINT('',(8.000000541392,49.333991446666));
#2246 = CARTESIAN_POINT('',(8.,49.));
#2247 = ( GEOMETRIC_REPRESENTATION_CONTEXT(2) 
PARAMETRIC_REPRESENTATION_CONTEXT() REPRESENTATION_CONTEXT('2D SPACE',''
  ) );
#2248 = PCURVE('',#2249,#2254);
#2249 = PLANE('',#2250);
#2250 = AXIS2_PLACEMENT_3D('',#2251,#2252,#2253);
#2251 = CARTESIAN_POINT('',(-65.1,2.,-200.));
#2252 = DIRECTION('',(-0.999999999999,1.620975083529E-06,0.));
#2253 = DIRECTION('',(1.620975083529E-06,0.999999999999,0.));
#2254 = DEFINITIONAL_REPRESENTATION('',(#2255),#2258);
#2255 = B_SPLINE_CURVE_WITH_KNOTS('',1,(#2256,#2257),.UNSPECIFIED.,.F.,
  .F.,(2,2),(-24.83399793053,-24.50000648386),.PIECEWISE_BEZIER_KNOTS.);
#2256 = CARTESIAN_POINT('',(0.333991446666,-262.));
#2257 = CARTESIAN_POINT('',(0.,-262.));
#2258 = ( GEOMETRIC_REPRESENTATION_CONTEXT(2) 
PARAMETRIC_REPRESENTATION_CONTEXT() REPRESENTATION_CONTEXT('2D SPACE',''
  ) );
#2259 = ORIENTED_EDGE('',*,*,#2260,.F.);
#2260 = EDGE_CURVE('',#2261,#2235,#2263,.T.);
#2261 = VERTEX_POINT('',#2262);
#2262 = CARTESIAN_POINT('',(-65.0982334464,2.689803406943,62.));
#2263 = SURFACE_CURVE('',#2264,(#2268,#2274),.PCURVE_S1.);
#2264 = LINE('',#2265,#2266);
#2265 = CARTESIAN_POINT('',(-65.22252542045,-22.3522494615,62.));
#2266 = VECTOR('',#2267,1.);
#2267 = DIRECTION('',(-4.963268937363E-03,-0.999987682905,0.));
#2268 = PCURVE('',#44,#2269);
#2269 = DEFINITIONAL_REPRESENTATION('',(#2270),#2273);
#2270 = B_SPLINE_CURVE_WITH_KNOTS('',1,(#2271,#2272),.UNSPECIFIED.,.F.,
  .F.,(2,2),(-25.04236131759,-24.68654497469),.PIECEWISE_BEZIER_KNOTS.);
#2271 = CARTESIAN_POINT('',(8.001766553594,49.689803406943));
#2272 = CARTESIAN_POINT('',(8.000000541392,49.333991446666));
#2273 = ( GEOMETRIC_REPRESENTATION_CONTEXT(2) 
PARAMETRIC_REPRESENTATION_CONTEXT() REPRESENTATION_CONTEXT('2D SPACE',''
  ) );
#2274 = PCURVE('',#2275,#2280);
#2275 = PLANE('',#2276);
#2276 = AXIS2_PLACEMENT_3D('',#2277,#2278,#2279);
#2277 = CARTESIAN_POINT('',(-65.0999994586,2.333991446666,-200.));
#2278 = DIRECTION('',(-0.999987682905,4.963268937363E-03,0.));
#2279 = DIRECTION('',(4.963268937363E-03,0.999987682905,0.));
#2280 = DEFINITIONAL_REPRESENTATION('',(#2281),#2284);
#2281 = B_SPLINE_CURVE_WITH_KNOTS('',1,(#2282,#2283),.UNSPECIFIED.,.F.,
  .F.,(2,2),(-25.04236131759,-24.68654497469),.PIECEWISE_BEZIER_KNOTS.);
#2282 = CARTESIAN_POINT('',(0.355816342901,-262.));
#2283 = CARTESIAN_POINT('',(0.,-262.));
#2284 = ( GEOMETRIC_REPRESENTATION_CONTEXT(2) 
PARAMETRIC_REPRESENTATION_CONTEXT() REPRESENTATION_CONTEXT('2D SPACE',''
  ) );
#2285 = ORIENTED_EDGE('',*,*,#2286,.F.);
#2286 = EDGE_CURVE('',#2287,#2261,#2289,.T.);
#2287 = VERTEX_POINT('',#2288);
#2288 = CARTESIAN_POINT('',(-65.05588564898,3.066035107686,62.));
#2289 = SURFACE_CURVE('',#2290,(#2294,#2300),.PCURVE_S1.);
#2290 = LINE('',#2291,#2292);
#2291 = CARTESIAN_POINT('',(-67.90978783024,-22.28896649245,62.));
#2292 = VECTOR('',#2293,1.);
#2293 = DIRECTION('',(-0.111851452939,-0.993724938036,0.));
#2294 = PCURVE('',#44,#2295);
#2295 = DEFINITIONAL_REPRESENTATION('',(#2296),#2299);
#2296 = B_SPLINE_CURVE_WITH_KNOTS('',1,(#2297,#2298),.UNSPECIFIED.,.F.,
  .F.,(2,2),(-25.51511049953,-25.13650301335),.PIECEWISE_BEZIER_KNOTS.);
#2297 = CARTESIAN_POINT('',(8.044114351016,50.066035107686));
#2298 = CARTESIAN_POINT('',(8.001766553594,49.689803406943));
#2299 = ( GEOMETRIC_REPRESENTATION_CONTEXT(2) 
PARAMETRIC_REPRESENTATION_CONTEXT() REPRESENTATION_CONTEXT('2D SPACE',''
  ) );
#2300 = PCURVE('',#2301,#2306);
#2301 = PLANE('',#2302);
#2302 = AXIS2_PLACEMENT_3D('',#2303,#2304,#2305);
#2303 = CARTESIAN_POINT('',(-65.0982334464,2.689803406943,-200.));
#2304 = DIRECTION('',(-0.993724938036,0.111851452939,0.));
#2305 = DIRECTION('',(0.111851452939,0.993724938036,0.));
#2306 = DEFINITIONAL_REPRESENTATION('',(#2307),#2310);
#2307 = B_SPLINE_CURVE_WITH_KNOTS('',1,(#2308,#2309),.UNSPECIFIED.,.F.,
  .F.,(2,2),(-25.51511049953,-25.13650301335),.PIECEWISE_BEZIER_KNOTS.);
#2308 = CARTESIAN_POINT('',(0.378607486179,-262.));
#2309 = CARTESIAN_POINT('',(0.,-262.));
#2310 = ( GEOMETRIC_REPRESENTATION_CONTEXT(2) 
PARAMETRIC_REPRESENTATION_CONTEXT() REPRESENTATION_CONTEXT('2D SPACE',''
  ) );
#2311 = ORIENTED_EDGE('',*,*,#2312,.F.);
#2312 = EDGE_CURVE('',#2313,#2287,#2315,.T.);
#2313 = VERTEX_POINT('',#2314);
#2314 = CARTESIAN_POINT('',(-64.97756718076,3.421094719332,62.));
#2315 = SURFACE_CURVE('',#2316,(#2320,#2326),.PCURVE_S1.);
#2316 = LINE('',#2317,#2318);
#2317 = CARTESIAN_POINT('',(-70.5080462851,-21.65153256464,62.));
#2318 = VECTOR('',#2319,1.);
#2319 = DIRECTION('',(-0.2154004635,-0.976525801156,0.));
#2320 = PCURVE('',#44,#2321);
#2321 = DEFINITIONAL_REPRESENTATION('',(#2322),#2325);
#2322 = B_SPLINE_CURVE_WITH_KNOTS('',1,(#2323,#2324),.UNSPECIFIED.,.F.,
  .F.,(2,2),(-25.67533520802,-25.31174050195),.PIECEWISE_BEZIER_KNOTS.);
#2323 = CARTESIAN_POINT('',(8.122432819231,50.421094719332));
#2324 = CARTESIAN_POINT('',(8.044114351017,50.066035107686));
#2325 = ( GEOMETRIC_REPRESENTATION_CONTEXT(2) 
PARAMETRIC_REPRESENTATION_CONTEXT() REPRESENTATION_CONTEXT('2D SPACE',''
  ) );
#2326 = PCURVE('',#2327,#2332);
#2327 = PLANE('',#2328);
#2328 = AXIS2_PLACEMENT_3D('',#2329,#2330,#2331);
#2329 = CARTESIAN_POINT('',(-65.05588564898,3.066035107686,-200.));
#2330 = DIRECTION('',(-0.976525801156,0.2154004635,0.));
#2331 = DIRECTION('',(0.2154004635,0.976525801156,0.));
#2332 = DEFINITIONAL_REPRESENTATION('',(#2333),#2336);
#2333 = B_SPLINE_CURVE_WITH_KNOTS('',1,(#2334,#2335),.UNSPECIFIED.,.F.,
  .F.,(2,2),(-25.67533520802,-25.31174050195),.PIECEWISE_BEZIER_KNOTS.);
#2334 = CARTESIAN_POINT('',(0.363594706075,-262.));
#2335 = CARTESIAN_POINT('',(0.,-262.));
#2336 = ( GEOMETRIC_REPRESENTATION_CONTEXT(2) 
PARAMETRIC_REPRESENTATION_CONTEXT() REPRESENTATION_CONTEXT('2D SPACE',''
  ) );
#2337 = ORIENTED_EDGE('',*,*,#2338,.F.);
#2338 = EDGE_CURVE('',#2339,#2313,#2341,.T.);
#2339 = VERTEX_POINT('',#2340);
#2340 = CARTESIAN_POINT('',(-64.90124645418,3.756446418955,62.));
#2341 = SURFACE_CURVE('',#2342,(#2346,#2352),.PCURVE_S1.);
#2342 = LINE('',#2343,#2344);
#2343 = CARTESIAN_POINT('',(-70.63253992789,-21.42673898237,62.));
#2344 = VECTOR('',#2345,1.);
#2345 = DIRECTION('',(-0.221909823887,-0.975067192589,0.));
#2346 = PCURVE('',#44,#2347);
#2347 = DEFINITIONAL_REPRESENTATION('',(#2348),#2351);
#2348 = B_SPLINE_CURVE_WITH_KNOTS('',1,(#2349,#2350),.UNSPECIFIED.,.F.,
  .F.,(2,2),(-25.82712821511,-25.48320145583),.PIECEWISE_BEZIER_KNOTS.);
#2349 = CARTESIAN_POINT('',(8.198753545812,50.756446418955));
#2350 = CARTESIAN_POINT('',(8.122432819231,50.421094719332));
#2351 = ( GEOMETRIC_REPRESENTATION_CONTEXT(2) 
PARAMETRIC_REPRESENTATION_CONTEXT() REPRESENTATION_CONTEXT('2D SPACE',''
  ) );
#2352 = PCURVE('',#2353,#2358);
#2353 = PLANE('',#2354);
#2354 = AXIS2_PLACEMENT_3D('',#2355,#2356,#2357);
#2355 = CARTESIAN_POINT('',(-64.97756718076,3.421094719332,-200.));
#2356 = DIRECTION('',(-0.975067192589,0.221909823887,0.));
#2357 = DIRECTION('',(0.221909823887,0.975067192589,0.));
#2358 = DEFINITIONAL_REPRESENTATION('',(#2359),#2362);
#2359 = B_SPLINE_CURVE_WITH_KNOTS('',1,(#2360,#2361),.UNSPECIFIED.,.F.,
  .F.,(2,2),(-25.82712821511,-25.48320145583),.PIECEWISE_BEZIER_KNOTS.);
#2360 = CARTESIAN_POINT('',(0.343926759275,-262.));
#2361 = CARTESIAN_POINT('',(0.,-262.));
#2362 = ( GEOMETRIC_REPRESENTATION_CONTEXT(2) 
PARAMETRIC_REPRESENTATION_CONTEXT() REPRESENTATION_CONTEXT('2D SPACE',''
  ) );
#2363 = ORIENTED_EDGE('',*,*,#2364,.F.);
#2364 = EDGE_CURVE('',#2365,#2339,#2367,.T.);
#2365 = VERTEX_POINT('',#2366);
#2366 = CARTESIAN_POINT('',(-64.82274005533,4.093256258517,62.));
#2367 = SURFACE_CURVE('',#2368,(#2372,#2378),.PCURVE_S1.);
#2368 = LINE('',#2369,#2370);
#2369 = CARTESIAN_POINT('',(-70.72303212904,-21.22030360192,62.));
#2370 = VECTOR('',#2371,1.);
#2371 = DIRECTION('',(-0.227003201112,-0.973894012039,0.));
#2372 = PCURVE('',#44,#2373);
#2373 = DEFINITIONAL_REPRESENTATION('',(#2374),#2377);
#2374 = B_SPLINE_CURVE_WITH_KNOTS('',1,(#2375,#2376),.UNSPECIFIED.,.F.,
  .F.,(2,2),(-25.99210955969,-25.6462712699),.PIECEWISE_BEZIER_KNOTS.);
#2375 = CARTESIAN_POINT('',(8.277259944662,51.093256258517));
#2376 = CARTESIAN_POINT('',(8.198753545812,50.756446418955));
#2377 = ( GEOMETRIC_REPRESENTATION_CONTEXT(2) 
PARAMETRIC_REPRESENTATION_CONTEXT() REPRESENTATION_CONTEXT('2D SPACE',''
  ) );
#2378 = PCURVE('',#2379,#2384);
#2379 = PLANE('',#2380);
#2380 = AXIS2_PLACEMENT_3D('',#2381,#2382,#2383);
#2381 = CARTESIAN_POINT('',(-64.90124645418,3.756446418955,-200.));
#2382 = DIRECTION('',(-0.973894012039,0.227003201112,0.));
#2383 = DIRECTION('',(0.227003201112,0.973894012039,0.));
#2384 = DEFINITIONAL_REPRESENTATION('',(#2385),#2388);
#2385 = B_SPLINE_CURVE_WITH_KNOTS('',1,(#2386,#2387),.UNSPECIFIED.,.F.,
  .F.,(2,2),(-25.99210955969,-25.6462712699),.PIECEWISE_BEZIER_KNOTS.);
#2386 = CARTESIAN_POINT('',(0.345838289792,-262.));
#2387 = CARTESIAN_POINT('',(0.,-262.));
#2388 = ( GEOMETRIC_REPRESENTATION_CONTEXT(2) 
PARAMETRIC_REPRESENTATION_CONTEXT() REPRESENTATION_CONTEXT('2D SPACE',''
  ) );
#2389 = ORIENTED_EDGE('',*,*,#2390,.F.);
#2390 = EDGE_CURVE('',#2391,#2365,#2393,.T.);
#2391 = VERTEX_POINT('',#2392);
#2392 = CARTESIAN_POINT('',(-64.74008998797,4.42868280114,62.));
#2393 = SURFACE_CURVE('',#2394,(#2398,#2404),.PCURVE_S1.);
#2394 = LINE('',#2395,#2396);
#2395 = CARTESIAN_POINT('',(-70.99408769896,-20.95250437485,62.));
#2396 = VECTOR('',#2397,1.);
#2397 = DIRECTION('',(-0.239247031326,-0.970958731359,0.));
#2398 = PCURVE('',#44,#2399);
#2399 = DEFINITIONAL_REPRESENTATION('',(#2400),#2403);
#2400 = B_SPLINE_CURVE_WITH_KNOTS('',1,(#2401,#2402),.UNSPECIFIED.,.F.,
  .F.,(2,2),(-26.14033568705,-25.79487657351),.PIECEWISE_BEZIER_KNOTS.);
#2401 = CARTESIAN_POINT('',(8.359910012022,51.42868280114));
#2402 = CARTESIAN_POINT('',(8.277259944662,51.093256258517));
#2403 = ( GEOMETRIC_REPRESENTATION_CONTEXT(2) 
PARAMETRIC_REPRESENTATION_CONTEXT() REPRESENTATION_CONTEXT('2D SPACE',''
  ) );
#2404 = PCURVE('',#2405,#2410);
#2405 = PLANE('',#2406);
#2406 = AXIS2_PLACEMENT_3D('',#2407,#2408,#2409);
#2407 = CARTESIAN_POINT('',(-64.82274005533,4.093256258517,-200.));
#2408 = DIRECTION('',(-0.970958731359,0.239247031326,0.));
#2409 = DIRECTION('',(0.239247031326,0.970958731359,0.));
#2410 = DEFINITIONAL_REPRESENTATION('',(#2411),#2414);
#2411 = B_SPLINE_CURVE_WITH_KNOTS('',1,(#2412,#2413),.UNSPECIFIED.,.F.,
  .F.,(2,2),(-26.14033568705,-25.79487657351),.PIECEWISE_BEZIER_KNOTS.);
#2412 = CARTESIAN_POINT('',(0.345459113544,-262.));
#2413 = CARTESIAN_POINT('',(0.,-262.));
#2414 = ( GEOMETRIC_REPRESENTATION_CONTEXT(2) 
PARAMETRIC_REPRESENTATION_CONTEXT() REPRESENTATION_CONTEXT('2D SPACE',''
  ) );
#2415 = ORIENTED_EDGE('',*,*,#2416,.F.);
#2416 = EDGE_CURVE('',#2417,#2391,#2419,.T.);
#2417 = VERTEX_POINT('',#2418);
#2418 = CARTESIAN_POINT('',(-64.65842869596,4.762709401281,62.));
#2419 = SURFACE_CURVE('',#2420,(#2424,#2430),.PCURVE_S1.);
#2420 = LINE('',#2421,#2422);
#2421 = CARTESIAN_POINT('',(-70.90780915449,-20.79969912945,62.));
#2422 = VECTOR('',#2423,1.);
#2423 = DIRECTION('',(-0.237481479522,-0.971392066513,0.));
#2424 = PCURVE('',#44,#2425);
#2425 = DEFINITIONAL_REPRESENTATION('',(#2426),#2429);
#2426 = B_SPLINE_CURVE_WITH_KNOTS('',1,(#2427,#2428),.UNSPECIFIED.,.F.,
  .F.,(2,2),(-26.3152329651,-25.97136913127),.PIECEWISE_BEZIER_KNOTS.);
#2427 = CARTESIAN_POINT('',(8.441571304033,51.762709401281));
#2428 = CARTESIAN_POINT('',(8.359910012022,51.42868280114));
#2429 = ( GEOMETRIC_REPRESENTATION_CONTEXT(2) 
PARAMETRIC_REPRESENTATION_CONTEXT() REPRESENTATION_CONTEXT('2D SPACE',''
  ) );
#2430 = PCURVE('',#2431,#2436);
#2431 = PLANE('',#2432);
#2432 = AXIS2_PLACEMENT_3D('',#2433,#2434,#2435);
#2433 = CARTESIAN_POINT('',(-64.74008998797,4.42868280114,-200.));
#2434 = DIRECTION('',(-0.971392066513,0.237481479522,0.));
#2435 = DIRECTION('',(0.237481479522,0.971392066513,0.));
#2436 = DEFINITIONAL_REPRESENTATION('',(#2437),#2440);
#2437 = B_SPLINE_CURVE_WITH_KNOTS('',1,(#2438,#2439),.UNSPECIFIED.,.F.,
  .F.,(2,2),(-26.3152329651,-25.97136913127),.PIECEWISE_BEZIER_KNOTS.);
#2438 = CARTESIAN_POINT('',(0.343863833827,-262.));
#2439 = CARTESIAN_POINT('',(0.,-262.));
#2440 = ( GEOMETRIC_REPRESENTATION_CONTEXT(2) 
PARAMETRIC_REPRESENTATION_CONTEXT() REPRESENTATION_CONTEXT('2D SPACE',''
  ) );
#2441 = ORIENTED_EDGE('',*,*,#2442,.F.);
#2442 = EDGE_CURVE('',#2443,#2417,#2445,.T.);
#2443 = VERTEX_POINT('',#2444);
#2444 = CARTESIAN_POINT('',(-64.57410736298,5.099676315363,62.));
#2445 = SURFACE_CURVE('',#2446,(#2450,#2456),.PCURVE_S1.);
#2446 = LINE('',#2447,#2448);
#2447 = CARTESIAN_POINT('',(-71.00195913212,-20.58745762987,62.));
#2448 = VECTOR('',#2449,1.);
#2449 = DIRECTION('',(-0.242751310331,-0.970088553346,0.));
#2450 = PCURVE('',#44,#2451);
#2451 = DEFINITIONAL_REPRESENTATION('',(#2452),#2455);
#2452 = B_SPLINE_CURVE_WITH_KNOTS('',1,(#2453,#2454),.UNSPECIFIED.,.F.,
  .F.,(2,2),(-26.4791640481,-26.13180718782),.PIECEWISE_BEZIER_KNOTS.);
#2453 = CARTESIAN_POINT('',(8.525892637018,52.099676315363));
#2454 = CARTESIAN_POINT('',(8.441571304033,51.762709401281));
#2455 = ( GEOMETRIC_REPRESENTATION_CONTEXT(2) 
PARAMETRIC_REPRESENTATION_CONTEXT() REPRESENTATION_CONTEXT('2D SPACE',''
  ) );
#2456 = PCURVE('',#2457,#2462);
#2457 = PLANE('',#2458);
#2458 = AXIS2_PLACEMENT_3D('',#2459,#2460,#2461);
#2459 = CARTESIAN_POINT('',(-64.65842869596,4.762709401281,-200.));
#2460 = DIRECTION('',(-0.970088553346,0.242751310331,0.));
#2461 = DIRECTION('',(0.242751310331,0.970088553346,0.));
#2462 = DEFINITIONAL_REPRESENTATION('',(#2463),#2466);
#2463 = B_SPLINE_CURVE_WITH_KNOTS('',1,(#2464,#2465),.UNSPECIFIED.,.F.,
  .F.,(2,2),(-26.4791640481,-26.13180718782),.PIECEWISE_BEZIER_KNOTS.);
#2464 = CARTESIAN_POINT('',(0.347356860278,-262.));
#2465 = CARTESIAN_POINT('',(0.,-262.));
#2466 = ( GEOMETRIC_REPRESENTATION_CONTEXT(2) 
PARAMETRIC_REPRESENTATION_CONTEXT() REPRESENTATION_CONTEXT('2D SPACE',''
  ) );
#2467 = ORIENTED_EDGE('',*,*,#2468,.F.);
#2468 = EDGE_CURVE('',#2469,#2443,#2471,.T.);
#2469 = VERTEX_POINT('',#2470);
#2470 = CARTESIAN_POINT('',(-64.48540982704,5.43517480712,62.));
#2471 = SURFACE_CURVE('',#2472,(#2476,#2482),.PCURVE_S1.);
#2472 = LINE('',#2473,#2474);
#2473 = CARTESIAN_POINT('',(-71.28962217336,-20.3017631541,62.));
#2474 = VECTOR('',#2475,1.);
#2475 = DIRECTION('',(-0.255593932133,-0.966784227145,0.));
#2476 = PCURVE('',#44,#2477);
#2477 = DEFINITIONAL_REPRESENTATION('',(#2478),#2481);
#2478 = B_SPLINE_CURVE_WITH_KNOTS('',1,(#2479,#2480),.UNSPECIFIED.,.F.,
  .F.,(2,2),(-26.62118106459,-26.27415586255),.PIECEWISE_BEZIER_KNOTS.);
#2479 = CARTESIAN_POINT('',(8.614590172958,52.43517480712));
#2480 = CARTESIAN_POINT('',(8.525892637018,52.099676315363));
#2481 = ( GEOMETRIC_REPRESENTATION_CONTEXT(2) 
PARAMETRIC_REPRESENTATION_CONTEXT() REPRESENTATION_CONTEXT('2D SPACE',''
  ) );
#2482 = PCURVE('',#2483,#2488);
#2483 = PLANE('',#2484);
#2484 = AXIS2_PLACEMENT_3D('',#2485,#2486,#2487);
#2485 = CARTESIAN_POINT('',(-64.57410736298,5.099676315363,-200.));
#2486 = DIRECTION('',(-0.966784227145,0.255593932133,0.));
#2487 = DIRECTION('',(0.255593932133,0.966784227145,0.));
#2488 = DEFINITIONAL_REPRESENTATION('',(#2489),#2492);
#2489 = B_SPLINE_CURVE_WITH_KNOTS('',1,(#2490,#2491),.UNSPECIFIED.,.F.,
  .F.,(2,2),(-26.62118106459,-26.27415586255),.PIECEWISE_BEZIER_KNOTS.);
#2490 = CARTESIAN_POINT('',(0.347025202043,-262.));
#2491 = CARTESIAN_POINT('',(0.,-262.));
#2492 = ( GEOMETRIC_REPRESENTATION_CONTEXT(2) 
PARAMETRIC_REPRESENTATION_CONTEXT() REPRESENTATION_CONTEXT('2D SPACE',''
  ) );
#2493 = ORIENTED_EDGE('',*,*,#2494,.F.);
#2494 = EDGE_CURVE('',#2495,#2469,#2497,.T.);
#2495 = VERTEX_POINT('',#2496);
#2496 = CARTESIAN_POINT('',(-64.39742172835,5.770768189023,62.));
#2497 = SURFACE_CURVE('',#2498,(#2502,#2508),.PCURVE_S1.);
#2498 = LINE('',#2499,#2500);
#2499 = CARTESIAN_POINT('',(-71.19422583703,-20.15276591261,62.));
#2500 = VECTOR('',#2501,1.);
#2501 = DIRECTION('',(-0.253614535978,-0.967305363957,0.));
#2502 = PCURVE('',#44,#2503);
#2503 = DEFINITIONAL_REPRESENTATION('',(#2504),#2507);
#2504 = B_SPLINE_CURVE_WITH_KNOTS('',1,(#2505,#2506),.UNSPECIFIED.,.F.,
  .F.,(2,2),(-26.7997419094,-26.45280557016),.PIECEWISE_BEZIER_KNOTS.);
#2505 = CARTESIAN_POINT('',(8.702578271649,52.770768189023));
#2506 = CARTESIAN_POINT('',(8.614590172958,52.43517480712));
#2507 = ( GEOMETRIC_REPRESENTATION_CONTEXT(2) 
PARAMETRIC_REPRESENTATION_CONTEXT() REPRESENTATION_CONTEXT('2D SPACE',''
  ) );
#2508 = PCURVE('',#2509,#2514);
#2509 = PLANE('',#2510);
#2510 = AXIS2_PLACEMENT_3D('',#2511,#2512,#2513);
#2511 = CARTESIAN_POINT('',(-64.48540982704,5.43517480712,-200.));
#2512 = DIRECTION('',(-0.967305363957,0.253614535978,0.));
#2513 = DIRECTION('',(0.253614535978,0.967305363957,0.));
#2514 = DEFINITIONAL_REPRESENTATION('',(#2515),#2518);
#2515 = B_SPLINE_CURVE_WITH_KNOTS('',1,(#2516,#2517),.UNSPECIFIED.,.F.,
  .F.,(2,2),(-26.7997419094,-26.45280557016),.PIECEWISE_BEZIER_KNOTS.);
#2516 = CARTESIAN_POINT('',(0.346936339245,-262.));
#2517 = CARTESIAN_POINT('',(0.,-262.));
#2518 = ( GEOMETRIC_REPRESENTATION_CONTEXT(2) 
PARAMETRIC_REPRESENTATION_CONTEXT() REPRESENTATION_CONTEXT('2D SPACE',''
  ) );
#2519 = ORIENTED_EDGE('',*,*,#2520,.F.);
#2520 = EDGE_CURVE('',#2521,#2495,#2523,.T.);
#2521 = VERTEX_POINT('',#2522);
#2522 = CARTESIAN_POINT('',(-64.30406412545,6.107917451567,62.));
#2523 = SURFACE_CURVE('',#2524,(#2528,#2534),.PCURVE_S1.);
#2524 = LINE('',#2525,#2526);
#2525 = CARTESIAN_POINT('',(-71.49317807059,-19.8546650229,62.));
#2526 = VECTOR('',#2527,1.);
#2527 = DIRECTION('',(-0.266861007755,-0.963735027142,0.));
#2528 = PCURVE('',#44,#2529);
#2529 = DEFINITIONAL_REPRESENTATION('',(#2530),#2533);
#2530 = B_SPLINE_CURVE_WITH_KNOTS('',1,(#2531,#2532),.UNSPECIFIED.,.F.,
  .F.,(2,2),(-26.93954431797,-26.58970826029),.PIECEWISE_BEZIER_KNOTS.);
#2531 = CARTESIAN_POINT('',(8.79593587455,53.107917451567));
#2532 = CARTESIAN_POINT('',(8.702578271649,52.770768189023));
#2533 = ( GEOMETRIC_REPRESENTATION_CONTEXT(2) 
PARAMETRIC_REPRESENTATION_CONTEXT() REPRESENTATION_CONTEXT('2D SPACE',''
  ) );
#2534 = PCURVE('',#2535,#2540);
#2535 = PLANE('',#2536);
#2536 = AXIS2_PLACEMENT_3D('',#2537,#2538,#2539);
#2537 = CARTESIAN_POINT('',(-64.39742172835,5.770768189023,-200.));
#2538 = DIRECTION('',(-0.963735027142,0.266861007755,0.));
#2539 = DIRECTION('',(0.266861007755,0.963735027142,0.));
#2540 = DEFINITIONAL_REPRESENTATION('',(#2541),#2544);
#2541 = B_SPLINE_CURVE_WITH_KNOTS('',1,(#2542,#2543),.UNSPECIFIED.,.F.,
  .F.,(2,2),(-26.93954431797,-26.58970826029),.PIECEWISE_BEZIER_KNOTS.);
#2542 = CARTESIAN_POINT('',(0.34983605768,-262.));
#2543 = CARTESIAN_POINT('',(0.,-262.));
#2544 = ( GEOMETRIC_REPRESENTATION_CONTEXT(2) 
PARAMETRIC_REPRESENTATION_CONTEXT() REPRESENTATION_CONTEXT('2D SPACE',''
  ) );
#2545 = ORIENTED_EDGE('',*,*,#2546,.F.);
#2546 = EDGE_CURVE('',#2547,#2521,#2549,.T.);
#2547 = VERTEX_POINT('',#2548);
#2548 = CARTESIAN_POINT('',(-64.2093849496,6.441958727808,62.));
#2549 = SURFACE_CURVE('',#2550,(#2554,#2560),.PCURVE_S1.);
#2550 = LINE('',#2551,#2552);
#2551 = CARTESIAN_POINT('',(-71.59776914719,-19.62528641508,62.));
#2552 = VECTOR('',#2553,1.);
#2553 = DIRECTION('',(-0.272693613902,-0.962100926586,0.));
#2554 = PCURVE('',#44,#2555);
#2555 = DEFINITIONAL_REPRESENTATION('',(#2556),#2559);
#2556 = B_SPLINE_CURVE_WITH_KNOTS('',1,(#2557,#2558),.UNSPECIFIED.,.F.,
  .F.,(2,2),(-27.09408589324,-26.74688606523),.PIECEWISE_BEZIER_KNOTS.);
#2557 = CARTESIAN_POINT('',(8.890615050397,53.441958727808));
#2558 = CARTESIAN_POINT('',(8.79593587455,53.107917451567));
#2559 = ( GEOMETRIC_REPRESENTATION_CONTEXT(2) 
PARAMETRIC_REPRESENTATION_CONTEXT() REPRESENTATION_CONTEXT('2D SPACE',''
  ) );
#2560 = PCURVE('',#2561,#2566);
#2561 = PLANE('',#2562);
#2562 = AXIS2_PLACEMENT_3D('',#2563,#2564,#2565);
#2563 = CARTESIAN_POINT('',(-64.30406412545,6.107917451567,-200.));
#2564 = DIRECTION('',(-0.962100926586,0.272693613902,0.));
#2565 = DIRECTION('',(0.272693613902,0.962100926586,0.));
#2566 = DEFINITIONAL_REPRESENTATION('',(#2567),#2570);
#2567 = B_SPLINE_CURVE_WITH_KNOTS('',1,(#2568,#2569),.UNSPECIFIED.,.F.,
  .F.,(2,2),(-27.09408589324,-26.74688606523),.PIECEWISE_BEZIER_KNOTS.);
#2568 = CARTESIAN_POINT('',(0.347199828012,-262.));
#2569 = CARTESIAN_POINT('',(0.,-262.));
#2570 = ( GEOMETRIC_REPRESENTATION_CONTEXT(2) 
PARAMETRIC_REPRESENTATION_CONTEXT() REPRESENTATION_CONTEXT('2D SPACE',''
  ) );
#2571 = ORIENTED_EDGE('',*,*,#2572,.F.);
#2572 = EDGE_CURVE('',#2573,#2547,#2575,.T.);
#2573 = VERTEX_POINT('',#2574);
#2574 = CARTESIAN_POINT('',(-64.11508694011,6.777627606778,62.));
#2575 = SURFACE_CURVE('',#2576,(#2580,#2586),.PCURVE_S1.);
#2576 = LINE('',#2577,#2578);
#2577 = CARTESIAN_POINT('',(-71.49207063183,-19.48192823602,62.));
#2578 = VECTOR('',#2579,1.);
#2579 = DIRECTION('',(-0.270456222789,-0.96273227408,0.));
#2580 = PCURVE('',#44,#2581);
#2581 = DEFINITIONAL_REPRESENTATION('',(#2582),#2585);
#2582 = B_SPLINE_CURVE_WITH_KNOTS('',1,(#2583,#2584),.UNSPECIFIED.,.F.,
  .F.,(2,2),(-27.27607305769,-26.92741031104),.PIECEWISE_BEZIER_KNOTS.);
#2583 = CARTESIAN_POINT('',(8.984913059884,53.777627606778));
#2584 = CARTESIAN_POINT('',(8.890615050397,53.441958727808));
#2585 = ( GEOMETRIC_REPRESENTATION_CONTEXT(2) 
PARAMETRIC_REPRESENTATION_CONTEXT() REPRESENTATION_CONTEXT('2D SPACE',''
  ) );
#2586 = PCURVE('',#2587,#2592);
#2587 = PLANE('',#2588);
#2588 = AXIS2_PLACEMENT_3D('',#2589,#2590,#2591);
#2589 = CARTESIAN_POINT('',(-64.2093849496,6.441958727808,-200.));
#2590 = DIRECTION('',(-0.96273227408,0.270456222789,0.));
#2591 = DIRECTION('',(0.270456222789,0.96273227408,0.));
#2592 = DEFINITIONAL_REPRESENTATION('',(#2593),#2596);
#2593 = B_SPLINE_CURVE_WITH_KNOTS('',1,(#2594,#2595),.UNSPECIFIED.,.F.,
  .F.,(2,2),(-27.27607305769,-26.92741031104),.PIECEWISE_BEZIER_KNOTS.);
#2594 = CARTESIAN_POINT('',(0.348662746651,-262.));
#2595 = CARTESIAN_POINT('',(0.,-262.));
#2596 = ( GEOMETRIC_REPRESENTATION_CONTEXT(2) 
PARAMETRIC_REPRESENTATION_CONTEXT() REPRESENTATION_CONTEXT('2D SPACE',''
  ) );
#2597 = ORIENTED_EDGE('',*,*,#2598,.F.);
#2598 = EDGE_CURVE('',#2599,#2573,#2601,.T.);
#2599 = VERTEX_POINT('',#2600);
#2600 = CARTESIAN_POINT('',(-64.01505893815,7.114935637552,62.));
#2601 = SURFACE_CURVE('',#2602,(#2606,#2612),.PCURVE_S1.);
#2602 = LINE('',#2603,#2604);
#2603 = CARTESIAN_POINT('',(-71.80750271041,-19.16224487301,62.));
#2604 = VECTOR('',#2605,1.);
#2605 = DIRECTION('',(-0.284310110733,-0.958732371903,0.));
#2606 = PCURVE('',#44,#2607);
#2607 = DEFINITIONAL_REPRESENTATION('',(#2608),#2611);
#2608 = B_SPLINE_CURVE_WITH_KNOTS('',1,(#2609,#2610),.UNSPECIFIED.,.F.,
  .F.,(2,2),(-27.40825414959,-27.05642704887),.PIECEWISE_BEZIER_KNOTS.);
#2609 = CARTESIAN_POINT('',(9.084941061849,54.114935637552));
#2610 = CARTESIAN_POINT('',(8.984913059884,53.777627606778));
#2611 = ( GEOMETRIC_REPRESENTATION_CONTEXT(2) 
PARAMETRIC_REPRESENTATION_CONTEXT() REPRESENTATION_CONTEXT('2D SPACE',''
  ) );
#2612 = PCURVE('',#2613,#2618);
#2613 = PLANE('',#2614);
#2614 = AXIS2_PLACEMENT_3D('',#2615,#2616,#2617);
#2615 = CARTESIAN_POINT('',(-64.11508694011,6.777627606778,-200.));
#2616 = DIRECTION('',(-0.958732371903,0.284310110733,0.));
#2617 = DIRECTION('',(0.284310110733,0.958732371903,0.));
#2618 = DEFINITIONAL_REPRESENTATION('',(#2619),#2622);
#2619 = B_SPLINE_CURVE_WITH_KNOTS('',1,(#2620,#2621),.UNSPECIFIED.,.F.,
  .F.,(2,2),(-27.40825414959,-27.05642704887),.PIECEWISE_BEZIER_KNOTS.);
#2620 = CARTESIAN_POINT('',(0.351827100721,-262.));
#2621 = CARTESIAN_POINT('',(0.,-262.));
#2622 = ( GEOMETRIC_REPRESENTATION_CONTEXT(2) 
PARAMETRIC_REPRESENTATION_CONTEXT() REPRESENTATION_CONTEXT('2D SPACE',''
  ) );
#2623 = ORIENTED_EDGE('',*,*,#2624,.F.);
#2624 = EDGE_CURVE('',#2625,#2599,#2627,.T.);
#2625 = VERTEX_POINT('',#2626);
#2626 = CARTESIAN_POINT('',(-63.91319120131,7.450682846478,62.));
#2627 = SURFACE_CURVE('',#2628,(#2632,#2638),.PCURVE_S1.);
#2628 = LINE('',#2629,#2630);
#2629 = CARTESIAN_POINT('',(-71.91535330028,-18.9237480922,62.));
#2630 = VECTOR('',#2631,1.);
#2631 = DIRECTION('',(-0.290336705158,-0.956924551696,0.));
#2632 = PCURVE('',#44,#2633);
#2633 = DEFINITIONAL_REPRESENTATION('',(#2634),#2637);
#2634 = B_SPLINE_CURVE_WITH_KNOTS('',1,(#2635,#2636),.UNSPECIFIED.,.F.,
  .F.,(2,2),(-27.56166188018,-27.21080118972),.PIECEWISE_BEZIER_KNOTS.);
#2635 = CARTESIAN_POINT('',(9.186808798686,54.450682846478));
#2636 = CARTESIAN_POINT('',(9.084941061849,54.114935637552));
#2637 = ( GEOMETRIC_REPRESENTATION_CONTEXT(2) 
PARAMETRIC_REPRESENTATION_CONTEXT() REPRESENTATION_CONTEXT('2D SPACE',''
  ) );
#2638 = PCURVE('',#2639,#2644);
#2639 = PLANE('',#2640);
#2640 = AXIS2_PLACEMENT_3D('',#2641,#2642,#2643);
#2641 = CARTESIAN_POINT('',(-64.01505893815,7.114935637552,-200.));
#2642 = DIRECTION('',(-0.956924551696,0.290336705158,0.));
#2643 = DIRECTION('',(0.290336705158,0.956924551696,0.));
#2644 = DEFINITIONAL_REPRESENTATION('',(#2645),#2648);
#2645 = B_SPLINE_CURVE_WITH_KNOTS('',1,(#2646,#2647),.UNSPECIFIED.,.F.,
  .F.,(2,2),(-27.56166188018,-27.21080118972),.PIECEWISE_BEZIER_KNOTS.);
#2646 = CARTESIAN_POINT('',(0.35086069046,-262.));
#2647 = CARTESIAN_POINT('',(0.,-262.));
#2648 = ( GEOMETRIC_REPRESENTATION_CONTEXT(2) 
PARAMETRIC_REPRESENTATION_CONTEXT() REPRESENTATION_CONTEXT('2D SPACE',''
  ) );
#2649 = ORIENTED_EDGE('',*,*,#2650,.F.);
#2650 = EDGE_CURVE('',#2651,#2625,#2653,.T.);
#2651 = VERTEX_POINT('',#2652);
#2652 = CARTESIAN_POINT('',(-63.80898491778,7.78645480264,62.));
#2653 = SURFACE_CURVE('',#2654,(#2658,#2664),.PCURVE_S1.);
#2654 = LINE('',#2655,#2656);
#2655 = CARTESIAN_POINT('',(-72.02377117839,-18.68310882479,62.));
#2656 = VECTOR('',#2657,1.);
#2657 = DIRECTION('',(-0.296402311874,-0.955063175667,0.));
#2658 = PCURVE('',#44,#2659);
#2659 = DEFINITIONAL_REPRESENTATION('',(#2660),#2663);
#2660 = B_SPLINE_CURVE_WITH_KNOTS('',1,(#2661,#2662),.UNSPECIFIED.,.F.,
  .F.,(2,2),(-27.71498713574,-27.36341672164),.PIECEWISE_BEZIER_KNOTS.);
#2661 = CARTESIAN_POINT('',(9.291015082212,54.78645480264));
#2662 = CARTESIAN_POINT('',(9.186808798686,54.450682846478));
#2663 = ( GEOMETRIC_REPRESENTATION_CONTEXT(2) 
PARAMETRIC_REPRESENTATION_CONTEXT() REPRESENTATION_CONTEXT('2D SPACE',''
  ) );
#2664 = PCURVE('',#2665,#2670);
#2665 = PLANE('',#2666);
#2666 = AXIS2_PLACEMENT_3D('',#2667,#2668,#2669);
#2667 = CARTESIAN_POINT('',(-63.91319120131,7.450682846478,-200.));
#2668 = DIRECTION('',(-0.955063175667,0.296402311874,0.));
#2669 = DIRECTION('',(0.296402311874,0.955063175667,0.));
#2670 = DEFINITIONAL_REPRESENTATION('',(#2671),#2674);
#2671 = B_SPLINE_CURVE_WITH_KNOTS('',1,(#2672,#2673),.UNSPECIFIED.,.F.,
  .F.,(2,2),(-27.71498713574,-27.36341672164),.PIECEWISE_BEZIER_KNOTS.);
#2672 = CARTESIAN_POINT('',(0.351570414101,-262.));
#2673 = CARTESIAN_POINT('',(0.,-262.));
#2674 = ( GEOMETRIC_REPRESENTATION_CONTEXT(2) 
PARAMETRIC_REPRESENTATION_CONTEXT() REPRESENTATION_CONTEXT('2D SPACE',''
  ) );
#2675 = ORIENTED_EDGE('',*,*,#2676,.F.);
#2676 = EDGE_CURVE('',#2677,#2651,#2679,.T.);
#2677 = VERTEX_POINT('',#2678);
#2678 = CARTESIAN_POINT('',(-63.70240217175,8.122251183023,62.));
#2679 = SURFACE_CURVE('',#2680,(#2684,#2690),.PCURVE_S1.);
#2680 = LINE('',#2681,#2682);
#2681 = CARTESIAN_POINT('',(-72.13307725928,-18.43917910315,62.));
#2682 = VECTOR('',#2683,1.);
#2683 = DIRECTION('',(-0.302529418428,-0.953140047939,0.));
#2684 = PCURVE('',#44,#2685);
#2685 = DEFINITIONAL_REPRESENTATION('',(#2686),#2689);
#2686 = B_SPLINE_CURVE_WITH_KNOTS('',1,(#2687,#2688),.UNSPECIFIED.,.F.,
  .F.,(2,2),(-27.86729016748,-27.51498477321),.PIECEWISE_BEZIER_KNOTS.);
#2687 = CARTESIAN_POINT('',(9.39759782825,55.122251183023));
#2688 = CARTESIAN_POINT('',(9.291015082212,54.78645480264));
#2689 = ( GEOMETRIC_REPRESENTATION_CONTEXT(2) 
PARAMETRIC_REPRESENTATION_CONTEXT() REPRESENTATION_CONTEXT('2D SPACE',''
  ) );
#2690 = PCURVE('',#2691,#2696);
#2691 = PLANE('',#2692);
#2692 = AXIS2_PLACEMENT_3D('',#2693,#2694,#2695);
#2693 = CARTESIAN_POINT('',(-63.80898491778,7.78645480264,-200.));
#2694 = DIRECTION('',(-0.953140047939,0.302529418428,0.));
#2695 = DIRECTION('',(0.302529418428,0.953140047939,0.));
#2696 = DEFINITIONAL_REPRESENTATION('',(#2697),#2700);
#2697 = B_SPLINE_CURVE_WITH_KNOTS('',1,(#2698,#2699),.UNSPECIFIED.,.F.,
  .F.,(2,2),(-27.86729016748,-27.51498477321),.PIECEWISE_BEZIER_KNOTS.);
#2698 = CARTESIAN_POINT('',(0.35230539427,-262.));
#2699 = CARTESIAN_POINT('',(0.,-262.));
#2700 = ( GEOMETRIC_REPRESENTATION_CONTEXT(2) 
PARAMETRIC_REPRESENTATION_CONTEXT() REPRESENTATION_CONTEXT('2D SPACE',''
  ) );
#2701 = ORIENTED_EDGE('',*,*,#2702,.F.);
#2702 = EDGE_CURVE('',#2703,#2677,#2705,.T.);
#2703 = VERTEX_POINT('',#2704);
#2704 = CARTESIAN_POINT('',(-63.59340454771,8.458071594919,62.));
#2705 = SURFACE_CURVE('',#2706,(#2710,#2716),.PCURVE_S1.);
#2706 = LINE('',#2707,#2708);
#2707 = CARTESIAN_POINT('',(-72.24320726435,-18.19186996751,62.));
#2708 = VECTOR('',#2709,1.);
#2709 = DIRECTION('',(-0.308717132672,-0.951153895011,0.));
#2710 = PCURVE('',#44,#2711);
#2711 = DEFINITIONAL_REPRESENTATION('',(#2712),#2715);
#2712 = B_SPLINE_CURVE_WITH_KNOTS('',1,(#2713,#2714),.UNSPECIFIED.,.F.,
  .F.,(2,2),(-28.01853801178,-27.66547168502),.PIECEWISE_BEZIER_KNOTS.);
#2713 = CARTESIAN_POINT('',(9.50659545229,55.458071594919));
#2714 = CARTESIAN_POINT('',(9.39759782825,55.122251183023));
#2715 = ( GEOMETRIC_REPRESENTATION_CONTEXT(2) 
PARAMETRIC_REPRESENTATION_CONTEXT() REPRESENTATION_CONTEXT('2D SPACE',''
  ) );
#2716 = PCURVE('',#2717,#2722);
#2717 = PLANE('',#2718);
#2718 = AXIS2_PLACEMENT_3D('',#2719,#2720,#2721);
#2719 = CARTESIAN_POINT('',(-63.70240217175,8.122251183023,-200.));
#2720 = DIRECTION('',(-0.951153895011,0.308717132672,0.));
#2721 = DIRECTION('',(0.308717132672,0.951153895011,0.));
#2722 = DEFINITIONAL_REPRESENTATION('',(#2723),#2726);
#2723 = B_SPLINE_CURVE_WITH_KNOTS('',1,(#2724,#2725),.UNSPECIFIED.,.F.,
  .F.,(2,2),(-28.01853801178,-27.66547168502),.PIECEWISE_BEZIER_KNOTS.);
#2724 = CARTESIAN_POINT('',(0.35306632676,-262.));
#2725 = CARTESIAN_POINT('',(0.,-262.));
#2726 = ( GEOMETRIC_REPRESENTATION_CONTEXT(2) 
PARAMETRIC_REPRESENTATION_CONTEXT() REPRESENTATION_CONTEXT('2D SPACE',''
  ) );
#2727 = ORIENTED_EDGE('',*,*,#2728,.F.);
#2728 = EDGE_CURVE('',#2729,#2703,#2731,.T.);
#2729 = VERTEX_POINT('',#2730);
#2730 = CARTESIAN_POINT('',(-63.48195317049,8.793915572163,62.));
#2731 = SURFACE_CURVE('',#2732,(#2736,#2742),.PCURVE_S1.);
#2732 = LINE('',#2733,#2734);
#2733 = CARTESIAN_POINT('',(-72.35408979317,-17.941094119,62.));
#2734 = VECTOR('',#2735,1.);
#2735 = DIRECTION('',(-0.314964383443,-0.949103491281,0.));
#2736 = PCURVE('',#44,#2737);
#2737 = DEFINITIONAL_REPRESENTATION('',(#2738),#2741);
#2738 = B_SPLINE_CURVE_WITH_KNOTS('',1,(#2739,#2740),.UNSPECIFIED.,.F.,
  .F.,(2,2),(-28.1686980785,-27.81484417287),.PIECEWISE_BEZIER_KNOTS.);
#2739 = CARTESIAN_POINT('',(9.618046829508,55.793915572163));
#2740 = CARTESIAN_POINT('',(9.50659545229,55.458071594919));
#2741 = ( GEOMETRIC_REPRESENTATION_CONTEXT(2) 
PARAMETRIC_REPRESENTATION_CONTEXT() REPRESENTATION_CONTEXT('2D SPACE',''
  ) );
#2742 = PCURVE('',#2743,#2748);
#2743 = PLANE('',#2744);
#2744 = AXIS2_PLACEMENT_3D('',#2745,#2746,#2747);
#2745 = CARTESIAN_POINT('',(-63.59340454771,8.458071594919,-200.));
#2746 = DIRECTION('',(-0.949103491281,0.314964383443,0.));
#2747 = DIRECTION('',(0.314964383443,0.949103491281,0.));
#2748 = DEFINITIONAL_REPRESENTATION('',(#2749),#2752);
#2749 = B_SPLINE_CURVE_WITH_KNOTS('',1,(#2750,#2751),.UNSPECIFIED.,.F.,
  .F.,(2,2),(-28.1686980785,-27.81484417287),.PIECEWISE_BEZIER_KNOTS.);
#2750 = CARTESIAN_POINT('',(0.353853905638,-262.));
#2751 = CARTESIAN_POINT('',(0.,-262.));
#2752 = ( GEOMETRIC_REPRESENTATION_CONTEXT(2) 
PARAMETRIC_REPRESENTATION_CONTEXT() REPRESENTATION_CONTEXT('2D SPACE',''
  ) );
#2753 = ORIENTED_EDGE('',*,*,#2754,.F.);
#2754 = EDGE_CURVE('',#2755,#2729,#2757,.T.);
#2755 = VERTEX_POINT('',#2756);
#2756 = CARTESIAN_POINT('',(-63.36800874991,9.129782571611,62.));
#2757 = SURFACE_CURVE('',#2758,(#2762,#2768),.PCURVE_S1.);
#2758 = LINE('',#2759,#2760);
#2759 = CARTESIAN_POINT('',(-72.46564604333,-17.68676644612,62.));
#2760 = VECTOR('',#2761,1.);
#2761 = DIRECTION('',(-0.321269911437,-0.946987668349,0.));
#2762 = PCURVE('',#44,#2763);
#2763 = DEFINITIONAL_REPRESENTATION('',(#2764),#2767);
#2764 = B_SPLINE_CURVE_WITH_KNOTS('',1,(#2765,#2766),.UNSPECIFIED.,.F.,
  .F.,(2,2),(-28.31773835502,-27.96306953443),.PIECEWISE_BEZIER_KNOTS.);
#2765 = CARTESIAN_POINT('',(9.731991250089,56.129782571611));
#2766 = CARTESIAN_POINT('',(9.618046829508,55.793915572163));
#2767 = ( GEOMETRIC_REPRESENTATION_CONTEXT(2) 
PARAMETRIC_REPRESENTATION_CONTEXT() REPRESENTATION_CONTEXT('2D SPACE',''
  ) );
#2768 = PCURVE('',#2769,#2774);
#2769 = PLANE('',#2770);
#2770 = AXIS2_PLACEMENT_3D('',#2771,#2772,#2773);
#2771 = CARTESIAN_POINT('',(-63.48195317049,8.793915572163,-200.));
#2772 = DIRECTION('',(-0.946987668349,0.321269911437,0.));
#2773 = DIRECTION('',(0.321269911437,0.946987668349,0.));
#2774 = DEFINITIONAL_REPRESENTATION('',(#2775),#2778);
#2775 = B_SPLINE_CURVE_WITH_KNOTS('',1,(#2776,#2777),.UNSPECIFIED.,.F.,
  .F.,(2,2),(-28.31773835502,-27.96306953443),.PIECEWISE_BEZIER_KNOTS.);
#2776 = CARTESIAN_POINT('',(0.354668820591,-262.));
#2777 = CARTESIAN_POINT('',(0.,-262.));
#2778 = ( GEOMETRIC_REPRESENTATION_CONTEXT(2) 
PARAMETRIC_REPRESENTATION_CONTEXT() REPRESENTATION_CONTEXT('2D SPACE',''
  ) );
#2779 = ORIENTED_EDGE('',*,*,#2780,.F.);
#2780 = EDGE_CURVE('',#2781,#2755,#2783,.T.);
#2781 = VERTEX_POINT('',#2782);
#2782 = CARTESIAN_POINT('',(-63.25153163022,9.465671969866,62.));
#2783 = SURFACE_CURVE('',#2784,(#2788,#2794),.PCURVE_S1.);
#2784 = LINE('',#2785,#2786);
#2785 = CARTESIAN_POINT('',(-72.57778956203,-17.42880458626,62.));
#2786 = VECTOR('',#2787,1.);
#2787 = DIRECTION('',(-0.327632260697,-0.94480532479,0.));
#2788 = PCURVE('',#44,#2789);
#2789 = DEFINITIONAL_REPRESENTATION('',(#2790),#2793);
#2790 = B_SPLINE_CURVE_WITH_KNOTS('',1,(#2791,#2792),.UNSPECIFIED.,.F.,
  .F.,(2,2),(-28.46562762769,-28.11011587364),.PIECEWISE_BEZIER_KNOTS.);
#2791 = CARTESIAN_POINT('',(9.848468369774,56.465671969866));
#2792 = CARTESIAN_POINT('',(9.731991250089,56.129782571611));
#2793 = ( GEOMETRIC_REPRESENTATION_CONTEXT(2) 
PARAMETRIC_REPRESENTATION_CONTEXT() REPRESENTATION_CONTEXT('2D SPACE',''
  ) );
#2794 = PCURVE('',#2795,#2800);
#2795 = PLANE('',#2796);
#2796 = AXIS2_PLACEMENT_3D('',#2797,#2798,#2799);
#2797 = CARTESIAN_POINT('',(-63.36800874991,9.129782571611,-200.));
#2798 = DIRECTION('',(-0.94480532479,0.327632260697,0.));
#2799 = DIRECTION('',(0.327632260697,0.94480532479,0.));
#2800 = DEFINITIONAL_REPRESENTATION('',(#2801),#2804);
#2801 = B_SPLINE_CURVE_WITH_KNOTS('',1,(#2802,#2803),.UNSPECIFIED.,.F.,
  .F.,(2,2),(-28.46562762769,-28.11011587364),.PIECEWISE_BEZIER_KNOTS.);
#2802 = CARTESIAN_POINT('',(0.355511754054,-262.));
#2803 = CARTESIAN_POINT('',(0.,-262.));
#2804 = ( GEOMETRIC_REPRESENTATION_CONTEXT(2) 
PARAMETRIC_REPRESENTATION_CONTEXT() REPRESENTATION_CONTEXT('2D SPACE',''
  ) );
#2805 = ORIENTED_EDGE('',*,*,#2806,.F.);
#2806 = EDGE_CURVE('',#2807,#2781,#2809,.T.);
#2807 = VERTEX_POINT('',#2808);
#2808 = CARTESIAN_POINT('',(-63.13179410883,9.803487381453,62.));
#2809 = SURFACE_CURVE('',#2810,(#2814,#2820),.PCURVE_S1.);
#2810 = LINE('',#2811,#2812);
#2811 = CARTESIAN_POINT('',(-72.69127049967,-17.16665876806,62.));
#2812 = VECTOR('',#2813,1.);
#2813 = DIRECTION('',(-0.334081567762,-0.942544166648,0.));
#2814 = PCURVE('',#44,#2815);
#2815 = DEFINITIONAL_REPRESENTATION('',(#2816),#2819);
#2816 = B_SPLINE_CURVE_WITH_KNOTS('',1,(#2817,#2818),.UNSPECIFIED.,.F.,
  .F.,(2,2),(-28.61419878649,-28.25579074203),.PIECEWISE_BEZIER_KNOTS.);
#2817 = CARTESIAN_POINT('',(9.968205891166,56.803487381453));
#2818 = CARTESIAN_POINT('',(9.848468369774,56.465671969866));
#2819 = ( GEOMETRIC_REPRESENTATION_CONTEXT(2) 
PARAMETRIC_REPRESENTATION_CONTEXT() REPRESENTATION_CONTEXT('2D SPACE',''
  ) );
#2820 = PCURVE('',#2821,#2826);
#2821 = PLANE('',#2822);
#2822 = AXIS2_PLACEMENT_3D('',#2823,#2824,#2825);
#2823 = CARTESIAN_POINT('',(-63.25153163022,9.465671969866,-200.));
#2824 = DIRECTION('',(-0.942544166648,0.334081567762,0.));
#2825 = DIRECTION('',(0.334081567762,0.942544166648,0.));
#2826 = DEFINITIONAL_REPRESENTATION('',(#2827),#2830);
#2827 = B_SPLINE_CURVE_WITH_KNOTS('',1,(#2828,#2829),.UNSPECIFIED.,.F.,
  .F.,(2,2),(-28.61419878649,-28.25579074203),.PIECEWISE_BEZIER_KNOTS.);
#2828 = CARTESIAN_POINT('',(0.358408044461,-262.));
#2829 = CARTESIAN_POINT('',(0.,-262.));
#2830 = ( GEOMETRIC_REPRESENTATION_CONTEXT(2) 
PARAMETRIC_REPRESENTATION_CONTEXT() REPRESENTATION_CONTEXT('2D SPACE',''
  ) );
#2831 = ORIENTED_EDGE('',*,*,#2832,.F.);
#2832 = EDGE_CURVE('',#2833,#2807,#2835,.T.);
#2833 = VERTEX_POINT('',#2834);
#2834 = CARTESIAN_POINT('',(-63.00629200713,10.139445895827,62.));
#2835 = SURFACE_CURVE('',#2836,(#2840,#2846),.PCURVE_S1.);
#2836 = LINE('',#2837,#2838);
#2837 = CARTESIAN_POINT('',(-73.05273416882,-16.75403028995,62.));
#2838 = VECTOR('',#2839,1.);
#2839 = DIRECTION('',(-0.349944040297,-0.936770606211,0.));
#2840 = PCURVE('',#44,#2841);
#2841 = DEFINITIONAL_REPRESENTATION('',(#2842),#2845);
#2842 = B_SPLINE_CURVE_WITH_KNOTS('',1,(#2843,#2844),.UNSPECIFIED.,.F.,
  .F.,(2,2),(-28.70871055035,-28.35007577664),.PIECEWISE_BEZIER_KNOTS.);
#2843 = CARTESIAN_POINT('',(10.093707992868,57.139445895827));
#2844 = CARTESIAN_POINT('',(9.968205891166,56.803487381453));
#2845 = ( GEOMETRIC_REPRESENTATION_CONTEXT(2) 
PARAMETRIC_REPRESENTATION_CONTEXT() REPRESENTATION_CONTEXT('2D SPACE',''
  ) );
#2846 = PCURVE('',#2847,#2852);
#2847 = PLANE('',#2848);
#2848 = AXIS2_PLACEMENT_3D('',#2849,#2850,#2851);
#2849 = CARTESIAN_POINT('',(-63.13179410883,9.803487381453,-200.));
#2850 = DIRECTION('',(-0.936770606211,0.349944040297,0.));
#2851 = DIRECTION('',(0.349944040297,0.936770606211,0.));
#2852 = DEFINITIONAL_REPRESENTATION('',(#2853),#2856);
#2853 = B_SPLINE_CURVE_WITH_KNOTS('',1,(#2854,#2855),.UNSPECIFIED.,.F.,
  .F.,(2,2),(-28.70871055035,-28.35007577664),.PIECEWISE_BEZIER_KNOTS.);
#2854 = CARTESIAN_POINT('',(0.358634773708,-262.));
#2855 = CARTESIAN_POINT('',(0.,-262.));
#2856 = ( GEOMETRIC_REPRESENTATION_CONTEXT(2) 
PARAMETRIC_REPRESENTATION_CONTEXT() REPRESENTATION_CONTEXT('2D SPACE',''
  ) );
#2857 = ORIENTED_EDGE('',*,*,#2858,.F.);
#2858 = EDGE_CURVE('',#2859,#2833,#2861,.T.);
#2859 = VERTEX_POINT('',#2860);
#2860 = CARTESIAN_POINT('',(-62.88183651167,10.475507014374,62.));
#2861 = SURFACE_CURVE('',#2862,(#2866,#2872),.PCURVE_S1.);
#2862 = LINE('',#2863,#2864);
#2863 = CARTESIAN_POINT('',(-72.91929945198,-16.62816575459,62.));
#2864 = VECTOR('',#2865,1.);
#2865 = DIRECTION('',(-0.347285926737,-0.937759289525,0.));
#2866 = PCURVE('',#44,#2867);
#2867 = DEFINITIONAL_REPRESENTATION('',(#2868),#2871);
#2868 = B_SPLINE_CURVE_WITH_KNOTS('',1,(#2869,#2870),.UNSPECIFIED.,.F.,
  .F.,(2,2),(-28.90259053866,-28.54422446082),.PIECEWISE_BEZIER_KNOTS.);
#2869 = CARTESIAN_POINT('',(10.218163488322,57.475507014374));
#2870 = CARTESIAN_POINT('',(10.093707992868,57.139445895827));
#2871 = ( GEOMETRIC_REPRESENTATION_CONTEXT(2) 
PARAMETRIC_REPRESENTATION_CONTEXT() REPRESENTATION_CONTEXT('2D SPACE',''
  ) );
#2872 = PCURVE('',#2873,#2878);
#2873 = PLANE('',#2874);
#2874 = AXIS2_PLACEMENT_3D('',#2875,#2876,#2877);
#2875 = CARTESIAN_POINT('',(-63.00629200713,10.139445895827,-200.));
#2876 = DIRECTION('',(-0.937759289525,0.347285926737,0.));
#2877 = DIRECTION('',(0.347285926737,0.937759289525,0.));
#2878 = DEFINITIONAL_REPRESENTATION('',(#2879),#2882);
#2879 = B_SPLINE_CURVE_WITH_KNOTS('',1,(#2880,#2881),.UNSPECIFIED.,.F.,
  .F.,(2,2),(-28.90259053866,-28.54422446082),.PIECEWISE_BEZIER_KNOTS.);
#2880 = CARTESIAN_POINT('',(0.358366077842,-262.));
#2881 = CARTESIAN_POINT('',(0.,-262.));
#2882 = ( GEOMETRIC_REPRESENTATION_CONTEXT(2) 
PARAMETRIC_REPRESENTATION_CONTEXT() REPRESENTATION_CONTEXT('2D SPACE',''
  ) );
#2883 = ORIENTED_EDGE('',*,*,#2884,.F.);
#2884 = EDGE_CURVE('',#2885,#2859,#2887,.T.);
#2885 = VERTEX_POINT('',#2886);
#2886 = CARTESIAN_POINT('',(-62.74995985353,10.813477001734,62.));
#2887 = SURFACE_CURVE('',#2888,(#2892,#2898),.PCURVE_S1.);
#2888 = LINE('',#2889,#2890);
#2889 = CARTESIAN_POINT('',(-73.28873874816,-16.1950248811,62.));
#2890 = VECTOR('',#2891,1.);
#2891 = DIRECTION('',(-0.363508831397,-0.931590752153,0.));
#2892 = PCURVE('',#44,#2893);
#2893 = DEFINITIONAL_REPRESENTATION('',(#2894),#2897);
#2894 = B_SPLINE_CURVE_WITH_KNOTS('',1,(#2895,#2896),.UNSPECIFIED.,.F.,
  .F.,(2,2),(-28.99180978389,-28.62902173927),.PIECEWISE_BEZIER_KNOTS.);
#2895 = CARTESIAN_POINT('',(10.350040146467,57.813477001734));
#2896 = CARTESIAN_POINT('',(10.218163488322,57.475507014374));
#2897 = ( GEOMETRIC_REPRESENTATION_CONTEXT(2) 
PARAMETRIC_REPRESENTATION_CONTEXT() REPRESENTATION_CONTEXT('2D SPACE',''
  ) );
#2898 = PCURVE('',#2899,#2904);
#2899 = PLANE('',#2900);
#2900 = AXIS2_PLACEMENT_3D('',#2901,#2902,#2903);
#2901 = CARTESIAN_POINT('',(-62.88183651167,10.475507014374,-200.));
#2902 = DIRECTION('',(-0.931590752153,0.363508831397,0.));
#2903 = DIRECTION('',(0.363508831397,0.931590752153,0.));
#2904 = DEFINITIONAL_REPRESENTATION('',(#2905),#2908);
#2905 = B_SPLINE_CURVE_WITH_KNOTS('',1,(#2906,#2907),.UNSPECIFIED.,.F.,
  .F.,(2,2),(-28.99180978389,-28.62902173927),.PIECEWISE_BEZIER_KNOTS.);
#2906 = CARTESIAN_POINT('',(0.36278804462,-262.));
#2907 = CARTESIAN_POINT('',(0.,-262.));
#2908 = ( GEOMETRIC_REPRESENTATION_CONTEXT(2) 
PARAMETRIC_REPRESENTATION_CONTEXT() REPRESENTATION_CONTEXT('2D SPACE',''
  ) );
#2909 = ORIENTED_EDGE('',*,*,#2910,.F.);
#2910 = EDGE_CURVE('',#2911,#2885,#2913,.T.);
#2911 = VERTEX_POINT('',#2912);
#2912 = CARTESIAN_POINT('',(-62.61588555691,11.149601397265,62.));
#2913 = SURFACE_CURVE('',#2914,(#2918,#2924),.PCURVE_S1.);
#2914 = LINE('',#2915,#2916);
#2915 = CARTESIAN_POINT('',(-73.40797862465,-15.90618670323,62.));
#2916 = VECTOR('',#2917,1.);
#2917 = DIRECTION('',(-0.370496075546,-0.928834031464,0.));
#2918 = PCURVE('',#44,#2919);
#2919 = DEFINITIONAL_REPRESENTATION('',(#2920),#2923);
#2920 = B_SPLINE_CURVE_WITH_KNOTS('',1,(#2921,#2922),.UNSPECIFIED.,.F.,
  .F.,(2,2),(-29.12876486433,-28.76688708623),.PIECEWISE_BEZIER_KNOTS.);
#2921 = CARTESIAN_POINT('',(10.484114443081,58.149601397265));
#2922 = CARTESIAN_POINT('',(10.350040146467,57.813477001734));
#2923 = ( GEOMETRIC_REPRESENTATION_CONTEXT(2) 
PARAMETRIC_REPRESENTATION_CONTEXT() REPRESENTATION_CONTEXT('2D SPACE',''
  ) );
#2924 = PCURVE('',#2925,#2930);
#2925 = PLANE('',#2926);
#2926 = AXIS2_PLACEMENT_3D('',#2927,#2928,#2929);
#2927 = CARTESIAN_POINT('',(-62.74995985353,10.813477001734,-200.));
#2928 = DIRECTION('',(-0.928834031464,0.370496075546,0.));
#2929 = DIRECTION('',(0.370496075546,0.928834031464,0.));
#2930 = DEFINITIONAL_REPRESENTATION('',(#2931),#2934);
#2931 = B_SPLINE_CURVE_WITH_KNOTS('',1,(#2932,#2933),.UNSPECIFIED.,.F.,
  .F.,(2,2),(-29.12876486433,-28.76688708623),.PIECEWISE_BEZIER_KNOTS.);
#2932 = CARTESIAN_POINT('',(0.361877778102,-262.));
#2933 = CARTESIAN_POINT('',(0.,-262.));
#2934 = ( GEOMETRIC_REPRESENTATION_CONTEXT(2) 
PARAMETRIC_REPRESENTATION_CONTEXT() REPRESENTATION_CONTEXT('2D SPACE',''
  ) );
#2935 = ORIENTED_EDGE('',*,*,#2936,.F.);
#2936 = EDGE_CURVE('',#2937,#2911,#2939,.T.);
#2937 = VERTEX_POINT('',#2938);
#2938 = CARTESIAN_POINT('',(-62.47968241873,11.483719568689,62.));
#2939 = SURFACE_CURVE('',#2940,(#2944,#2950),.PCURVE_S1.);
#2940 = LINE('',#2941,#2942);
#2941 = CARTESIAN_POINT('',(-73.52626484033,-15.61451009285,62.));
#2942 = VECTOR('',#2943,1.);
#2943 = DIRECTION('',(-0.3774892251,-0.926013976641,0.));
#2944 = PCURVE('',#44,#2945);
#2945 = DEFINITIONAL_REPRESENTATION('',(#2946),#2949);
#2946 = B_SPLINE_CURVE_WITH_KNOTS('',1,(#2947,#2948),.UNSPECIFIED.,.F.,
  .F.,(2,2),(-29.26330524713,-28.90249193345),.PIECEWISE_BEZIER_KNOTS.);
#2947 = CARTESIAN_POINT('',(10.620317581267,58.483719568689));
#2948 = CARTESIAN_POINT('',(10.484114443081,58.149601397265));
#2949 = ( GEOMETRIC_REPRESENTATION_CONTEXT(2) 
PARAMETRIC_REPRESENTATION_CONTEXT() REPRESENTATION_CONTEXT('2D SPACE',''
  ) );
#2950 = PCURVE('',#2951,#2956);
#2951 = PLANE('',#2952);
#2952 = AXIS2_PLACEMENT_3D('',#2953,#2954,#2955);
#2953 = CARTESIAN_POINT('',(-62.61588555691,11.149601397265,-200.));
#2954 = DIRECTION('',(-0.926013976641,0.3774892251,0.));
#2955 = DIRECTION('',(0.3774892251,0.926013976641,0.));
#2956 = DEFINITIONAL_REPRESENTATION('',(#2957),#2960);
#2957 = B_SPLINE_CURVE_WITH_KNOTS('',1,(#2958,#2959),.UNSPECIFIED.,.F.,
  .F.,(2,2),(-29.26330524713,-28.90249193345),.PIECEWISE_BEZIER_KNOTS.);
#2958 = CARTESIAN_POINT('',(0.360813313678,-262.));
#2959 = CARTESIAN_POINT('',(0.,-262.));
#2960 = ( GEOMETRIC_REPRESENTATION_CONTEXT(2) 
PARAMETRIC_REPRESENTATION_CONTEXT() REPRESENTATION_CONTEXT('2D SPACE',''
  ) );
#2961 = ORIENTED_EDGE('',*,*,#2962,.F.);
#2962 = EDGE_CURVE('',#2963,#2937,#2965,.T.);
#2963 = VERTEX_POINT('',#2964);
#2964 = CARTESIAN_POINT('',(-62.34307631112,11.821898949536,62.));
#2965 = SURFACE_CURVE('',#2966,(#2970,#2976),.PCURVE_S1.);
#2966 = LINE('',#2967,#2968);
#2967 = CARTESIAN_POINT('',(-73.37969728874,-15.5001418741,62.));
#2968 = VECTOR('',#2969,1.);
#2969 = DIRECTION('',(-0.374542407922,-0.927209784605,0.));
#2970 = PCURVE('',#44,#2971);
#2971 = DEFINITIONAL_REPRESENTATION('',(#2972),#2975);
#2972 = B_SPLINE_CURVE_WITH_KNOTS('',1,(#2973,#2974),.UNSPECIFIED.,.F.,
  .F.,(2,2),(-29.46694618334,-29.10221817199),.PIECEWISE_BEZIER_KNOTS.);
#2973 = CARTESIAN_POINT('',(10.756923688876,58.821898949536));
#2974 = CARTESIAN_POINT('',(10.620317581267,58.483719568689));
#2975 = ( GEOMETRIC_REPRESENTATION_CONTEXT(2) 
PARAMETRIC_REPRESENTATION_CONTEXT() REPRESENTATION_CONTEXT('2D SPACE',''
  ) );
#2976 = PCURVE('',#2977,#2982);
#2977 = PLANE('',#2978);
#2978 = AXIS2_PLACEMENT_3D('',#2979,#2980,#2981);
#2979 = CARTESIAN_POINT('',(-62.47968241873,11.483719568689,-200.));
#2980 = DIRECTION('',(-0.927209784605,0.374542407922,0.));
#2981 = DIRECTION('',(0.374542407922,0.927209784605,0.));
#2982 = DEFINITIONAL_REPRESENTATION('',(#2983),#2986);
#2983 = B_SPLINE_CURVE_WITH_KNOTS('',1,(#2984,#2985),.UNSPECIFIED.,.F.,
  .F.,(2,2),(-29.46694618334,-29.10221817199),.PIECEWISE_BEZIER_KNOTS.);
#2984 = CARTESIAN_POINT('',(0.364728011354,-262.));
#2985 = CARTESIAN_POINT('',(0.,-262.));
#2986 = ( GEOMETRIC_REPRESENTATION_CONTEXT(2) 
PARAMETRIC_REPRESENTATION_CONTEXT() REPRESENTATION_CONTEXT('2D SPACE',''
  ) );
#2987 = ORIENTED_EDGE('',*,*,#2988,.F.);
#2988 = EDGE_CURVE('',#2989,#2963,#2991,.T.);
#2989 = VERTEX_POINT('',#2990);
#2990 = CARTESIAN_POINT('',(-62.19489580951,12.16003956708,62.));
#2991 = SURFACE_CURVE('',#2992,(#2996,#3002),.PCURVE_S1.);
#2992 = LINE('',#2993,#2994);
#2993 = CARTESIAN_POINT('',(-74.02171394246,-14.82817779975,62.));
#2994 = VECTOR('',#2995,1.);
#2995 = DIRECTION('',(-0.40137345587,-0.915914487779,0.));
#2996 = PCURVE('',#44,#2997);
#2997 = DEFINITIONAL_REPRESENTATION('',(#2998),#3001);
#2998 = B_SPLINE_CURVE_WITH_KNOTS('',1,(#2999,#3000),.UNSPECIFIED.,.F.,
  .F.,(2,2),(-29.46587015157,-29.09668654103),.PIECEWISE_BEZIER_KNOTS.);
#2999 = CARTESIAN_POINT('',(10.905104190489,59.16003956708));
#3000 = CARTESIAN_POINT('',(10.756923688876,58.821898949536));
#3001 = ( GEOMETRIC_REPRESENTATION_CONTEXT(2) 
PARAMETRIC_REPRESENTATION_CONTEXT() REPRESENTATION_CONTEXT('2D SPACE',''
  ) );
#3002 = PCURVE('',#3003,#3008);
#3003 = PLANE('',#3004);
#3004 = AXIS2_PLACEMENT_3D('',#3005,#3006,#3007);
#3005 = CARTESIAN_POINT('',(-62.34307631112,11.821898949536,-200.));
#3006 = DIRECTION('',(-0.915914487779,0.40137345587,0.));
#3007 = DIRECTION('',(0.40137345587,0.915914487779,0.));
#3008 = DEFINITIONAL_REPRESENTATION('',(#3009),#3012);
#3009 = B_SPLINE_CURVE_WITH_KNOTS('',1,(#3010,#3011),.UNSPECIFIED.,.F.,
  .F.,(2,2),(-29.46587015157,-29.09668654103),.PIECEWISE_BEZIER_KNOTS.);
#3010 = CARTESIAN_POINT('',(0.36918361054,-262.));
#3011 = CARTESIAN_POINT('',(0.,-262.));
#3012 = ( GEOMETRIC_REPRESENTATION_CONTEXT(2) 
PARAMETRIC_REPRESENTATION_CONTEXT() REPRESENTATION_CONTEXT('2D SPACE',''
  ) );
#3013 = ORIENTED_EDGE('',*,*,#3014,.F.);
#3014 = EDGE_CURVE('',#3015,#2989,#3017,.T.);
#3015 = VERTEX_POINT('',#3016);
#3016 = CARTESIAN_POINT('',(-62.04958753231,12.494250899169,62.));
#3017 = SURFACE_CURVE('',#3018,(#3022,#3028),.PCURVE_S1.);
#3018 = LINE('',#3019,#3020);
#3019 = CARTESIAN_POINT('',(-73.87791903041,-14.71109832502,62.));
#3020 = VECTOR('',#3021,1.);
#3021 = DIRECTION('',(-0.398723809161,-0.91707105723,0.));
#3022 = PCURVE('',#44,#3023);
#3023 = DEFINITIONAL_REPRESENTATION('',(#3024),#3027);
#3024 = B_SPLINE_CURVE_WITH_KNOTS('',1,(#3025,#3026),.UNSPECIFIED.,.F.,
  .F.,(2,2),(-29.66547576627,-29.30104235682),.PIECEWISE_BEZIER_KNOTS.);
#3025 = CARTESIAN_POINT('',(11.050412467688,59.494250899169));
#3026 = CARTESIAN_POINT('',(10.905104190489,59.16003956708));
#3027 = ( GEOMETRIC_REPRESENTATION_CONTEXT(2) 
PARAMETRIC_REPRESENTATION_CONTEXT() REPRESENTATION_CONTEXT('2D SPACE',''
  ) );
#3028 = PCURVE('',#3029,#3034);
#3029 = PLANE('',#3030);
#3030 = AXIS2_PLACEMENT_3D('',#3031,#3032,#3033);
#3031 = CARTESIAN_POINT('',(-62.19489580951,12.16003956708,-200.));
#3032 = DIRECTION('',(-0.91707105723,0.398723809161,0.));
#3033 = DIRECTION('',(0.398723809161,0.91707105723,0.));
#3034 = DEFINITIONAL_REPRESENTATION('',(#3035),#3038);
#3035 = B_SPLINE_CURVE_WITH_KNOTS('',1,(#3036,#3037),.UNSPECIFIED.,.F.,
  .F.,(2,2),(-29.66547576627,-29.30104235682),.PIECEWISE_BEZIER_KNOTS.);
#3036 = CARTESIAN_POINT('',(0.364433409444,-262.));
#3037 = CARTESIAN_POINT('',(0.,-262.));
#3038 = ( GEOMETRIC_REPRESENTATION_CONTEXT(2) 
PARAMETRIC_REPRESENTATION_CONTEXT() REPRESENTATION_CONTEXT('2D SPACE',''
  ) );
#3039 = ORIENTED_EDGE('',*,*,#3040,.F.);
#3040 = EDGE_CURVE('',#3041,#3015,#3043,.T.);
#3041 = VERTEX_POINT('',#3042);
#3042 = CARTESIAN_POINT('',(-61.89934450485,12.832544343209,62.));
#3043 = SURFACE_CURVE('',#3044,(#3048,#3054),.PCURVE_S1.);
#3044 = LINE('',#3045,#3046);
#3045 = CARTESIAN_POINT('',(-73.99462668502,-14.4016956391,62.));
#3046 = VECTOR('',#3047,1.);
#3047 = DIRECTION('',(-0.405891167229,-0.913921419141,0.));
#3048 = PCURVE('',#44,#3049);
#3049 = DEFINITIONAL_REPRESENTATION('',(#3050),#3053);
#3050 = B_SPLINE_CURVE_WITH_KNOTS('',1,(#3051,#3052),.UNSPECIFIED.,.F.,
  .F.,(2,2),(-29.79932345594,-29.42916751369),.PIECEWISE_BEZIER_KNOTS.);
#3051 = CARTESIAN_POINT('',(11.200655495143,59.832544343209));
#3052 = CARTESIAN_POINT('',(11.050412467688,59.494250899169));
#3053 = ( GEOMETRIC_REPRESENTATION_CONTEXT(2) 
PARAMETRIC_REPRESENTATION_CONTEXT() REPRESENTATION_CONTEXT('2D SPACE',''
  ) );
#3054 = PCURVE('',#3055,#3060);
#3055 = PLANE('',#3056);
#3056 = AXIS2_PLACEMENT_3D('',#3057,#3058,#3059);
#3057 = CARTESIAN_POINT('',(-62.04958753231,12.494250899169,-200.));
#3058 = DIRECTION('',(-0.913921419141,0.405891167229,0.));
#3059 = DIRECTION('',(0.405891167229,0.913921419141,0.));
#3060 = DEFINITIONAL_REPRESENTATION('',(#3061),#3064);
#3061 = B_SPLINE_CURVE_WITH_KNOTS('',1,(#3062,#3063),.UNSPECIFIED.,.F.,
  .F.,(2,2),(-29.79932345594,-29.42916751369),.PIECEWISE_BEZIER_KNOTS.);
#3062 = CARTESIAN_POINT('',(0.370155942245,-262.));
#3063 = CARTESIAN_POINT('',(0.,-262.));
#3064 = ( GEOMETRIC_REPRESENTATION_CONTEXT(2) 
PARAMETRIC_REPRESENTATION_CONTEXT() REPRESENTATION_CONTEXT('2D SPACE',''
  ) );
#3065 = ORIENTED_EDGE('',*,*,#3066,.F.);
#3066 = EDGE_CURVE('',#3067,#3041,#3069,.T.);
#3067 = VERTEX_POINT('',#3068);
#3068 = CARTESIAN_POINT('',(-61.74221945311,13.168765278173,62.));
#3069 = SURFACE_CURVE('',#3070,(#3074,#3080),.PCURVE_S1.);
#3070 = LINE('',#3071,#3072);
#3071 = CARTESIAN_POINT('',(-74.37786234355,-13.86936530185,62.));
#3072 = VECTOR('',#3073,1.);
#3073 = DIRECTION('',(-0.423376498779,-0.905953829001,0.));
#3074 = PCURVE('',#44,#3075);
#3075 = DEFINITIONAL_REPRESENTATION('',(#3076),#3079);
#3076 = B_SPLINE_CURVE_WITH_KNOTS('',1,(#3077,#3078),.UNSPECIFIED.,.F.,
  .F.,(2,2),(-29.84493217478,-29.47380847708),.PIECEWISE_BEZIER_KNOTS.);
#3077 = CARTESIAN_POINT('',(11.357780546888,60.168765278173));
#3078 = CARTESIAN_POINT('',(11.200655495143,59.832544343209));
#3079 = ( GEOMETRIC_REPRESENTATION_CONTEXT(2) 
PARAMETRIC_REPRESENTATION_CONTEXT() REPRESENTATION_CONTEXT('2D SPACE',''
  ) );
#3080 = PCURVE('',#3081,#3086);
#3081 = PLANE('',#3082);
#3082 = AXIS2_PLACEMENT_3D('',#3083,#3084,#3085);
#3083 = CARTESIAN_POINT('',(-61.89934450485,12.832544343209,-200.));
#3084 = DIRECTION('',(-0.905953829001,0.423376498779,0.));
#3085 = DIRECTION('',(0.423376498779,0.905953829001,0.));
#3086 = DEFINITIONAL_REPRESENTATION('',(#3087),#3090);
#3087 = B_SPLINE_CURVE_WITH_KNOTS('',1,(#3088,#3089),.UNSPECIFIED.,.F.,
  .F.,(2,2),(-29.84493217478,-29.47380847708),.PIECEWISE_BEZIER_KNOTS.);
#3088 = CARTESIAN_POINT('',(0.371123697699,-262.));
#3089 = CARTESIAN_POINT('',(0.,-262.));
#3090 = ( GEOMETRIC_REPRESENTATION_CONTEXT(2) 
PARAMETRIC_REPRESENTATION_CONTEXT() REPRESENTATION_CONTEXT('2D SPACE',''
  ) );
#3091 = ORIENTED_EDGE('',*,*,#3092,.F.);
#3092 = EDGE_CURVE('',#3093,#3067,#3095,.T.);
#3093 = VERTEX_POINT('',#3094);
#3094 = CARTESIAN_POINT('',(-61.58637201938,13.505079050783,62.));
#3095 = SURFACE_CURVE('',#3096,(#3100,#3106),.PCURVE_S1.);
#3096 = LINE('',#3097,#3098);
#3097 = CARTESIAN_POINT('',(-74.22272124638,-13.76375803519,62.));
#3098 = VECTOR('',#3099,1.);
#3099 = DIRECTION('',(-0.420449263902,-0.907316051045,0.));
#3100 = PCURVE('',#44,#3101);
#3101 = DEFINITIONAL_REPRESENTATION('',(#3102),#3105);
#3102 = B_SPLINE_CURVE_WITH_KNOTS('',1,(#3103,#3104),.UNSPECIFIED.,.F.,
  .F.,(2,2),(-30.05439731234,-29.68372848947),.PIECEWISE_BEZIER_KNOTS.);
#3103 = CARTESIAN_POINT('',(11.513627980615,60.505079050783));
#3104 = CARTESIAN_POINT('',(11.357780546888,60.168765278173));
#3105 = ( GEOMETRIC_REPRESENTATION_CONTEXT(2) 
PARAMETRIC_REPRESENTATION_CONTEXT() REPRESENTATION_CONTEXT('2D SPACE',''
  ) );
#3106 = PCURVE('',#3107,#3112);
#3107 = PLANE('',#3108);
#3108 = AXIS2_PLACEMENT_3D('',#3109,#3110,#3111);
#3109 = CARTESIAN_POINT('',(-61.74221945311,13.168765278173,-200.));
#3110 = DIRECTION('',(-0.907316051045,0.420449263902,0.));
#3111 = DIRECTION('',(0.420449263902,0.907316051045,0.));
#3112 = DEFINITIONAL_REPRESENTATION('',(#3113),#3116);
#3113 = B_SPLINE_CURVE_WITH_KNOTS('',1,(#3114,#3115),.UNSPECIFIED.,.F.,
  .F.,(2,2),(-30.05439731234,-29.68372848947),.PIECEWISE_BEZIER_KNOTS.);
#3114 = CARTESIAN_POINT('',(0.370668822869,-262.));
#3115 = CARTESIAN_POINT('',(0.,-262.));
#3116 = ( GEOMETRIC_REPRESENTATION_CONTEXT(2) 
PARAMETRIC_REPRESENTATION_CONTEXT() REPRESENTATION_CONTEXT('2D SPACE',''
  ) );
#3117 = ORIENTED_EDGE('',*,*,#3118,.F.);
#3118 = EDGE_CURVE('',#3119,#3093,#3121,.T.);
#3119 = VERTEX_POINT('',#3120);
#3120 = CARTESIAN_POINT('',(-61.42143284286,13.843452998562,62.));
#3121 = SURFACE_CURVE('',#3122,(#3126,#3132),.PCURVE_S1.);
#3122 = LINE('',#3123,#3124);
#3123 = CARTESIAN_POINT('',(-74.60696221781,-13.2067586149,62.));
#3124 = VECTOR('',#3125,1.);
#3125 = DIRECTION('',(-0.438163347384,-0.898895367108,0.));
#3126 = PCURVE('',#44,#3127);
#3127 = DEFINITIONAL_REPRESENTATION('',(#3128),#3131);
#3128 = B_SPLINE_CURVE_WITH_KNOTS('',1,(#3129,#3130),.UNSPECIFIED.,.F.,
  .F.,(2,2),(-30.0927255866,-29.7162925109),.PIECEWISE_BEZIER_KNOTS.);
#3129 = CARTESIAN_POINT('',(11.678567157133,60.843452998562));
#3130 = CARTESIAN_POINT('',(11.513627980615,60.505079050783));
#3131 = ( GEOMETRIC_REPRESENTATION_CONTEXT(2) 
PARAMETRIC_REPRESENTATION_CONTEXT() REPRESENTATION_CONTEXT('2D SPACE',''
  ) );
#3132 = PCURVE('',#3133,#3138);
#3133 = PLANE('',#3134);
#3134 = AXIS2_PLACEMENT_3D('',#3135,#3136,#3137);
#3135 = CARTESIAN_POINT('',(-61.58637201938,13.505079050783,-200.));
#3136 = DIRECTION('',(-0.898895367108,0.438163347384,0.));
#3137 = DIRECTION('',(0.438163347384,0.898895367108,0.));
#3138 = DEFINITIONAL_REPRESENTATION('',(#3139),#3142);
#3139 = B_SPLINE_CURVE_WITH_KNOTS('',1,(#3140,#3141),.UNSPECIFIED.,.F.,
  .F.,(2,2),(-30.0927255866,-29.7162925109),.PIECEWISE_BEZIER_KNOTS.);
#3140 = CARTESIAN_POINT('',(0.376433075707,-262.));
#3141 = CARTESIAN_POINT('',(0.,-262.));
#3142 = ( GEOMETRIC_REPRESENTATION_CONTEXT(2) 
PARAMETRIC_REPRESENTATION_CONTEXT() REPRESENTATION_CONTEXT('2D SPACE',''
  ) );
#3143 = ORIENTED_EDGE('',*,*,#3144,.F.);
#3144 = EDGE_CURVE('',#3145,#3119,#3147,.T.);
#3145 = VERTEX_POINT('',#3146);
#3146 = CARTESIAN_POINT('',(-61.25397224911,14.179788084624,62.));
#3147 = SURFACE_CURVE('',#3148,(#3152,#3158),.PCURVE_S1.);
#3148 = LINE('',#3149,#3150);
#3149 = CARTESIAN_POINT('',(-74.71934052159,-12.86463887822,62.));
#3150 = VECTOR('',#3151,1.);
#3151 = DIRECTION('',(-0.44570768754,-0.895178561667,0.));
#3152 = PCURVE('',#44,#3153);
#3153 = DEFINITIONAL_REPRESENTATION('',(#3154),#3157);
#3154 = B_SPLINE_CURVE_WITH_KNOTS('',1,(#3155,#3156),.UNSPECIFIED.,.F.,
  .F.,(2,2),(-30.2112093843,-29.83549095173),.PIECEWISE_BEZIER_KNOTS.);
#3155 = CARTESIAN_POINT('',(11.846027750881,61.179788084624));
#3156 = CARTESIAN_POINT('',(11.678567157133,60.843452998562));
#3157 = ( GEOMETRIC_REPRESENTATION_CONTEXT(2) 
PARAMETRIC_REPRESENTATION_CONTEXT() REPRESENTATION_CONTEXT('2D SPACE',''
  ) );
#3158 = PCURVE('',#3159,#3164);
#3159 = PLANE('',#3160);
#3160 = AXIS2_PLACEMENT_3D('',#3161,#3162,#3163);
#3161 = CARTESIAN_POINT('',(-61.42143284286,13.843452998562,-200.));
#3162 = DIRECTION('',(-0.895178561667,0.44570768754,0.));
#3163 = DIRECTION('',(0.44570768754,0.895178561667,0.));
#3164 = DEFINITIONAL_REPRESENTATION('',(#3165),#3168);
#3165 = B_SPLINE_CURVE_WITH_KNOTS('',1,(#3166,#3167),.UNSPECIFIED.,.F.,
  .F.,(2,2),(-30.2112093843,-29.83549095173),.PIECEWISE_BEZIER_KNOTS.);
#3166 = CARTESIAN_POINT('',(0.375718432572,-262.));
#3167 = CARTESIAN_POINT('',(0.,-262.));
#3168 = ( GEOMETRIC_REPRESENTATION_CONTEXT(2) 
PARAMETRIC_REPRESENTATION_CONTEXT() REPRESENTATION_CONTEXT('2D SPACE',''
  ) );
#3169 = ORIENTED_EDGE('',*,*,#3170,.F.);
#3170 = EDGE_CURVE('',#3171,#3145,#3173,.T.);
#3171 = VERTEX_POINT('',#3172);
#3172 = CARTESIAN_POINT('',(-61.08185529614,14.518280989353,62.));
#3173 = SURFACE_CURVE('',#3174,(#3178,#3184),.PCURVE_S1.);
#3174 = LINE('',#3175,#3176);
#3175 = CARTESIAN_POINT('',(-74.82970256015,-12.51885087833,62.));
#3176 = VECTOR('',#3177,1.);
#3177 = DIRECTION('',(-0.453250686818,-0.891383090988,0.));
#3178 = PCURVE('',#44,#3179);
#3179 = DEFINITIONAL_REPRESENTATION('',(#3180),#3183);
#3180 = B_SPLINE_CURVE_WITH_KNOTS('',1,(#3181,#3182),.UNSPECIFIED.,.F.,
  .F.,(2,2),(-30.33166339034,-29.9519244115),.PIECEWISE_BEZIER_KNOTS.);
#3181 = CARTESIAN_POINT('',(12.018144703852,61.518280989353));
#3182 = CARTESIAN_POINT('',(11.846027750881,61.179788084624));
#3183 = ( GEOMETRIC_REPRESENTATION_CONTEXT(2) 
PARAMETRIC_REPRESENTATION_CONTEXT() REPRESENTATION_CONTEXT('2D SPACE',''
  ) );
#3184 = PCURVE('',#3185,#3190);
#3185 = PLANE('',#3186);
#3186 = AXIS2_PLACEMENT_3D('',#3187,#3188,#3189);
#3187 = CARTESIAN_POINT('',(-61.25397224911,14.179788084624,-200.));
#3188 = DIRECTION('',(-0.891383090988,0.453250686818,0.));
#3189 = DIRECTION('',(0.453250686818,0.891383090988,0.));
#3190 = DEFINITIONAL_REPRESENTATION('',(#3191),#3194);
#3191 = B_SPLINE_CURVE_WITH_KNOTS('',1,(#3192,#3193),.UNSPECIFIED.,.F.,
  .F.,(2,2),(-30.33166339034,-29.9519244115),.PIECEWISE_BEZIER_KNOTS.);
#3192 = CARTESIAN_POINT('',(0.379738978842,-262.));
#3193 = CARTESIAN_POINT('',(0.,-262.));
#3194 = ( GEOMETRIC_REPRESENTATION_CONTEXT(2) 
PARAMETRIC_REPRESENTATION_CONTEXT() REPRESENTATION_CONTEXT('2D SPACE',''
  ) );
#3195 = ORIENTED_EDGE('',*,*,#3196,.F.);
#3196 = EDGE_CURVE('',#3197,#3171,#3199,.T.);
#3197 = VERTEX_POINT('',#3198);
#3198 = CARTESIAN_POINT('',(-60.90210703726,14.854621324962,62.));
#3199 = SURFACE_CURVE('',#3200,(#3204,#3210),.PCURVE_S1.);
#3200 = LINE('',#3201,#3202);
#3201 = CARTESIAN_POINT('',(-75.20330445247,-11.90541278194,62.));
#3202 = VECTOR('',#3203,1.);
#3203 = DIRECTION('',(-0.471336782294,-0.881953308093,0.));
#3204 = PCURVE('',#44,#3205);
#3205 = DEFINITIONAL_REPRESENTATION('',(#3206),#3209);
#3206 = B_SPLINE_CURVE_WITH_KNOTS('',1,(#3207,#3208),.UNSPECIFIED.,.F.,
  .F.,(2,2),(-30.34178097791,-29.96042254031),.PIECEWISE_BEZIER_KNOTS.);
#3207 = CARTESIAN_POINT('',(12.197892962731,61.854621324962));
#3208 = CARTESIAN_POINT('',(12.018144703852,61.518280989353));
#3209 = ( GEOMETRIC_REPRESENTATION_CONTEXT(2) 
PARAMETRIC_REPRESENTATION_CONTEXT() REPRESENTATION_CONTEXT('2D SPACE',''
  ) );
#3210 = PCURVE('',#3211,#3216);
#3211 = PLANE('',#3212);
#3212 = AXIS2_PLACEMENT_3D('',#3213,#3214,#3215);
#3213 = CARTESIAN_POINT('',(-61.08185529614,14.518280989353,-200.));
#3214 = DIRECTION('',(-0.881953308093,0.471336782294,0.));
#3215 = DIRECTION('',(0.471336782294,0.881953308093,0.));
#3216 = DEFINITIONAL_REPRESENTATION('',(#3217),#3220);
#3217 = B_SPLINE_CURVE_WITH_KNOTS('',1,(#3218,#3219),.UNSPECIFIED.,.F.,
  .F.,(2,2),(-30.34178097791,-29.96042254031),.PIECEWISE_BEZIER_KNOTS.);
#3218 = CARTESIAN_POINT('',(0.381358437599,-262.));
#3219 = CARTESIAN_POINT('',(0.,-262.));
#3220 = ( GEOMETRIC_REPRESENTATION_CONTEXT(2) 
PARAMETRIC_REPRESENTATION_CONTEXT() REPRESENTATION_CONTEXT('2D SPACE',''
  ) );
#3221 = ORIENTED_EDGE('',*,*,#3222,.F.);
#3222 = EDGE_CURVE('',#3223,#3197,#3225,.T.);
#3223 = VERTEX_POINT('',#3224);
#3224 = CARTESIAN_POINT('',(-60.7237368259,15.19103871005,62.));
#3225 = SURFACE_CURVE('',#3226,(#3230,#3236),.PCURVE_S1.);
#3226 = LINE('',#3227,#3228);
#3227 = CARTESIAN_POINT('',(-75.04002859276,-11.81038380077,62.));
#3228 = VECTOR('',#3229,1.);
#3229 = DIRECTION('',(-0.468435094273,-0.883497913101,0.));
#3230 = PCURVE('',#44,#3231);
#3231 = DEFINITIONAL_REPRESENTATION('',(#3232),#3235);
#3232 = B_SPLINE_CURVE_WITH_KNOTS('',1,(#3233,#3234),.UNSPECIFIED.,.F.,
  .F.,(2,2),(-30.56195392251,-30.18117499808),.PIECEWISE_BEZIER_KNOTS.);
#3233 = CARTESIAN_POINT('',(12.376263174094,62.19103871005));
#3234 = CARTESIAN_POINT('',(12.197892962731,61.854621324962));
#3235 = ( GEOMETRIC_REPRESENTATION_CONTEXT(2) 
PARAMETRIC_REPRESENTATION_CONTEXT() REPRESENTATION_CONTEXT('2D SPACE',''
  ) );
#3236 = PCURVE('',#3237,#3242);
#3237 = PLANE('',#3238);
#3238 = AXIS2_PLACEMENT_3D('',#3239,#3240,#3241);
#3239 = CARTESIAN_POINT('',(-60.90210703726,14.854621324962,-200.));
#3240 = DIRECTION('',(-0.883497913101,0.468435094273,0.));
#3241 = DIRECTION('',(0.468435094273,0.883497913101,0.));
#3242 = DEFINITIONAL_REPRESENTATION('',(#3243),#3246);
#3243 = B_SPLINE_CURVE_WITH_KNOTS('',1,(#3244,#3245),.UNSPECIFIED.,.F.,
  .F.,(2,2),(-30.56195392251,-30.18117499808),.PIECEWISE_BEZIER_KNOTS.);
#3244 = CARTESIAN_POINT('',(0.380778924432,-262.));
#3245 = CARTESIAN_POINT('',(0.,-262.));
#3246 = ( GEOMETRIC_REPRESENTATION_CONTEXT(2) 
PARAMETRIC_REPRESENTATION_CONTEXT() REPRESENTATION_CONTEXT('2D SPACE',''
  ) );
#3247 = ORIENTED_EDGE('',*,*,#3248,.F.);
#3248 = EDGE_CURVE('',#3249,#3223,#3251,.T.);
#3249 = VERTEX_POINT('',#3250);
#3250 = CARTESIAN_POINT('',(-60.53518999056,15.529536788878,62.));
#3251 = SURFACE_CURVE('',#3252,(#3256,#3262),.PCURVE_S1.);
#3252 = LINE('',#3253,#3254);
#3253 = CARTESIAN_POINT('',(-75.40818499554,-11.17194683194,62.));
#3254 = VECTOR('',#3255,1.);
#3255 = DIRECTION('',(-0.486613623367,-0.873617296963,0.));
#3256 = PCURVE('',#44,#3257);
#3257 = DEFINITIONAL_REPRESENTATION('',(#3258),#3261);
#3258 = B_SPLINE_CURVE_WITH_KNOTS('',1,(#3259,#3260),.UNSPECIFIED.,.F.,
  .F.,(2,2),(-30.56427993542,-30.17681270005),.PIECEWISE_BEZIER_KNOTS.);
#3259 = CARTESIAN_POINT('',(12.564810009435,62.529536788878));
#3260 = CARTESIAN_POINT('',(12.376263174094,62.19103871005));
#3261 = ( GEOMETRIC_REPRESENTATION_CONTEXT(2) 
PARAMETRIC_REPRESENTATION_CONTEXT() REPRESENTATION_CONTEXT('2D SPACE',''
  ) );
#3262 = PCURVE('',#3263,#3268);
#3263 = PLANE('',#3264);
#3264 = AXIS2_PLACEMENT_3D('',#3265,#3266,#3267);
#3265 = CARTESIAN_POINT('',(-60.7237368259,15.19103871005,-200.));
#3266 = DIRECTION('',(-0.873617296963,0.486613623367,0.));
#3267 = DIRECTION('',(0.486613623367,0.873617296963,0.));
#3268 = DEFINITIONAL_REPRESENTATION('',(#3269),#3272);
#3269 = B_SPLINE_CURVE_WITH_KNOTS('',1,(#3270,#3271),.UNSPECIFIED.,.F.,
  .F.,(2,2),(-30.56427993542,-30.17681270005),.PIECEWISE_BEZIER_KNOTS.);
#3270 = CARTESIAN_POINT('',(0.387467235372,-262.));
#3271 = CARTESIAN_POINT('',(0.,-262.));
#3272 = ( GEOMETRIC_REPRESENTATION_CONTEXT(2) 
PARAMETRIC_REPRESENTATION_CONTEXT() REPRESENTATION_CONTEXT('2D SPACE',''
  ) );
#3273 = ORIENTED_EDGE('',*,*,#3274,.F.);
#3274 = EDGE_CURVE('',#3275,#3249,#3277,.T.);
#3275 = VERTEX_POINT('',#3276);
#3276 = CARTESIAN_POINT('',(-60.34388914554,15.865932234652,62.));
#3277 = SURFACE_CURVE('',#3278,(#3282,#3288),.PCURVE_S1.);
#3278 = LINE('',#3279,#3280);
#3279 = CARTESIAN_POINT('',(-75.50524587922,-10.79475165481,62.));
#3280 = VECTOR('',#3281,1.);
#3281 = DIRECTION('',(-0.494335732717,-0.869271064374,0.));
#3282 = PCURVE('',#44,#3283);
#3283 = DEFINITIONAL_REPRESENTATION('',(#3284),#3287);
#3284 = B_SPLINE_CURVE_WITH_KNOTS('',1,(#3285,#3286),.UNSPECIFIED.,.F.,
  .F.,(2,2),(-30.67016145148,-30.28317578089),.PIECEWISE_BEZIER_KNOTS.);
#3285 = CARTESIAN_POINT('',(12.756110854458,62.865932234652));
#3286 = CARTESIAN_POINT('',(12.564810009435,62.529536788878));
#3287 = ( GEOMETRIC_REPRESENTATION_CONTEXT(2) 
PARAMETRIC_REPRESENTATION_CONTEXT() REPRESENTATION_CONTEXT('2D SPACE',''
  ) );
#3288 = PCURVE('',#3289,#3294);
#3289 = PLANE('',#3290);
#3290 = AXIS2_PLACEMENT_3D('',#3291,#3292,#3293);
#3291 = CARTESIAN_POINT('',(-60.53518999056,15.529536788878,-200.));
#3292 = DIRECTION('',(-0.869271064374,0.494335732717,0.));
#3293 = DIRECTION('',(0.494335732717,0.869271064374,0.));
#3294 = DEFINITIONAL_REPRESENTATION('',(#3295),#3298);
#3295 = B_SPLINE_CURVE_WITH_KNOTS('',1,(#3296,#3297),.UNSPECIFIED.,.F.,
  .F.,(2,2),(-30.67016145148,-30.28317578089),.PIECEWISE_BEZIER_KNOTS.);
#3296 = CARTESIAN_POINT('',(0.386985670592,-262.));
#3297 = CARTESIAN_POINT('',(0.,-262.));
#3298 = ( GEOMETRIC_REPRESENTATION_CONTEXT(2) 
PARAMETRIC_REPRESENTATION_CONTEXT() REPRESENTATION_CONTEXT('2D SPACE',''
  ) );
#3299 = ORIENTED_EDGE('',*,*,#3300,.F.);
#3300 = EDGE_CURVE('',#3301,#3275,#3303,.T.);
#3301 = VERTEX_POINT('',#3302);
#3302 = CARTESIAN_POINT('',(-60.14737749512,16.204486057438,62.));
#3303 = SURFACE_CURVE('',#3304,(#3308,#3314),.PCURVE_S1.);
#3304 = LINE('',#3305,#3306);
#3305 = CARTESIAN_POINT('',(-75.5983699618,-10.41476300094,62.));
#3306 = VECTOR('',#3307,1.);
#3307 = DIRECTION('',(-0.502005621417,-0.864864357033,0.));
#3308 = PCURVE('',#44,#3309);
#3309 = DEFINITIONAL_REPRESENTATION('',(#3310),#3313);
#3310 = B_SPLINE_CURVE_WITH_KNOTS('',1,(#3311,#3312),.UNSPECIFIED.,.F.,
  .F.,(2,2),(-30.77852479631,-30.38707170886),.PIECEWISE_BEZIER_KNOTS.);
#3311 = CARTESIAN_POINT('',(12.952622504879,63.204486057438));
#3312 = CARTESIAN_POINT('',(12.756110854458,62.865932234652));
#3313 = ( GEOMETRIC_REPRESENTATION_CONTEXT(2) 
PARAMETRIC_REPRESENTATION_CONTEXT() REPRESENTATION_CONTEXT('2D SPACE',''
  ) );
#3314 = PCURVE('',#3315,#3320);
#3315 = PLANE('',#3316);
#3316 = AXIS2_PLACEMENT_3D('',#3317,#3318,#3319);
#3317 = CARTESIAN_POINT('',(-60.34388914554,15.865932234652,-200.));
#3318 = DIRECTION('',(-0.864864357033,0.502005621417,0.));
#3319 = DIRECTION('',(0.502005621417,0.864864357033,0.));
#3320 = DEFINITIONAL_REPRESENTATION('',(#3321),#3324);
#3321 = B_SPLINE_CURVE_WITH_KNOTS('',1,(#3322,#3323),.UNSPECIFIED.,.F.,
  .F.,(2,2),(-30.77852479631,-30.38707170886),.PIECEWISE_BEZIER_KNOTS.);
#3322 = CARTESIAN_POINT('',(0.39145308745,-262.));
#3323 = CARTESIAN_POINT('',(0.,-262.));
#3324 = ( GEOMETRIC_REPRESENTATION_CONTEXT(2) 
PARAMETRIC_REPRESENTATION_CONTEXT() REPRESENTATION_CONTEXT('2D SPACE',''
  ) );
#3325 = ORIENTED_EDGE('',*,*,#3326,.F.);
#3326 = EDGE_CURVE('',#3327,#3301,#3329,.T.);
#3327 = VERTEX_POINT('',#3328);
#3328 = CARTESIAN_POINT('',(-59.9411561266,16.543004905691,62.));
#3329 = SURFACE_CURVE('',#3330,(#3334,#3340),.PCURVE_S1.);
#3330 = LINE('',#3331,#3332);
#3331 = CARTESIAN_POINT('',(-75.94123492724,-9.721626574564,62.));
#3332 = VECTOR('',#3333,1.);
#3333 = DIRECTION('',(-0.520253249125,-0.854012035498,0.));
#3334 = PCURVE('',#44,#3335);
#3335 = DEFINITIONAL_REPRESENTATION('',(#3336),#3339);
#3336 = B_SPLINE_CURVE_WITH_KNOTS('',1,(#3337,#3338),.UNSPECIFIED.,.F.,
  .F.,(2,2),(-30.75440437434,-30.35801786667),.PIECEWISE_BEZIER_KNOTS.);
#3337 = CARTESIAN_POINT('',(13.1588438734,63.543004905691));
#3338 = CARTESIAN_POINT('',(12.952622504879,63.204486057438));
#3339 = ( GEOMETRIC_REPRESENTATION_CONTEXT(2) 
PARAMETRIC_REPRESENTATION_CONTEXT() REPRESENTATION_CONTEXT('2D SPACE',''
  ) );
#3340 = PCURVE('',#3341,#3346);
#3341 = PLANE('',#3342);
#3342 = AXIS2_PLACEMENT_3D('',#3343,#3344,#3345);
#3343 = CARTESIAN_POINT('',(-60.14737749512,16.204486057438,-200.));
#3344 = DIRECTION('',(-0.854012035498,0.520253249125,0.));
#3345 = DIRECTION('',(0.520253249125,0.854012035498,0.));
#3346 = DEFINITIONAL_REPRESENTATION('',(#3347),#3350);
#3347 = B_SPLINE_CURVE_WITH_KNOTS('',1,(#3348,#3349),.UNSPECIFIED.,.F.,
  .F.,(2,2),(-30.75440437434,-30.35801786667),.PIECEWISE_BEZIER_KNOTS.);
#3348 = CARTESIAN_POINT('',(0.396386507663,-262.));
#3349 = CARTESIAN_POINT('',(0.,-262.));
#3350 = ( GEOMETRIC_REPRESENTATION_CONTEXT(2) 
PARAMETRIC_REPRESENTATION_CONTEXT() REPRESENTATION_CONTEXT('2D SPACE',''
  ) );
#3351 = ORIENTED_EDGE('',*,*,#3352,.F.);
#3352 = EDGE_CURVE('',#3353,#3327,#3355,.T.);
#3353 = VERTEX_POINT('',#3354);
#3354 = CARTESIAN_POINT('',(-59.73198233684,16.879414783552,62.));
#3355 = SURFACE_CURVE('',#3356,(#3360,#3366),.PCURVE_S1.);
#3356 = LINE('',#3357,#3358);
#3357 = CARTESIAN_POINT('',(-76.02253616861,-9.320345861354,62.));
#3358 = VECTOR('',#3359,1.);
#3359 = DIRECTION('',(-0.52803268798,-0.849224046071,0.));
#3360 = PCURVE('',#44,#3361);
#3361 = DEFINITIONAL_REPRESENTATION('',(#3362),#3365);
#3362 = B_SPLINE_CURVE_WITH_KNOTS('',1,(#3363,#3364),.UNSPECIFIED.,.F.,
  .F.,(2,2),(-30.85141166942,-30.45527371334),.PIECEWISE_BEZIER_KNOTS.);
#3363 = CARTESIAN_POINT('',(13.368017663158,63.879414783552));
#3364 = CARTESIAN_POINT('',(13.1588438734,63.543004905691));
#3365 = ( GEOMETRIC_REPRESENTATION_CONTEXT(2) 
PARAMETRIC_REPRESENTATION_CONTEXT() REPRESENTATION_CONTEXT('2D SPACE',''
  ) );
#3366 = PCURVE('',#3367,#3372);
#3367 = PLANE('',#3368);
#3368 = AXIS2_PLACEMENT_3D('',#3369,#3370,#3371);
#3369 = CARTESIAN_POINT('',(-59.9411561266,16.543004905691,-200.));
#3370 = DIRECTION('',(-0.849224046071,0.52803268798,0.));
#3371 = DIRECTION('',(0.52803268798,0.849224046071,0.));
#3372 = DEFINITIONAL_REPRESENTATION('',(#3373),#3376);
#3373 = B_SPLINE_CURVE_WITH_KNOTS('',1,(#3374,#3375),.UNSPECIFIED.,.F.,
  .F.,(2,2),(-30.85141166942,-30.45527371334),.PIECEWISE_BEZIER_KNOTS.);
#3374 = CARTESIAN_POINT('',(0.396137956076,-262.));
#3375 = CARTESIAN_POINT('',(0.,-262.));
#3376 = ( GEOMETRIC_REPRESENTATION_CONTEXT(2) 
PARAMETRIC_REPRESENTATION_CONTEXT() REPRESENTATION_CONTEXT('2D SPACE',''
  ) );
#3377 = ORIENTED_EDGE('',*,*,#3378,.F.);
#3378 = EDGE_CURVE('',#3379,#3353,#3381,.T.);
#3379 = VERTEX_POINT('',#3380);
#3380 = CARTESIAN_POINT('',(-59.51860094363,17.215783410618,62.));
#3381 = SURFACE_CURVE('',#3382,(#3386,#3392),.PCURVE_S1.);
#3382 = LINE('',#3383,#3384);
#3383 = CARTESIAN_POINT('',(-76.09746099051,-8.918680838462,62.));
#3384 = VECTOR('',#3385,1.);
#3385 = DIRECTION('',(-0.535675331003,-0.844424028409,0.));
#3386 = PCURVE('',#44,#3387);
#3387 = DEFINITIONAL_REPRESENTATION('',(#3388),#3391);
#3388 = B_SPLINE_CURVE_WITH_KNOTS('',1,(#3389,#3390),.UNSPECIFIED.,.F.,
  .F.,(2,2),(-30.94945592479,-30.55111502525),.PIECEWISE_BEZIER_KNOTS.);
#3389 = CARTESIAN_POINT('',(13.581399056369,64.215783410618));
#3390 = CARTESIAN_POINT('',(13.368017663158,63.879414783552));
#3391 = ( GEOMETRIC_REPRESENTATION_CONTEXT(2) 
PARAMETRIC_REPRESENTATION_CONTEXT() REPRESENTATION_CONTEXT('2D SPACE',''
  ) );
#3392 = PCURVE('',#3393,#3398);
#3393 = PLANE('',#3394);
#3394 = AXIS2_PLACEMENT_3D('',#3395,#3396,#3397);
#3395 = CARTESIAN_POINT('',(-59.73198233684,16.879414783552,-200.));
#3396 = DIRECTION('',(-0.844424028409,0.535675331003,0.));
#3397 = DIRECTION('',(0.535675331003,0.844424028409,0.));
#3398 = DEFINITIONAL_REPRESENTATION('',(#3399),#3402);
#3399 = B_SPLINE_CURVE_WITH_KNOTS('',1,(#3400,#3401),.UNSPECIFIED.,.F.,
  .F.,(2,2),(-30.94945592479,-30.55111502525),.PIECEWISE_BEZIER_KNOTS.);
#3400 = CARTESIAN_POINT('',(0.398340899536,-262.));
#3401 = CARTESIAN_POINT('',(0.,-262.));
#3402 = ( GEOMETRIC_REPRESENTATION_CONTEXT(2) 
PARAMETRIC_REPRESENTATION_CONTEXT() REPRESENTATION_CONTEXT('2D SPACE',''
  ) );
#3403 = ORIENTED_EDGE('',*,*,#3404,.F.);
#3404 = EDGE_CURVE('',#3405,#3379,#3407,.T.);
#3405 = VERTEX_POINT('',#3406);
#3406 = CARTESIAN_POINT('',(-59.29958465942,17.554263850759,62.));
#3407 = SURFACE_CURVE('',#3408,(#3412,#3418),.PCURVE_S1.);
#3408 = LINE('',#3409,#3410);
#3409 = CARTESIAN_POINT('',(-76.16699754587,-8.513612145607,62.));
#3410 = VECTOR('',#3411,1.);
#3411 = DIRECTION('',(-0.543250454351,-0.839570690202,0.));
#3412 = PCURVE('',#44,#3413);
#3413 = DEFINITIONAL_REPRESENTATION('',(#3414),#3417);
#3414 = B_SPLINE_CURVE_WITH_KNOTS('',1,(#3415,#3416),.UNSPECIFIED.,.F.,
  .F.,(2,2),(-31.04905435667,-30.64589540402),.PIECEWISE_BEZIER_KNOTS.);
#3415 = CARTESIAN_POINT('',(13.800415340574,64.554263850759));
#3416 = CARTESIAN_POINT('',(13.581399056369,64.215783410618));
#3417 = ( GEOMETRIC_REPRESENTATION_CONTEXT(2) 
PARAMETRIC_REPRESENTATION_CONTEXT() REPRESENTATION_CONTEXT('2D SPACE',''
  ) );
#3418 = PCURVE('',#3419,#3424);
#3419 = PLANE('',#3420);
#3420 = AXIS2_PLACEMENT_3D('',#3421,#3422,#3423);
#3421 = CARTESIAN_POINT('',(-59.51860094363,17.215783410618,-200.));
#3422 = DIRECTION('',(-0.839570690202,0.543250454351,0.));
#3423 = DIRECTION('',(0.543250454351,0.839570690202,0.));
#3424 = DEFINITIONAL_REPRESENTATION('',(#3425),#3428);
#3425 = B_SPLINE_CURVE_WITH_KNOTS('',1,(#3426,#3427),.UNSPECIFIED.,.F.,
  .F.,(2,2),(-31.04905435667,-30.64589540402),.PIECEWISE_BEZIER_KNOTS.);
#3426 = CARTESIAN_POINT('',(0.403158952654,-262.));
#3427 = CARTESIAN_POINT('',(0.,-262.));
#3428 = ( GEOMETRIC_REPRESENTATION_CONTEXT(2) 
PARAMETRIC_REPRESENTATION_CONTEXT() REPRESENTATION_CONTEXT('2D SPACE',''
  ) );
#3429 = ORIENTED_EDGE('',*,*,#3430,.F.);
#3430 = EDGE_CURVE('',#3431,#3405,#3433,.T.);
#3431 = VERTEX_POINT('',#3432);
#3432 = CARTESIAN_POINT('',(-59.07012383859,17.892672153201,62.));
#3433 = SURFACE_CURVE('',#3434,(#3438,#3444),.PCURVE_S1.);
#3434 = LINE('',#3435,#3436);
#3435 = CARTESIAN_POINT('',(-76.46555682471,-7.762073287735,62.));
#3436 = VECTOR('',#3437,1.);
#3437 = DIRECTION('',(-0.561211022797,-0.827672754107,0.));
#3438 = PCURVE('',#44,#3439);
#3439 = DEFINITIONAL_REPRESENTATION('',(#3440),#3443);
#3440 = B_SPLINE_CURVE_WITH_KNOTS('',1,(#3441,#3442),.UNSPECIFIED.,.F.,
  .F.,(2,2),(-30.99624255315,-30.5873752795),.PIECEWISE_BEZIER_KNOTS.);
#3441 = CARTESIAN_POINT('',(14.029876161405,64.892672153201));
#3442 = CARTESIAN_POINT('',(13.800415340574,64.554263850759));
#3443 = ( GEOMETRIC_REPRESENTATION_CONTEXT(2) 
PARAMETRIC_REPRESENTATION_CONTEXT() REPRESENTATION_CONTEXT('2D SPACE',''
  ) );
#3444 = PCURVE('',#3445,#3450);
#3445 = PLANE('',#3446);
#3446 = AXIS2_PLACEMENT_3D('',#3447,#3448,#3449);
#3447 = CARTESIAN_POINT('',(-59.29958465942,17.554263850759,-200.));
#3448 = DIRECTION('',(-0.827672754107,0.561211022797,0.));
#3449 = DIRECTION('',(0.561211022797,0.827672754107,0.));
#3450 = DEFINITIONAL_REPRESENTATION('',(#3451),#3454);
#3451 = B_SPLINE_CURVE_WITH_KNOTS('',1,(#3452,#3453),.UNSPECIFIED.,.F.,
  .F.,(2,2),(-30.99624255315,-30.5873752795),.PIECEWISE_BEZIER_KNOTS.);
#3452 = CARTESIAN_POINT('',(0.408867273646,-262.));
#3453 = CARTESIAN_POINT('',(0.,-262.));
#3454 = ( GEOMETRIC_REPRESENTATION_CONTEXT(2) 
PARAMETRIC_REPRESENTATION_CONTEXT() REPRESENTATION_CONTEXT('2D SPACE',''
  ) );
#3455 = ORIENTED_EDGE('',*,*,#3456,.F.);
#3456 = EDGE_CURVE('',#3457,#3431,#3459,.T.);
#3457 = VERTEX_POINT('',#3458);
#3458 = CARTESIAN_POINT('',(-58.83758332167,18.228971907059,62.));
#3459 = SURFACE_CURVE('',#3460,(#3464,#3470),.PCURVE_S1.);
#3460 = LINE('',#3461,#3462);
#3461 = CARTESIAN_POINT('',(-76.51762595761,-7.339879772673,62.));
#3462 = VECTOR('',#3463,1.);
#3463 = DIRECTION('',(-0.56874299894,-0.822515289315,0.));
#3464 = PCURVE('',#44,#3465);
#3465 = DEFINITIONAL_REPRESENTATION('',(#3466),#3469);
#3466 = B_SPLINE_CURVE_WITH_KNOTS('',1,(#3467,#3468),.UNSPECIFIED.,.F.,
  .F.,(2,2),(-31.08617190695,-30.67730442664),.PIECEWISE_BEZIER_KNOTS.);
#3467 = CARTESIAN_POINT('',(14.262416678325,65.228971907059));
#3468 = CARTESIAN_POINT('',(14.029876161405,64.892672153201));
#3469 = ( GEOMETRIC_REPRESENTATION_CONTEXT(2) 
PARAMETRIC_REPRESENTATION_CONTEXT() REPRESENTATION_CONTEXT('2D SPACE',''
  ) );
#3470 = PCURVE('',#3471,#3476);
#3471 = PLANE('',#3472);
#3472 = AXIS2_PLACEMENT_3D('',#3473,#3474,#3475);
#3473 = CARTESIAN_POINT('',(-59.07012383859,17.892672153201,-200.));
#3474 = DIRECTION('',(-0.822515289315,0.56874299894,0.));
#3475 = DIRECTION('',(0.56874299894,0.822515289315,0.));
#3476 = DEFINITIONAL_REPRESENTATION('',(#3477),#3480);
#3477 = B_SPLINE_CURVE_WITH_KNOTS('',1,(#3478,#3479),.UNSPECIFIED.,.F.,
  .F.,(2,2),(-31.08617190695,-30.67730442664),.PIECEWISE_BEZIER_KNOTS.);
#3478 = CARTESIAN_POINT('',(0.408867480309,-262.));
#3479 = CARTESIAN_POINT('',(0.,-262.));
#3480 = ( GEOMETRIC_REPRESENTATION_CONTEXT(2) 
PARAMETRIC_REPRESENTATION_CONTEXT() REPRESENTATION_CONTEXT('2D SPACE',''
  ) );
#3481 = ORIENTED_EDGE('',*,*,#3482,.F.);
#3482 = EDGE_CURVE('',#3483,#3457,#3485,.T.);
#3483 = VERTEX_POINT('',#3484);
#3484 = CARTESIAN_POINT('',(-58.59910317876,18.567312632444,62.));
#3485 = SURFACE_CURVE('',#3486,(#3490,#3496),.PCURVE_S1.);
#3486 = LINE('',#3487,#3488);
#3487 = CARTESIAN_POINT('',(-76.56272839228,-6.918356367337,62.));
#3488 = VECTOR('',#3489,1.);
#3489 = DIRECTION('',(-0.57612097313,-0.817364437885,0.));
#3490 = PCURVE('',#44,#3491);
#3491 = DEFINITIONAL_REPRESENTATION('',(#3492),#3495);
#3492 = B_SPLINE_CURVE_WITH_KNOTS('',1,(#3493,#3494),.UNSPECIFIED.,.F.,
  .F.,(2,2),(-31.18030075509,-30.76635966627),.PIECEWISE_BEZIER_KNOTS.);
#3493 = CARTESIAN_POINT('',(14.500896821237,65.567312632444));
#3494 = CARTESIAN_POINT('',(14.262416678325,65.228971907059));
#3495 = ( GEOMETRIC_REPRESENTATION_CONTEXT(2) 
PARAMETRIC_REPRESENTATION_CONTEXT() REPRESENTATION_CONTEXT('2D SPACE',''
  ) );
#3496 = PCURVE('',#3497,#3502);
#3497 = PLANE('',#3498);
#3498 = AXIS2_PLACEMENT_3D('',#3499,#3500,#3501);
#3499 = CARTESIAN_POINT('',(-58.83758332167,18.228971907059,-200.));
#3500 = DIRECTION('',(-0.817364437885,0.57612097313,0.));
#3501 = DIRECTION('',(0.57612097313,0.817364437885,0.));
#3502 = DEFINITIONAL_REPRESENTATION('',(#3503),#3506);
#3503 = B_SPLINE_CURVE_WITH_KNOTS('',1,(#3504,#3505),.UNSPECIFIED.,.F.,
  .F.,(2,2),(-31.18030075509,-30.76635966627),.PIECEWISE_BEZIER_KNOTS.);
#3504 = CARTESIAN_POINT('',(0.413941088825,-262.));
#3505 = CARTESIAN_POINT('',(0.,-262.));
#3506 = ( GEOMETRIC_REPRESENTATION_CONTEXT(2) 
PARAMETRIC_REPRESENTATION_CONTEXT() REPRESENTATION_CONTEXT('2D SPACE',''
  ) );
#3507 = ORIENTED_EDGE('',*,*,#3508,.F.);
#3508 = EDGE_CURVE('',#3509,#3483,#3511,.T.);
#3509 = VERTEX_POINT('',#3510);
#3510 = CARTESIAN_POINT('',(-58.5,18.701678922998,62.));
#3511 = SURFACE_CURVE('',#3512,(#3516,#3522),.PCURVE_S1.);
#3512 = LINE('',#3513,#3514);
#3513 = CARTESIAN_POINT('',(-76.81426654158,-6.129210359542,62.));
#3514 = VECTOR('',#3515,1.);
#3515 = DIRECTION('',(-0.593573333189,-0.804779906637,0.));
#3516 = PCURVE('',#44,#3517);
#3517 = DEFINITIONAL_REPRESENTATION('',(#3518),#3521);
#3518 = B_SPLINE_CURVE_WITH_KNOTS('',1,(#3519,#3520),.UNSPECIFIED.,.F.,
  .F.,(2,2),(-30.85426099452,-30.6873006996),.PIECEWISE_BEZIER_KNOTS.);
#3519 = CARTESIAN_POINT('',(14.6,65.701678922998));
#3520 = CARTESIAN_POINT('',(14.500896821237,65.567312632444));
#3521 = ( GEOMETRIC_REPRESENTATION_CONTEXT(2) 
PARAMETRIC_REPRESENTATION_CONTEXT() REPRESENTATION_CONTEXT('2D SPACE',''
  ) );
#3522 = PCURVE('',#3523,#3528);
#3523 = PLANE('',#3524);
#3524 = AXIS2_PLACEMENT_3D('',#3525,#3526,#3527);
#3525 = CARTESIAN_POINT('',(-58.59910317876,18.567312632444,-200.));
#3526 = DIRECTION('',(-0.804779906637,0.593573333189,0.));
#3527 = DIRECTION('',(0.593573333189,0.804779906637,0.));
#3528 = DEFINITIONAL_REPRESENTATION('',(#3529),#3532);
#3529 = B_SPLINE_CURVE_WITH_KNOTS('',1,(#3530,#3531),.UNSPECIFIED.,.F.,
  .F.,(2,2),(-30.85426099452,-30.6873006996),.PIECEWISE_BEZIER_KNOTS.);
#3530 = CARTESIAN_POINT('',(0.166960294915,-262.));
#3531 = CARTESIAN_POINT('',(0.,-262.));
#3532 = ( GEOMETRIC_REPRESENTATION_CONTEXT(2) 
PARAMETRIC_REPRESENTATION_CONTEXT() REPRESENTATION_CONTEXT('2D SPACE',''
  ) );
#3533 = ORIENTED_EDGE('',*,*,#3534,.T.);
#3534 = EDGE_CURVE('',#3509,#3535,#3537,.T.);
#3535 = VERTEX_POINT('',#3536);
#3536 = CARTESIAN_POINT('',(-58.5,19.,62.));
#3537 = SURFACE_CURVE('',#3538,(#3542,#3549),.PCURVE_S1.);
#3538 = LINE('',#3539,#3540);
#3539 = CARTESIAN_POINT('',(-58.5,-19.,62.));
#3540 = VECTOR('',#3541,1.);
#3541 = DIRECTION('',(0.,1.,0.));
#3542 = PCURVE('',#44,#3543);
#3543 = DEFINITIONAL_REPRESENTATION('',(#3544),#3548);
#3544 = LINE('',#3545,#3546);
#3545 = CARTESIAN_POINT('',(14.6,28.));
#3546 = VECTOR('',#3547,1.);
#3547 = DIRECTION('',(0.,1.));
#3548 = ( GEOMETRIC_REPRESENTATION_CONTEXT(2) 
PARAMETRIC_REPRESENTATION_CONTEXT() REPRESENTATION_CONTEXT('2D SPACE',''
  ) );
#3549 = PCURVE('',#3550,#3555);
#3550 = PLANE('',#3551);
#3551 = AXIS2_PLACEMENT_3D('',#3552,#3553,#3554);
#3552 = CARTESIAN_POINT('',(-58.5,-19.,-62.));
#3553 = DIRECTION('',(-1.,0.,0.));
#3554 = DIRECTION('',(0.,1.,0.));
#3555 = DEFINITIONAL_REPRESENTATION('',(#3556),#3560);
#3556 = LINE('',#3557,#3558);
#3557 = CARTESIAN_POINT('',(0.,-124.));
#3558 = VECTOR('',#3559,1.);
#3559 = DIRECTION('',(1.,0.));
#3560 = ( GEOMETRIC_REPRESENTATION_CONTEXT(2) 
PARAMETRIC_REPRESENTATION_CONTEXT() REPRESENTATION_CONTEXT('2D SPACE',''
  ) );
#3561 = ORIENTED_EDGE('',*,*,#3562,.T.);
#3562 = EDGE_CURVE('',#3535,#3563,#3565,.T.);
#3563 = VERTEX_POINT('',#3564);
#3564 = CARTESIAN_POINT('',(-66.1,21.602739726027,62.));
#3565 = SURFACE_CURVE('',#3566,(#3570,#3577),.PCURVE_S1.);
#3566 = LINE('',#3567,#3568);
#3567 = CARTESIAN_POINT('',(-58.5,19.,62.));
#3568 = VECTOR('',#3569,1.);
#3569 = DIRECTION('',(-0.946059486625,0.323992974872,0.));
#3570 = PCURVE('',#44,#3571);
#3571 = DEFINITIONAL_REPRESENTATION('',(#3572),#3576);
#3572 = LINE('',#3573,#3574);
#3573 = CARTESIAN_POINT('',(14.6,66.));
#3574 = VECTOR('',#3575,1.);
#3575 = DIRECTION('',(-0.946059486625,0.323992974872));
#3576 = ( GEOMETRIC_REPRESENTATION_CONTEXT(2) 
PARAMETRIC_REPRESENTATION_CONTEXT() REPRESENTATION_CONTEXT('2D SPACE',''
  ) );
#3577 = PCURVE('',#3578,#3583);
#3578 = PLANE('',#3579);
#3579 = AXIS2_PLACEMENT_3D('',#3580,#3581,#3582);
#3580 = CARTESIAN_POINT('',(-58.5,19.,-62.));
#3581 = DIRECTION('',(-0.323992974872,-0.946059486625,0.));
#3582 = DIRECTION('',(-0.946059486625,0.323992974872,0.));
#3583 = DEFINITIONAL_REPRESENTATION('',(#3584),#3588);
#3584 = LINE('',#3585,#3586);
#3585 = CARTESIAN_POINT('',(0.,-124.));
#3586 = VECTOR('',#3587,1.);
#3587 = DIRECTION('',(1.,0.));
#3588 = ( GEOMETRIC_REPRESENTATION_CONTEXT(2) 
PARAMETRIC_REPRESENTATION_CONTEXT() REPRESENTATION_CONTEXT('2D SPACE',''
  ) );
#3589 = ORIENTED_EDGE('',*,*,#3590,.T.);
#3590 = EDGE_CURVE('',#3563,#3591,#3593,.T.);
#3591 = VERTEX_POINT('',#3592);
#3592 = CARTESIAN_POINT('',(-66.1,57.,62.));
#3593 = SURFACE_CURVE('',#3594,(#3598,#3605),.PCURVE_S1.);
#3594 = LINE('',#3595,#3596);
#3595 = CARTESIAN_POINT('',(-66.1,-47.,62.));
#3596 = VECTOR('',#3597,1.);
#3597 = DIRECTION('',(0.,1.,0.));
#3598 = PCURVE('',#44,#3599);
#3599 = DEFINITIONAL_REPRESENTATION('',(#3600),#3604);
#3600 = LINE('',#3601,#3602);
#3601 = CARTESIAN_POINT('',(7.,0.));
#3602 = VECTOR('',#3603,1.);
#3603 = DIRECTION('',(0.,1.));
#3604 = ( GEOMETRIC_REPRESENTATION_CONTEXT(2) 
PARAMETRIC_REPRESENTATION_CONTEXT() REPRESENTATION_CONTEXT('2D SPACE',''
  ) );
#3605 = PCURVE('',#3606,#3611);
#3606 = PLANE('',#3607);
#3607 = AXIS2_PLACEMENT_3D('',#3608,#3609,#3610);
#3608 = CARTESIAN_POINT('',(-66.1,-47.,-62.));
#3609 = DIRECTION('',(1.,0.,0.));
#3610 = DIRECTION('',(0.,0.,1.));
#3611 = DEFINITIONAL_REPRESENTATION('',(#3612),#3616);
#3612 = LINE('',#3613,#3614);
#3613 = CARTESIAN_POINT('',(124.,0.));
#3614 = VECTOR('',#3615,1.);
#3615 = DIRECTION('',(0.,-1.));
#3616 = ( GEOMETRIC_REPRESENTATION_CONTEXT(2) 
PARAMETRIC_REPRESENTATION_CONTEXT() REPRESENTATION_CONTEXT('2D SPACE',''
  ) );
#3617 = ORIENTED_EDGE('',*,*,#3618,.F.);
#3618 = EDGE_CURVE('',#24,#3591,#3619,.T.);
#3619 = SURFACE_CURVE('',#3620,(#3624,#3631),.PCURVE_S1.);
#3620 = LINE('',#3621,#3622);
#3621 = CARTESIAN_POINT('',(-73.1,57.,62.));
#3622 = VECTOR('',#3623,1.);
#3623 = DIRECTION('',(1.,0.,0.));
#3624 = PCURVE('',#44,#3625);
#3625 = DEFINITIONAL_REPRESENTATION('',(#3626),#3630);
#3626 = LINE('',#3627,#3628);
#3627 = CARTESIAN_POINT('',(0.,104.));
#3628 = VECTOR('',#3629,1.);
#3629 = DIRECTION('',(1.,0.));
#3630 = ( GEOMETRIC_REPRESENTATION_CONTEXT(2) 
PARAMETRIC_REPRESENTATION_CONTEXT() REPRESENTATION_CONTEXT('2D SPACE',''
  ) );
#3631 = PCURVE('',#433,#3632);
#3632 = DEFINITIONAL_REPRESENTATION('',(#3633),#3637);
#3633 = LINE('',#3634,#3635);
#3634 = CARTESIAN_POINT('',(124.,0.));
#3635 = VECTOR('',#3636,1.);
#3636 = DIRECTION('',(0.,1.));
#3637 = ( GEOMETRIC_REPRESENTATION_CONTEXT(2) 
PARAMETRIC_REPRESENTATION_CONTEXT() REPRESENTATION_CONTEXT('2D SPACE',''
  ) );
#3638 = ADVANCED_FACE('',(#3639),#433,.T.);
#3639 = FACE_BOUND('',#3640,.T.);
#3640 = EDGE_LOOP('',(#3641,#3664,#3692,#3720,#3748,#3771,#3799,#3827,
    #3855,#3878,#3899,#3900));
#3641 = ORIENTED_EDGE('',*,*,#3642,.F.);
#3642 = EDGE_CURVE('',#3643,#3591,#3645,.T.);
#3643 = VERTEX_POINT('',#3644);
#3644 = CARTESIAN_POINT('',(-66.1,57.,37.));
#3645 = SURFACE_CURVE('',#3646,(#3650,#3657),.PCURVE_S1.);
#3646 = LINE('',#3647,#3648);
#3647 = CARTESIAN_POINT('',(-66.1,57.,-62.));
#3648 = VECTOR('',#3649,1.);
#3649 = DIRECTION('',(0.,0.,1.));
#3650 = PCURVE('',#433,#3651);
#3651 = DEFINITIONAL_REPRESENTATION('',(#3652),#3656);
#3652 = LINE('',#3653,#3654);
#3653 = CARTESIAN_POINT('',(0.,7.));
#3654 = VECTOR('',#3655,1.);
#3655 = DIRECTION('',(1.,0.));
#3656 = ( GEOMETRIC_REPRESENTATION_CONTEXT(2) 
PARAMETRIC_REPRESENTATION_CONTEXT() REPRESENTATION_CONTEXT('2D SPACE',''
  ) );
#3657 = PCURVE('',#3606,#3658);
#3658 = DEFINITIONAL_REPRESENTATION('',(#3659),#3663);
#3659 = LINE('',#3660,#3661);
#3660 = CARTESIAN_POINT('',(0.,-104.));
#3661 = VECTOR('',#3662,1.);
#3662 = DIRECTION('',(1.,0.));
#3663 = ( GEOMETRIC_REPRESENTATION_CONTEXT(2) 
PARAMETRIC_REPRESENTATION_CONTEXT() REPRESENTATION_CONTEXT('2D SPACE',''
  ) );
#3664 = ORIENTED_EDGE('',*,*,#3665,.T.);
#3665 = EDGE_CURVE('',#3643,#3666,#3668,.T.);
#3666 = VERTEX_POINT('',#3667);
#3667 = CARTESIAN_POINT('',(-64.1,57.,37.));
#3668 = SURFACE_CURVE('',#3669,(#3673,#3680),.PCURVE_S1.);
#3669 = LINE('',#3670,#3671);
#3670 = CARTESIAN_POINT('',(-73.1,57.,37.));
#3671 = VECTOR('',#3672,1.);
#3672 = DIRECTION('',(1.,0.,0.));
#3673 = PCURVE('',#433,#3674);
#3674 = DEFINITIONAL_REPRESENTATION('',(#3675),#3679);
#3675 = LINE('',#3676,#3677);
#3676 = CARTESIAN_POINT('',(99.,0.));
#3677 = VECTOR('',#3678,1.);
#3678 = DIRECTION('',(0.,1.));
#3679 = ( GEOMETRIC_REPRESENTATION_CONTEXT(2) 
PARAMETRIC_REPRESENTATION_CONTEXT() REPRESENTATION_CONTEXT('2D SPACE',''
  ) );
#3680 = PCURVE('',#3681,#3686);
#3681 = PLANE('',#3682);
#3682 = AXIS2_PLACEMENT_3D('',#3683,#3684,#3685);
#3683 = CARTESIAN_POINT('',(-73.1,46.,37.));
#3684 = DIRECTION('',(0.,0.,1.));
#3685 = DIRECTION('',(1.,0.,0.));
#3686 = DEFINITIONAL_REPRESENTATION('',(#3687),#3691);
#3687 = LINE('',#3688,#3689);
#3688 = CARTESIAN_POINT('',(0.,11.));
#3689 = VECTOR('',#3690,1.);
#3690 = DIRECTION('',(1.,0.));
#3691 = ( GEOMETRIC_REPRESENTATION_CONTEXT(2) 
PARAMETRIC_REPRESENTATION_CONTEXT() REPRESENTATION_CONTEXT('2D SPACE',''
  ) );
#3692 = ORIENTED_EDGE('',*,*,#3693,.F.);
#3693 = EDGE_CURVE('',#3694,#3666,#3696,.T.);
#3694 = VERTEX_POINT('',#3695);
#3695 = CARTESIAN_POINT('',(-64.1,57.,23.));
#3696 = SURFACE_CURVE('',#3697,(#3701,#3708),.PCURVE_S1.);
#3697 = LINE('',#3698,#3699);
#3698 = CARTESIAN_POINT('',(-64.1,57.,23.));
#3699 = VECTOR('',#3700,1.);
#3700 = DIRECTION('',(0.,0.,1.));
#3701 = PCURVE('',#433,#3702);
#3702 = DEFINITIONAL_REPRESENTATION('',(#3703),#3707);
#3703 = LINE('',#3704,#3705);
#3704 = CARTESIAN_POINT('',(85.,9.));
#3705 = VECTOR('',#3706,1.);
#3706 = DIRECTION('',(1.,0.));
#3707 = ( GEOMETRIC_REPRESENTATION_CONTEXT(2) 
PARAMETRIC_REPRESENTATION_CONTEXT() REPRESENTATION_CONTEXT('2D SPACE',''
  ) );
#3708 = PCURVE('',#3709,#3714);
#3709 = PLANE('',#3710);
#3710 = AXIS2_PLACEMENT_3D('',#3711,#3712,#3713);
#3711 = CARTESIAN_POINT('',(-64.1,46.,23.));
#3712 = DIRECTION('',(1.,0.,0.));
#3713 = DIRECTION('',(0.,0.,1.));
#3714 = DEFINITIONAL_REPRESENTATION('',(#3715),#3719);
#3715 = LINE('',#3716,#3717);
#3716 = CARTESIAN_POINT('',(0.,-11.));
#3717 = VECTOR('',#3718,1.);
#3718 = DIRECTION('',(1.,0.));
#3719 = ( GEOMETRIC_REPRESENTATION_CONTEXT(2) 
PARAMETRIC_REPRESENTATION_CONTEXT() REPRESENTATION_CONTEXT('2D SPACE',''
  ) );
#3720 = ORIENTED_EDGE('',*,*,#3721,.F.);
#3721 = EDGE_CURVE('',#3722,#3694,#3724,.T.);
#3722 = VERTEX_POINT('',#3723);
#3723 = CARTESIAN_POINT('',(-66.1,57.,23.));
#3724 = SURFACE_CURVE('',#3725,(#3729,#3736),.PCURVE_S1.);
#3725 = LINE('',#3726,#3727);
#3726 = CARTESIAN_POINT('',(-73.1,57.,23.));
#3727 = VECTOR('',#3728,1.);
#3728 = DIRECTION('',(1.,0.,0.));
#3729 = PCURVE('',#433,#3730);
#3730 = DEFINITIONAL_REPRESENTATION('',(#3731),#3735);
#3731 = LINE('',#3732,#3733);
#3732 = CARTESIAN_POINT('',(85.,0.));
#3733 = VECTOR('',#3734,1.);
#3734 = DIRECTION('',(0.,1.));
#3735 = ( GEOMETRIC_REPRESENTATION_CONTEXT(2) 
PARAMETRIC_REPRESENTATION_CONTEXT() REPRESENTATION_CONTEXT('2D SPACE',''
  ) );
#3736 = PCURVE('',#3737,#3742);
#3737 = PLANE('',#3738);
#3738 = AXIS2_PLACEMENT_3D('',#3739,#3740,#3741);
#3739 = CARTESIAN_POINT('',(-73.1,46.,23.));
#3740 = DIRECTION('',(0.,0.,1.));
#3741 = DIRECTION('',(1.,0.,0.));
#3742 = DEFINITIONAL_REPRESENTATION('',(#3743),#3747);
#3743 = LINE('',#3744,#3745);
#3744 = CARTESIAN_POINT('',(0.,11.));
#3745 = VECTOR('',#3746,1.);
#3746 = DIRECTION('',(1.,0.));
#3747 = ( GEOMETRIC_REPRESENTATION_CONTEXT(2) 
PARAMETRIC_REPRESENTATION_CONTEXT() REPRESENTATION_CONTEXT('2D SPACE',''
  ) );
#3748 = ORIENTED_EDGE('',*,*,#3749,.F.);
#3749 = EDGE_CURVE('',#3750,#3722,#3752,.T.);
#3750 = VERTEX_POINT('',#3751);
#3751 = CARTESIAN_POINT('',(-66.1,57.,-23.));
#3752 = SURFACE_CURVE('',#3753,(#3757,#3764),.PCURVE_S1.);
#3753 = LINE('',#3754,#3755);
#3754 = CARTESIAN_POINT('',(-66.1,57.,-62.));
#3755 = VECTOR('',#3756,1.);
#3756 = DIRECTION('',(0.,0.,1.));
#3757 = PCURVE('',#433,#3758);
#3758 = DEFINITIONAL_REPRESENTATION('',(#3759),#3763);
#3759 = LINE('',#3760,#3761);
#3760 = CARTESIAN_POINT('',(0.,7.));
#3761 = VECTOR('',#3762,1.);
#3762 = DIRECTION('',(1.,0.));
#3763 = ( GEOMETRIC_REPRESENTATION_CONTEXT(2) 
PARAMETRIC_REPRESENTATION_CONTEXT() REPRESENTATION_CONTEXT('2D SPACE',''
  ) );
#3764 = PCURVE('',#3606,#3765);
#3765 = DEFINITIONAL_REPRESENTATION('',(#3766),#3770);
#3766 = LINE('',#3767,#3768);
#3767 = CARTESIAN_POINT('',(0.,-104.));
#3768 = VECTOR('',#3769,1.);
#3769 = DIRECTION('',(1.,0.));
#3770 = ( GEOMETRIC_REPRESENTATION_CONTEXT(2) 
PARAMETRIC_REPRESENTATION_CONTEXT() REPRESENTATION_CONTEXT('2D SPACE',''
  ) );
#3771 = ORIENTED_EDGE('',*,*,#3772,.T.);
#3772 = EDGE_CURVE('',#3750,#3773,#3775,.T.);
#3773 = VERTEX_POINT('',#3774);
#3774 = CARTESIAN_POINT('',(-64.1,57.,-23.));
#3775 = SURFACE_CURVE('',#3776,(#3780,#3787),.PCURVE_S1.);
#3776 = LINE('',#3777,#3778);
#3777 = CARTESIAN_POINT('',(-73.1,57.,-23.));
#3778 = VECTOR('',#3779,1.);
#3779 = DIRECTION('',(1.,0.,0.));
#3780 = PCURVE('',#433,#3781);
#3781 = DEFINITIONAL_REPRESENTATION('',(#3782),#3786);
#3782 = LINE('',#3783,#3784);
#3783 = CARTESIAN_POINT('',(39.,0.));
#3784 = VECTOR('',#3785,1.);
#3785 = DIRECTION('',(0.,1.));
#3786 = ( GEOMETRIC_REPRESENTATION_CONTEXT(2) 
PARAMETRIC_REPRESENTATION_CONTEXT() REPRESENTATION_CONTEXT('2D SPACE',''
  ) );
#3787 = PCURVE('',#3788,#3793);
#3788 = PLANE('',#3789);
#3789 = AXIS2_PLACEMENT_3D('',#3790,#3791,#3792);
#3790 = CARTESIAN_POINT('',(-73.1,46.,-23.));
#3791 = DIRECTION('',(0.,0.,1.));
#3792 = DIRECTION('',(1.,0.,0.));
#3793 = DEFINITIONAL_REPRESENTATION('',(#3794),#3798);
#3794 = LINE('',#3795,#3796);
#3795 = CARTESIAN_POINT('',(0.,11.));
#3796 = VECTOR('',#3797,1.);
#3797 = DIRECTION('',(1.,0.));
#3798 = ( GEOMETRIC_REPRESENTATION_CONTEXT(2) 
PARAMETRIC_REPRESENTATION_CONTEXT() REPRESENTATION_CONTEXT('2D SPACE',''
  ) );
#3799 = ORIENTED_EDGE('',*,*,#3800,.F.);
#3800 = EDGE_CURVE('',#3801,#3773,#3803,.T.);
#3801 = VERTEX_POINT('',#3802);
#3802 = CARTESIAN_POINT('',(-64.1,57.,-37.));
#3803 = SURFACE_CURVE('',#3804,(#3808,#3815),.PCURVE_S1.);
#3804 = LINE('',#3805,#3806);
#3805 = CARTESIAN_POINT('',(-64.1,57.,-37.));
#3806 = VECTOR('',#3807,1.);
#3807 = DIRECTION('',(0.,0.,1.));
#3808 = PCURVE('',#433,#3809);
#3809 = DEFINITIONAL_REPRESENTATION('',(#3810),#3814);
#3810 = LINE('',#3811,#3812);
#3811 = CARTESIAN_POINT('',(25.,9.));
#3812 = VECTOR('',#3813,1.);
#3813 = DIRECTION('',(1.,0.));
#3814 = ( GEOMETRIC_REPRESENTATION_CONTEXT(2) 
PARAMETRIC_REPRESENTATION_CONTEXT() REPRESENTATION_CONTEXT('2D SPACE',''
  ) );
#3815 = PCURVE('',#3816,#3821);
#3816 = PLANE('',#3817);
#3817 = AXIS2_PLACEMENT_3D('',#3818,#3819,#3820);
#3818 = CARTESIAN_POINT('',(-64.1,46.,-37.));
#3819 = DIRECTION('',(1.,0.,0.));
#3820 = DIRECTION('',(0.,0.,1.));
#3821 = DEFINITIONAL_REPRESENTATION('',(#3822),#3826);
#3822 = LINE('',#3823,#3824);
#3823 = CARTESIAN_POINT('',(0.,-11.));
#3824 = VECTOR('',#3825,1.);
#3825 = DIRECTION('',(1.,0.));
#3826 = ( GEOMETRIC_REPRESENTATION_CONTEXT(2) 
PARAMETRIC_REPRESENTATION_CONTEXT() REPRESENTATION_CONTEXT('2D SPACE',''
  ) );
#3827 = ORIENTED_EDGE('',*,*,#3828,.F.);
#3828 = EDGE_CURVE('',#3829,#3801,#3831,.T.);
#3829 = VERTEX_POINT('',#3830);
#3830 = CARTESIAN_POINT('',(-66.1,57.,-37.));
#3831 = SURFACE_CURVE('',#3832,(#3836,#3843),.PCURVE_S1.);
#3832 = LINE('',#3833,#3834);
#3833 = CARTESIAN_POINT('',(-73.1,57.,-37.));
#3834 = VECTOR('',#3835,1.);
#3835 = DIRECTION('',(1.,0.,0.));
#3836 = PCURVE('',#433,#3837);
#3837 = DEFINITIONAL_REPRESENTATION('',(#3838),#3842);
#3838 = LINE('',#3839,#3840);
#3839 = CARTESIAN_POINT('',(25.,0.));
#3840 = VECTOR('',#3841,1.);
#3841 = DIRECTION('',(0.,1.));
#3842 = ( GEOMETRIC_REPRESENTATION_CONTEXT(2) 
PARAMETRIC_REPRESENTATION_CONTEXT() REPRESENTATION_CONTEXT('2D SPACE',''
  ) );
#3843 = PCURVE('',#3844,#3849);
#3844 = PLANE('',#3845);
#3845 = AXIS2_PLACEMENT_3D('',#3846,#3847,#3848);
#3846 = CARTESIAN_POINT('',(-73.1,46.,-37.));
#3847 = DIRECTION('',(0.,0.,1.));
#3848 = DIRECTION('',(1.,0.,0.));
#3849 = DEFINITIONAL_REPRESENTATION('',(#3850),#3854);
#3850 = LINE('',#3851,#3852);
#3851 = CARTESIAN_POINT('',(0.,11.));
#3852 = VECTOR('',#3853,1.);
#3853 = DIRECTION('',(1.,0.));
#3854 = ( GEOMETRIC_REPRESENTATION_CONTEXT(2) 
PARAMETRIC_REPRESENTATION_CONTEXT() REPRESENTATION_CONTEXT('2D SPACE',''
  ) );
#3855 = ORIENTED_EDGE('',*,*,#3856,.F.);
#3856 = EDGE_CURVE('',#3857,#3829,#3859,.T.);
#3857 = VERTEX_POINT('',#3858);
#3858 = CARTESIAN_POINT('',(-66.1,57.,-62.));
#3859 = SURFACE_CURVE('',#3860,(#3864,#3871),.PCURVE_S1.);
#3860 = LINE('',#3861,#3862);
#3861 = CARTESIAN_POINT('',(-66.1,57.,-62.));
#3862 = VECTOR('',#3863,1.);
#3863 = DIRECTION('',(0.,0.,1.));
#3864 = PCURVE('',#433,#3865);
#3865 = DEFINITIONAL_REPRESENTATION('',(#3866),#3870);
#3866 = LINE('',#3867,#3868);
#3867 = CARTESIAN_POINT('',(0.,7.));
#3868 = VECTOR('',#3869,1.);
#3869 = DIRECTION('',(1.,0.));
#3870 = ( GEOMETRIC_REPRESENTATION_CONTEXT(2) 
PARAMETRIC_REPRESENTATION_CONTEXT() REPRESENTATION_CONTEXT('2D SPACE',''
  ) );
#3871 = PCURVE('',#3606,#3872);
#3872 = DEFINITIONAL_REPRESENTATION('',(#3873),#3877);
#3873 = LINE('',#3874,#3875);
#3874 = CARTESIAN_POINT('',(0.,-104.));
#3875 = VECTOR('',#3876,1.);
#3876 = DIRECTION('',(1.,0.));
#3877 = ( GEOMETRIC_REPRESENTATION_CONTEXT(2) 
PARAMETRIC_REPRESENTATION_CONTEXT() REPRESENTATION_CONTEXT('2D SPACE',''
  ) );
#3878 = ORIENTED_EDGE('',*,*,#3879,.F.);
#3879 = EDGE_CURVE('',#392,#3857,#3880,.T.);
#3880 = SURFACE_CURVE('',#3881,(#3885,#3892),.PCURVE_S1.);
#3881 = LINE('',#3882,#3883);
#3882 = CARTESIAN_POINT('',(-73.1,57.,-62.));
#3883 = VECTOR('',#3884,1.);
#3884 = DIRECTION('',(1.,0.,0.));
#3885 = PCURVE('',#433,#3886);
#3886 = DEFINITIONAL_REPRESENTATION('',(#3887),#3891);
#3887 = LINE('',#3888,#3889);
#3888 = CARTESIAN_POINT('',(0.,0.));
#3889 = VECTOR('',#3890,1.);
#3890 = DIRECTION('',(0.,1.));
#3891 = ( GEOMETRIC_REPRESENTATION_CONTEXT(2) 
PARAMETRIC_REPRESENTATION_CONTEXT() REPRESENTATION_CONTEXT('2D SPACE',''
  ) );
#3892 = PCURVE('',#407,#3893);
#3893 = DEFINITIONAL_REPRESENTATION('',(#3894),#3898);
#3894 = LINE('',#3895,#3896);
#3895 = CARTESIAN_POINT('',(0.,104.));
#3896 = VECTOR('',#3897,1.);
#3897 = DIRECTION('',(1.,0.));
#3898 = ( GEOMETRIC_REPRESENTATION_CONTEXT(2) 
PARAMETRIC_REPRESENTATION_CONTEXT() REPRESENTATION_CONTEXT('2D SPACE',''
  ) );
#3899 = ORIENTED_EDGE('',*,*,#419,.F.);
#3900 = ORIENTED_EDGE('',*,*,#3618,.T.);
#3901 = ADVANCED_FACE('',(#3902),#407,.F.);
#3902 = FACE_BOUND('',#3903,.F.);
#3903 = EDGE_LOOP('',(#3904,#3927,#3950,#3973,#3996,#4017,#4038,#4059,
    #4080,#4101,#4122,#4143,#4164,#4185,#4206,#4227,#4248,#4269,#4290,
    #4311,#4332,#4353,#4374,#4395,#4416,#4437,#4458,#4479,#4500,#4521,
    #4542,#4563,#4584,#4605,#4626,#4647,#4668,#4689,#4710,#4731,#4752,
    #4773,#4794,#4815,#4836,#4857,#4878,#4899,#4920,#4941,#4962,#4983,
    #5004,#5025,#5046,#5072,#5093,#5114,#5135,#5156,#5177,#5198,#5219,
    #5240,#5261,#5282,#5303,#5324,#5345,#5366,#5387,#5408,#5429,#5450,
    #5471,#5492,#5513,#5534,#5555,#5576,#5597,#5618,#5639,#5660,#5681,
    #5702,#5723,#5744,#5765,#5786,#5807,#5828,#5849,#5870,#5891,#5912,
    #5933,#5954,#5975,#5996,#6017,#6038,#6059,#6080,#6101,#6122,#6145,
    #6168,#6189,#6190));
#3904 = ORIENTED_EDGE('',*,*,#3905,.T.);
#3905 = EDGE_CURVE('',#369,#3906,#3908,.T.);
#3906 = VERTEX_POINT('',#3907);
#3907 = CARTESIAN_POINT('',(-66.1,-47.,-62.));
#3908 = SURFACE_CURVE('',#3909,(#3913,#3920),.PCURVE_S1.);
#3909 = LINE('',#3910,#3911);
#3910 = CARTESIAN_POINT('',(-73.1,-47.,-62.));
#3911 = VECTOR('',#3912,1.);
#3912 = DIRECTION('',(1.,0.,0.));
#3913 = PCURVE('',#407,#3914);
#3914 = DEFINITIONAL_REPRESENTATION('',(#3915),#3919);
#3915 = LINE('',#3916,#3917);
#3916 = CARTESIAN_POINT('',(0.,0.));
#3917 = VECTOR('',#3918,1.);
#3918 = DIRECTION('',(1.,0.));
#3919 = ( GEOMETRIC_REPRESENTATION_CONTEXT(2) 
PARAMETRIC_REPRESENTATION_CONTEXT() REPRESENTATION_CONTEXT('2D SPACE',''
  ) );
#3920 = PCURVE('',#72,#3921);
#3921 = DEFINITIONAL_REPRESENTATION('',(#3922),#3926);
#3922 = LINE('',#3923,#3924);
#3923 = CARTESIAN_POINT('',(0.,0.));
#3924 = VECTOR('',#3925,1.);
#3925 = DIRECTION('',(0.,1.));
#3926 = ( GEOMETRIC_REPRESENTATION_CONTEXT(2) 
PARAMETRIC_REPRESENTATION_CONTEXT() REPRESENTATION_CONTEXT('2D SPACE',''
  ) );
#3927 = ORIENTED_EDGE('',*,*,#3928,.T.);
#3928 = EDGE_CURVE('',#3906,#3929,#3931,.T.);
#3929 = VERTEX_POINT('',#3930);
#3930 = CARTESIAN_POINT('',(-66.1,-21.60273972602,-62.));
#3931 = SURFACE_CURVE('',#3932,(#3936,#3943),.PCURVE_S1.);
#3932 = LINE('',#3933,#3934);
#3933 = CARTESIAN_POINT('',(-66.1,-47.,-62.));
#3934 = VECTOR('',#3935,1.);
#3935 = DIRECTION('',(0.,1.,0.));
#3936 = PCURVE('',#407,#3937);
#3937 = DEFINITIONAL_REPRESENTATION('',(#3938),#3942);
#3938 = LINE('',#3939,#3940);
#3939 = CARTESIAN_POINT('',(7.,0.));
#3940 = VECTOR('',#3941,1.);
#3941 = DIRECTION('',(0.,1.));
#3942 = ( GEOMETRIC_REPRESENTATION_CONTEXT(2) 
PARAMETRIC_REPRESENTATION_CONTEXT() REPRESENTATION_CONTEXT('2D SPACE',''
  ) );
#3943 = PCURVE('',#840,#3944);
#3944 = DEFINITIONAL_REPRESENTATION('',(#3945),#3949);
#3945 = LINE('',#3946,#3947);
#3946 = CARTESIAN_POINT('',(0.,0.));
#3947 = VECTOR('',#3948,1.);
#3948 = DIRECTION('',(0.,-1.));
#3949 = ( GEOMETRIC_REPRESENTATION_CONTEXT(2) 
PARAMETRIC_REPRESENTATION_CONTEXT() REPRESENTATION_CONTEXT('2D SPACE',''
  ) );
#3950 = ORIENTED_EDGE('',*,*,#3951,.T.);
#3951 = EDGE_CURVE('',#3929,#3952,#3954,.T.);
#3952 = VERTEX_POINT('',#3953);
#3953 = CARTESIAN_POINT('',(-58.5,-19.,-62.));
#3954 = SURFACE_CURVE('',#3955,(#3959,#3966),.PCURVE_S1.);
#3955 = LINE('',#3956,#3957);
#3956 = CARTESIAN_POINT('',(-73.1,-24.,-62.));
#3957 = VECTOR('',#3958,1.);
#3958 = DIRECTION('',(0.946059486625,0.323992974872,0.));
#3959 = PCURVE('',#407,#3960);
#3960 = DEFINITIONAL_REPRESENTATION('',(#3961),#3965);
#3961 = LINE('',#3962,#3963);
#3962 = CARTESIAN_POINT('',(0.,23.));
#3963 = VECTOR('',#3964,1.);
#3964 = DIRECTION('',(0.946059486625,0.323992974872));
#3965 = ( GEOMETRIC_REPRESENTATION_CONTEXT(2) 
PARAMETRIC_REPRESENTATION_CONTEXT() REPRESENTATION_CONTEXT('2D SPACE',''
  ) );
#3966 = PCURVE('',#868,#3967);
#3967 = DEFINITIONAL_REPRESENTATION('',(#3968),#3972);
#3968 = LINE('',#3969,#3970);
#3969 = CARTESIAN_POINT('',(0.,0.));
#3970 = VECTOR('',#3971,1.);
#3971 = DIRECTION('',(1.,0.));
#3972 = ( GEOMETRIC_REPRESENTATION_CONTEXT(2) 
PARAMETRIC_REPRESENTATION_CONTEXT() REPRESENTATION_CONTEXT('2D SPACE',''
  ) );
#3973 = ORIENTED_EDGE('',*,*,#3974,.T.);
#3974 = EDGE_CURVE('',#3952,#3975,#3977,.T.);
#3975 = VERTEX_POINT('',#3976);
#3976 = CARTESIAN_POINT('',(-58.5,-18.69855149623,-62.));
#3977 = SURFACE_CURVE('',#3978,(#3982,#3989),.PCURVE_S1.);
#3978 = LINE('',#3979,#3980);
#3979 = CARTESIAN_POINT('',(-58.5,-19.,-62.));
#3980 = VECTOR('',#3981,1.);
#3981 = DIRECTION('',(0.,1.,0.));
#3982 = PCURVE('',#407,#3983);
#3983 = DEFINITIONAL_REPRESENTATION('',(#3984),#3988);
#3984 = LINE('',#3985,#3986);
#3985 = CARTESIAN_POINT('',(14.6,28.));
#3986 = VECTOR('',#3987,1.);
#3987 = DIRECTION('',(0.,1.));
#3988 = ( GEOMETRIC_REPRESENTATION_CONTEXT(2) 
PARAMETRIC_REPRESENTATION_CONTEXT() REPRESENTATION_CONTEXT('2D SPACE',''
  ) );
#3989 = PCURVE('',#896,#3990);
#3990 = DEFINITIONAL_REPRESENTATION('',(#3991),#3995);
#3991 = LINE('',#3992,#3993);
#3992 = CARTESIAN_POINT('',(0.,0.));
#3993 = VECTOR('',#3994,1.);
#3994 = DIRECTION('',(1.,0.));
#3995 = ( GEOMETRIC_REPRESENTATION_CONTEXT(2) 
PARAMETRIC_REPRESENTATION_CONTEXT() REPRESENTATION_CONTEXT('2D SPACE',''
  ) );
#3996 = ORIENTED_EDGE('',*,*,#3997,.F.);
#3997 = EDGE_CURVE('',#3998,#3975,#4000,.T.);
#3998 = VERTEX_POINT('',#3999);
#3999 = CARTESIAN_POINT('',(-58.5967933014,-18.56734031393,-62.));
#4000 = SURFACE_CURVE('',#4001,(#4005,#4011),.PCURVE_S1.);
#4001 = LINE('',#4002,#4003);
#4002 = CARTESIAN_POINT('',(-54.23613728686,-24.47856374546,-62.));
#4003 = VECTOR('',#4004,1.);
#4004 = DIRECTION('',(0.593641668157,-0.80472950103,0.));
#4005 = PCURVE('',#407,#4006);
#4006 = DEFINITIONAL_REPRESENTATION('',(#4007),#4010);
#4007 = B_SPLINE_CURVE_WITH_KNOTS('',1,(#4008,#4009),.UNSPECIFIED.,.F.,
  .F.,(2,2),(-7.345602993265,-7.182552947086),.PIECEWISE_BEZIER_KNOTS.);
#4008 = CARTESIAN_POINT('',(14.503206698593,28.432659686067));
#4009 = CARTESIAN_POINT('',(14.6,28.301448503763));
#4010 = ( GEOMETRIC_REPRESENTATION_CONTEXT(2) 
PARAMETRIC_REPRESENTATION_CONTEXT() REPRESENTATION_CONTEXT('2D SPACE',''
  ) );
#4011 = PCURVE('',#923,#4012);
#4012 = DEFINITIONAL_REPRESENTATION('',(#4013),#4016);
#4013 = B_SPLINE_CURVE_WITH_KNOTS('',1,(#4014,#4015),.UNSPECIFIED.,.F.,
  .F.,(2,2),(-7.345602993265,-7.182552947086),.PIECEWISE_BEZIER_KNOTS.);
#4014 = CARTESIAN_POINT('',(0.420313762585,-138.));
#4015 = CARTESIAN_POINT('',(0.257263716406,-138.));
#4016 = ( GEOMETRIC_REPRESENTATION_CONTEXT(2) 
PARAMETRIC_REPRESENTATION_CONTEXT() REPRESENTATION_CONTEXT('2D SPACE',''
  ) );
#4017 = ORIENTED_EDGE('',*,*,#4018,.F.);
#4018 = EDGE_CURVE('',#4019,#3998,#4021,.T.);
#4019 = VERTEX_POINT('',#4020);
#4020 = CARTESIAN_POINT('',(-58.83531639735,-18.2290002431,-62.));
#4021 = SURFACE_CURVE('',#4022,(#4026,#4032),.PCURVE_S1.);
#4022 = LINE('',#4023,#4024);
#4023 = CARTESIAN_POINT('',(-54.30940680594,-24.64890924877,-62.));
#4024 = VECTOR('',#4025,1.);
#4025 = DIRECTION('',(0.576191036045,-0.817315049403,0.));
#4026 = PCURVE('',#407,#4027);
#4027 = DEFINITIONAL_REPRESENTATION('',(#4028),#4031);
#4028 = B_SPLINE_CURVE_WITH_KNOTS('',1,(#4029,#4030),.UNSPECIFIED.,.F.,
  .F.,(2,2),(-7.854876782657,-7.440911481177),.PIECEWISE_BEZIER_KNOTS.);
#4029 = CARTESIAN_POINT('',(14.264683602647,28.770999756898));
#4030 = CARTESIAN_POINT('',(14.503206698593,28.432659686067));
#4031 = ( GEOMETRIC_REPRESENTATION_CONTEXT(2) 
PARAMETRIC_REPRESENTATION_CONTEXT() REPRESENTATION_CONTEXT('2D SPACE',''
  ) );
#4032 = PCURVE('',#949,#4033);
#4033 = DEFINITIONAL_REPRESENTATION('',(#4034),#4037);
#4034 = B_SPLINE_CURVE_WITH_KNOTS('',1,(#4035,#4036),.UNSPECIFIED.,.F.,
  .F.,(2,2),(-7.854876782657,-7.440911481177),.PIECEWISE_BEZIER_KNOTS.);
#4035 = CARTESIAN_POINT('',(0.41396530148,-138.));
#4036 = CARTESIAN_POINT('',(0.,-138.));
#4037 = ( GEOMETRIC_REPRESENTATION_CONTEXT(2) 
PARAMETRIC_REPRESENTATION_CONTEXT() REPRESENTATION_CONTEXT('2D SPACE',''
  ) );
#4038 = ORIENTED_EDGE('',*,*,#4039,.F.);
#4039 = EDGE_CURVE('',#4040,#4019,#4042,.T.);
#4040 = VERTEX_POINT('',#4041);
#4041 = CARTESIAN_POINT('',(-59.06789978635,-17.89270108854,-62.));
#4042 = SURFACE_CURVE('',#4043,(#4047,#4053),.PCURVE_S1.);
#4043 = LINE('',#4044,#4045);
#4044 = CARTESIAN_POINT('',(-54.41300978279,-24.62334328747,-62.));
#4045 = VECTOR('',#4046,1.);
#4046 = DIRECTION('',(0.568814616439,-0.822465763498,0.));
#4047 = PCURVE('',#407,#4048);
#4048 = DEFINITIONAL_REPRESENTATION('',(#4049),#4052);
#4049 = B_SPLINE_CURVE_WITH_KNOTS('',1,(#4050,#4051),.UNSPECIFIED.,.F.,
  .F.,(2,2),(-8.183492246913,-7.774600874792),.PIECEWISE_BEZIER_KNOTS.);
#4050 = CARTESIAN_POINT('',(14.032100213649,29.107298911456));
#4051 = CARTESIAN_POINT('',(14.264683602647,28.770999756898));
#4052 = ( GEOMETRIC_REPRESENTATION_CONTEXT(2) 
PARAMETRIC_REPRESENTATION_CONTEXT() REPRESENTATION_CONTEXT('2D SPACE',''
  ) );
#4053 = PCURVE('',#975,#4054);
#4054 = DEFINITIONAL_REPRESENTATION('',(#4055),#4058);
#4055 = B_SPLINE_CURVE_WITH_KNOTS('',1,(#4056,#4057),.UNSPECIFIED.,.F.,
  .F.,(2,2),(-8.183492246913,-7.774600874792),.PIECEWISE_BEZIER_KNOTS.);
#4056 = CARTESIAN_POINT('',(0.40889137212,-138.));
#4057 = CARTESIAN_POINT('',(0.,-138.));
#4058 = ( GEOMETRIC_REPRESENTATION_CONTEXT(2) 
PARAMETRIC_REPRESENTATION_CONTEXT() REPRESENTATION_CONTEXT('2D SPACE',''
  ) );
#4059 = ORIENTED_EDGE('',*,*,#4060,.F.);
#4060 = EDGE_CURVE('',#4061,#4040,#4063,.T.);
#4061 = VERTEX_POINT('',#4062);
#4062 = CARTESIAN_POINT('',(-59.29603706318,-17.5563421081,-62.));
#4063 = SURFACE_CURVE('',#4064,(#4068,#4074),.PCURVE_S1.);
#4064 = LINE('',#4065,#4066);
#4065 = CARTESIAN_POINT('',(-54.51765535319,-24.60144943305,-62.));
#4066 = VECTOR('',#4067,1.);
#4067 = DIRECTION('',(0.561322291209,-0.827597296631,0.));
#4068 = PCURVE('',#407,#4069);
#4069 = DEFINITIONAL_REPRESENTATION('',(#4070),#4073);
#4070 = B_SPLINE_CURVE_WITH_KNOTS('',1,(#4071,#4072),.UNSPECIFIED.,.F.,
  .F.,(2,2),(-8.512723946336,-8.106295624479),.PIECEWISE_BEZIER_KNOTS.);
#4071 = CARTESIAN_POINT('',(13.803962936812,29.443657891899));
#4072 = CARTESIAN_POINT('',(14.032100213649,29.107298911456));
#4073 = ( GEOMETRIC_REPRESENTATION_CONTEXT(2) 
PARAMETRIC_REPRESENTATION_CONTEXT() REPRESENTATION_CONTEXT('2D SPACE',''
  ) );
#4074 = PCURVE('',#1001,#4075);
#4075 = DEFINITIONAL_REPRESENTATION('',(#4076),#4079);
#4076 = B_SPLINE_CURVE_WITH_KNOTS('',1,(#4077,#4078),.UNSPECIFIED.,.F.,
  .F.,(2,2),(-8.512723946336,-8.106295624479),.PIECEWISE_BEZIER_KNOTS.);
#4077 = CARTESIAN_POINT('',(0.406428321857,-138.));
#4078 = CARTESIAN_POINT('',(0.,-138.));
#4079 = ( GEOMETRIC_REPRESENTATION_CONTEXT(2) 
PARAMETRIC_REPRESENTATION_CONTEXT() REPRESENTATION_CONTEXT('2D SPACE',''
  ) );
#4080 = ORIENTED_EDGE('',*,*,#4081,.F.);
#4081 = EDGE_CURVE('',#4082,#4061,#4084,.T.);
#4082 = VERTEX_POINT('',#4083);
#4083 = CARTESIAN_POINT('',(-59.52105844156,-17.21788343778,-62.));
#4084 = SURFACE_CURVE('',#4085,(#4089,#4095),.PCURVE_S1.);
#4085 = LINE('',#4086,#4087);
#4086 = CARTESIAN_POINT('',(-54.62416297713,-24.58339128205,-62.));
#4087 = VECTOR('',#4088,1.);
#4088 = DIRECTION('',(0.553647521739,-0.832751116284,0.));
#4089 = PCURVE('',#407,#4090);
#4090 = DEFINITIONAL_REPRESENTATION('',(#4091),#4094);
#4091 = B_SPLINE_CURVE_WITH_KNOTS('',1,(#4092,#4093),.UNSPECIFIED.,.F.,
  .F.,(2,2),(-8.844788917403,-8.438354553407),.PIECEWISE_BEZIER_KNOTS.);
#4092 = CARTESIAN_POINT('',(13.578941558436,29.782116562213));
#4093 = CARTESIAN_POINT('',(13.803962936812,29.443657891899));
#4094 = ( GEOMETRIC_REPRESENTATION_CONTEXT(2) 
PARAMETRIC_REPRESENTATION_CONTEXT() REPRESENTATION_CONTEXT('2D SPACE',''
  ) );
#4095 = PCURVE('',#1027,#4096);
#4096 = DEFINITIONAL_REPRESENTATION('',(#4097),#4100);
#4097 = B_SPLINE_CURVE_WITH_KNOTS('',1,(#4098,#4099),.UNSPECIFIED.,.F.,
  .F.,(2,2),(-8.844788917403,-8.438354553407),.PIECEWISE_BEZIER_KNOTS.);
#4098 = CARTESIAN_POINT('',(0.406434363995,-138.));
#4099 = CARTESIAN_POINT('',(0.,-138.));
#4100 = ( GEOMETRIC_REPRESENTATION_CONTEXT(2) 
PARAMETRIC_REPRESENTATION_CONTEXT() REPRESENTATION_CONTEXT('2D SPACE',''
  ) );
#4101 = ORIENTED_EDGE('',*,*,#4102,.F.);
#4102 = EDGE_CURVE('',#4103,#4082,#4105,.T.);
#4103 = VERTEX_POINT('',#4104);
#4104 = CARTESIAN_POINT('',(-59.73705645404,-16.87727117522,-62.));
#4105 = SURFACE_CURVE('',#4106,(#4110,#4116),.PCURVE_S1.);
#4106 = LINE('',#4107,#4108);
#4107 = CARTESIAN_POINT('',(-54.73353791843,-24.7674353004,-62.));
#4108 = VECTOR('',#4109,1.);
#4109 = DIRECTION('',(0.535542011777,-0.844508587062,0.));
#4110 = PCURVE('',#407,#4111);
#4111 = DEFINITIONAL_REPRESENTATION('',(#4112),#4115);
#4112 = B_SPLINE_CURVE_WITH_KNOTS('',1,(#4113,#4114),.UNSPECIFIED.,.F.,
  .F.,(2,2),(-9.342905739574,-8.939579748833),.PIECEWISE_BEZIER_KNOTS.);
#4113 = CARTESIAN_POINT('',(13.362943545953,30.122728824779));
#4114 = CARTESIAN_POINT('',(13.578941558436,29.782116562213));
#4115 = ( GEOMETRIC_REPRESENTATION_CONTEXT(2) 
PARAMETRIC_REPRESENTATION_CONTEXT() REPRESENTATION_CONTEXT('2D SPACE',''
  ) );
#4116 = PCURVE('',#1053,#4117);
#4117 = DEFINITIONAL_REPRESENTATION('',(#4118),#4121);
#4118 = B_SPLINE_CURVE_WITH_KNOTS('',1,(#4119,#4120),.UNSPECIFIED.,.F.,
  .F.,(2,2),(-9.342905739574,-8.939579748833),.PIECEWISE_BEZIER_KNOTS.);
#4119 = CARTESIAN_POINT('',(0.403325990741,-138.));
#4120 = CARTESIAN_POINT('',(0.,-138.));
#4121 = ( GEOMETRIC_REPRESENTATION_CONTEXT(2) 
PARAMETRIC_REPRESENTATION_CONTEXT() REPRESENTATION_CONTEXT('2D SPACE',''
  ) );
#4122 = ORIENTED_EDGE('',*,*,#4123,.F.);
#4123 = EDGE_CURVE('',#4124,#4103,#4126,.T.);
#4124 = VERTEX_POINT('',#4125);
#4125 = CARTESIAN_POINT('',(-59.94042567051,-16.54086851554,-62.));
#4126 = SURFACE_CURVE('',#4127,(#4131,#4137),.PCURVE_S1.);
#4127 = LINE('',#4128,#4129);
#4128 = CARTESIAN_POINT('',(-54.85717118403,-24.94932068307,-62.));
#4129 = VECTOR('',#4130,1.);
#4130 = DIRECTION('',(0.517350332376,-0.855773704662,0.));
#4131 = PCURVE('',#407,#4132);
#4132 = DEFINITIONAL_REPRESENTATION('',(#4133),#4136);
#4133 = B_SPLINE_CURVE_WITH_KNOTS('',1,(#4134,#4135),.UNSPECIFIED.,.F.,
  .F.,(2,2),(-9.825555660008,-9.432457977946),.PIECEWISE_BEZIER_KNOTS.);
#4134 = CARTESIAN_POINT('',(13.159574329482,30.459131484451));
#4135 = CARTESIAN_POINT('',(13.362943545953,30.122728824779));
#4136 = ( GEOMETRIC_REPRESENTATION_CONTEXT(2) 
PARAMETRIC_REPRESENTATION_CONTEXT() REPRESENTATION_CONTEXT('2D SPACE',''
  ) );
#4137 = PCURVE('',#1079,#4138);
#4138 = DEFINITIONAL_REPRESENTATION('',(#4139),#4142);
#4139 = B_SPLINE_CURVE_WITH_KNOTS('',1,(#4140,#4141),.UNSPECIFIED.,.F.,
  .F.,(2,2),(-9.825555660008,-9.432457977946),.PIECEWISE_BEZIER_KNOTS.);
#4140 = CARTESIAN_POINT('',(0.393097682061,-138.));
#4141 = CARTESIAN_POINT('',(0.,-138.));
#4142 = ( GEOMETRIC_REPRESENTATION_CONTEXT(2) 
PARAMETRIC_REPRESENTATION_CONTEXT() REPRESENTATION_CONTEXT('2D SPACE',''
  ) );
#4143 = ORIENTED_EDGE('',*,*,#4144,.F.);
#4144 = EDGE_CURVE('',#4145,#4124,#4147,.T.);
#4145 = VERTEX_POINT('',#4146);
#4146 = CARTESIAN_POINT('',(-60.14536418332,-16.20451702225,-62.));
#4147 = SURFACE_CURVE('',#4148,(#4152,#4158),.PCURVE_S1.);
#4148 = LINE('',#4149,#4150);
#4149 = CARTESIAN_POINT('',(-54.95470644341,-24.72358675731,-62.));
#4150 = VECTOR('',#4151,1.);
#4151 = DIRECTION('',(0.520322630361,-0.853969765468,0.));
#4152 = PCURVE('',#407,#4153);
#4153 = DEFINITIONAL_REPRESENTATION('',(#4154),#4157);
#4154 = B_SPLINE_CURVE_WITH_KNOTS('',1,(#4155,#4156),.UNSPECIFIED.,.F.,
  .F.,(2,2),(-9.975844672193,-9.5819765203),.PIECEWISE_BEZIER_KNOTS.);
#4155 = CARTESIAN_POINT('',(12.954635816674,30.795482977749));
#4156 = CARTESIAN_POINT('',(13.159574329482,30.459131484451));
#4157 = ( GEOMETRIC_REPRESENTATION_CONTEXT(2) 
PARAMETRIC_REPRESENTATION_CONTEXT() REPRESENTATION_CONTEXT('2D SPACE',''
  ) );
#4158 = PCURVE('',#1105,#4159);
#4159 = DEFINITIONAL_REPRESENTATION('',(#4160),#4163);
#4160 = B_SPLINE_CURVE_WITH_KNOTS('',1,(#4161,#4162),.UNSPECIFIED.,.F.,
  .F.,(2,2),(-9.975844672193,-9.5819765203),.PIECEWISE_BEZIER_KNOTS.);
#4161 = CARTESIAN_POINT('',(0.393868151894,-138.));
#4162 = CARTESIAN_POINT('',(0.,-138.));
#4163 = ( GEOMETRIC_REPRESENTATION_CONTEXT(2) 
PARAMETRIC_REPRESENTATION_CONTEXT() REPRESENTATION_CONTEXT('2D SPACE',''
  ) );
#4164 = ORIENTED_EDGE('',*,*,#4165,.F.);
#4165 = EDGE_CURVE('',#4166,#4145,#4168,.T.);
#4166 = VERTEX_POINT('',#4167);
#4167 = CARTESIAN_POINT('',(-60.34191631494,-15.86596337379,-62.));
#4168 = SURFACE_CURVE('',#4169,(#4173,#4179),.PCURVE_S1.);
#4169 = LINE('',#4170,#4171);
#4170 = CARTESIAN_POINT('',(-55.09234278899,-24.90815617748,-62.));
#4171 = VECTOR('',#4172,1.);
#4172 = DIRECTION('',(0.502083160408,-0.864819345317,0.));
#4173 = PCURVE('',#407,#4174);
#4174 = DEFINITIONAL_REPRESENTATION('',(#4175),#4178);
#4175 = B_SPLINE_CURVE_WITH_KNOTS('',1,(#4176,#4177),.UNSPECIFIED.,.F.,
  .F.,(2,2),(-10.45558572742,-10.06411246737),.PIECEWISE_BEZIER_KNOTS.);
#4176 = CARTESIAN_POINT('',(12.758083685056,31.134036626208));
#4177 = CARTESIAN_POINT('',(12.954635816674,30.795482977749));
#4178 = ( GEOMETRIC_REPRESENTATION_CONTEXT(2) 
PARAMETRIC_REPRESENTATION_CONTEXT() REPRESENTATION_CONTEXT('2D SPACE',''
  ) );
#4179 = PCURVE('',#1131,#4180);
#4180 = DEFINITIONAL_REPRESENTATION('',(#4181),#4184);
#4181 = B_SPLINE_CURVE_WITH_KNOTS('',1,(#4182,#4183),.UNSPECIFIED.,.F.,
  .F.,(2,2),(-10.45558572742,-10.06411246737),.PIECEWISE_BEZIER_KNOTS.);
#4182 = CARTESIAN_POINT('',(0.391473260042,-138.));
#4183 = CARTESIAN_POINT('',(0.,-138.));
#4184 = ( GEOMETRIC_REPRESENTATION_CONTEXT(2) 
PARAMETRIC_REPRESENTATION_CONTEXT() REPRESENTATION_CONTEXT('2D SPACE',''
  ) );
#4185 = ORIENTED_EDGE('',*,*,#4186,.F.);
#4186 = EDGE_CURVE('',#4187,#4166,#4189,.T.);
#4187 = VERTEX_POINT('',#4188);
#4188 = CARTESIAN_POINT('',(-60.53325706014,-15.52956815332,-62.));
#4189 = SURFACE_CURVE('',#4190,(#4194,#4200),.PCURVE_S1.);
#4190 = LINE('',#4191,#4192);
#4191 = CARTESIAN_POINT('',(-55.21119565132,-24.88625806814,-62.));
#4192 = VECTOR('',#4193,1.);
#4193 = DIRECTION('',(0.494413886461,-0.869226615374,0.));
#4194 = PCURVE('',#407,#4195);
#4195 = DEFINITIONAL_REPRESENTATION('',(#4196),#4199);
#4196 = B_SPLINE_CURVE_WITH_KNOTS('',1,(#4197,#4198),.UNSPECIFIED.,.F.,
  .F.,(2,2),(-10.76438497088,-10.37737977049),.PIECEWISE_BEZIER_KNOTS.);
#4197 = CARTESIAN_POINT('',(12.566742939853,31.470431846671));
#4198 = CARTESIAN_POINT('',(12.758083685056,31.134036626208));
#4199 = ( GEOMETRIC_REPRESENTATION_CONTEXT(2) 
PARAMETRIC_REPRESENTATION_CONTEXT() REPRESENTATION_CONTEXT('2D SPACE',''
  ) );
#4200 = PCURVE('',#1157,#4201);
#4201 = DEFINITIONAL_REPRESENTATION('',(#4202),#4205);
#4202 = B_SPLINE_CURVE_WITH_KNOTS('',1,(#4203,#4204),.UNSPECIFIED.,.F.,
  .F.,(2,2),(-10.76438497088,-10.37737977049),.PIECEWISE_BEZIER_KNOTS.);
#4203 = CARTESIAN_POINT('',(0.387005200385,-138.));
#4204 = CARTESIAN_POINT('',(0.,-138.));
#4205 = ( GEOMETRIC_REPRESENTATION_CONTEXT(2) 
PARAMETRIC_REPRESENTATION_CONTEXT() REPRESENTATION_CONTEXT('2D SPACE',''
  ) );
#4206 = ORIENTED_EDGE('',*,*,#4207,.F.);
#4207 = EDGE_CURVE('',#4208,#4187,#4210,.T.);
#4208 = VERTEX_POINT('',#4209);
#4209 = CARTESIAN_POINT('',(-60.72070339959,-15.19315279671,-62.));
#4210 = SURFACE_CURVE('',#4211,(#4215,#4221),.PCURVE_S1.);
#4211 = LINE('',#4212,#4213);
#4212 = CARTESIAN_POINT('',(-55.33145516281,-24.86539218409,-62.));
#4213 = VECTOR('',#4214,1.);
#4214 = DIRECTION('',(0.486731735576,-0.873551496812,0.));
#4215 = PCURVE('',#407,#4216);
#4216 = DEFINITIONAL_REPRESENTATION('',(#4217),#4220);
#4217 = B_SPLINE_CURVE_WITH_KNOTS('',1,(#4218,#4219),.UNSPECIFIED.,.F.,
  .F.,(2,2),(-11.07231734211,-10.68720512166),.PIECEWISE_BEZIER_KNOTS.);
#4218 = CARTESIAN_POINT('',(12.379296600403,31.806847203283));
#4219 = CARTESIAN_POINT('',(12.566742939853,31.470431846671));
#4220 = ( GEOMETRIC_REPRESENTATION_CONTEXT(2) 
PARAMETRIC_REPRESENTATION_CONTEXT() REPRESENTATION_CONTEXT('2D SPACE',''
  ) );
#4221 = PCURVE('',#1183,#4222);
#4222 = DEFINITIONAL_REPRESENTATION('',(#4223),#4226);
#4223 = B_SPLINE_CURVE_WITH_KNOTS('',1,(#4224,#4225),.UNSPECIFIED.,.F.,
  .F.,(2,2),(-11.07231734211,-10.68720512166),.PIECEWISE_BEZIER_KNOTS.);
#4224 = CARTESIAN_POINT('',(0.385112220448,-138.));
#4225 = CARTESIAN_POINT('',(0.,-138.));
#4226 = ( GEOMETRIC_REPRESENTATION_CONTEXT(2) 
PARAMETRIC_REPRESENTATION_CONTEXT() REPRESENTATION_CONTEXT('2D SPACE',''
  ) );
#4227 = ORIENTED_EDGE('',*,*,#4228,.F.);
#4228 = EDGE_CURVE('',#4229,#4208,#4231,.T.);
#4229 = VERTEX_POINT('',#4230);
#4230 = CARTESIAN_POINT('',(-60.90539620756,-14.85465286919,-62.));
#4231 = SURFACE_CURVE('',#4232,(#4236,#4242),.PCURVE_S1.);
#4232 = LINE('',#4233,#4234);
#4233 = CARTESIAN_POINT('',(-55.45403243054,-24.84576331756,-62.));
#4234 = VECTOR('',#4235,1.);
#4235 = DIRECTION('',(0.478965018919,-0.877833988093,0.));
#4236 = PCURVE('',#407,#4237);
#4237 = DEFINITIONAL_REPRESENTATION('',(#4238),#4241);
#4238 = B_SPLINE_CURVE_WITH_KNOTS('',1,(#4239,#4240),.UNSPECIFIED.,.F.,
  .F.,(2,2),(-11.38154888496,-10.99594074936),.PIECEWISE_BEZIER_KNOTS.);
#4239 = CARTESIAN_POINT('',(12.194603792437,32.145347130803));
#4240 = CARTESIAN_POINT('',(12.379296600403,31.806847203283));
#4241 = ( GEOMETRIC_REPRESENTATION_CONTEXT(2) 
PARAMETRIC_REPRESENTATION_CONTEXT() REPRESENTATION_CONTEXT('2D SPACE',''
  ) );
#4242 = PCURVE('',#1209,#4243);
#4243 = DEFINITIONAL_REPRESENTATION('',(#4244),#4247);
#4244 = B_SPLINE_CURVE_WITH_KNOTS('',1,(#4245,#4246),.UNSPECIFIED.,.F.,
  .F.,(2,2),(-11.38154888496,-10.99594074936),.PIECEWISE_BEZIER_KNOTS.);
#4245 = CARTESIAN_POINT('',(0.385608135605,-138.));
#4246 = CARTESIAN_POINT('',(0.,-138.));
#4247 = ( GEOMETRIC_REPRESENTATION_CONTEXT(2) 
PARAMETRIC_REPRESENTATION_CONTEXT() REPRESENTATION_CONTEXT('2D SPACE',''
  ) );
#4248 = ORIENTED_EDGE('',*,*,#4249,.F.);
#4249 = EDGE_CURVE('',#4250,#4229,#4252,.T.);
#4250 = VERTEX_POINT('',#4251);
#4251 = CARTESIAN_POINT('',(-61.08115833808,-14.51615108678,-62.));
#4252 = SURFACE_CURVE('',#4253,(#4257,#4263),.PCURVE_S1.);
#4253 = LINE('',#4254,#4255);
#4254 = CARTESIAN_POINT('',(-55.62687750986,-25.02059693455,-62.));
#4255 = VECTOR('',#4256,1.);
#4256 = DIRECTION('',(0.460818553406,-0.887494372285,0.));
#4257 = PCURVE('',#407,#4258);
#4258 = DEFINITIONAL_REPRESENTATION('',(#4259),#4262);
#4259 = B_SPLINE_CURVE_WITH_KNOTS('',1,(#4260,#4261),.UNSPECIFIED.,.F.,
  .F.,(2,2),(-11.83607037499,-11.45465749736),.PIECEWISE_BEZIER_KNOTS.);
#4260 = CARTESIAN_POINT('',(12.018841661916,32.483848913218));
#4261 = CARTESIAN_POINT('',(12.194603792437,32.145347130803));
#4262 = ( GEOMETRIC_REPRESENTATION_CONTEXT(2) 
PARAMETRIC_REPRESENTATION_CONTEXT() REPRESENTATION_CONTEXT('2D SPACE',''
  ) );
#4263 = PCURVE('',#1235,#4264);
#4264 = DEFINITIONAL_REPRESENTATION('',(#4265),#4268);
#4265 = B_SPLINE_CURVE_WITH_KNOTS('',1,(#4266,#4267),.UNSPECIFIED.,.F.,
  .F.,(2,2),(-11.83607037499,-11.45465749736),.PIECEWISE_BEZIER_KNOTS.);
#4266 = CARTESIAN_POINT('',(0.381412877632,-138.));
#4267 = CARTESIAN_POINT('',(0.,-138.));
#4268 = ( GEOMETRIC_REPRESENTATION_CONTEXT(2) 
PARAMETRIC_REPRESENTATION_CONTEXT() REPRESENTATION_CONTEXT('2D SPACE',''
  ) );
#4269 = ORIENTED_EDGE('',*,*,#4270,.F.);
#4270 = EDGE_CURVE('',#4271,#4250,#4273,.T.);
#4271 = VERTEX_POINT('',#4272);
#4272 = CARTESIAN_POINT('',(-61.25219395427,-14.17981961158,-62.));
#4273 = SURFACE_CURVE('',#4274,(#4278,#4284),.PCURVE_S1.);
#4274 = LINE('',#4275,#4276);
#4275 = CARTESIAN_POINT('',(-55.75345142587,-24.99277323784,-62.));
#4276 = VECTOR('',#4277,1.);
#4277 = DIRECTION('',(0.453287974653,-0.891364129879,0.));
#4278 = PCURVE('',#407,#4279);
#4279 = DEFINITIONAL_REPRESENTATION('',(#4280),#4283);
#4280 = B_SPLINE_CURVE_WITH_KNOTS('',1,(#4281,#4282),.UNSPECIFIED.,.F.,
  .F.,(2,2),(-12.13079286433,-11.75347066353),.PIECEWISE_BEZIER_KNOTS.);
#4281 = CARTESIAN_POINT('',(11.847806045724,32.82018038842));
#4282 = CARTESIAN_POINT('',(12.018841661916,32.483848913218));
#4283 = ( GEOMETRIC_REPRESENTATION_CONTEXT(2) 
PARAMETRIC_REPRESENTATION_CONTEXT() REPRESENTATION_CONTEXT('2D SPACE',''
  ) );
#4284 = PCURVE('',#1261,#4285);
#4285 = DEFINITIONAL_REPRESENTATION('',(#4286),#4289);
#4286 = B_SPLINE_CURVE_WITH_KNOTS('',1,(#4287,#4288),.UNSPECIFIED.,.F.,
  .F.,(2,2),(-12.13079286433,-11.75347066353),.PIECEWISE_BEZIER_KNOTS.);
#4287 = CARTESIAN_POINT('',(0.377322200801,-138.));
#4288 = CARTESIAN_POINT('',(0.,-138.));
#4289 = ( GEOMETRIC_REPRESENTATION_CONTEXT(2) 
PARAMETRIC_REPRESENTATION_CONTEXT() REPRESENTATION_CONTEXT('2D SPACE',''
  ) );
#4290 = ORIENTED_EDGE('',*,*,#4291,.F.);
#4291 = EDGE_CURVE('',#4292,#4271,#4294,.T.);
#4292 = VERTEX_POINT('',#4293);
#4293 = CARTESIAN_POINT('',(-61.41969151418,-13.84348454747,-62.));
#4294 = SURFACE_CURVE('',#4295,(#4299,#4305),.PCURVE_S1.);
#4295 = LINE('',#4296,#4297);
#4296 = CARTESIAN_POINT('',(-55.88112570038,-24.96492350497,-62.));
#4297 = VECTOR('',#4298,1.);
#4298 = DIRECTION('',(0.445786548315,-0.895139292703,0.));
#4299 = PCURVE('',#407,#4300);
#4300 = DEFINITIONAL_REPRESENTATION('',(#4301),#4304);
#4301 = B_SPLINE_CURVE_WITH_KNOTS('',1,(#4302,#4303),.UNSPECIFIED.,.F.,
  .F.,(2,2),(-12.424255139,-12.04852024853),.PIECEWISE_BEZIER_KNOTS.);
#4302 = CARTESIAN_POINT('',(11.680308485818,33.156515452523));
#4303 = CARTESIAN_POINT('',(11.847806045724,32.82018038842));
#4304 = ( GEOMETRIC_REPRESENTATION_CONTEXT(2) 
PARAMETRIC_REPRESENTATION_CONTEXT() REPRESENTATION_CONTEXT('2D SPACE',''
  ) );
#4305 = PCURVE('',#1287,#4306);
#4306 = DEFINITIONAL_REPRESENTATION('',(#4307),#4310);
#4307 = B_SPLINE_CURVE_WITH_KNOTS('',1,(#4308,#4309),.UNSPECIFIED.,.F.,
  .F.,(2,2),(-12.424255139,-12.04852024853),.PIECEWISE_BEZIER_KNOTS.);
#4308 = CARTESIAN_POINT('',(0.375734890475,-138.));
#4309 = CARTESIAN_POINT('',(0.,-138.));
#4310 = ( GEOMETRIC_REPRESENTATION_CONTEXT(2) 
PARAMETRIC_REPRESENTATION_CONTEXT() REPRESENTATION_CONTEXT('2D SPACE',''
  ) );
#4311 = ORIENTED_EDGE('',*,*,#4312,.F.);
#4312 = EDGE_CURVE('',#4313,#4292,#4315,.T.);
#4313 = VERTEX_POINT('',#4314);
#4314 = CARTESIAN_POINT('',(-61.58369115503,-13.5071488039,-62.));
#4315 = SURFACE_CURVE('',#4316,(#4320,#4326),.PCURVE_S1.);
#4316 = LINE('',#4317,#4318);
#4317 = CARTESIAN_POINT('',(-56.01063606124,-24.93654961939,-62.));
#4318 = VECTOR('',#4319,1.);
#4319 = DIRECTION('',(0.438279905867,-0.898838541738,0.));
#4320 = PCURVE('',#407,#4321);
#4321 = DEFINITIONAL_REPRESENTATION('',(#4322),#4325);
#4322 = B_SPLINE_CURVE_WITH_KNOTS('',1,(#4323,#4324),.UNSPECIFIED.,.F.,
  .F.,(2,2),(-12.71574402382,-12.34155474739),.PIECEWISE_BEZIER_KNOTS.);
#4323 = CARTESIAN_POINT('',(11.516308844963,33.492851196091));
#4324 = CARTESIAN_POINT('',(11.680308485818,33.156515452523));
#4325 = ( GEOMETRIC_REPRESENTATION_CONTEXT(2) 
PARAMETRIC_REPRESENTATION_CONTEXT() REPRESENTATION_CONTEXT('2D SPACE',''
  ) );
#4326 = PCURVE('',#1313,#4327);
#4327 = DEFINITIONAL_REPRESENTATION('',(#4328),#4331);
#4328 = B_SPLINE_CURVE_WITH_KNOTS('',1,(#4329,#4330),.UNSPECIFIED.,.F.,
  .F.,(2,2),(-12.71574402382,-12.34155474739),.PIECEWISE_BEZIER_KNOTS.);
#4329 = CARTESIAN_POINT('',(0.374189276439,-138.));
#4330 = CARTESIAN_POINT('',(0.,-138.));
#4331 = ( GEOMETRIC_REPRESENTATION_CONTEXT(2) 
PARAMETRIC_REPRESENTATION_CONTEXT() REPRESENTATION_CONTEXT('2D SPACE',''
  ) );
#4332 = ORIENTED_EDGE('',*,*,#4333,.F.);
#4333 = EDGE_CURVE('',#4334,#4313,#4336,.T.);
#4334 = VERTEX_POINT('',#4335);
#4335 = CARTESIAN_POINT('',(-61.74518129999,-13.16879657107,-62.));
#4336 = SURFACE_CURVE('',#4337,(#4341,#4347),.PCURVE_S1.);
#4337 = LINE('',#4338,#4339);
#4338 = CARTESIAN_POINT('',(-56.14217469569,-24.90814943154,-62.));
#4339 = VECTOR('',#4340,1.);
#4340 = DIRECTION('',(0.430737954379,-0.902477043839,0.));
#4341 = PCURVE('',#407,#4342);
#4342 = DEFINITIONAL_REPRESENTATION('',(#4343),#4346);
#4343 = B_SPLINE_CURVE_WITH_KNOTS('',1,(#4344,#4345),.UNSPECIFIED.,.F.,
  .F.,(2,2),(-13.00792406922,-12.63300901166),.PIECEWISE_BEZIER_KNOTS.);
#4344 = CARTESIAN_POINT('',(11.354818700004,33.831203428928));
#4345 = CARTESIAN_POINT('',(11.516308844963,33.492851196091));
#4346 = ( GEOMETRIC_REPRESENTATION_CONTEXT(2) 
PARAMETRIC_REPRESENTATION_CONTEXT() REPRESENTATION_CONTEXT('2D SPACE',''
  ) );
#4347 = PCURVE('',#1339,#4348);
#4348 = DEFINITIONAL_REPRESENTATION('',(#4349),#4352);
#4349 = B_SPLINE_CURVE_WITH_KNOTS('',1,(#4350,#4351),.UNSPECIFIED.,.F.,
  .F.,(2,2),(-13.00792406922,-12.63300901166),.PIECEWISE_BEZIER_KNOTS.);
#4350 = CARTESIAN_POINT('',(0.374915057559,-138.));
#4351 = CARTESIAN_POINT('',(0.,-138.));
#4352 = ( GEOMETRIC_REPRESENTATION_CONTEXT(2) 
PARAMETRIC_REPRESENTATION_CONTEXT() REPRESENTATION_CONTEXT('2D SPACE',''
  ) );
#4353 = ORIENTED_EDGE('',*,*,#4354,.F.);
#4354 = EDGE_CURVE('',#4355,#4334,#4357,.T.);
#4355 = VERTEX_POINT('',#4356);
#4356 = CARTESIAN_POINT('',(-61.89775050985,-12.83248816665,-62.));
#4357 = SURFACE_CURVE('',#4358,(#4362,#4368),.PCURVE_S1.);
#4358 = LINE('',#4359,#4360);
#4359 = CARTESIAN_POINT('',(-56.35006624965,-25.06125204019,-62.));
#4360 = VECTOR('',#4361,1.);
#4361 = DIRECTION('',(0.413133515729,-0.910670466295,0.));
#4362 = PCURVE('',#407,#4363);
#4363 = DEFINITIONAL_REPRESENTATION('',(#4364),#4367);
#4364 = B_SPLINE_CURVE_WITH_KNOTS('',1,(#4365,#4366),.UNSPECIFIED.,.F.,
  .F.,(2,2),(-13.42830840149,-13.05901081596),.PIECEWISE_BEZIER_KNOTS.);
#4365 = CARTESIAN_POINT('',(11.202249490143,34.167511833346));
#4366 = CARTESIAN_POINT('',(11.354818700004,33.831203428928));
#4367 = ( GEOMETRIC_REPRESENTATION_CONTEXT(2) 
PARAMETRIC_REPRESENTATION_CONTEXT() REPRESENTATION_CONTEXT('2D SPACE',''
  ) );
#4368 = PCURVE('',#1365,#4369);
#4369 = DEFINITIONAL_REPRESENTATION('',(#4370),#4373);
#4370 = B_SPLINE_CURVE_WITH_KNOTS('',1,(#4371,#4372),.UNSPECIFIED.,.F.,
  .F.,(2,2),(-13.42830840149,-13.05901081596),.PIECEWISE_BEZIER_KNOTS.);
#4371 = CARTESIAN_POINT('',(0.369297585532,-138.));
#4372 = CARTESIAN_POINT('',(0.,-138.));
#4373 = ( GEOMETRIC_REPRESENTATION_CONTEXT(2) 
PARAMETRIC_REPRESENTATION_CONTEXT() REPRESENTATION_CONTEXT('2D SPACE',''
  ) );
#4374 = ORIENTED_EDGE('',*,*,#4375,.F.);
#4375 = EDGE_CURVE('',#4376,#4355,#4378,.T.);
#4376 = VERTEX_POINT('',#4377);
#4377 = CARTESIAN_POINT('',(-62.05154371113,-12.49627469243,-62.));
#4378 = SURFACE_CURVE('',#4379,(#4383,#4389),.PCURVE_S1.);
#4379 = LINE('',#4380,#4381);
#4380 = CARTESIAN_POINT('',(-56.40454856358,-24.84139685482,-62.));
#4381 = VECTOR('',#4382,1.);
#4382 = DIRECTION('',(0.415973656721,-0.909376663938,0.));
#4383 = PCURVE('',#407,#4384);
#4384 = DEFINITIONAL_REPRESENTATION('',(#4385),#4388);
#4385 = B_SPLINE_CURVE_WITH_KNOTS('',1,(#4386,#4387),.UNSPECIFIED.,.F.,
  .F.,(2,2),(-13.57536722894,-13.20564862107),.PIECEWISE_BEZIER_KNOTS.);
#4386 = CARTESIAN_POINT('',(11.048456288869,34.503725307568));
#4387 = CARTESIAN_POINT('',(11.202249490143,34.167511833346));
#4388 = ( GEOMETRIC_REPRESENTATION_CONTEXT(2) 
PARAMETRIC_REPRESENTATION_CONTEXT() REPRESENTATION_CONTEXT('2D SPACE',''
  ) );
#4389 = PCURVE('',#1391,#4390);
#4390 = DEFINITIONAL_REPRESENTATION('',(#4391),#4394);
#4391 = B_SPLINE_CURVE_WITH_KNOTS('',1,(#4392,#4393),.UNSPECIFIED.,.F.,
  .F.,(2,2),(-13.57536722894,-13.20564862107),.PIECEWISE_BEZIER_KNOTS.);
#4392 = CARTESIAN_POINT('',(0.369718607872,-138.));
#4393 = CARTESIAN_POINT('',(0.,-138.));
#4394 = ( GEOMETRIC_REPRESENTATION_CONTEXT(2) 
PARAMETRIC_REPRESENTATION_CONTEXT() REPRESENTATION_CONTEXT('2D SPACE',''
  ) );
#4395 = ORIENTED_EDGE('',*,*,#4396,.F.);
#4396 = EDGE_CURVE('',#4397,#4376,#4399,.T.);
#4397 = VERTEX_POINT('',#4398);
#4398 = CARTESIAN_POINT('',(-62.19856584369,-12.15801360514,-62.));
#4399 = SURFACE_CURVE('',#4400,(#4404,#4410),.PCURVE_S1.);
#4400 = LINE('',#4401,#4402);
#4401 = CARTESIAN_POINT('',(-56.62240766818,-24.98735633399,-62.));
#4402 = VECTOR('',#4403,1.);
#4403 = DIRECTION('',(0.398616873443,-0.917117543288,0.));
#4404 = PCURVE('',#407,#4405);
#4405 = DEFINITIONAL_REPRESENTATION('',(#4406),#4409);
#4406 = B_SPLINE_CURVE_WITH_KNOTS('',1,(#4407,#4408),.UNSPECIFIED.,.F.,
  .F.,(2,2),(-13.98876602323,-13.61993534305),.PIECEWISE_BEZIER_KNOTS.);
#4407 = CARTESIAN_POINT('',(10.901434156309,34.841986394858));
#4408 = CARTESIAN_POINT('',(11.048456288869,34.503725307568));
#4409 = ( GEOMETRIC_REPRESENTATION_CONTEXT(2) 
PARAMETRIC_REPRESENTATION_CONTEXT() REPRESENTATION_CONTEXT('2D SPACE',''
  ) );
#4410 = PCURVE('',#1417,#4411);
#4411 = DEFINITIONAL_REPRESENTATION('',(#4412),#4415);
#4412 = B_SPLINE_CURVE_WITH_KNOTS('',1,(#4413,#4414),.UNSPECIFIED.,.F.,
  .F.,(2,2),(-13.98876602323,-13.61993534305),.PIECEWISE_BEZIER_KNOTS.);
#4413 = CARTESIAN_POINT('',(0.368830680174,-138.));
#4414 = CARTESIAN_POINT('',(0.,-138.));
#4415 = ( GEOMETRIC_REPRESENTATION_CONTEXT(2) 
PARAMETRIC_REPRESENTATION_CONTEXT() REPRESENTATION_CONTEXT('2D SPACE',''
  ) );
#4416 = ORIENTED_EDGE('',*,*,#4417,.F.);
#4417 = EDGE_CURVE('',#4418,#4397,#4420,.T.);
#4418 = VERTEX_POINT('',#4419);
#4419 = CARTESIAN_POINT('',(-62.34158088075,-11.82184382859,-62.));
#4420 = SURFACE_CURVE('',#4421,(#4425,#4431),.PCURVE_S1.);
#4421 = LINE('',#4422,#4423);
#4422 = CARTESIAN_POINT('',(-56.75835054944,-24.94573157819,-62.));
#4423 = VECTOR('',#4424,1.);
#4424 = DIRECTION('',(0.391471886836,-0.92019006831,0.));
#4425 = PCURVE('',#407,#4426);
#4426 = DEFINITIONAL_REPRESENTATION('',(#4427),#4430);
#4427 = B_SPLINE_CURVE_WITH_KNOTS('',1,(#4428,#4429),.UNSPECIFIED.,.F.,
  .F.,(2,2),(-14.26214887723,-13.89682242118),.PIECEWISE_BEZIER_KNOTS.);
#4428 = CARTESIAN_POINT('',(10.758419119247,35.178156171408));
#4429 = CARTESIAN_POINT('',(10.901434156309,34.841986394858));
#4430 = ( GEOMETRIC_REPRESENTATION_CONTEXT(2) 
PARAMETRIC_REPRESENTATION_CONTEXT() REPRESENTATION_CONTEXT('2D SPACE',''
  ) );
#4431 = PCURVE('',#1443,#4432);
#4432 = DEFINITIONAL_REPRESENTATION('',(#4433),#4436);
#4433 = B_SPLINE_CURVE_WITH_KNOTS('',1,(#4434,#4435),.UNSPECIFIED.,.F.,
  .F.,(2,2),(-14.26214887723,-13.89682242118),.PIECEWISE_BEZIER_KNOTS.);
#4434 = CARTESIAN_POINT('',(0.365326456052,-138.));
#4435 = CARTESIAN_POINT('',(0.,-138.));
#4436 = ( GEOMETRIC_REPRESENTATION_CONTEXT(2) 
PARAMETRIC_REPRESENTATION_CONTEXT() REPRESENTATION_CONTEXT('2D SPACE',''
  ) );
#4437 = ORIENTED_EDGE('',*,*,#4438,.F.);
#4438 = EDGE_CURVE('',#4439,#4418,#4441,.T.);
#4439 = VERTEX_POINT('',#4440);
#4440 = CARTESIAN_POINT('',(-62.48155265682,-11.48568771148,-62.));
#4441 = SURFACE_CURVE('',#4442,(#4446,#4452),.PCURVE_S1.);
#4442 = LINE('',#4443,#4444);
#4443 = CARTESIAN_POINT('',(-56.89470505757,-24.90305690207,-62.));
#4444 = VECTOR('',#4445,1.);
#4445 = DIRECTION('',(0.384397115908,-0.923167838089,0.));
#4446 = PCURVE('',#407,#4447);
#4447 = DEFINITIONAL_REPRESENTATION('',(#4448),#4451);
#4448 = B_SPLINE_CURVE_WITH_KNOTS('',1,(#4449,#4450),.UNSPECIFIED.,.F.,
  .F.,(2,2),(-14.53405181268,-14.16991854977),.PIECEWISE_BEZIER_KNOTS.);
#4449 = CARTESIAN_POINT('',(10.618447343175,35.514312288511));
#4450 = CARTESIAN_POINT('',(10.758419119247,35.178156171408));
#4451 = ( GEOMETRIC_REPRESENTATION_CONTEXT(2) 
PARAMETRIC_REPRESENTATION_CONTEXT() REPRESENTATION_CONTEXT('2D SPACE',''
  ) );
#4452 = PCURVE('',#1469,#4453);
#4453 = DEFINITIONAL_REPRESENTATION('',(#4454),#4457);
#4454 = B_SPLINE_CURVE_WITH_KNOTS('',1,(#4455,#4456),.UNSPECIFIED.,.F.,
  .F.,(2,2),(-14.53405181268,-14.16991854977),.PIECEWISE_BEZIER_KNOTS.);
#4455 = CARTESIAN_POINT('',(0.364133262917,-138.));
#4456 = CARTESIAN_POINT('',(0.,-138.));
#4457 = ( GEOMETRIC_REPRESENTATION_CONTEXT(2) 
PARAMETRIC_REPRESENTATION_CONTEXT() REPRESENTATION_CONTEXT('2D SPACE',''
  ) );
#4458 = ORIENTED_EDGE('',*,*,#4459,.F.);
#4459 = EDGE_CURVE('',#4460,#4439,#4462,.T.);
#4460 = VERTEX_POINT('',#4461);
#4461 = CARTESIAN_POINT('',(-62.61929063541,-11.14763336926,-62.));
#4462 = SURFACE_CURVE('',#4463,(#4467,#4473),.PCURVE_S1.);
#4463 = LINE('',#4464,#4465);
#4464 = CARTESIAN_POINT('',(-57.03250019147,-24.85945626634,-62.));
#4465 = VECTOR('',#4466,1.);
#4466 = DIRECTION('',(0.377325399113,-0.926080743339,0.));
#4467 = PCURVE('',#407,#4468);
#4468 = DEFINITIONAL_REPRESENTATION('',(#4469),#4472);
#4469 = B_SPLINE_CURVE_WITH_KNOTS('',1,(#4470,#4471),.UNSPECIFIED.,.F.,
  .F.,(2,2),(-14.80629307508,-14.4412554208),.PIECEWISE_BEZIER_KNOTS.);
#4470 = CARTESIAN_POINT('',(10.480709364582,35.852366630736));
#4471 = CARTESIAN_POINT('',(10.618447343175,35.514312288511));
#4472 = ( GEOMETRIC_REPRESENTATION_CONTEXT(2) 
PARAMETRIC_REPRESENTATION_CONTEXT() REPRESENTATION_CONTEXT('2D SPACE',''
  ) );
#4473 = PCURVE('',#1495,#4474);
#4474 = DEFINITIONAL_REPRESENTATION('',(#4475),#4478);
#4475 = B_SPLINE_CURVE_WITH_KNOTS('',1,(#4476,#4477),.UNSPECIFIED.,.F.,
  .F.,(2,2),(-14.80629307508,-14.4412554208),.PIECEWISE_BEZIER_KNOTS.);
#4476 = CARTESIAN_POINT('',(0.365037654282,-138.));
#4477 = CARTESIAN_POINT('',(0.,-138.));
#4478 = ( GEOMETRIC_REPRESENTATION_CONTEXT(2) 
PARAMETRIC_REPRESENTATION_CONTEXT() REPRESENTATION_CONTEXT('2D SPACE',''
  ) );
#4479 = ORIENTED_EDGE('',*,*,#4480,.F.);
#4480 = EDGE_CURVE('',#4481,#4460,#4483,.T.);
#4481 = VERTEX_POINT('',#4482);
#4482 = CARTESIAN_POINT('',(-62.74929663722,-10.81153422692,-62.));
#4483 = SURFACE_CURVE('',#4484,(#4488,#4494),.PCURVE_S1.);
#4484 = LINE('',#4485,#4486);
#4485 = CARTESIAN_POINT('',(-57.26975820016,-24.97755843718,-62.));
#4486 = VECTOR('',#4487,1.);
#4487 = DIRECTION('',(0.360760259011,-0.932658584649,0.));
#4488 = PCURVE('',#407,#4489);
#4489 = DEFINITIONAL_REPRESENTATION('',(#4490),#4493);
#4490 = B_SPLINE_CURVE_WITH_KNOTS('',1,(#4491,#4492),.UNSPECIFIED.,.F.,
  .F.,(2,2),(-15.18886379585,-14.82849704657),.PIECEWISE_BEZIER_KNOTS.);
#4491 = CARTESIAN_POINT('',(10.350703362771,36.18846577308));
#4492 = CARTESIAN_POINT('',(10.480709364582,35.852366630736));
#4493 = ( GEOMETRIC_REPRESENTATION_CONTEXT(2) 
PARAMETRIC_REPRESENTATION_CONTEXT() REPRESENTATION_CONTEXT('2D SPACE',''
  ) );
#4494 = PCURVE('',#1521,#4495);
#4495 = DEFINITIONAL_REPRESENTATION('',(#4496),#4499);
#4496 = B_SPLINE_CURVE_WITH_KNOTS('',1,(#4497,#4498),.UNSPECIFIED.,.F.,
  .F.,(2,2),(-15.18886379585,-14.82849704657),.PIECEWISE_BEZIER_KNOTS.);
#4497 = CARTESIAN_POINT('',(0.360366749287,-138.));
#4498 = CARTESIAN_POINT('',(0.,-138.));
#4499 = ( GEOMETRIC_REPRESENTATION_CONTEXT(2) 
PARAMETRIC_REPRESENTATION_CONTEXT() REPRESENTATION_CONTEXT('2D SPACE',''
  ) );
#4500 = ORIENTED_EDGE('',*,*,#4501,.F.);
#4501 = EDGE_CURVE('',#4502,#4481,#4504,.T.);
#4502 = VERTEX_POINT('',#4503);
#4503 = CARTESIAN_POINT('',(-62.87971796197,-10.47740065369,-62.));
#4504 = SURFACE_CURVE('',#4505,(#4509,#4515),.PCURVE_S1.);
#4505 = LINE('',#4506,#4507);
#4506 = CARTESIAN_POINT('',(-57.30464263131,-24.76049312277,-62.));
#4507 = VECTOR('',#4508,1.);
#4508 = DIRECTION('',(0.363609589878,-0.931551429685,0.));
#4509 = PCURVE('',#407,#4510);
#4510 = DEFINITIONAL_REPRESENTATION('',(#4511),#4514);
#4511 = B_SPLINE_CURVE_WITH_KNOTS('',1,(#4512,#4513),.UNSPECIFIED.,.F.,
  .F.,(2,2),(-15.33258606441,-14.97390101217),.PIECEWISE_BEZIER_KNOTS.);
#4512 = CARTESIAN_POINT('',(10.220282038029,36.522599346305));
#4513 = CARTESIAN_POINT('',(10.350703362771,36.18846577308));
#4514 = ( GEOMETRIC_REPRESENTATION_CONTEXT(2) 
PARAMETRIC_REPRESENTATION_CONTEXT() REPRESENTATION_CONTEXT('2D SPACE',''
  ) );
#4515 = PCURVE('',#1547,#4516);
#4516 = DEFINITIONAL_REPRESENTATION('',(#4517),#4520);
#4517 = B_SPLINE_CURVE_WITH_KNOTS('',1,(#4518,#4519),.UNSPECIFIED.,.F.,
  .F.,(2,2),(-15.33258606441,-14.97390101217),.PIECEWISE_BEZIER_KNOTS.);
#4518 = CARTESIAN_POINT('',(0.358685052244,-138.));
#4519 = CARTESIAN_POINT('',(0.,-138.));
#4520 = ( GEOMETRIC_REPRESENTATION_CONTEXT(2) 
PARAMETRIC_REPRESENTATION_CONTEXT() REPRESENTATION_CONTEXT('2D SPACE',''
  ) );
#4521 = ORIENTED_EDGE('',*,*,#4522,.F.);
#4522 = EDGE_CURVE('',#4523,#4502,#4525,.T.);
#4523 = VERTEX_POINT('',#4524);
#4524 = CARTESIAN_POINT('',(-63.00873320602,-10.13947531644,-62.));
#4525 = SURFACE_CURVE('',#4526,(#4530,#4536),.PCURVE_S1.);
#4526 = LINE('',#4527,#4528);
#4527 = CARTESIAN_POINT('',(-57.4448528427,-24.71276207809,-62.));
#4528 = VECTOR('',#4529,1.);
#4529 = DIRECTION('',(0.356675521729,-0.934228329799,0.));
#4530 = PCURVE('',#407,#4531);
#4531 = DEFINITIONAL_REPRESENTATION('',(#4532),#4535);
#4532 = B_SPLINE_CURVE_WITH_KNOTS('',1,(#4533,#4534),.UNSPECIFIED.,.F.,
  .F.,(2,2),(-15.59927728244,-15.23756127954),.PIECEWISE_BEZIER_KNOTS.);
#4533 = CARTESIAN_POINT('',(10.091266793977,36.860524683556));
#4534 = CARTESIAN_POINT('',(10.220282038029,36.522599346305));
#4535 = ( GEOMETRIC_REPRESENTATION_CONTEXT(2) 
PARAMETRIC_REPRESENTATION_CONTEXT() REPRESENTATION_CONTEXT('2D SPACE',''
  ) );
#4536 = PCURVE('',#1573,#4537);
#4537 = DEFINITIONAL_REPRESENTATION('',(#4538),#4541);
#4538 = B_SPLINE_CURVE_WITH_KNOTS('',1,(#4539,#4540),.UNSPECIFIED.,.F.,
  .F.,(2,2),(-15.59927728244,-15.23756127954),.PIECEWISE_BEZIER_KNOTS.);
#4539 = CARTESIAN_POINT('',(0.3617160029,-138.));
#4540 = CARTESIAN_POINT('',(0.,-138.));
#4541 = ( GEOMETRIC_REPRESENTATION_CONTEXT(2) 
PARAMETRIC_REPRESENTATION_CONTEXT() REPRESENTATION_CONTEXT('2D SPACE',''
  ) );
#4542 = ORIENTED_EDGE('',*,*,#4543,.F.);
#4543 = EDGE_CURVE('',#4544,#4523,#4546,.T.);
#4544 = VERTEX_POINT('',#4545);
#4545 = CARTESIAN_POINT('',(-63.13113808078,-9.801611958319,-62.));
#4546 = SURFACE_CURVE('',#4547,(#4551,#4557),.PCURVE_S1.);
#4547 = LINE('',#4548,#4549);
#4548 = CARTESIAN_POINT('',(-57.69175636638,-24.81545659242,-62.));
#4549 = VECTOR('',#4550,1.);
#4550 = DIRECTION('',(0.340625690104,-0.940198989173,0.));
#4551 = PCURVE('',#407,#4552);
#4552 = DEFINITIONAL_REPRESENTATION('',(#4553),#4556);
#4553 = B_SPLINE_CURVE_WITH_KNOTS('',1,(#4554,#4555),.UNSPECIFIED.,.F.,
  .F.,(2,2),(-15.96879469879,-15.60944166606),.PIECEWISE_BEZIER_KNOTS.);
#4554 = CARTESIAN_POINT('',(9.968861919213,37.198388041681));
#4555 = CARTESIAN_POINT('',(10.091266793977,36.860524683556));
#4556 = ( GEOMETRIC_REPRESENTATION_CONTEXT(2) 
PARAMETRIC_REPRESENTATION_CONTEXT() REPRESENTATION_CONTEXT('2D SPACE',''
  ) );
#4557 = PCURVE('',#1599,#4558);
#4558 = DEFINITIONAL_REPRESENTATION('',(#4559),#4562);
#4559 = B_SPLINE_CURVE_WITH_KNOTS('',1,(#4560,#4561),.UNSPECIFIED.,.F.,
  .F.,(2,2),(-15.96879469879,-15.60944166606),.PIECEWISE_BEZIER_KNOTS.);
#4560 = CARTESIAN_POINT('',(0.359353032726,-138.));
#4561 = CARTESIAN_POINT('',(0.,-138.));
#4562 = ( GEOMETRIC_REPRESENTATION_CONTEXT(2) 
PARAMETRIC_REPRESENTATION_CONTEXT() REPRESENTATION_CONTEXT('2D SPACE',''
  ) );
#4563 = ORIENTED_EDGE('',*,*,#4564,.F.);
#4564 = EDGE_CURVE('',#4565,#4544,#4567,.T.);
#4565 = VERTEX_POINT('',#4566);
#4566 = CARTESIAN_POINT('',(-63.24958194648,-9.467497329065,-62.));
#4567 = SURFACE_CURVE('',#4568,(#4572,#4578),.PCURVE_S1.);
#4568 = LINE('',#4569,#4570);
#4569 = CARTESIAN_POINT('',(-57.83027189338,-24.75466107185,-62.));
#4570 = VECTOR('',#4571,1.);
#4571 = DIRECTION('',(0.334126862999,-0.94252811068,0.));
#4572 = PCURVE('',#407,#4573);
#4573 = DEFINITIONAL_REPRESENTATION('',(#4574),#4577);
#4574 = B_SPLINE_CURVE_WITH_KNOTS('',1,(#4575,#4576),.UNSPECIFIED.,.F.,
  .F.,(2,2),(-16.21931862781,-15.86483092026),.PIECEWISE_BEZIER_KNOTS.);
#4575 = CARTESIAN_POINT('',(9.850418053519,37.532502670935));
#4576 = CARTESIAN_POINT('',(9.968861919213,37.198388041681));
#4577 = ( GEOMETRIC_REPRESENTATION_CONTEXT(2) 
PARAMETRIC_REPRESENTATION_CONTEXT() REPRESENTATION_CONTEXT('2D SPACE',''
  ) );
#4578 = PCURVE('',#1625,#4579);
#4579 = DEFINITIONAL_REPRESENTATION('',(#4580),#4583);
#4580 = B_SPLINE_CURVE_WITH_KNOTS('',1,(#4581,#4582),.UNSPECIFIED.,.F.,
  .F.,(2,2),(-16.21931862781,-15.86483092026),.PIECEWISE_BEZIER_KNOTS.);
#4581 = CARTESIAN_POINT('',(0.354487707548,-138.));
#4582 = CARTESIAN_POINT('',(0.,-138.));
#4583 = ( GEOMETRIC_REPRESENTATION_CONTEXT(2) 
PARAMETRIC_REPRESENTATION_CONTEXT() REPRESENTATION_CONTEXT('2D SPACE',''
  ) );
#4584 = ORIENTED_EDGE('',*,*,#4585,.F.);
#4585 = EDGE_CURVE('',#4586,#4565,#4588,.T.);
#4586 = VERTEX_POINT('',#4587);
#4587 = CARTESIAN_POINT('',(-63.36968294309,-9.131581200183,-62.));
#4588 = SURFACE_CURVE('',#4589,(#4593,#4599),.PCURVE_S1.);
#4589 = LINE('',#4590,#4591);
#4590 = CARTESIAN_POINT('',(-57.85873163513,-24.54542023654,-62.));
#4591 = VECTOR('',#4592,1.);
#4592 = DIRECTION('',(0.336661927588,-0.941625587223,0.));
#4593 = PCURVE('',#407,#4594);
#4594 = DEFINITIONAL_REPRESENTATION('',(#4595),#4598);
#4595 = B_SPLINE_CURVE_WITH_KNOTS('',1,(#4596,#4597),.UNSPECIFIED.,.F.,
  .F.,(2,2),(-16.36939272415,-16.01265206901),.PIECEWISE_BEZIER_KNOTS.);
#4596 = CARTESIAN_POINT('',(9.730317056911,37.868418799817));
#4597 = CARTESIAN_POINT('',(9.850418053519,37.532502670935));
#4598 = ( GEOMETRIC_REPRESENTATION_CONTEXT(2) 
PARAMETRIC_REPRESENTATION_CONTEXT() REPRESENTATION_CONTEXT('2D SPACE',''
  ) );
#4599 = PCURVE('',#1651,#4600);
#4600 = DEFINITIONAL_REPRESENTATION('',(#4601),#4604);
#4601 = B_SPLINE_CURVE_WITH_KNOTS('',1,(#4602,#4603),.UNSPECIFIED.,.F.,
  .F.,(2,2),(-16.36939272415,-16.01265206901),.PIECEWISE_BEZIER_KNOTS.);
#4602 = CARTESIAN_POINT('',(0.356740655139,-138.));
#4603 = CARTESIAN_POINT('',(0.,-138.));
#4604 = ( GEOMETRIC_REPRESENTATION_CONTEXT(2) 
PARAMETRIC_REPRESENTATION_CONTEXT() REPRESENTATION_CONTEXT('2D SPACE',''
  ) );
#4605 = ORIENTED_EDGE('',*,*,#4606,.F.);
#4606 = EDGE_CURVE('',#4607,#4586,#4609,.T.);
#4607 = VERTEX_POINT('',#4608);
#4608 = CARTESIAN_POINT('',(-63.48421616774,-8.79386491525,-62.));
#4609 = SURFACE_CURVE('',#4610,(#4614,#4620),.PCURVE_S1.);
#4610 = LINE('',#4611,#4612);
#4611 = CARTESIAN_POINT('',(-58.11255502987,-24.63291466625,-62.));
#4612 = VECTOR('',#4613,1.);
#4613 = DIRECTION('',(0.321172904213,-0.947020572955,0.));
#4614 = PCURVE('',#407,#4615);
#4615 = DEFINITIONAL_REPRESENTATION('',(#4616),#4619);
#4616 = B_SPLINE_CURVE_WITH_KNOTS('',1,(#4617,#4618),.UNSPECIFIED.,.F.,
  .F.,(2,2),(-16.72513797834,-16.3685287403),.PIECEWISE_BEZIER_KNOTS.);
#4617 = CARTESIAN_POINT('',(9.615783832259,38.20613508475));
#4618 = CARTESIAN_POINT('',(9.730317056911,37.868418799817));
#4619 = ( GEOMETRIC_REPRESENTATION_CONTEXT(2) 
PARAMETRIC_REPRESENTATION_CONTEXT() REPRESENTATION_CONTEXT('2D SPACE',''
  ) );
#4620 = PCURVE('',#1677,#4621);
#4621 = DEFINITIONAL_REPRESENTATION('',(#4622),#4625);
#4622 = B_SPLINE_CURVE_WITH_KNOTS('',1,(#4623,#4624),.UNSPECIFIED.,.F.,
  .F.,(2,2),(-16.72513797834,-16.3685287403),.PIECEWISE_BEZIER_KNOTS.);
#4623 = CARTESIAN_POINT('',(0.356609238044,-138.));
#4624 = CARTESIAN_POINT('',(0.,-138.));
#4625 = ( GEOMETRIC_REPRESENTATION_CONTEXT(2) 
PARAMETRIC_REPRESENTATION_CONTEXT() REPRESENTATION_CONTEXT('2D SPACE',''
  ) );
#4626 = ORIENTED_EDGE('',*,*,#4627,.F.);
#4627 = EDGE_CURVE('',#4628,#4607,#4630,.T.);
#4628 = VERTEX_POINT('',#4629);
#4629 = CARTESIAN_POINT('',(-63.5956178739,-8.458021406253,-62.));
#4630 = SURFACE_CURVE('',#4631,(#4635,#4641),.PCURVE_S1.);
#4631 = LINE('',#4632,#4633);
#4632 = CARTESIAN_POINT('',(-58.25227117167,-24.56664638188,-62.));
#4633 = VECTOR('',#4634,1.);
#4634 = DIRECTION('',(0.314838324095,-0.949145315366,0.));
#4635 = PCURVE('',#407,#4636);
#4636 = DEFINITIONAL_REPRESENTATION('',(#4637),#4640);
#4637 = B_SPLINE_CURVE_WITH_KNOTS('',1,(#4638,#4639),.UNSPECIFIED.,.F.,
  .F.,(2,2),(-16.97171625339,-16.61787843366),.PIECEWISE_BEZIER_KNOTS.);
#4638 = CARTESIAN_POINT('',(9.504382126094,38.541978593747));
#4639 = CARTESIAN_POINT('',(9.615783832259,38.20613508475));
#4640 = ( GEOMETRIC_REPRESENTATION_CONTEXT(2) 
PARAMETRIC_REPRESENTATION_CONTEXT() REPRESENTATION_CONTEXT('2D SPACE',''
  ) );
#4641 = PCURVE('',#1703,#4642);
#4642 = DEFINITIONAL_REPRESENTATION('',(#4643),#4646);
#4643 = B_SPLINE_CURVE_WITH_KNOTS('',1,(#4644,#4645),.UNSPECIFIED.,.F.,
  .F.,(2,2),(-16.97171625339,-16.61787843366),.PIECEWISE_BEZIER_KNOTS.);
#4644 = CARTESIAN_POINT('',(0.35383781973,-138.));
#4645 = CARTESIAN_POINT('',(0.,-138.));
#4646 = ( GEOMETRIC_REPRESENTATION_CONTEXT(2) 
PARAMETRIC_REPRESENTATION_CONTEXT() REPRESENTATION_CONTEXT('2D SPACE',''
  ) );
#4647 = ORIENTED_EDGE('',*,*,#4648,.F.);
#4648 = EDGE_CURVE('',#4649,#4628,#4651,.T.);
#4649 = VERTEX_POINT('',#4650);
#4650 = CARTESIAN_POINT('',(-63.70456661197,-8.122201472716,-62.));
#4651 = SURFACE_CURVE('',#4652,(#4656,#4662),.PCURVE_S1.);
#4652 = LINE('',#4653,#4654);
#4653 = CARTESIAN_POINT('',(-58.39152790167,-24.49893366978,-62.));
#4654 = VECTOR('',#4655,1.);
#4655 = DIRECTION('',(0.308592257416,-0.951194416859,0.));
#4656 = PCURVE('',#407,#4657);
#4657 = DEFINITIONAL_REPRESENTATION('',(#4658),#4661);
#4658 = B_SPLINE_CURVE_WITH_KNOTS('',1,(#4659,#4660),.UNSPECIFIED.,.F.,
  .F.,(2,2),(-17.21701884158,-16.86396805871),.PIECEWISE_BEZIER_KNOTS.);
#4659 = CARTESIAN_POINT('',(9.395433388024,38.877798527284));
#4660 = CARTESIAN_POINT('',(9.504382126094,38.541978593747));
#4661 = ( GEOMETRIC_REPRESENTATION_CONTEXT(2) 
PARAMETRIC_REPRESENTATION_CONTEXT() REPRESENTATION_CONTEXT('2D SPACE',''
  ) );
#4662 = PCURVE('',#1729,#4663);
#4663 = DEFINITIONAL_REPRESENTATION('',(#4664),#4667);
#4664 = B_SPLINE_CURVE_WITH_KNOTS('',1,(#4665,#4666),.UNSPECIFIED.,.F.,
  .F.,(2,2),(-17.21701884158,-16.86396805871),.PIECEWISE_BEZIER_KNOTS.);
#4665 = CARTESIAN_POINT('',(0.353050782875,-138.));
#4666 = CARTESIAN_POINT('',(0.,-138.));
#4667 = ( GEOMETRIC_REPRESENTATION_CONTEXT(2) 
PARAMETRIC_REPRESENTATION_CONTEXT() REPRESENTATION_CONTEXT('2D SPACE',''
  ) );
#4668 = ORIENTED_EDGE('',*,*,#4669,.F.);
#4669 = EDGE_CURVE('',#4670,#4649,#4672,.T.);
#4670 = VERTEX_POINT('',#4671);
#4671 = CARTESIAN_POINT('',(-63.81110124831,-7.786405579288,-62.));
#4672 = SURFACE_CURVE('',#4673,(#4677,#4683),.PCURVE_S1.);
#4673 = LINE('',#4674,#4675);
#4674 = CARTESIAN_POINT('',(-58.53096678843,-24.42932594108,-62.));
#4675 = VECTOR('',#4676,1.);
#4676 = DIRECTION('',(0.302405750602,-0.953179291636,0.));
#4677 = PCURVE('',#407,#4678);
#4678 = DEFINITIONAL_REPRESENTATION('',(#4679),#4682);
#4679 = B_SPLINE_CURVE_WITH_KNOTS('',1,(#4680,#4681),.UNSPECIFIED.,.F.,
  .F.,(2,2),(-17.46043006582,-17.10813968732),.PIECEWISE_BEZIER_KNOTS.);
#4680 = CARTESIAN_POINT('',(9.288898751684,39.213594420712));
#4681 = CARTESIAN_POINT('',(9.395433388024,38.877798527284));
#4682 = ( GEOMETRIC_REPRESENTATION_CONTEXT(2) 
PARAMETRIC_REPRESENTATION_CONTEXT() REPRESENTATION_CONTEXT('2D SPACE',''
  ) );
#4683 = PCURVE('',#1755,#4684);
#4684 = DEFINITIONAL_REPRESENTATION('',(#4685),#4688);
#4685 = B_SPLINE_CURVE_WITH_KNOTS('',1,(#4686,#4687),.UNSPECIFIED.,.F.,
  .F.,(2,2),(-17.46043006582,-17.10813968732),.PIECEWISE_BEZIER_KNOTS.);
#4686 = CARTESIAN_POINT('',(0.352290378499,-138.));
#4687 = CARTESIAN_POINT('',(0.,-138.));
#4688 = ( GEOMETRIC_REPRESENTATION_CONTEXT(2) 
PARAMETRIC_REPRESENTATION_CONTEXT() REPRESENTATION_CONTEXT('2D SPACE',''
  ) );
#4689 = ORIENTED_EDGE('',*,*,#4690,.F.);
#4690 = EDGE_CURVE('',#4691,#4670,#4693,.T.);
#4691 = VERTEX_POINT('',#4692);
#4692 = CARTESIAN_POINT('',(-63.91575979151,-7.448992807875,-62.));
#4693 = SURFACE_CURVE('',#4694,(#4698,#4704),.PCURVE_S1.);
#4694 = LINE('',#4695,#4696);
#4695 = CARTESIAN_POINT('',(-58.67087092363,-24.35819519696,-62.));
#4696 = VECTOR('',#4697,1.);
#4697 = DIRECTION('',(0.296255225771,-0.955108811185,0.));
#4698 = PCURVE('',#407,#4699);
#4699 = DEFINITIONAL_REPRESENTATION('',(#4700),#4703);
#4700 = B_SPLINE_CURVE_WITH_KNOTS('',1,(#4701,#4702),.UNSPECIFIED.,.F.,
  .F.,(2,2),(-17.70395392763,-17.3506823763),.PIECEWISE_BEZIER_KNOTS.);
#4701 = CARTESIAN_POINT('',(9.184240208487,39.551007192125));
#4702 = CARTESIAN_POINT('',(9.288898751684,39.213594420712));
#4703 = ( GEOMETRIC_REPRESENTATION_CONTEXT(2) 
PARAMETRIC_REPRESENTATION_CONTEXT() REPRESENTATION_CONTEXT('2D SPACE',''
  ) );
#4704 = PCURVE('',#1781,#4705);
#4705 = DEFINITIONAL_REPRESENTATION('',(#4706),#4709);
#4706 = B_SPLINE_CURVE_WITH_KNOTS('',1,(#4707,#4708),.UNSPECIFIED.,.F.,
  .F.,(2,2),(-17.70395392763,-17.3506823763),.PIECEWISE_BEZIER_KNOTS.);
#4707 = CARTESIAN_POINT('',(0.353271551326,-138.));
#4708 = CARTESIAN_POINT('',(0.,-138.));
#4709 = ( GEOMETRIC_REPRESENTATION_CONTEXT(2) 
PARAMETRIC_REPRESENTATION_CONTEXT() REPRESENTATION_CONTEXT('2D SPACE',''
  ) );
#4710 = ORIENTED_EDGE('',*,*,#4711,.F.);
#4711 = EDGE_CURVE('',#4712,#4691,#4714,.T.);
#4712 = VERTEX_POINT('',#4713);
#4713 = CARTESIAN_POINT('',(-64.01443701395,-7.11327408131,-62.));
#4714 = SURFACE_CURVE('',#4715,(#4719,#4725),.PCURVE_S1.);
#4715 = LINE('',#4716,#4717);
#4716 = CARTESIAN_POINT('',(-58.93059833315,-24.40946266176,-62.));
#4717 = VECTOR('',#4718,1.);
#4718 = DIRECTION('',(0.281999089006,-0.959414672496,0.));
#4719 = PCURVE('',#407,#4720);
#4720 = DEFINITIONAL_REPRESENTATION('',(#4721),#4724);
#4721 = B_SPLINE_CURVE_WITH_KNOTS('',1,(#4722,#4723),.UNSPECIFIED.,.F.,
  .F.,(2,2),(-18.02785497898,-17.67793462004),.PIECEWISE_BEZIER_KNOTS.);
#4722 = CARTESIAN_POINT('',(9.085562986044,39.88672591869));
#4723 = CARTESIAN_POINT('',(9.184240208487,39.551007192125));
#4724 = ( GEOMETRIC_REPRESENTATION_CONTEXT(2) 
PARAMETRIC_REPRESENTATION_CONTEXT() REPRESENTATION_CONTEXT('2D SPACE',''
  ) );
#4725 = PCURVE('',#1807,#4726);
#4726 = DEFINITIONAL_REPRESENTATION('',(#4727),#4730);
#4727 = B_SPLINE_CURVE_WITH_KNOTS('',1,(#4728,#4729),.UNSPECIFIED.,.F.,
  .F.,(2,2),(-18.02785497898,-17.67793462004),.PIECEWISE_BEZIER_KNOTS.);
#4728 = CARTESIAN_POINT('',(0.349920358933,-138.));
#4729 = CARTESIAN_POINT('',(0.,-138.));
#4730 = ( GEOMETRIC_REPRESENTATION_CONTEXT(2) 
PARAMETRIC_REPRESENTATION_CONTEXT() REPRESENTATION_CONTEXT('2D SPACE',''
  ) );
#4731 = ORIENTED_EDGE('',*,*,#4732,.F.);
#4732 = EDGE_CURVE('',#4733,#4712,#4735,.T.);
#4733 = VERTEX_POINT('',#4734);
#4734 = CARTESIAN_POINT('',(-64.11352649881,-6.779239964085,-62.));
#4735 = SURFACE_CURVE('',#4736,(#4740,#4746),.PCURVE_S1.);
#4736 = LINE('',#4737,#4738);
#4737 = CARTESIAN_POINT('',(-58.94426413584,-24.20500408616,-62.));
#4738 = VECTOR('',#4739,1.);
#4739 = DIRECTION('',(0.284395465629,-0.958707055951,0.));
#4740 = PCURVE('',#407,#4741);
#4741 = DEFINITIONAL_REPRESENTATION('',(#4742),#4745);
#4742 = B_SPLINE_CURVE_WITH_KNOTS('',1,(#4743,#4744),.UNSPECIFIED.,.F.,
  .F.,(2,2),(-18.17631779584,-17.82789633055),.PIECEWISE_BEZIER_KNOTS.);
#4743 = CARTESIAN_POINT('',(8.986473501185,40.220760035915));
#4744 = CARTESIAN_POINT('',(9.085562986044,39.88672591869));
#4745 = ( GEOMETRIC_REPRESENTATION_CONTEXT(2) 
PARAMETRIC_REPRESENTATION_CONTEXT() REPRESENTATION_CONTEXT('2D SPACE',''
  ) );
#4746 = PCURVE('',#1833,#4747);
#4747 = DEFINITIONAL_REPRESENTATION('',(#4748),#4751);
#4748 = B_SPLINE_CURVE_WITH_KNOTS('',1,(#4749,#4750),.UNSPECIFIED.,.F.,
  .F.,(2,2),(-18.17631779584,-17.82789633055),.PIECEWISE_BEZIER_KNOTS.);
#4749 = CARTESIAN_POINT('',(0.348421465297,-138.));
#4750 = CARTESIAN_POINT('',(0.,-138.));
#4751 = ( GEOMETRIC_REPRESENTATION_CONTEXT(2) 
PARAMETRIC_REPRESENTATION_CONTEXT() REPRESENTATION_CONTEXT('2D SPACE',''
  ) );
#4752 = ORIENTED_EDGE('',*,*,#4753,.F.);
#4753 = EDGE_CURVE('',#4754,#4733,#4756,.T.);
#4754 = VERTEX_POINT('',#4755);
#4755 = CARTESIAN_POINT('',(-64.21129693903,-6.441984662284,-62.));
#4756 = SURFACE_CURVE('',#4757,(#4761,#4767),.PCURVE_S1.);
#4757 = LINE('',#4758,#4759);
#4758 = CARTESIAN_POINT('',(-59.08384682239,-24.12892288919,-62.));
#4759 = VECTOR('',#4760,1.);
#4760 = DIRECTION('',(0.278436191249,-0.960454729492,0.));
#4761 = PCURVE('',#407,#4762);
#4762 = DEFINITIONAL_REPRESENTATION('',(#4763),#4766);
#4763 = B_SPLINE_CURVE_WITH_KNOTS('',1,(#4764,#4765),.UNSPECIFIED.,.F.,
  .F.,(2,2),(-18.41517115155,-18.0640298729),.PIECEWISE_BEZIER_KNOTS.);
#4764 = CARTESIAN_POINT('',(8.888703060967,40.558015337716));
#4765 = CARTESIAN_POINT('',(8.986473501185,40.220760035915));
#4766 = ( GEOMETRIC_REPRESENTATION_CONTEXT(2) 
PARAMETRIC_REPRESENTATION_CONTEXT() REPRESENTATION_CONTEXT('2D SPACE',''
  ) );
#4767 = PCURVE('',#1859,#4768);
#4768 = DEFINITIONAL_REPRESENTATION('',(#4769),#4772);
#4769 = B_SPLINE_CURVE_WITH_KNOTS('',1,(#4770,#4771),.UNSPECIFIED.,.F.,
  .F.,(2,2),(-18.41517115155,-18.0640298729),.PIECEWISE_BEZIER_KNOTS.);
#4770 = CARTESIAN_POINT('',(0.351141278652,-138.));
#4771 = CARTESIAN_POINT('',(0.,-138.));
#4772 = ( GEOMETRIC_REPRESENTATION_CONTEXT(2) 
PARAMETRIC_REPRESENTATION_CONTEXT() REPRESENTATION_CONTEXT('2D SPACE',''
  ) );
#4773 = ORIENTED_EDGE('',*,*,#4774,.F.);
#4774 = EDGE_CURVE('',#4775,#4754,#4777,.T.);
#4775 = VERTEX_POINT('',#4776);
#4776 = CARTESIAN_POINT('',(-64.30345963771,-6.106340879745,-62.));
#4777 = SURFACE_CURVE('',#4778,(#4782,#4788),.PCURVE_S1.);
#4778 = LINE('',#4779,#4780);
#4779 = CARTESIAN_POINT('',(-59.34498334263,-24.16442471627,-62.));
#4780 = VECTOR('',#4781,1.);
#4781 = DIRECTION('',(0.264784280145,-0.964307671331,0.));
#4782 = PCURVE('',#407,#4783);
#4783 = DEFINITIONAL_REPRESENTATION('',(#4784),#4787);
#4784 = B_SPLINE_CURVE_WITH_KNOTS('',1,(#4785,#4786),.UNSPECIFIED.,.F.,
  .F.,(2,2),(-18.72647534951,-18.37840824135),.PIECEWISE_BEZIER_KNOTS.);
#4785 = CARTESIAN_POINT('',(8.79654036229,40.893659120255));
#4786 = CARTESIAN_POINT('',(8.888703060967,40.558015337716));
#4787 = ( GEOMETRIC_REPRESENTATION_CONTEXT(2) 
PARAMETRIC_REPRESENTATION_CONTEXT() REPRESENTATION_CONTEXT('2D SPACE',''
  ) );
#4788 = PCURVE('',#1885,#4789);
#4789 = DEFINITIONAL_REPRESENTATION('',(#4790),#4793);
#4790 = B_SPLINE_CURVE_WITH_KNOTS('',1,(#4791,#4792),.UNSPECIFIED.,.F.,
  .F.,(2,2),(-18.72647534951,-18.37840824135),.PIECEWISE_BEZIER_KNOTS.);
#4791 = CARTESIAN_POINT('',(0.348067108162,-138.));
#4792 = CARTESIAN_POINT('',(0.,-138.));
#4793 = ( GEOMETRIC_REPRESENTATION_CONTEXT(2) 
PARAMETRIC_REPRESENTATION_CONTEXT() REPRESENTATION_CONTEXT('2D SPACE',''
  ) );
#4794 = ORIENTED_EDGE('',*,*,#4795,.F.);
#4795 = EDGE_CURVE('',#4796,#4775,#4798,.T.);
#4796 = VERTEX_POINT('',#4797);
#4797 = CARTESIAN_POINT('',(-64.39598795437,-5.772296104481,-62.));
#4798 = SURFACE_CURVE('',#4799,(#4803,#4809),.PCURVE_S1.);
#4799 = LINE('',#4800,#4801);
#4800 = CARTESIAN_POINT('',(-59.3568095922,-23.9646858953,-62.));
#4801 = VECTOR('',#4802,1.);
#4802 = DIRECTION('',(0.266942344495,-0.963712501068,0.));
#4803 = PCURVE('',#407,#4804);
#4804 = DEFINITIONAL_REPRESENTATION('',(#4805),#4808);
#4805 = B_SPLINE_CURVE_WITH_KNOTS('',1,(#4806,#4807),.UNSPECIFIED.,.F.,
  .F.,(2,2),(-18.87740355205,-18.53078070042),.PIECEWISE_BEZIER_KNOTS.);
#4806 = CARTESIAN_POINT('',(8.704012045622,41.227703895519));
#4807 = CARTESIAN_POINT('',(8.79654036229,40.893659120255));
#4808 = ( GEOMETRIC_REPRESENTATION_CONTEXT(2) 
PARAMETRIC_REPRESENTATION_CONTEXT() REPRESENTATION_CONTEXT('2D SPACE',''
  ) );
#4809 = PCURVE('',#1911,#4810);
#4810 = DEFINITIONAL_REPRESENTATION('',(#4811),#4814);
#4811 = B_SPLINE_CURVE_WITH_KNOTS('',1,(#4812,#4813),.UNSPECIFIED.,.F.,
  .F.,(2,2),(-18.87740355205,-18.53078070042),.PIECEWISE_BEZIER_KNOTS.);
#4812 = CARTESIAN_POINT('',(0.346622851622,-138.));
#4813 = CARTESIAN_POINT('',(0.,-138.));
#4814 = ( GEOMETRIC_REPRESENTATION_CONTEXT(2) 
PARAMETRIC_REPRESENTATION_CONTEXT() REPRESENTATION_CONTEXT('2D SPACE',''
  ) );
#4815 = ORIENTED_EDGE('',*,*,#4816,.F.);
#4816 = EDGE_CURVE('',#4817,#4796,#4819,.T.);
#4817 = VERTEX_POINT('',#4818);
#4818 = CARTESIAN_POINT('',(-64.48719406059,-5.435199898138,-62.));
#4819 = SURFACE_CURVE('',#4820,(#4824,#4830),.PCURVE_S1.);
#4820 = LINE('',#4821,#4822);
#4821 = CARTESIAN_POINT('',(-59.49591839892,-23.88286924908,-62.));
#4822 = VECTOR('',#4823,1.);
#4823 = DIRECTION('',(0.261173271098,-0.965291936392,0.));
#4824 = PCURVE('',#407,#4825);
#4825 = DEFINITIONAL_REPRESENTATION('',(#4826),#4829);
#4826 = B_SPLINE_CURVE_WITH_KNOTS('',1,(#4827,#4828),.UNSPECIFIED.,.F.,
  .F.,(2,2),(-19.11097426121,-18.76175741433),.PIECEWISE_BEZIER_KNOTS.);
#4827 = CARTESIAN_POINT('',(8.612805939401,41.564800101862));
#4828 = CARTESIAN_POINT('',(8.704012045622,41.227703895519));
#4829 = ( GEOMETRIC_REPRESENTATION_CONTEXT(2) 
PARAMETRIC_REPRESENTATION_CONTEXT() REPRESENTATION_CONTEXT('2D SPACE',''
  ) );
#4830 = PCURVE('',#1937,#4831);
#4831 = DEFINITIONAL_REPRESENTATION('',(#4832),#4835);
#4832 = B_SPLINE_CURVE_WITH_KNOTS('',1,(#4833,#4834),.UNSPECIFIED.,.F.,
  .F.,(2,2),(-19.11097426121,-18.76175741433),.PIECEWISE_BEZIER_KNOTS.);
#4833 = CARTESIAN_POINT('',(0.349216846878,-138.));
#4834 = CARTESIAN_POINT('',(0.,-138.));
#4835 = ( GEOMETRIC_REPRESENTATION_CONTEXT(2) 
PARAMETRIC_REPRESENTATION_CONTEXT() REPRESENTATION_CONTEXT('2D SPACE',''
  ) );
#4836 = ORIENTED_EDGE('',*,*,#4837,.F.);
#4837 = EDGE_CURVE('',#4838,#4817,#4840,.T.);
#4838 = VERTEX_POINT('',#4839);
#4839 = CARTESIAN_POINT('',(-64.57351678642,-5.098180248834,-62.));
#4840 = SURFACE_CURVE('',#4841,(#4845,#4851),.PCURVE_S1.);
#4841 = LINE('',#4842,#4843);
#4842 = CARTESIAN_POINT('',(-59.75693593588,-23.9029894518,-62.));
#4843 = VECTOR('',#4844,1.);
#4844 = DIRECTION('',(0.248125676998,-0.968727850541,0.));
#4845 = PCURVE('',#407,#4846);
#4846 = DEFINITIONAL_REPRESENTATION('',(#4847),#4850);
#4847 = B_SPLINE_CURVE_WITH_KNOTS('',1,(#4848,#4849),.UNSPECIFIED.,.F.,
  .F.,(2,2),(-19.41185978339,-19.06396057814),.PIECEWISE_BEZIER_KNOTS.);
#4848 = CARTESIAN_POINT('',(8.526483213572,41.901819751166));
#4849 = CARTESIAN_POINT('',(8.612805939401,41.564800101862));
#4850 = ( GEOMETRIC_REPRESENTATION_CONTEXT(2) 
PARAMETRIC_REPRESENTATION_CONTEXT() REPRESENTATION_CONTEXT('2D SPACE',''
  ) );
#4851 = PCURVE('',#1963,#4852);
#4852 = DEFINITIONAL_REPRESENTATION('',(#4853),#4856);
#4853 = B_SPLINE_CURVE_WITH_KNOTS('',1,(#4854,#4855),.UNSPECIFIED.,.F.,
  .F.,(2,2),(-19.41185978339,-19.06396057814),.PIECEWISE_BEZIER_KNOTS.);
#4854 = CARTESIAN_POINT('',(0.347899205247,-138.));
#4855 = CARTESIAN_POINT('',(0.,-138.));
#4856 = ( GEOMETRIC_REPRESENTATION_CONTEXT(2) 
PARAMETRIC_REPRESENTATION_CONTEXT() REPRESENTATION_CONTEXT('2D SPACE',''
  ) );
#4857 = ORIENTED_EDGE('',*,*,#4858,.F.);
#4858 = EDGE_CURVE('',#4859,#4838,#4861,.T.);
#4859 = VERTEX_POINT('',#4860);
#4860 = CARTESIAN_POINT('',(-64.65711743162,-4.764157500418,-62.));
#4861 = SURFACE_CURVE('',#4862,(#4866,#4872),.PCURVE_S1.);
#4862 = LINE('',#4863,#4864);
#4863 = CARTESIAN_POINT('',(-59.89026170985,-23.80992258713,-62.));
#4864 = VECTOR('',#4865,1.);
#4865 = DIRECTION('',(0.242795173782,-0.970077576067,0.));
#4866 = PCURVE('',#407,#4867);
#4867 = DEFINITIONAL_REPRESENTATION('',(#4868),#4871);
#4868 = B_SPLINE_CURVE_WITH_KNOTS('',1,(#4869,#4870),.UNSPECIFIED.,.F.,
  .F.,(2,2),(-19.63323919302,-19.28891338171),.PIECEWISE_BEZIER_KNOTS.);
#4869 = CARTESIAN_POINT('',(8.442882568377,42.235842499582));
#4870 = CARTESIAN_POINT('',(8.526483213572,41.901819751166));
#4871 = ( GEOMETRIC_REPRESENTATION_CONTEXT(2) 
PARAMETRIC_REPRESENTATION_CONTEXT() REPRESENTATION_CONTEXT('2D SPACE',''
  ) );
#4872 = PCURVE('',#1989,#4873);
#4873 = DEFINITIONAL_REPRESENTATION('',(#4874),#4877);
#4874 = B_SPLINE_CURVE_WITH_KNOTS('',1,(#4875,#4876),.UNSPECIFIED.,.F.,
  .F.,(2,2),(-19.63323919302,-19.28891338171),.PIECEWISE_BEZIER_KNOTS.);
#4875 = CARTESIAN_POINT('',(0.344325811313,-138.));
#4876 = CARTESIAN_POINT('',(0.,-138.));
#4877 = ( GEOMETRIC_REPRESENTATION_CONTEXT(2) 
PARAMETRIC_REPRESENTATION_CONTEXT() REPRESENTATION_CONTEXT('2D SPACE',''
  ) );
#4878 = ORIENTED_EDGE('',*,*,#4879,.F.);
#4879 = EDGE_CURVE('',#4880,#4859,#4882,.T.);
#4880 = VERTEX_POINT('',#4881);
#4881 = CARTESIAN_POINT('',(-64.74175359102,-4.428707061348,-62.));
#4882 = SURFACE_CURVE('',#4883,(#4887,#4893),.PCURVE_S1.);
#4883 = LINE('',#4884,#4885);
#4884 = CARTESIAN_POINT('',(-59.90046921991,-23.61685287709,-62.));
#4885 = VECTOR('',#4886,1.);
#4886 = DIRECTION('',(0.244639461798,-0.969614115889,0.));
#4887 = PCURVE('',#407,#4888);
#4888 = DEFINITIONAL_REPRESENTATION('',(#4889),#4892);
#4889 = B_SPLINE_CURVE_WITH_KNOTS('',1,(#4890,#4891),.UNSPECIFIED.,.F.,
  .F.,(2,2),(-19.78946624364,-19.44350341825),.PIECEWISE_BEZIER_KNOTS.);
#4890 = CARTESIAN_POINT('',(8.358246408971,42.571292938652));
#4891 = CARTESIAN_POINT('',(8.442882568377,42.235842499582));
#4892 = ( GEOMETRIC_REPRESENTATION_CONTEXT(2) 
PARAMETRIC_REPRESENTATION_CONTEXT() REPRESENTATION_CONTEXT('2D SPACE',''
  ) );
#4893 = PCURVE('',#2015,#4894);
#4894 = DEFINITIONAL_REPRESENTATION('',(#4895),#4898);
#4895 = B_SPLINE_CURVE_WITH_KNOTS('',1,(#4896,#4897),.UNSPECIFIED.,.F.,
  .F.,(2,2),(-19.78946624364,-19.44350341825),.PIECEWISE_BEZIER_KNOTS.);
#4896 = CARTESIAN_POINT('',(0.345962825389,-138.));
#4897 = CARTESIAN_POINT('',(0.,-138.));
#4898 = ( GEOMETRIC_REPRESENTATION_CONTEXT(2) 
PARAMETRIC_REPRESENTATION_CONTEXT() REPRESENTATION_CONTEXT('2D SPACE',''
  ) );
#4899 = ORIENTED_EDGE('',*,*,#4900,.F.);
#4900 = EDGE_CURVE('',#4901,#4880,#4903,.T.);
#4901 = VERTEX_POINT('',#4902);
#4902 = CARTESIAN_POINT('',(-64.82216961213,-4.091845029849,-62.));
#4903 = SURFACE_CURVE('',#4904,(#4908,#4914),.PCURVE_S1.);
#4904 = LINE('',#4905,#4906);
#4905 = CARTESIAN_POINT('',(-60.15970306996,-23.62287789566,-62.));
#4906 = VECTOR('',#4907,1.);
#4907 = DIRECTION('',(0.23219643806,-0.972668912915,0.));
#4908 = PCURVE('',#407,#4909);
#4909 = DEFINITIONAL_REPRESENTATION('',(#4910),#4913);
#4910 = B_SPLINE_CURVE_WITH_KNOTS('',1,(#4911,#4912),.UNSPECIFIED.,.F.,
  .F.,(2,2),(-20.07983662937,-19.73350908972),.PIECEWISE_BEZIER_KNOTS.);
#4911 = CARTESIAN_POINT('',(8.277830387864,42.908154970152));
#4912 = CARTESIAN_POINT('',(8.358246408971,42.571292938652));
#4913 = ( GEOMETRIC_REPRESENTATION_CONTEXT(2) 
PARAMETRIC_REPRESENTATION_CONTEXT() REPRESENTATION_CONTEXT('2D SPACE',''
  ) );
#4914 = PCURVE('',#2041,#4915);
#4915 = DEFINITIONAL_REPRESENTATION('',(#4916),#4919);
#4916 = B_SPLINE_CURVE_WITH_KNOTS('',1,(#4917,#4918),.UNSPECIFIED.,.F.,
  .F.,(2,2),(-20.07983662937,-19.73350908972),.PIECEWISE_BEZIER_KNOTS.);
#4917 = CARTESIAN_POINT('',(0.346327539645,-138.));
#4918 = CARTESIAN_POINT('',(0.,-138.));
#4919 = ( GEOMETRIC_REPRESENTATION_CONTEXT(2) 
PARAMETRIC_REPRESENTATION_CONTEXT() REPRESENTATION_CONTEXT('2D SPACE',''
  ) );
#4920 = ORIENTED_EDGE('',*,*,#4921,.F.);
#4921 = EDGE_CURVE('',#4922,#4901,#4924,.T.);
#4922 = VERTEX_POINT('',#4923);
#4923 = CARTESIAN_POINT('',(-64.90004489626,-3.757810540211,-62.));
#4924 = SURFACE_CURVE('',#4925,(#4929,#4935),.PCURVE_S1.);
#4925 = LINE('',#4926,#4927);
#4926 = CARTESIAN_POINT('',(-60.29166494827,-23.5247733355,-62.));
#4927 = VECTOR('',#4928,1.);
#4928 = DIRECTION('',(0.22704685524,-0.973883835745,0.));
#4929 = PCURVE('',#407,#4930);
#4930 = DEFINITIONAL_REPRESENTATION('',(#4931),#4934);
#4931 = B_SPLINE_CURVE_WITH_KNOTS('',1,(#4932,#4933),.UNSPECIFIED.,.F.,
  .F.,(2,2),(-20.29704372305,-19.95405159465),.PIECEWISE_BEZIER_KNOTS.);
#4932 = CARTESIAN_POINT('',(8.199955103738,43.242189459789));
#4933 = CARTESIAN_POINT('',(8.277830387864,42.908154970151));
#4934 = ( GEOMETRIC_REPRESENTATION_CONTEXT(2) 
PARAMETRIC_REPRESENTATION_CONTEXT() REPRESENTATION_CONTEXT('2D SPACE',''
  ) );
#4935 = PCURVE('',#2067,#4936);
#4936 = DEFINITIONAL_REPRESENTATION('',(#4937),#4940);
#4937 = B_SPLINE_CURVE_WITH_KNOTS('',1,(#4938,#4939),.UNSPECIFIED.,.F.,
  .F.,(2,2),(-20.29704372305,-19.95405159465),.PIECEWISE_BEZIER_KNOTS.);
#4938 = CARTESIAN_POINT('',(0.342992128401,-138.));
#4939 = CARTESIAN_POINT('',(0.,-138.));
#4940 = ( GEOMETRIC_REPRESENTATION_CONTEXT(2) 
PARAMETRIC_REPRESENTATION_CONTEXT() REPRESENTATION_CONTEXT('2D SPACE',''
  ) );
#4941 = ORIENTED_EDGE('',*,*,#4942,.F.);
#4942 = EDGE_CURVE('',#4943,#4922,#4945,.T.);
#4943 = VERTEX_POINT('',#4944);
#4944 = CARTESIAN_POINT('',(-64.97881794199,-3.422431307927,-62.));
#4945 = SURFACE_CURVE('',#4946,(#4950,#4956),.PCURVE_S1.);
#4946 = LINE('',#4947,#4948);
#4947 = CARTESIAN_POINT('',(-60.30160510754,-23.33584248922,-62.));
#4948 = VECTOR('',#4949,1.);
#4949 = DIRECTION('',(0.2286550396,-0.973507510431,0.));
#4950 = PCURVE('',#407,#4951);
#4951 = DEFINITIONAL_REPRESENTATION('',(#4952),#4955);
#4952 = B_SPLINE_CURVE_WITH_KNOTS('',1,(#4953,#4954),.UNSPECIFIED.,.F.,
  .F.,(2,2),(-20.45532362917,-20.11081757381),.PIECEWISE_BEZIER_KNOTS.);
#4953 = CARTESIAN_POINT('',(8.121182058007,43.577568692073));
#4954 = CARTESIAN_POINT('',(8.199955103738,43.242189459789));
#4955 = ( GEOMETRIC_REPRESENTATION_CONTEXT(2) 
PARAMETRIC_REPRESENTATION_CONTEXT() REPRESENTATION_CONTEXT('2D SPACE',''
  ) );
#4956 = PCURVE('',#2093,#4957);
#4957 = DEFINITIONAL_REPRESENTATION('',(#4958),#4961);
#4958 = B_SPLINE_CURVE_WITH_KNOTS('',1,(#4959,#4960),.UNSPECIFIED.,.F.,
  .F.,(2,2),(-20.45532362917,-20.11081757381),.PIECEWISE_BEZIER_KNOTS.);
#4959 = CARTESIAN_POINT('',(0.344506055362,-138.));
#4960 = CARTESIAN_POINT('',(0.,-138.));
#4961 = ( GEOMETRIC_REPRESENTATION_CONTEXT(2) 
PARAMETRIC_REPRESENTATION_CONTEXT() REPRESENTATION_CONTEXT('2D SPACE',''
  ) );
#4962 = ORIENTED_EDGE('',*,*,#4963,.F.);
#4963 = EDGE_CURVE('',#4964,#4943,#4966,.T.);
#4964 = VERTEX_POINT('',#4965);
#4965 = CARTESIAN_POINT('',(-65.05762651408,-3.064681582983,-62.));
#4966 = SURFACE_CURVE('',#4967,(#4971,#4977),.PCURVE_S1.);
#4967 = LINE('',#4968,#4969);
#4968 = CARTESIAN_POINT('',(-60.58904884306,-23.34968853336,-62.));
#4969 = VECTOR('',#4970,1.);
#4970 = DIRECTION('',(0.215131610656,-0.976585065469,0.));
#4971 = PCURVE('',#407,#4972);
#4972 = DEFINITIONAL_REPRESENTATION('',(#4973),#4976);
#4973 = B_SPLINE_CURVE_WITH_KNOTS('',1,(#4974,#4975),.UNSPECIFIED.,.F.,
  .F.,(2,2),(-20.77136715237,-20.40503989877),.PIECEWISE_BEZIER_KNOTS.);
#4974 = CARTESIAN_POINT('',(8.042373485912,43.935318417017));
#4975 = CARTESIAN_POINT('',(8.121182058007,43.577568692073));
#4976 = ( GEOMETRIC_REPRESENTATION_CONTEXT(2) 
PARAMETRIC_REPRESENTATION_CONTEXT() REPRESENTATION_CONTEXT('2D SPACE',''
  ) );
#4977 = PCURVE('',#2119,#4978);
#4978 = DEFINITIONAL_REPRESENTATION('',(#4979),#4982);
#4979 = B_SPLINE_CURVE_WITH_KNOTS('',1,(#4980,#4981),.UNSPECIFIED.,.F.,
  .F.,(2,2),(-20.77136715237,-20.40503989877),.PIECEWISE_BEZIER_KNOTS.);
#4980 = CARTESIAN_POINT('',(0.366327253605,-138.));
#4981 = CARTESIAN_POINT('',(0.,-138.));
#4982 = ( GEOMETRIC_REPRESENTATION_CONTEXT(2) 
PARAMETRIC_REPRESENTATION_CONTEXT() REPRESENTATION_CONTEXT('2D SPACE',''
  ) );
#4983 = ORIENTED_EDGE('',*,*,#4984,.F.);
#4984 = EDGE_CURVE('',#4985,#4964,#4987,.T.);
#4985 = VERTEX_POINT('',#4986);
#4986 = CARTESIAN_POINT('',(-65.09748929894,-2.688897778915,-62.));
#4987 = SURFACE_CURVE('',#4988,(#4992,#4998),.PCURVE_S1.);
#4988 = LINE('',#4989,#4990);
#4989 = CARTESIAN_POINT('',(-62.79799489112,-24.36607761433,-62.));
#4990 = VECTOR('',#4991,1.);
#4991 = DIRECTION('',(0.105487188313,-0.994420662045,0.));
#4992 = PCURVE('',#407,#4993);
#4993 = DEFINITIONAL_REPRESENTATION('',(#4994),#4997);
#4994 = B_SPLINE_CURVE_WITH_KNOTS('',1,(#4995,#4996),.UNSPECIFIED.,.F.,
  .F.,(2,2),(-21.79880272282,-21.4209105305),.PIECEWISE_BEZIER_KNOTS.);
#4995 = CARTESIAN_POINT('',(8.002510701059,44.311102221085));
#4996 = CARTESIAN_POINT('',(8.042373485912,43.935318417017));
#4997 = ( GEOMETRIC_REPRESENTATION_CONTEXT(2) 
PARAMETRIC_REPRESENTATION_CONTEXT() REPRESENTATION_CONTEXT('2D SPACE',''
  ) );
#4998 = PCURVE('',#2145,#4999);
#4999 = DEFINITIONAL_REPRESENTATION('',(#5000),#5003);
#5000 = B_SPLINE_CURVE_WITH_KNOTS('',1,(#5001,#5002),.UNSPECIFIED.,.F.,
  .F.,(2,2),(-21.79880272282,-21.4209105305),.PIECEWISE_BEZIER_KNOTS.);
#5001 = CARTESIAN_POINT('',(0.377892192319,-138.));
#5002 = CARTESIAN_POINT('',(0.,-138.));
#5003 = ( GEOMETRIC_REPRESENTATION_CONTEXT(2) 
PARAMETRIC_REPRESENTATION_CONTEXT() REPRESENTATION_CONTEXT('2D SPACE',''
  ) );
#5004 = ORIENTED_EDGE('',*,*,#5005,.F.);
#5005 = EDGE_CURVE('',#5006,#4985,#5008,.T.);
#5006 = VERTEX_POINT('',#5007);
#5007 = CARTESIAN_POINT('',(-65.0999983884,-2.33446879595,-62.));
#5008 = SURFACE_CURVE('',#5009,(#5013,#5019),.PCURVE_S1.);
#5009 = LINE('',#5010,#5011);
#5010 = CARTESIAN_POINT('',(-64.94085310919,-24.81501415825,-62.));
#5011 = VECTOR('',#5012,1.);
#5012 = DIRECTION('',(7.079067209066E-03,-0.99997494309,0.));
#5013 = PCURVE('',#407,#5014);
#5014 = DEFINITIONAL_REPRESENTATION('',(#5015),#5018);
#5015 = B_SPLINE_CURVE_WITH_KNOTS('',1,(#5016,#5017),.UNSPECIFIED.,.F.,
  .F.,(2,2),(-22.48110866942,-22.12667080534),.PIECEWISE_BEZIER_KNOTS.);
#5016 = CARTESIAN_POINT('',(8.000001611597,44.66553120405));
#5017 = CARTESIAN_POINT('',(8.002510701059,44.311102221085));
#5018 = ( GEOMETRIC_REPRESENTATION_CONTEXT(2) 
PARAMETRIC_REPRESENTATION_CONTEXT() REPRESENTATION_CONTEXT('2D SPACE',''
  ) );
#5019 = PCURVE('',#2171,#5020);
#5020 = DEFINITIONAL_REPRESENTATION('',(#5021),#5024);
#5021 = B_SPLINE_CURVE_WITH_KNOTS('',1,(#5022,#5023),.UNSPECIFIED.,.F.,
  .F.,(2,2),(-22.48110866942,-22.12667080534),.PIECEWISE_BEZIER_KNOTS.);
#5022 = CARTESIAN_POINT('',(0.354437864083,-138.));
#5023 = CARTESIAN_POINT('',(0.,-138.));
#5024 = ( GEOMETRIC_REPRESENTATION_CONTEXT(2) 
PARAMETRIC_REPRESENTATION_CONTEXT() REPRESENTATION_CONTEXT('2D SPACE',''
  ) );
#5025 = ORIENTED_EDGE('',*,*,#5026,.F.);
#5026 = EDGE_CURVE('',#5027,#5006,#5029,.T.);
#5027 = VERTEX_POINT('',#5028);
#5028 = CARTESIAN_POINT('',(-65.1,-2.,-62.));
#5029 = SURFACE_CURVE('',#5030,(#5034,#5040),.PCURVE_S1.);
#5030 = LINE('',#5031,#5032);
#5031 = CARTESIAN_POINT('',(-65.09989078076,-24.66721512393,-62.));
#5032 = VECTOR('',#5033,1.);
#5033 = DIRECTION('',(4.818379053245E-06,-0.999999999988,0.));
#5034 = PCURVE('',#407,#5035);
#5035 = DEFINITIONAL_REPRESENTATION('',(#5036),#5039);
#5036 = B_SPLINE_CURVE_WITH_KNOTS('',1,(#5037,#5038),.UNSPECIFIED.,.F.,
  .F.,(2,2),(-22.66721512419,-22.33274632824),.PIECEWISE_BEZIER_KNOTS.);
#5037 = CARTESIAN_POINT('',(8.,45.));
#5038 = CARTESIAN_POINT('',(8.000001611597,44.66553120405));
#5039 = ( GEOMETRIC_REPRESENTATION_CONTEXT(2) 
PARAMETRIC_REPRESENTATION_CONTEXT() REPRESENTATION_CONTEXT('2D SPACE',''
  ) );
#5040 = PCURVE('',#2197,#5041);
#5041 = DEFINITIONAL_REPRESENTATION('',(#5042),#5045);
#5042 = B_SPLINE_CURVE_WITH_KNOTS('',1,(#5043,#5044),.UNSPECIFIED.,.F.,
  .F.,(2,2),(-22.66721512419,-22.33274632824),.PIECEWISE_BEZIER_KNOTS.);
#5043 = CARTESIAN_POINT('',(0.334468795954,-138.));
#5044 = CARTESIAN_POINT('',(0.,-138.));
#5045 = ( GEOMETRIC_REPRESENTATION_CONTEXT(2) 
PARAMETRIC_REPRESENTATION_CONTEXT() REPRESENTATION_CONTEXT('2D SPACE',''
  ) );
#5046 = ORIENTED_EDGE('',*,*,#5047,.F.);
#5047 = EDGE_CURVE('',#5048,#5027,#5050,.T.);
#5048 = VERTEX_POINT('',#5049);
#5049 = CARTESIAN_POINT('',(-65.1,2.,-62.));
#5050 = SURFACE_CURVE('',#5051,(#5055,#5061),.PCURVE_S1.);
#5051 = LINE('',#5052,#5053);
#5052 = CARTESIAN_POINT('',(-65.1,-24.5,-62.));
#5053 = VECTOR('',#5054,1.);
#5054 = DIRECTION('',(0.,-1.,0.));
#5055 = PCURVE('',#407,#5056);
#5056 = DEFINITIONAL_REPRESENTATION('',(#5057),#5060);
#5057 = B_SPLINE_CURVE_WITH_KNOTS('',1,(#5058,#5059),.UNSPECIFIED.,.F.,
  .F.,(2,2),(-26.5,-22.5),.PIECEWISE_BEZIER_KNOTS.);
#5058 = CARTESIAN_POINT('',(8.,49.));
#5059 = CARTESIAN_POINT('',(8.,45.));
#5060 = ( GEOMETRIC_REPRESENTATION_CONTEXT(2) 
PARAMETRIC_REPRESENTATION_CONTEXT() REPRESENTATION_CONTEXT('2D SPACE',''
  ) );
#5061 = PCURVE('',#5062,#5067);
#5062 = PLANE('',#5063);
#5063 = AXIS2_PLACEMENT_3D('',#5064,#5065,#5066);
#5064 = CARTESIAN_POINT('',(-65.1,-2.,-200.));
#5065 = DIRECTION('',(-1.,0.,0.));
#5066 = DIRECTION('',(0.,1.,0.));
#5067 = DEFINITIONAL_REPRESENTATION('',(#5068),#5071);
#5068 = B_SPLINE_CURVE_WITH_KNOTS('',1,(#5069,#5070),.UNSPECIFIED.,.F.,
  .F.,(2,2),(-26.5,-22.5),.PIECEWISE_BEZIER_KNOTS.);
#5069 = CARTESIAN_POINT('',(4.,-138.));
#5070 = CARTESIAN_POINT('',(0.,-138.));
#5071 = ( GEOMETRIC_REPRESENTATION_CONTEXT(2) 
PARAMETRIC_REPRESENTATION_CONTEXT() REPRESENTATION_CONTEXT('2D SPACE',''
  ) );
#5072 = ORIENTED_EDGE('',*,*,#5073,.F.);
#5073 = EDGE_CURVE('',#5074,#5048,#5076,.T.);
#5074 = VERTEX_POINT('',#5075);
#5075 = CARTESIAN_POINT('',(-65.0999994586,2.333991446666,-62.));
#5076 = SURFACE_CURVE('',#5077,(#5081,#5087),.PCURVE_S1.);
#5077 = LINE('',#5078,#5079);
#5078 = CARTESIAN_POINT('',(-65.1000397139,-22.50000648383,-62.));
#5079 = VECTOR('',#5080,1.);
#5080 = DIRECTION('',(-1.620975083529E-06,-0.999999999999,0.));
#5081 = PCURVE('',#407,#5082);
#5082 = DEFINITIONAL_REPRESENTATION('',(#5083),#5086);
#5083 = B_SPLINE_CURVE_WITH_KNOTS('',1,(#5084,#5085),.UNSPECIFIED.,.F.,
  .F.,(2,2),(-24.83399793053,-24.50000648386),.PIECEWISE_BEZIER_KNOTS.);
#5084 = CARTESIAN_POINT('',(8.000000541392,49.333991446666));
#5085 = CARTESIAN_POINT('',(8.,49.));
#5086 = ( GEOMETRIC_REPRESENTATION_CONTEXT(2) 
PARAMETRIC_REPRESENTATION_CONTEXT() REPRESENTATION_CONTEXT('2D SPACE',''
  ) );
#5087 = PCURVE('',#2249,#5088);
#5088 = DEFINITIONAL_REPRESENTATION('',(#5089),#5092);
#5089 = B_SPLINE_CURVE_WITH_KNOTS('',1,(#5090,#5091),.UNSPECIFIED.,.F.,
  .F.,(2,2),(-24.83399793053,-24.50000648386),.PIECEWISE_BEZIER_KNOTS.);
#5090 = CARTESIAN_POINT('',(0.333991446666,-138.));
#5091 = CARTESIAN_POINT('',(0.,-138.));
#5092 = ( GEOMETRIC_REPRESENTATION_CONTEXT(2) 
PARAMETRIC_REPRESENTATION_CONTEXT() REPRESENTATION_CONTEXT('2D SPACE',''
  ) );
#5093 = ORIENTED_EDGE('',*,*,#5094,.F.);
#5094 = EDGE_CURVE('',#5095,#5074,#5097,.T.);
#5095 = VERTEX_POINT('',#5096);
#5096 = CARTESIAN_POINT('',(-65.0982334464,2.689803406943,-62.));
#5097 = SURFACE_CURVE('',#5098,(#5102,#5108),.PCURVE_S1.);
#5098 = LINE('',#5099,#5100);
#5099 = CARTESIAN_POINT('',(-65.22252542045,-22.3522494615,-62.));
#5100 = VECTOR('',#5101,1.);
#5101 = DIRECTION('',(-4.963268937363E-03,-0.999987682905,0.));
#5102 = PCURVE('',#407,#5103);
#5103 = DEFINITIONAL_REPRESENTATION('',(#5104),#5107);
#5104 = B_SPLINE_CURVE_WITH_KNOTS('',1,(#5105,#5106),.UNSPECIFIED.,.F.,
  .F.,(2,2),(-25.04236131759,-24.68654497469),.PIECEWISE_BEZIER_KNOTS.);
#5105 = CARTESIAN_POINT('',(8.001766553594,49.689803406943));
#5106 = CARTESIAN_POINT('',(8.000000541392,49.333991446666));
#5107 = ( GEOMETRIC_REPRESENTATION_CONTEXT(2) 
PARAMETRIC_REPRESENTATION_CONTEXT() REPRESENTATION_CONTEXT('2D SPACE',''
  ) );
#5108 = PCURVE('',#2275,#5109);
#5109 = DEFINITIONAL_REPRESENTATION('',(#5110),#5113);
#5110 = B_SPLINE_CURVE_WITH_KNOTS('',1,(#5111,#5112),.UNSPECIFIED.,.F.,
  .F.,(2,2),(-25.04236131759,-24.68654497469),.PIECEWISE_BEZIER_KNOTS.);
#5111 = CARTESIAN_POINT('',(0.355816342901,-138.));
#5112 = CARTESIAN_POINT('',(0.,-138.));
#5113 = ( GEOMETRIC_REPRESENTATION_CONTEXT(2) 
PARAMETRIC_REPRESENTATION_CONTEXT() REPRESENTATION_CONTEXT('2D SPACE',''
  ) );
#5114 = ORIENTED_EDGE('',*,*,#5115,.F.);
#5115 = EDGE_CURVE('',#5116,#5095,#5118,.T.);
#5116 = VERTEX_POINT('',#5117);
#5117 = CARTESIAN_POINT('',(-65.05588564898,3.066035107686,-62.));
#5118 = SURFACE_CURVE('',#5119,(#5123,#5129),.PCURVE_S1.);
#5119 = LINE('',#5120,#5121);
#5120 = CARTESIAN_POINT('',(-67.90978783024,-22.28896649245,-62.));
#5121 = VECTOR('',#5122,1.);
#5122 = DIRECTION('',(-0.111851452939,-0.993724938036,0.));
#5123 = PCURVE('',#407,#5124);
#5124 = DEFINITIONAL_REPRESENTATION('',(#5125),#5128);
#5125 = B_SPLINE_CURVE_WITH_KNOTS('',1,(#5126,#5127),.UNSPECIFIED.,.F.,
  .F.,(2,2),(-25.51511049953,-25.13650301335),.PIECEWISE_BEZIER_KNOTS.);
#5126 = CARTESIAN_POINT('',(8.044114351016,50.066035107686));
#5127 = CARTESIAN_POINT('',(8.001766553594,49.689803406943));
#5128 = ( GEOMETRIC_REPRESENTATION_CONTEXT(2) 
PARAMETRIC_REPRESENTATION_CONTEXT() REPRESENTATION_CONTEXT('2D SPACE',''
  ) );
#5129 = PCURVE('',#2301,#5130);
#5130 = DEFINITIONAL_REPRESENTATION('',(#5131),#5134);
#5131 = B_SPLINE_CURVE_WITH_KNOTS('',1,(#5132,#5133),.UNSPECIFIED.,.F.,
  .F.,(2,2),(-25.51511049953,-25.13650301335),.PIECEWISE_BEZIER_KNOTS.);
#5132 = CARTESIAN_POINT('',(0.378607486179,-138.));
#5133 = CARTESIAN_POINT('',(0.,-138.));
#5134 = ( GEOMETRIC_REPRESENTATION_CONTEXT(2) 
PARAMETRIC_REPRESENTATION_CONTEXT() REPRESENTATION_CONTEXT('2D SPACE',''
  ) );
#5135 = ORIENTED_EDGE('',*,*,#5136,.F.);
#5136 = EDGE_CURVE('',#5137,#5116,#5139,.T.);
#5137 = VERTEX_POINT('',#5138);
#5138 = CARTESIAN_POINT('',(-64.97756718076,3.421094719332,-62.));
#5139 = SURFACE_CURVE('',#5140,(#5144,#5150),.PCURVE_S1.);
#5140 = LINE('',#5141,#5142);
#5141 = CARTESIAN_POINT('',(-70.5080462851,-21.65153256464,-62.));
#5142 = VECTOR('',#5143,1.);
#5143 = DIRECTION('',(-0.2154004635,-0.976525801156,0.));
#5144 = PCURVE('',#407,#5145);
#5145 = DEFINITIONAL_REPRESENTATION('',(#5146),#5149);
#5146 = B_SPLINE_CURVE_WITH_KNOTS('',1,(#5147,#5148),.UNSPECIFIED.,.F.,
  .F.,(2,2),(-25.67533520802,-25.31174050195),.PIECEWISE_BEZIER_KNOTS.);
#5147 = CARTESIAN_POINT('',(8.122432819231,50.421094719332));
#5148 = CARTESIAN_POINT('',(8.044114351017,50.066035107686));
#5149 = ( GEOMETRIC_REPRESENTATION_CONTEXT(2) 
PARAMETRIC_REPRESENTATION_CONTEXT() REPRESENTATION_CONTEXT('2D SPACE',''
  ) );
#5150 = PCURVE('',#2327,#5151);
#5151 = DEFINITIONAL_REPRESENTATION('',(#5152),#5155);
#5152 = B_SPLINE_CURVE_WITH_KNOTS('',1,(#5153,#5154),.UNSPECIFIED.,.F.,
  .F.,(2,2),(-25.67533520802,-25.31174050195),.PIECEWISE_BEZIER_KNOTS.);
#5153 = CARTESIAN_POINT('',(0.363594706075,-138.));
#5154 = CARTESIAN_POINT('',(0.,-138.));
#5155 = ( GEOMETRIC_REPRESENTATION_CONTEXT(2) 
PARAMETRIC_REPRESENTATION_CONTEXT() REPRESENTATION_CONTEXT('2D SPACE',''
  ) );
#5156 = ORIENTED_EDGE('',*,*,#5157,.F.);
#5157 = EDGE_CURVE('',#5158,#5137,#5160,.T.);
#5158 = VERTEX_POINT('',#5159);
#5159 = CARTESIAN_POINT('',(-64.90124645418,3.756446418955,-62.));
#5160 = SURFACE_CURVE('',#5161,(#5165,#5171),.PCURVE_S1.);
#5161 = LINE('',#5162,#5163);
#5162 = CARTESIAN_POINT('',(-70.63253992789,-21.42673898237,-62.));
#5163 = VECTOR('',#5164,1.);
#5164 = DIRECTION('',(-0.221909823887,-0.975067192589,0.));
#5165 = PCURVE('',#407,#5166);
#5166 = DEFINITIONAL_REPRESENTATION('',(#5167),#5170);
#5167 = B_SPLINE_CURVE_WITH_KNOTS('',1,(#5168,#5169),.UNSPECIFIED.,.F.,
  .F.,(2,2),(-25.82712821511,-25.48320145583),.PIECEWISE_BEZIER_KNOTS.);
#5168 = CARTESIAN_POINT('',(8.198753545812,50.756446418955));
#5169 = CARTESIAN_POINT('',(8.122432819231,50.421094719332));
#5170 = ( GEOMETRIC_REPRESENTATION_CONTEXT(2) 
PARAMETRIC_REPRESENTATION_CONTEXT() REPRESENTATION_CONTEXT('2D SPACE',''
  ) );
#5171 = PCURVE('',#2353,#5172);
#5172 = DEFINITIONAL_REPRESENTATION('',(#5173),#5176);
#5173 = B_SPLINE_CURVE_WITH_KNOTS('',1,(#5174,#5175),.UNSPECIFIED.,.F.,
  .F.,(2,2),(-25.82712821511,-25.48320145583),.PIECEWISE_BEZIER_KNOTS.);
#5174 = CARTESIAN_POINT('',(0.343926759275,-138.));
#5175 = CARTESIAN_POINT('',(0.,-138.));
#5176 = ( GEOMETRIC_REPRESENTATION_CONTEXT(2) 
PARAMETRIC_REPRESENTATION_CONTEXT() REPRESENTATION_CONTEXT('2D SPACE',''
  ) );
#5177 = ORIENTED_EDGE('',*,*,#5178,.F.);
#5178 = EDGE_CURVE('',#5179,#5158,#5181,.T.);
#5179 = VERTEX_POINT('',#5180);
#5180 = CARTESIAN_POINT('',(-64.82274005533,4.093256258517,-62.));
#5181 = SURFACE_CURVE('',#5182,(#5186,#5192),.PCURVE_S1.);
#5182 = LINE('',#5183,#5184);
#5183 = CARTESIAN_POINT('',(-70.72303212904,-21.22030360192,-62.));
#5184 = VECTOR('',#5185,1.);
#5185 = DIRECTION('',(-0.227003201112,-0.973894012039,0.));
#5186 = PCURVE('',#407,#5187);
#5187 = DEFINITIONAL_REPRESENTATION('',(#5188),#5191);
#5188 = B_SPLINE_CURVE_WITH_KNOTS('',1,(#5189,#5190),.UNSPECIFIED.,.F.,
  .F.,(2,2),(-25.99210955969,-25.6462712699),.PIECEWISE_BEZIER_KNOTS.);
#5189 = CARTESIAN_POINT('',(8.277259944662,51.093256258517));
#5190 = CARTESIAN_POINT('',(8.198753545812,50.756446418955));
#5191 = ( GEOMETRIC_REPRESENTATION_CONTEXT(2) 
PARAMETRIC_REPRESENTATION_CONTEXT() REPRESENTATION_CONTEXT('2D SPACE',''
  ) );
#5192 = PCURVE('',#2379,#5193);
#5193 = DEFINITIONAL_REPRESENTATION('',(#5194),#5197);
#5194 = B_SPLINE_CURVE_WITH_KNOTS('',1,(#5195,#5196),.UNSPECIFIED.,.F.,
  .F.,(2,2),(-25.99210955969,-25.6462712699),.PIECEWISE_BEZIER_KNOTS.);
#5195 = CARTESIAN_POINT('',(0.345838289792,-138.));
#5196 = CARTESIAN_POINT('',(0.,-138.));
#5197 = ( GEOMETRIC_REPRESENTATION_CONTEXT(2) 
PARAMETRIC_REPRESENTATION_CONTEXT() REPRESENTATION_CONTEXT('2D SPACE',''
  ) );
#5198 = ORIENTED_EDGE('',*,*,#5199,.F.);
#5199 = EDGE_CURVE('',#5200,#5179,#5202,.T.);
#5200 = VERTEX_POINT('',#5201);
#5201 = CARTESIAN_POINT('',(-64.74008998797,4.42868280114,-62.));
#5202 = SURFACE_CURVE('',#5203,(#5207,#5213),.PCURVE_S1.);
#5203 = LINE('',#5204,#5205);
#5204 = CARTESIAN_POINT('',(-70.99408769896,-20.95250437485,-62.));
#5205 = VECTOR('',#5206,1.);
#5206 = DIRECTION('',(-0.239247031326,-0.970958731359,0.));
#5207 = PCURVE('',#407,#5208);
#5208 = DEFINITIONAL_REPRESENTATION('',(#5209),#5212);
#5209 = B_SPLINE_CURVE_WITH_KNOTS('',1,(#5210,#5211),.UNSPECIFIED.,.F.,
  .F.,(2,2),(-26.14033568705,-25.79487657351),.PIECEWISE_BEZIER_KNOTS.);
#5210 = CARTESIAN_POINT('',(8.359910012022,51.42868280114));
#5211 = CARTESIAN_POINT('',(8.277259944662,51.093256258517));
#5212 = ( GEOMETRIC_REPRESENTATION_CONTEXT(2) 
PARAMETRIC_REPRESENTATION_CONTEXT() REPRESENTATION_CONTEXT('2D SPACE',''
  ) );
#5213 = PCURVE('',#2405,#5214);
#5214 = DEFINITIONAL_REPRESENTATION('',(#5215),#5218);
#5215 = B_SPLINE_CURVE_WITH_KNOTS('',1,(#5216,#5217),.UNSPECIFIED.,.F.,
  .F.,(2,2),(-26.14033568705,-25.79487657351),.PIECEWISE_BEZIER_KNOTS.);
#5216 = CARTESIAN_POINT('',(0.345459113544,-138.));
#5217 = CARTESIAN_POINT('',(0.,-138.));
#5218 = ( GEOMETRIC_REPRESENTATION_CONTEXT(2) 
PARAMETRIC_REPRESENTATION_CONTEXT() REPRESENTATION_CONTEXT('2D SPACE',''
  ) );
#5219 = ORIENTED_EDGE('',*,*,#5220,.F.);
#5220 = EDGE_CURVE('',#5221,#5200,#5223,.T.);
#5221 = VERTEX_POINT('',#5222);
#5222 = CARTESIAN_POINT('',(-64.65842869596,4.762709401281,-62.));
#5223 = SURFACE_CURVE('',#5224,(#5228,#5234),.PCURVE_S1.);
#5224 = LINE('',#5225,#5226);
#5225 = CARTESIAN_POINT('',(-70.90780915449,-20.79969912945,-62.));
#5226 = VECTOR('',#5227,1.);
#5227 = DIRECTION('',(-0.237481479522,-0.971392066513,0.));
#5228 = PCURVE('',#407,#5229);
#5229 = DEFINITIONAL_REPRESENTATION('',(#5230),#5233);
#5230 = B_SPLINE_CURVE_WITH_KNOTS('',1,(#5231,#5232),.UNSPECIFIED.,.F.,
  .F.,(2,2),(-26.3152329651,-25.97136913127),.PIECEWISE_BEZIER_KNOTS.);
#5231 = CARTESIAN_POINT('',(8.441571304033,51.762709401281));
#5232 = CARTESIAN_POINT('',(8.359910012022,51.42868280114));
#5233 = ( GEOMETRIC_REPRESENTATION_CONTEXT(2) 
PARAMETRIC_REPRESENTATION_CONTEXT() REPRESENTATION_CONTEXT('2D SPACE',''
  ) );
#5234 = PCURVE('',#2431,#5235);
#5235 = DEFINITIONAL_REPRESENTATION('',(#5236),#5239);
#5236 = B_SPLINE_CURVE_WITH_KNOTS('',1,(#5237,#5238),.UNSPECIFIED.,.F.,
  .F.,(2,2),(-26.3152329651,-25.97136913127),.PIECEWISE_BEZIER_KNOTS.);
#5237 = CARTESIAN_POINT('',(0.343863833827,-138.));
#5238 = CARTESIAN_POINT('',(0.,-138.));
#5239 = ( GEOMETRIC_REPRESENTATION_CONTEXT(2) 
PARAMETRIC_REPRESENTATION_CONTEXT() REPRESENTATION_CONTEXT('2D SPACE',''
  ) );
#5240 = ORIENTED_EDGE('',*,*,#5241,.F.);
#5241 = EDGE_CURVE('',#5242,#5221,#5244,.T.);
#5242 = VERTEX_POINT('',#5243);
#5243 = CARTESIAN_POINT('',(-64.57410736298,5.099676315363,-62.));
#5244 = SURFACE_CURVE('',#5245,(#5249,#5255),.PCURVE_S1.);
#5245 = LINE('',#5246,#5247);
#5246 = CARTESIAN_POINT('',(-71.00195913212,-20.58745762987,-62.));
#5247 = VECTOR('',#5248,1.);
#5248 = DIRECTION('',(-0.242751310331,-0.970088553346,0.));
#5249 = PCURVE('',#407,#5250);
#5250 = DEFINITIONAL_REPRESENTATION('',(#5251),#5254);
#5251 = B_SPLINE_CURVE_WITH_KNOTS('',1,(#5252,#5253),.UNSPECIFIED.,.F.,
  .F.,(2,2),(-26.4791640481,-26.13180718782),.PIECEWISE_BEZIER_KNOTS.);
#5252 = CARTESIAN_POINT('',(8.525892637018,52.099676315363));
#5253 = CARTESIAN_POINT('',(8.441571304033,51.762709401281));
#5254 = ( GEOMETRIC_REPRESENTATION_CONTEXT(2) 
PARAMETRIC_REPRESENTATION_CONTEXT() REPRESENTATION_CONTEXT('2D SPACE',''
  ) );
#5255 = PCURVE('',#2457,#5256);
#5256 = DEFINITIONAL_REPRESENTATION('',(#5257),#5260);
#5257 = B_SPLINE_CURVE_WITH_KNOTS('',1,(#5258,#5259),.UNSPECIFIED.,.F.,
  .F.,(2,2),(-26.4791640481,-26.13180718782),.PIECEWISE_BEZIER_KNOTS.);
#5258 = CARTESIAN_POINT('',(0.347356860278,-138.));
#5259 = CARTESIAN_POINT('',(0.,-138.));
#5260 = ( GEOMETRIC_REPRESENTATION_CONTEXT(2) 
PARAMETRIC_REPRESENTATION_CONTEXT() REPRESENTATION_CONTEXT('2D SPACE',''
  ) );
#5261 = ORIENTED_EDGE('',*,*,#5262,.F.);
#5262 = EDGE_CURVE('',#5263,#5242,#5265,.T.);
#5263 = VERTEX_POINT('',#5264);
#5264 = CARTESIAN_POINT('',(-64.48540982704,5.43517480712,-62.));
#5265 = SURFACE_CURVE('',#5266,(#5270,#5276),.PCURVE_S1.);
#5266 = LINE('',#5267,#5268);
#5267 = CARTESIAN_POINT('',(-71.28962217336,-20.3017631541,-62.));
#5268 = VECTOR('',#5269,1.);
#5269 = DIRECTION('',(-0.255593932133,-0.966784227145,0.));
#5270 = PCURVE('',#407,#5271);
#5271 = DEFINITIONAL_REPRESENTATION('',(#5272),#5275);
#5272 = B_SPLINE_CURVE_WITH_KNOTS('',1,(#5273,#5274),.UNSPECIFIED.,.F.,
  .F.,(2,2),(-26.62118106459,-26.27415586255),.PIECEWISE_BEZIER_KNOTS.);
#5273 = CARTESIAN_POINT('',(8.614590172958,52.43517480712));
#5274 = CARTESIAN_POINT('',(8.525892637018,52.099676315363));
#5275 = ( GEOMETRIC_REPRESENTATION_CONTEXT(2) 
PARAMETRIC_REPRESENTATION_CONTEXT() REPRESENTATION_CONTEXT('2D SPACE',''
  ) );
#5276 = PCURVE('',#2483,#5277);
#5277 = DEFINITIONAL_REPRESENTATION('',(#5278),#5281);
#5278 = B_SPLINE_CURVE_WITH_KNOTS('',1,(#5279,#5280),.UNSPECIFIED.,.F.,
  .F.,(2,2),(-26.62118106459,-26.27415586255),.PIECEWISE_BEZIER_KNOTS.);
#5279 = CARTESIAN_POINT('',(0.347025202043,-138.));
#5280 = CARTESIAN_POINT('',(0.,-138.));
#5281 = ( GEOMETRIC_REPRESENTATION_CONTEXT(2) 
PARAMETRIC_REPRESENTATION_CONTEXT() REPRESENTATION_CONTEXT('2D SPACE',''
  ) );
#5282 = ORIENTED_EDGE('',*,*,#5283,.F.);
#5283 = EDGE_CURVE('',#5284,#5263,#5286,.T.);
#5284 = VERTEX_POINT('',#5285);
#5285 = CARTESIAN_POINT('',(-64.39742172835,5.770768189023,-62.));
#5286 = SURFACE_CURVE('',#5287,(#5291,#5297),.PCURVE_S1.);
#5287 = LINE('',#5288,#5289);
#5288 = CARTESIAN_POINT('',(-71.19422583703,-20.15276591261,-62.));
#5289 = VECTOR('',#5290,1.);
#5290 = DIRECTION('',(-0.253614535978,-0.967305363957,0.));
#5291 = PCURVE('',#407,#5292);
#5292 = DEFINITIONAL_REPRESENTATION('',(#5293),#5296);
#5293 = B_SPLINE_CURVE_WITH_KNOTS('',1,(#5294,#5295),.UNSPECIFIED.,.F.,
  .F.,(2,2),(-26.7997419094,-26.45280557016),.PIECEWISE_BEZIER_KNOTS.);
#5294 = CARTESIAN_POINT('',(8.702578271649,52.770768189023));
#5295 = CARTESIAN_POINT('',(8.614590172958,52.43517480712));
#5296 = ( GEOMETRIC_REPRESENTATION_CONTEXT(2) 
PARAMETRIC_REPRESENTATION_CONTEXT() REPRESENTATION_CONTEXT('2D SPACE',''
  ) );
#5297 = PCURVE('',#2509,#5298);
#5298 = DEFINITIONAL_REPRESENTATION('',(#5299),#5302);
#5299 = B_SPLINE_CURVE_WITH_KNOTS('',1,(#5300,#5301),.UNSPECIFIED.,.F.,
  .F.,(2,2),(-26.7997419094,-26.45280557016),.PIECEWISE_BEZIER_KNOTS.);
#5300 = CARTESIAN_POINT('',(0.346936339245,-138.));
#5301 = CARTESIAN_POINT('',(0.,-138.));
#5302 = ( GEOMETRIC_REPRESENTATION_CONTEXT(2) 
PARAMETRIC_REPRESENTATION_CONTEXT() REPRESENTATION_CONTEXT('2D SPACE',''
  ) );
#5303 = ORIENTED_EDGE('',*,*,#5304,.F.);
#5304 = EDGE_CURVE('',#5305,#5284,#5307,.T.);
#5305 = VERTEX_POINT('',#5306);
#5306 = CARTESIAN_POINT('',(-64.30406412545,6.107917451567,-62.));
#5307 = SURFACE_CURVE('',#5308,(#5312,#5318),.PCURVE_S1.);
#5308 = LINE('',#5309,#5310);
#5309 = CARTESIAN_POINT('',(-71.49317807059,-19.8546650229,-62.));
#5310 = VECTOR('',#5311,1.);
#5311 = DIRECTION('',(-0.266861007755,-0.963735027142,0.));
#5312 = PCURVE('',#407,#5313);
#5313 = DEFINITIONAL_REPRESENTATION('',(#5314),#5317);
#5314 = B_SPLINE_CURVE_WITH_KNOTS('',1,(#5315,#5316),.UNSPECIFIED.,.F.,
  .F.,(2,2),(-26.93954431797,-26.58970826029),.PIECEWISE_BEZIER_KNOTS.);
#5315 = CARTESIAN_POINT('',(8.79593587455,53.107917451567));
#5316 = CARTESIAN_POINT('',(8.702578271649,52.770768189023));
#5317 = ( GEOMETRIC_REPRESENTATION_CONTEXT(2) 
PARAMETRIC_REPRESENTATION_CONTEXT() REPRESENTATION_CONTEXT('2D SPACE',''
  ) );
#5318 = PCURVE('',#2535,#5319);
#5319 = DEFINITIONAL_REPRESENTATION('',(#5320),#5323);
#5320 = B_SPLINE_CURVE_WITH_KNOTS('',1,(#5321,#5322),.UNSPECIFIED.,.F.,
  .F.,(2,2),(-26.93954431797,-26.58970826029),.PIECEWISE_BEZIER_KNOTS.);
#5321 = CARTESIAN_POINT('',(0.34983605768,-138.));
#5322 = CARTESIAN_POINT('',(0.,-138.));
#5323 = ( GEOMETRIC_REPRESENTATION_CONTEXT(2) 
PARAMETRIC_REPRESENTATION_CONTEXT() REPRESENTATION_CONTEXT('2D SPACE',''
  ) );
#5324 = ORIENTED_EDGE('',*,*,#5325,.F.);
#5325 = EDGE_CURVE('',#5326,#5305,#5328,.T.);
#5326 = VERTEX_POINT('',#5327);
#5327 = CARTESIAN_POINT('',(-64.2093849496,6.441958727808,-62.));
#5328 = SURFACE_CURVE('',#5329,(#5333,#5339),.PCURVE_S1.);
#5329 = LINE('',#5330,#5331);
#5330 = CARTESIAN_POINT('',(-71.59776914719,-19.62528641508,-62.));
#5331 = VECTOR('',#5332,1.);
#5332 = DIRECTION('',(-0.272693613902,-0.962100926586,0.));
#5333 = PCURVE('',#407,#5334);
#5334 = DEFINITIONAL_REPRESENTATION('',(#5335),#5338);
#5335 = B_SPLINE_CURVE_WITH_KNOTS('',1,(#5336,#5337),.UNSPECIFIED.,.F.,
  .F.,(2,2),(-27.09408589324,-26.74688606523),.PIECEWISE_BEZIER_KNOTS.);
#5336 = CARTESIAN_POINT('',(8.890615050397,53.441958727808));
#5337 = CARTESIAN_POINT('',(8.79593587455,53.107917451567));
#5338 = ( GEOMETRIC_REPRESENTATION_CONTEXT(2) 
PARAMETRIC_REPRESENTATION_CONTEXT() REPRESENTATION_CONTEXT('2D SPACE',''
  ) );
#5339 = PCURVE('',#2561,#5340);
#5340 = DEFINITIONAL_REPRESENTATION('',(#5341),#5344);
#5341 = B_SPLINE_CURVE_WITH_KNOTS('',1,(#5342,#5343),.UNSPECIFIED.,.F.,
  .F.,(2,2),(-27.09408589324,-26.74688606523),.PIECEWISE_BEZIER_KNOTS.);
#5342 = CARTESIAN_POINT('',(0.347199828012,-138.));
#5343 = CARTESIAN_POINT('',(0.,-138.));
#5344 = ( GEOMETRIC_REPRESENTATION_CONTEXT(2) 
PARAMETRIC_REPRESENTATION_CONTEXT() REPRESENTATION_CONTEXT('2D SPACE',''
  ) );
#5345 = ORIENTED_EDGE('',*,*,#5346,.F.);
#5346 = EDGE_CURVE('',#5347,#5326,#5349,.T.);
#5347 = VERTEX_POINT('',#5348);
#5348 = CARTESIAN_POINT('',(-64.11508694011,6.777627606778,-62.));
#5349 = SURFACE_CURVE('',#5350,(#5354,#5360),.PCURVE_S1.);
#5350 = LINE('',#5351,#5352);
#5351 = CARTESIAN_POINT('',(-71.49207063183,-19.48192823602,-62.));
#5352 = VECTOR('',#5353,1.);
#5353 = DIRECTION('',(-0.270456222789,-0.96273227408,0.));
#5354 = PCURVE('',#407,#5355);
#5355 = DEFINITIONAL_REPRESENTATION('',(#5356),#5359);
#5356 = B_SPLINE_CURVE_WITH_KNOTS('',1,(#5357,#5358),.UNSPECIFIED.,.F.,
  .F.,(2,2),(-27.27607305769,-26.92741031104),.PIECEWISE_BEZIER_KNOTS.);
#5357 = CARTESIAN_POINT('',(8.984913059884,53.777627606778));
#5358 = CARTESIAN_POINT('',(8.890615050397,53.441958727808));
#5359 = ( GEOMETRIC_REPRESENTATION_CONTEXT(2) 
PARAMETRIC_REPRESENTATION_CONTEXT() REPRESENTATION_CONTEXT('2D SPACE',''
  ) );
#5360 = PCURVE('',#2587,#5361);
#5361 = DEFINITIONAL_REPRESENTATION('',(#5362),#5365);
#5362 = B_SPLINE_CURVE_WITH_KNOTS('',1,(#5363,#5364),.UNSPECIFIED.,.F.,
  .F.,(2,2),(-27.27607305769,-26.92741031104),.PIECEWISE_BEZIER_KNOTS.);
#5363 = CARTESIAN_POINT('',(0.348662746651,-138.));
#5364 = CARTESIAN_POINT('',(0.,-138.));
#5365 = ( GEOMETRIC_REPRESENTATION_CONTEXT(2) 
PARAMETRIC_REPRESENTATION_CONTEXT() REPRESENTATION_CONTEXT('2D SPACE',''
  ) );
#5366 = ORIENTED_EDGE('',*,*,#5367,.F.);
#5367 = EDGE_CURVE('',#5368,#5347,#5370,.T.);
#5368 = VERTEX_POINT('',#5369);
#5369 = CARTESIAN_POINT('',(-64.01505893815,7.114935637552,-62.));
#5370 = SURFACE_CURVE('',#5371,(#5375,#5381),.PCURVE_S1.);
#5371 = LINE('',#5372,#5373);
#5372 = CARTESIAN_POINT('',(-71.80750271041,-19.16224487301,-62.));
#5373 = VECTOR('',#5374,1.);
#5374 = DIRECTION('',(-0.284310110733,-0.958732371903,0.));
#5375 = PCURVE('',#407,#5376);
#5376 = DEFINITIONAL_REPRESENTATION('',(#5377),#5380);
#5377 = B_SPLINE_CURVE_WITH_KNOTS('',1,(#5378,#5379),.UNSPECIFIED.,.F.,
  .F.,(2,2),(-27.40825414959,-27.05642704887),.PIECEWISE_BEZIER_KNOTS.);
#5378 = CARTESIAN_POINT('',(9.084941061849,54.114935637552));
#5379 = CARTESIAN_POINT('',(8.984913059884,53.777627606778));
#5380 = ( GEOMETRIC_REPRESENTATION_CONTEXT(2) 
PARAMETRIC_REPRESENTATION_CONTEXT() REPRESENTATION_CONTEXT('2D SPACE',''
  ) );
#5381 = PCURVE('',#2613,#5382);
#5382 = DEFINITIONAL_REPRESENTATION('',(#5383),#5386);
#5383 = B_SPLINE_CURVE_WITH_KNOTS('',1,(#5384,#5385),.UNSPECIFIED.,.F.,
  .F.,(2,2),(-27.40825414959,-27.05642704887),.PIECEWISE_BEZIER_KNOTS.);
#5384 = CARTESIAN_POINT('',(0.351827100721,-138.));
#5385 = CARTESIAN_POINT('',(0.,-138.));
#5386 = ( GEOMETRIC_REPRESENTATION_CONTEXT(2) 
PARAMETRIC_REPRESENTATION_CONTEXT() REPRESENTATION_CONTEXT('2D SPACE',''
  ) );
#5387 = ORIENTED_EDGE('',*,*,#5388,.F.);
#5388 = EDGE_CURVE('',#5389,#5368,#5391,.T.);
#5389 = VERTEX_POINT('',#5390);
#5390 = CARTESIAN_POINT('',(-63.91319120131,7.450682846478,-62.));
#5391 = SURFACE_CURVE('',#5392,(#5396,#5402),.PCURVE_S1.);
#5392 = LINE('',#5393,#5394);
#5393 = CARTESIAN_POINT('',(-71.91535330028,-18.9237480922,-62.));
#5394 = VECTOR('',#5395,1.);
#5395 = DIRECTION('',(-0.290336705158,-0.956924551696,0.));
#5396 = PCURVE('',#407,#5397);
#5397 = DEFINITIONAL_REPRESENTATION('',(#5398),#5401);
#5398 = B_SPLINE_CURVE_WITH_KNOTS('',1,(#5399,#5400),.UNSPECIFIED.,.F.,
  .F.,(2,2),(-27.56166188018,-27.21080118972),.PIECEWISE_BEZIER_KNOTS.);
#5399 = CARTESIAN_POINT('',(9.186808798686,54.450682846478));
#5400 = CARTESIAN_POINT('',(9.084941061849,54.114935637552));
#5401 = ( GEOMETRIC_REPRESENTATION_CONTEXT(2) 
PARAMETRIC_REPRESENTATION_CONTEXT() REPRESENTATION_CONTEXT('2D SPACE',''
  ) );
#5402 = PCURVE('',#2639,#5403);
#5403 = DEFINITIONAL_REPRESENTATION('',(#5404),#5407);
#5404 = B_SPLINE_CURVE_WITH_KNOTS('',1,(#5405,#5406),.UNSPECIFIED.,.F.,
  .F.,(2,2),(-27.56166188018,-27.21080118972),.PIECEWISE_BEZIER_KNOTS.);
#5405 = CARTESIAN_POINT('',(0.35086069046,-138.));
#5406 = CARTESIAN_POINT('',(0.,-138.));
#5407 = ( GEOMETRIC_REPRESENTATION_CONTEXT(2) 
PARAMETRIC_REPRESENTATION_CONTEXT() REPRESENTATION_CONTEXT('2D SPACE',''
  ) );
#5408 = ORIENTED_EDGE('',*,*,#5409,.F.);
#5409 = EDGE_CURVE('',#5410,#5389,#5412,.T.);
#5410 = VERTEX_POINT('',#5411);
#5411 = CARTESIAN_POINT('',(-63.80898491778,7.78645480264,-62.));
#5412 = SURFACE_CURVE('',#5413,(#5417,#5423),.PCURVE_S1.);
#5413 = LINE('',#5414,#5415);
#5414 = CARTESIAN_POINT('',(-72.02377117839,-18.68310882479,-62.));
#5415 = VECTOR('',#5416,1.);
#5416 = DIRECTION('',(-0.296402311874,-0.955063175667,0.));
#5417 = PCURVE('',#407,#5418);
#5418 = DEFINITIONAL_REPRESENTATION('',(#5419),#5422);
#5419 = B_SPLINE_CURVE_WITH_KNOTS('',1,(#5420,#5421),.UNSPECIFIED.,.F.,
  .F.,(2,2),(-27.71498713574,-27.36341672164),.PIECEWISE_BEZIER_KNOTS.);
#5420 = CARTESIAN_POINT('',(9.291015082212,54.78645480264));
#5421 = CARTESIAN_POINT('',(9.186808798686,54.450682846478));
#5422 = ( GEOMETRIC_REPRESENTATION_CONTEXT(2) 
PARAMETRIC_REPRESENTATION_CONTEXT() REPRESENTATION_CONTEXT('2D SPACE',''
  ) );
#5423 = PCURVE('',#2665,#5424);
#5424 = DEFINITIONAL_REPRESENTATION('',(#5425),#5428);
#5425 = B_SPLINE_CURVE_WITH_KNOTS('',1,(#5426,#5427),.UNSPECIFIED.,.F.,
  .F.,(2,2),(-27.71498713574,-27.36341672164),.PIECEWISE_BEZIER_KNOTS.);
#5426 = CARTESIAN_POINT('',(0.351570414101,-138.));
#5427 = CARTESIAN_POINT('',(0.,-138.));
#5428 = ( GEOMETRIC_REPRESENTATION_CONTEXT(2) 
PARAMETRIC_REPRESENTATION_CONTEXT() REPRESENTATION_CONTEXT('2D SPACE',''
  ) );
#5429 = ORIENTED_EDGE('',*,*,#5430,.F.);
#5430 = EDGE_CURVE('',#5431,#5410,#5433,.T.);
#5431 = VERTEX_POINT('',#5432);
#5432 = CARTESIAN_POINT('',(-63.70240217175,8.122251183023,-62.));
#5433 = SURFACE_CURVE('',#5434,(#5438,#5444),.PCURVE_S1.);
#5434 = LINE('',#5435,#5436);
#5435 = CARTESIAN_POINT('',(-72.13307725928,-18.43917910315,-62.));
#5436 = VECTOR('',#5437,1.);
#5437 = DIRECTION('',(-0.302529418428,-0.953140047939,0.));
#5438 = PCURVE('',#407,#5439);
#5439 = DEFINITIONAL_REPRESENTATION('',(#5440),#5443);
#5440 = B_SPLINE_CURVE_WITH_KNOTS('',1,(#5441,#5442),.UNSPECIFIED.,.F.,
  .F.,(2,2),(-27.86729016748,-27.51498477321),.PIECEWISE_BEZIER_KNOTS.);
#5441 = CARTESIAN_POINT('',(9.39759782825,55.122251183023));
#5442 = CARTESIAN_POINT('',(9.291015082212,54.78645480264));
#5443 = ( GEOMETRIC_REPRESENTATION_CONTEXT(2) 
PARAMETRIC_REPRESENTATION_CONTEXT() REPRESENTATION_CONTEXT('2D SPACE',''
  ) );
#5444 = PCURVE('',#2691,#5445);
#5445 = DEFINITIONAL_REPRESENTATION('',(#5446),#5449);
#5446 = B_SPLINE_CURVE_WITH_KNOTS('',1,(#5447,#5448),.UNSPECIFIED.,.F.,
  .F.,(2,2),(-27.86729016748,-27.51498477321),.PIECEWISE_BEZIER_KNOTS.);
#5447 = CARTESIAN_POINT('',(0.35230539427,-138.));
#5448 = CARTESIAN_POINT('',(0.,-138.));
#5449 = ( GEOMETRIC_REPRESENTATION_CONTEXT(2) 
PARAMETRIC_REPRESENTATION_CONTEXT() REPRESENTATION_CONTEXT('2D SPACE',''
  ) );
#5450 = ORIENTED_EDGE('',*,*,#5451,.F.);
#5451 = EDGE_CURVE('',#5452,#5431,#5454,.T.);
#5452 = VERTEX_POINT('',#5453);
#5453 = CARTESIAN_POINT('',(-63.59340454771,8.458071594919,-62.));
#5454 = SURFACE_CURVE('',#5455,(#5459,#5465),.PCURVE_S1.);
#5455 = LINE('',#5456,#5457);
#5456 = CARTESIAN_POINT('',(-72.24320726435,-18.19186996751,-62.));
#5457 = VECTOR('',#5458,1.);
#5458 = DIRECTION('',(-0.308717132672,-0.951153895011,0.));
#5459 = PCURVE('',#407,#5460);
#5460 = DEFINITIONAL_REPRESENTATION('',(#5461),#5464);
#5461 = B_SPLINE_CURVE_WITH_KNOTS('',1,(#5462,#5463),.UNSPECIFIED.,.F.,
  .F.,(2,2),(-28.01853801178,-27.66547168502),.PIECEWISE_BEZIER_KNOTS.);
#5462 = CARTESIAN_POINT('',(9.50659545229,55.458071594919));
#5463 = CARTESIAN_POINT('',(9.39759782825,55.122251183023));
#5464 = ( GEOMETRIC_REPRESENTATION_CONTEXT(2) 
PARAMETRIC_REPRESENTATION_CONTEXT() REPRESENTATION_CONTEXT('2D SPACE',''
  ) );
#5465 = PCURVE('',#2717,#5466);
#5466 = DEFINITIONAL_REPRESENTATION('',(#5467),#5470);
#5467 = B_SPLINE_CURVE_WITH_KNOTS('',1,(#5468,#5469),.UNSPECIFIED.,.F.,
  .F.,(2,2),(-28.01853801178,-27.66547168502),.PIECEWISE_BEZIER_KNOTS.);
#5468 = CARTESIAN_POINT('',(0.35306632676,-138.));
#5469 = CARTESIAN_POINT('',(0.,-138.));
#5470 = ( GEOMETRIC_REPRESENTATION_CONTEXT(2) 
PARAMETRIC_REPRESENTATION_CONTEXT() REPRESENTATION_CONTEXT('2D SPACE',''
  ) );
#5471 = ORIENTED_EDGE('',*,*,#5472,.F.);
#5472 = EDGE_CURVE('',#5473,#5452,#5475,.T.);
#5473 = VERTEX_POINT('',#5474);
#5474 = CARTESIAN_POINT('',(-63.48195317049,8.793915572163,-62.));
#5475 = SURFACE_CURVE('',#5476,(#5480,#5486),.PCURVE_S1.);
#5476 = LINE('',#5477,#5478);
#5477 = CARTESIAN_POINT('',(-72.35408979317,-17.941094119,-62.));
#5478 = VECTOR('',#5479,1.);
#5479 = DIRECTION('',(-0.314964383443,-0.949103491281,0.));
#5480 = PCURVE('',#407,#5481);
#5481 = DEFINITIONAL_REPRESENTATION('',(#5482),#5485);
#5482 = B_SPLINE_CURVE_WITH_KNOTS('',1,(#5483,#5484),.UNSPECIFIED.,.F.,
  .F.,(2,2),(-28.1686980785,-27.81484417287),.PIECEWISE_BEZIER_KNOTS.);
#5483 = CARTESIAN_POINT('',(9.618046829508,55.793915572163));
#5484 = CARTESIAN_POINT('',(9.50659545229,55.458071594919));
#5485 = ( GEOMETRIC_REPRESENTATION_CONTEXT(2) 
PARAMETRIC_REPRESENTATION_CONTEXT() REPRESENTATION_CONTEXT('2D SPACE',''
  ) );
#5486 = PCURVE('',#2743,#5487);
#5487 = DEFINITIONAL_REPRESENTATION('',(#5488),#5491);
#5488 = B_SPLINE_CURVE_WITH_KNOTS('',1,(#5489,#5490),.UNSPECIFIED.,.F.,
  .F.,(2,2),(-28.1686980785,-27.81484417287),.PIECEWISE_BEZIER_KNOTS.);
#5489 = CARTESIAN_POINT('',(0.353853905638,-138.));
#5490 = CARTESIAN_POINT('',(0.,-138.));
#5491 = ( GEOMETRIC_REPRESENTATION_CONTEXT(2) 
PARAMETRIC_REPRESENTATION_CONTEXT() REPRESENTATION_CONTEXT('2D SPACE',''
  ) );
#5492 = ORIENTED_EDGE('',*,*,#5493,.F.);
#5493 = EDGE_CURVE('',#5494,#5473,#5496,.T.);
#5494 = VERTEX_POINT('',#5495);
#5495 = CARTESIAN_POINT('',(-63.36800874991,9.129782571611,-62.));
#5496 = SURFACE_CURVE('',#5497,(#5501,#5507),.PCURVE_S1.);
#5497 = LINE('',#5498,#5499);
#5498 = CARTESIAN_POINT('',(-72.46564604333,-17.68676644612,-62.));
#5499 = VECTOR('',#5500,1.);
#5500 = DIRECTION('',(-0.321269911437,-0.946987668349,0.));
#5501 = PCURVE('',#407,#5502);
#5502 = DEFINITIONAL_REPRESENTATION('',(#5503),#5506);
#5503 = B_SPLINE_CURVE_WITH_KNOTS('',1,(#5504,#5505),.UNSPECIFIED.,.F.,
  .F.,(2,2),(-28.31773835502,-27.96306953443),.PIECEWISE_BEZIER_KNOTS.);
#5504 = CARTESIAN_POINT('',(9.731991250089,56.129782571611));
#5505 = CARTESIAN_POINT('',(9.618046829508,55.793915572163));
#5506 = ( GEOMETRIC_REPRESENTATION_CONTEXT(2) 
PARAMETRIC_REPRESENTATION_CONTEXT() REPRESENTATION_CONTEXT('2D SPACE',''
  ) );
#5507 = PCURVE('',#2769,#5508);
#5508 = DEFINITIONAL_REPRESENTATION('',(#5509),#5512);
#5509 = B_SPLINE_CURVE_WITH_KNOTS('',1,(#5510,#5511),.UNSPECIFIED.,.F.,
  .F.,(2,2),(-28.31773835502,-27.96306953443),.PIECEWISE_BEZIER_KNOTS.);
#5510 = CARTESIAN_POINT('',(0.354668820591,-138.));
#5511 = CARTESIAN_POINT('',(0.,-138.));
#5512 = ( GEOMETRIC_REPRESENTATION_CONTEXT(2) 
PARAMETRIC_REPRESENTATION_CONTEXT() REPRESENTATION_CONTEXT('2D SPACE',''
  ) );
#5513 = ORIENTED_EDGE('',*,*,#5514,.F.);
#5514 = EDGE_CURVE('',#5515,#5494,#5517,.T.);
#5515 = VERTEX_POINT('',#5516);
#5516 = CARTESIAN_POINT('',(-63.25153163022,9.465671969866,-62.));
#5517 = SURFACE_CURVE('',#5518,(#5522,#5528),.PCURVE_S1.);
#5518 = LINE('',#5519,#5520);
#5519 = CARTESIAN_POINT('',(-72.57778956203,-17.42880458626,-62.));
#5520 = VECTOR('',#5521,1.);
#5521 = DIRECTION('',(-0.327632260697,-0.94480532479,0.));
#5522 = PCURVE('',#407,#5523);
#5523 = DEFINITIONAL_REPRESENTATION('',(#5524),#5527);
#5524 = B_SPLINE_CURVE_WITH_KNOTS('',1,(#5525,#5526),.UNSPECIFIED.,.F.,
  .F.,(2,2),(-28.46562762769,-28.11011587364),.PIECEWISE_BEZIER_KNOTS.);
#5525 = CARTESIAN_POINT('',(9.848468369774,56.465671969866));
#5526 = CARTESIAN_POINT('',(9.731991250089,56.129782571611));
#5527 = ( GEOMETRIC_REPRESENTATION_CONTEXT(2) 
PARAMETRIC_REPRESENTATION_CONTEXT() REPRESENTATION_CONTEXT('2D SPACE',''
  ) );
#5528 = PCURVE('',#2795,#5529);
#5529 = DEFINITIONAL_REPRESENTATION('',(#5530),#5533);
#5530 = B_SPLINE_CURVE_WITH_KNOTS('',1,(#5531,#5532),.UNSPECIFIED.,.F.,
  .F.,(2,2),(-28.46562762769,-28.11011587364),.PIECEWISE_BEZIER_KNOTS.);
#5531 = CARTESIAN_POINT('',(0.355511754054,-138.));
#5532 = CARTESIAN_POINT('',(0.,-138.));
#5533 = ( GEOMETRIC_REPRESENTATION_CONTEXT(2) 
PARAMETRIC_REPRESENTATION_CONTEXT() REPRESENTATION_CONTEXT('2D SPACE',''
  ) );
#5534 = ORIENTED_EDGE('',*,*,#5535,.F.);
#5535 = EDGE_CURVE('',#5536,#5515,#5538,.T.);
#5536 = VERTEX_POINT('',#5537);
#5537 = CARTESIAN_POINT('',(-63.13179410883,9.803487381453,-62.));
#5538 = SURFACE_CURVE('',#5539,(#5543,#5549),.PCURVE_S1.);
#5539 = LINE('',#5540,#5541);
#5540 = CARTESIAN_POINT('',(-72.69127049967,-17.16665876806,-62.));
#5541 = VECTOR('',#5542,1.);
#5542 = DIRECTION('',(-0.334081567762,-0.942544166648,0.));
#5543 = PCURVE('',#407,#5544);
#5544 = DEFINITIONAL_REPRESENTATION('',(#5545),#5548);
#5545 = B_SPLINE_CURVE_WITH_KNOTS('',1,(#5546,#5547),.UNSPECIFIED.,.F.,
  .F.,(2,2),(-28.61419878649,-28.25579074203),.PIECEWISE_BEZIER_KNOTS.);
#5546 = CARTESIAN_POINT('',(9.968205891166,56.803487381453));
#5547 = CARTESIAN_POINT('',(9.848468369774,56.465671969866));
#5548 = ( GEOMETRIC_REPRESENTATION_CONTEXT(2) 
PARAMETRIC_REPRESENTATION_CONTEXT() REPRESENTATION_CONTEXT('2D SPACE',''
  ) );
#5549 = PCURVE('',#2821,#5550);
#5550 = DEFINITIONAL_REPRESENTATION('',(#5551),#5554);
#5551 = B_SPLINE_CURVE_WITH_KNOTS('',1,(#5552,#5553),.UNSPECIFIED.,.F.,
  .F.,(2,2),(-28.61419878649,-28.25579074203),.PIECEWISE_BEZIER_KNOTS.);
#5552 = CARTESIAN_POINT('',(0.358408044461,-138.));
#5553 = CARTESIAN_POINT('',(0.,-138.));
#5554 = ( GEOMETRIC_REPRESENTATION_CONTEXT(2) 
PARAMETRIC_REPRESENTATION_CONTEXT() REPRESENTATION_CONTEXT('2D SPACE',''
  ) );
#5555 = ORIENTED_EDGE('',*,*,#5556,.F.);
#5556 = EDGE_CURVE('',#5557,#5536,#5559,.T.);
#5557 = VERTEX_POINT('',#5558);
#5558 = CARTESIAN_POINT('',(-63.00629200713,10.139445895827,-62.));
#5559 = SURFACE_CURVE('',#5560,(#5564,#5570),.PCURVE_S1.);
#5560 = LINE('',#5561,#5562);
#5561 = CARTESIAN_POINT('',(-73.05273416882,-16.75403028995,-62.));
#5562 = VECTOR('',#5563,1.);
#5563 = DIRECTION('',(-0.349944040297,-0.936770606211,0.));
#5564 = PCURVE('',#407,#5565);
#5565 = DEFINITIONAL_REPRESENTATION('',(#5566),#5569);
#5566 = B_SPLINE_CURVE_WITH_KNOTS('',1,(#5567,#5568),.UNSPECIFIED.,.F.,
  .F.,(2,2),(-28.70871055035,-28.35007577664),.PIECEWISE_BEZIER_KNOTS.);
#5567 = CARTESIAN_POINT('',(10.093707992868,57.139445895827));
#5568 = CARTESIAN_POINT('',(9.968205891166,56.803487381453));
#5569 = ( GEOMETRIC_REPRESENTATION_CONTEXT(2) 
PARAMETRIC_REPRESENTATION_CONTEXT() REPRESENTATION_CONTEXT('2D SPACE',''
  ) );
#5570 = PCURVE('',#2847,#5571);
#5571 = DEFINITIONAL_REPRESENTATION('',(#5572),#5575);
#5572 = B_SPLINE_CURVE_WITH_KNOTS('',1,(#5573,#5574),.UNSPECIFIED.,.F.,
  .F.,(2,2),(-28.70871055035,-28.35007577664),.PIECEWISE_BEZIER_KNOTS.);
#5573 = CARTESIAN_POINT('',(0.358634773708,-138.));
#5574 = CARTESIAN_POINT('',(0.,-138.));
#5575 = ( GEOMETRIC_REPRESENTATION_CONTEXT(2) 
PARAMETRIC_REPRESENTATION_CONTEXT() REPRESENTATION_CONTEXT('2D SPACE',''
  ) );
#5576 = ORIENTED_EDGE('',*,*,#5577,.F.);
#5577 = EDGE_CURVE('',#5578,#5557,#5580,.T.);
#5578 = VERTEX_POINT('',#5579);
#5579 = CARTESIAN_POINT('',(-62.88183651167,10.475507014374,-62.));
#5580 = SURFACE_CURVE('',#5581,(#5585,#5591),.PCURVE_S1.);
#5581 = LINE('',#5582,#5583);
#5582 = CARTESIAN_POINT('',(-72.91929945198,-16.62816575459,-62.));
#5583 = VECTOR('',#5584,1.);
#5584 = DIRECTION('',(-0.347285926737,-0.937759289525,0.));
#5585 = PCURVE('',#407,#5586);
#5586 = DEFINITIONAL_REPRESENTATION('',(#5587),#5590);
#5587 = B_SPLINE_CURVE_WITH_KNOTS('',1,(#5588,#5589),.UNSPECIFIED.,.F.,
  .F.,(2,2),(-28.90259053866,-28.54422446082),.PIECEWISE_BEZIER_KNOTS.);
#5588 = CARTESIAN_POINT('',(10.218163488322,57.475507014374));
#5589 = CARTESIAN_POINT('',(10.093707992868,57.139445895827));
#5590 = ( GEOMETRIC_REPRESENTATION_CONTEXT(2) 
PARAMETRIC_REPRESENTATION_CONTEXT() REPRESENTATION_CONTEXT('2D SPACE',''
  ) );
#5591 = PCURVE('',#2873,#5592);
#5592 = DEFINITIONAL_REPRESENTATION('',(#5593),#5596);
#5593 = B_SPLINE_CURVE_WITH_KNOTS('',1,(#5594,#5595),.UNSPECIFIED.,.F.,
  .F.,(2,2),(-28.90259053866,-28.54422446082),.PIECEWISE_BEZIER_KNOTS.);
#5594 = CARTESIAN_POINT('',(0.358366077842,-138.));
#5595 = CARTESIAN_POINT('',(0.,-138.));
#5596 = ( GEOMETRIC_REPRESENTATION_CONTEXT(2) 
PARAMETRIC_REPRESENTATION_CONTEXT() REPRESENTATION_CONTEXT('2D SPACE',''
  ) );
#5597 = ORIENTED_EDGE('',*,*,#5598,.F.);
#5598 = EDGE_CURVE('',#5599,#5578,#5601,.T.);
#5599 = VERTEX_POINT('',#5600);
#5600 = CARTESIAN_POINT('',(-62.74995985353,10.813477001734,-62.));
#5601 = SURFACE_CURVE('',#5602,(#5606,#5612),.PCURVE_S1.);
#5602 = LINE('',#5603,#5604);
#5603 = CARTESIAN_POINT('',(-73.28873874816,-16.1950248811,-62.));
#5604 = VECTOR('',#5605,1.);
#5605 = DIRECTION('',(-0.363508831397,-0.931590752153,0.));
#5606 = PCURVE('',#407,#5607);
#5607 = DEFINITIONAL_REPRESENTATION('',(#5608),#5611);
#5608 = B_SPLINE_CURVE_WITH_KNOTS('',1,(#5609,#5610),.UNSPECIFIED.,.F.,
  .F.,(2,2),(-28.99180978389,-28.62902173927),.PIECEWISE_BEZIER_KNOTS.);
#5609 = CARTESIAN_POINT('',(10.350040146467,57.813477001734));
#5610 = CARTESIAN_POINT('',(10.218163488322,57.475507014374));
#5611 = ( GEOMETRIC_REPRESENTATION_CONTEXT(2) 
PARAMETRIC_REPRESENTATION_CONTEXT() REPRESENTATION_CONTEXT('2D SPACE',''
  ) );
#5612 = PCURVE('',#2899,#5613);
#5613 = DEFINITIONAL_REPRESENTATION('',(#5614),#5617);
#5614 = B_SPLINE_CURVE_WITH_KNOTS('',1,(#5615,#5616),.UNSPECIFIED.,.F.,
  .F.,(2,2),(-28.99180978389,-28.62902173927),.PIECEWISE_BEZIER_KNOTS.);
#5615 = CARTESIAN_POINT('',(0.36278804462,-138.));
#5616 = CARTESIAN_POINT('',(0.,-138.));
#5617 = ( GEOMETRIC_REPRESENTATION_CONTEXT(2) 
PARAMETRIC_REPRESENTATION_CONTEXT() REPRESENTATION_CONTEXT('2D SPACE',''
  ) );
#5618 = ORIENTED_EDGE('',*,*,#5619,.F.);
#5619 = EDGE_CURVE('',#5620,#5599,#5622,.T.);
#5620 = VERTEX_POINT('',#5621);
#5621 = CARTESIAN_POINT('',(-62.61588555691,11.149601397265,-62.));
#5622 = SURFACE_CURVE('',#5623,(#5627,#5633),.PCURVE_S1.);
#5623 = LINE('',#5624,#5625);
#5624 = CARTESIAN_POINT('',(-73.40797862465,-15.90618670323,-62.));
#5625 = VECTOR('',#5626,1.);
#5626 = DIRECTION('',(-0.370496075546,-0.928834031464,0.));
#5627 = PCURVE('',#407,#5628);
#5628 = DEFINITIONAL_REPRESENTATION('',(#5629),#5632);
#5629 = B_SPLINE_CURVE_WITH_KNOTS('',1,(#5630,#5631),.UNSPECIFIED.,.F.,
  .F.,(2,2),(-29.12876486433,-28.76688708623),.PIECEWISE_BEZIER_KNOTS.);
#5630 = CARTESIAN_POINT('',(10.484114443081,58.149601397265));
#5631 = CARTESIAN_POINT('',(10.350040146467,57.813477001734));
#5632 = ( GEOMETRIC_REPRESENTATION_CONTEXT(2) 
PARAMETRIC_REPRESENTATION_CONTEXT() REPRESENTATION_CONTEXT('2D SPACE',''
  ) );
#5633 = PCURVE('',#2925,#5634);
#5634 = DEFINITIONAL_REPRESENTATION('',(#5635),#5638);
#5635 = B_SPLINE_CURVE_WITH_KNOTS('',1,(#5636,#5637),.UNSPECIFIED.,.F.,
  .F.,(2,2),(-29.12876486433,-28.76688708623),.PIECEWISE_BEZIER_KNOTS.);
#5636 = CARTESIAN_POINT('',(0.361877778102,-138.));
#5637 = CARTESIAN_POINT('',(0.,-138.));
#5638 = ( GEOMETRIC_REPRESENTATION_CONTEXT(2) 
PARAMETRIC_REPRESENTATION_CONTEXT() REPRESENTATION_CONTEXT('2D SPACE',''
  ) );
#5639 = ORIENTED_EDGE('',*,*,#5640,.F.);
#5640 = EDGE_CURVE('',#5641,#5620,#5643,.T.);
#5641 = VERTEX_POINT('',#5642);
#5642 = CARTESIAN_POINT('',(-62.47968241873,11.483719568689,-62.));
#5643 = SURFACE_CURVE('',#5644,(#5648,#5654),.PCURVE_S1.);
#5644 = LINE('',#5645,#5646);
#5645 = CARTESIAN_POINT('',(-73.52626484033,-15.61451009285,-62.));
#5646 = VECTOR('',#5647,1.);
#5647 = DIRECTION('',(-0.3774892251,-0.926013976641,0.));
#5648 = PCURVE('',#407,#5649);
#5649 = DEFINITIONAL_REPRESENTATION('',(#5650),#5653);
#5650 = B_SPLINE_CURVE_WITH_KNOTS('',1,(#5651,#5652),.UNSPECIFIED.,.F.,
  .F.,(2,2),(-29.26330524713,-28.90249193345),.PIECEWISE_BEZIER_KNOTS.);
#5651 = CARTESIAN_POINT('',(10.620317581267,58.483719568689));
#5652 = CARTESIAN_POINT('',(10.484114443081,58.149601397265));
#5653 = ( GEOMETRIC_REPRESENTATION_CONTEXT(2) 
PARAMETRIC_REPRESENTATION_CONTEXT() REPRESENTATION_CONTEXT('2D SPACE',''
  ) );
#5654 = PCURVE('',#2951,#5655);
#5655 = DEFINITIONAL_REPRESENTATION('',(#5656),#5659);
#5656 = B_SPLINE_CURVE_WITH_KNOTS('',1,(#5657,#5658),.UNSPECIFIED.,.F.,
  .F.,(2,2),(-29.26330524713,-28.90249193345),.PIECEWISE_BEZIER_KNOTS.);
#5657 = CARTESIAN_POINT('',(0.360813313678,-138.));
#5658 = CARTESIAN_POINT('',(0.,-138.));
#5659 = ( GEOMETRIC_REPRESENTATION_CONTEXT(2) 
PARAMETRIC_REPRESENTATION_CONTEXT() REPRESENTATION_CONTEXT('2D SPACE',''
  ) );
#5660 = ORIENTED_EDGE('',*,*,#5661,.F.);
#5661 = EDGE_CURVE('',#5662,#5641,#5664,.T.);
#5662 = VERTEX_POINT('',#5663);
#5663 = CARTESIAN_POINT('',(-62.34307631112,11.821898949536,-62.));
#5664 = SURFACE_CURVE('',#5665,(#5669,#5675),.PCURVE_S1.);
#5665 = LINE('',#5666,#5667);
#5666 = CARTESIAN_POINT('',(-73.37969728874,-15.5001418741,-62.));
#5667 = VECTOR('',#5668,1.);
#5668 = DIRECTION('',(-0.374542407922,-0.927209784605,0.));
#5669 = PCURVE('',#407,#5670);
#5670 = DEFINITIONAL_REPRESENTATION('',(#5671),#5674);
#5671 = B_SPLINE_CURVE_WITH_KNOTS('',1,(#5672,#5673),.UNSPECIFIED.,.F.,
  .F.,(2,2),(-29.46694618334,-29.10221817199),.PIECEWISE_BEZIER_KNOTS.);
#5672 = CARTESIAN_POINT('',(10.756923688876,58.821898949536));
#5673 = CARTESIAN_POINT('',(10.620317581267,58.483719568689));
#5674 = ( GEOMETRIC_REPRESENTATION_CONTEXT(2) 
PARAMETRIC_REPRESENTATION_CONTEXT() REPRESENTATION_CONTEXT('2D SPACE',''
  ) );
#5675 = PCURVE('',#2977,#5676);
#5676 = DEFINITIONAL_REPRESENTATION('',(#5677),#5680);
#5677 = B_SPLINE_CURVE_WITH_KNOTS('',1,(#5678,#5679),.UNSPECIFIED.,.F.,
  .F.,(2,2),(-29.46694618334,-29.10221817199),.PIECEWISE_BEZIER_KNOTS.);
#5678 = CARTESIAN_POINT('',(0.364728011354,-138.));
#5679 = CARTESIAN_POINT('',(0.,-138.));
#5680 = ( GEOMETRIC_REPRESENTATION_CONTEXT(2) 
PARAMETRIC_REPRESENTATION_CONTEXT() REPRESENTATION_CONTEXT('2D SPACE',''
  ) );
#5681 = ORIENTED_EDGE('',*,*,#5682,.F.);
#5682 = EDGE_CURVE('',#5683,#5662,#5685,.T.);
#5683 = VERTEX_POINT('',#5684);
#5684 = CARTESIAN_POINT('',(-62.19489580951,12.16003956708,-62.));
#5685 = SURFACE_CURVE('',#5686,(#5690,#5696),.PCURVE_S1.);
#5686 = LINE('',#5687,#5688);
#5687 = CARTESIAN_POINT('',(-74.02171394246,-14.82817779975,-62.));
#5688 = VECTOR('',#5689,1.);
#5689 = DIRECTION('',(-0.40137345587,-0.915914487779,0.));
#5690 = PCURVE('',#407,#5691);
#5691 = DEFINITIONAL_REPRESENTATION('',(#5692),#5695);
#5692 = B_SPLINE_CURVE_WITH_KNOTS('',1,(#5693,#5694),.UNSPECIFIED.,.F.,
  .F.,(2,2),(-29.46587015157,-29.09668654103),.PIECEWISE_BEZIER_KNOTS.);
#5693 = CARTESIAN_POINT('',(10.905104190489,59.16003956708));
#5694 = CARTESIAN_POINT('',(10.756923688876,58.821898949536));
#5695 = ( GEOMETRIC_REPRESENTATION_CONTEXT(2) 
PARAMETRIC_REPRESENTATION_CONTEXT() REPRESENTATION_CONTEXT('2D SPACE',''
  ) );
#5696 = PCURVE('',#3003,#5697);
#5697 = DEFINITIONAL_REPRESENTATION('',(#5698),#5701);
#5698 = B_SPLINE_CURVE_WITH_KNOTS('',1,(#5699,#5700),.UNSPECIFIED.,.F.,
  .F.,(2,2),(-29.46587015157,-29.09668654103),.PIECEWISE_BEZIER_KNOTS.);
#5699 = CARTESIAN_POINT('',(0.36918361054,-138.));
#5700 = CARTESIAN_POINT('',(0.,-138.));
#5701 = ( GEOMETRIC_REPRESENTATION_CONTEXT(2) 
PARAMETRIC_REPRESENTATION_CONTEXT() REPRESENTATION_CONTEXT('2D SPACE',''
  ) );
#5702 = ORIENTED_EDGE('',*,*,#5703,.F.);
#5703 = EDGE_CURVE('',#5704,#5683,#5706,.T.);
#5704 = VERTEX_POINT('',#5705);
#5705 = CARTESIAN_POINT('',(-62.04958753231,12.494250899169,-62.));
#5706 = SURFACE_CURVE('',#5707,(#5711,#5717),.PCURVE_S1.);
#5707 = LINE('',#5708,#5709);
#5708 = CARTESIAN_POINT('',(-73.87791903041,-14.71109832502,-62.));
#5709 = VECTOR('',#5710,1.);
#5710 = DIRECTION('',(-0.398723809161,-0.91707105723,0.));
#5711 = PCURVE('',#407,#5712);
#5712 = DEFINITIONAL_REPRESENTATION('',(#5713),#5716);
#5713 = B_SPLINE_CURVE_WITH_KNOTS('',1,(#5714,#5715),.UNSPECIFIED.,.F.,
  .F.,(2,2),(-29.66547576627,-29.30104235682),.PIECEWISE_BEZIER_KNOTS.);
#5714 = CARTESIAN_POINT('',(11.050412467688,59.494250899169));
#5715 = CARTESIAN_POINT('',(10.905104190489,59.16003956708));
#5716 = ( GEOMETRIC_REPRESENTATION_CONTEXT(2) 
PARAMETRIC_REPRESENTATION_CONTEXT() REPRESENTATION_CONTEXT('2D SPACE',''
  ) );
#5717 = PCURVE('',#3029,#5718);
#5718 = DEFINITIONAL_REPRESENTATION('',(#5719),#5722);
#5719 = B_SPLINE_CURVE_WITH_KNOTS('',1,(#5720,#5721),.UNSPECIFIED.,.F.,
  .F.,(2,2),(-29.66547576627,-29.30104235682),.PIECEWISE_BEZIER_KNOTS.);
#5720 = CARTESIAN_POINT('',(0.364433409444,-138.));
#5721 = CARTESIAN_POINT('',(0.,-138.));
#5722 = ( GEOMETRIC_REPRESENTATION_CONTEXT(2) 
PARAMETRIC_REPRESENTATION_CONTEXT() REPRESENTATION_CONTEXT('2D SPACE',''
  ) );
#5723 = ORIENTED_EDGE('',*,*,#5724,.F.);
#5724 = EDGE_CURVE('',#5725,#5704,#5727,.T.);
#5725 = VERTEX_POINT('',#5726);
#5726 = CARTESIAN_POINT('',(-61.89934450485,12.832544343209,-62.));
#5727 = SURFACE_CURVE('',#5728,(#5732,#5738),.PCURVE_S1.);
#5728 = LINE('',#5729,#5730);
#5729 = CARTESIAN_POINT('',(-73.99462668502,-14.4016956391,-62.));
#5730 = VECTOR('',#5731,1.);
#5731 = DIRECTION('',(-0.405891167229,-0.913921419141,0.));
#5732 = PCURVE('',#407,#5733);
#5733 = DEFINITIONAL_REPRESENTATION('',(#5734),#5737);
#5734 = B_SPLINE_CURVE_WITH_KNOTS('',1,(#5735,#5736),.UNSPECIFIED.,.F.,
  .F.,(2,2),(-29.79932345594,-29.42916751369),.PIECEWISE_BEZIER_KNOTS.);
#5735 = CARTESIAN_POINT('',(11.200655495143,59.832544343209));
#5736 = CARTESIAN_POINT('',(11.050412467688,59.494250899169));
#5737 = ( GEOMETRIC_REPRESENTATION_CONTEXT(2) 
PARAMETRIC_REPRESENTATION_CONTEXT() REPRESENTATION_CONTEXT('2D SPACE',''
  ) );
#5738 = PCURVE('',#3055,#5739);
#5739 = DEFINITIONAL_REPRESENTATION('',(#5740),#5743);
#5740 = B_SPLINE_CURVE_WITH_KNOTS('',1,(#5741,#5742),.UNSPECIFIED.,.F.,
  .F.,(2,2),(-29.79932345594,-29.42916751369),.PIECEWISE_BEZIER_KNOTS.);
#5741 = CARTESIAN_POINT('',(0.370155942245,-138.));
#5742 = CARTESIAN_POINT('',(0.,-138.));
#5743 = ( GEOMETRIC_REPRESENTATION_CONTEXT(2) 
PARAMETRIC_REPRESENTATION_CONTEXT() REPRESENTATION_CONTEXT('2D SPACE',''
  ) );
#5744 = ORIENTED_EDGE('',*,*,#5745,.F.);
#5745 = EDGE_CURVE('',#5746,#5725,#5748,.T.);
#5746 = VERTEX_POINT('',#5747);
#5747 = CARTESIAN_POINT('',(-61.74221945311,13.168765278173,-62.));
#5748 = SURFACE_CURVE('',#5749,(#5753,#5759),.PCURVE_S1.);
#5749 = LINE('',#5750,#5751);
#5750 = CARTESIAN_POINT('',(-74.37786234355,-13.86936530185,-62.));
#5751 = VECTOR('',#5752,1.);
#5752 = DIRECTION('',(-0.423376498779,-0.905953829001,0.));
#5753 = PCURVE('',#407,#5754);
#5754 = DEFINITIONAL_REPRESENTATION('',(#5755),#5758);
#5755 = B_SPLINE_CURVE_WITH_KNOTS('',1,(#5756,#5757),.UNSPECIFIED.,.F.,
  .F.,(2,2),(-29.84493217478,-29.47380847708),.PIECEWISE_BEZIER_KNOTS.);
#5756 = CARTESIAN_POINT('',(11.357780546888,60.168765278173));
#5757 = CARTESIAN_POINT('',(11.200655495143,59.832544343209));
#5758 = ( GEOMETRIC_REPRESENTATION_CONTEXT(2) 
PARAMETRIC_REPRESENTATION_CONTEXT() REPRESENTATION_CONTEXT('2D SPACE',''
  ) );
#5759 = PCURVE('',#3081,#5760);
#5760 = DEFINITIONAL_REPRESENTATION('',(#5761),#5764);
#5761 = B_SPLINE_CURVE_WITH_KNOTS('',1,(#5762,#5763),.UNSPECIFIED.,.F.,
  .F.,(2,2),(-29.84493217478,-29.47380847708),.PIECEWISE_BEZIER_KNOTS.);
#5762 = CARTESIAN_POINT('',(0.371123697699,-138.));
#5763 = CARTESIAN_POINT('',(0.,-138.));
#5764 = ( GEOMETRIC_REPRESENTATION_CONTEXT(2) 
PARAMETRIC_REPRESENTATION_CONTEXT() REPRESENTATION_CONTEXT('2D SPACE',''
  ) );
#5765 = ORIENTED_EDGE('',*,*,#5766,.F.);
#5766 = EDGE_CURVE('',#5767,#5746,#5769,.T.);
#5767 = VERTEX_POINT('',#5768);
#5768 = CARTESIAN_POINT('',(-61.58637201938,13.505079050783,-62.));
#5769 = SURFACE_CURVE('',#5770,(#5774,#5780),.PCURVE_S1.);
#5770 = LINE('',#5771,#5772);
#5771 = CARTESIAN_POINT('',(-74.22272124638,-13.76375803519,-62.));
#5772 = VECTOR('',#5773,1.);
#5773 = DIRECTION('',(-0.420449263902,-0.907316051045,0.));
#5774 = PCURVE('',#407,#5775);
#5775 = DEFINITIONAL_REPRESENTATION('',(#5776),#5779);
#5776 = B_SPLINE_CURVE_WITH_KNOTS('',1,(#5777,#5778),.UNSPECIFIED.,.F.,
  .F.,(2,2),(-30.05439731234,-29.68372848947),.PIECEWISE_BEZIER_KNOTS.);
#5777 = CARTESIAN_POINT('',(11.513627980615,60.505079050783));
#5778 = CARTESIAN_POINT('',(11.357780546888,60.168765278173));
#5779 = ( GEOMETRIC_REPRESENTATION_CONTEXT(2) 
PARAMETRIC_REPRESENTATION_CONTEXT() REPRESENTATION_CONTEXT('2D SPACE',''
  ) );
#5780 = PCURVE('',#3107,#5781);
#5781 = DEFINITIONAL_REPRESENTATION('',(#5782),#5785);
#5782 = B_SPLINE_CURVE_WITH_KNOTS('',1,(#5783,#5784),.UNSPECIFIED.,.F.,
  .F.,(2,2),(-30.05439731234,-29.68372848947),.PIECEWISE_BEZIER_KNOTS.);
#5783 = CARTESIAN_POINT('',(0.370668822869,-138.));
#5784 = CARTESIAN_POINT('',(0.,-138.));
#5785 = ( GEOMETRIC_REPRESENTATION_CONTEXT(2) 
PARAMETRIC_REPRESENTATION_CONTEXT() REPRESENTATION_CONTEXT('2D SPACE',''
  ) );
#5786 = ORIENTED_EDGE('',*,*,#5787,.F.);
#5787 = EDGE_CURVE('',#5788,#5767,#5790,.T.);
#5788 = VERTEX_POINT('',#5789);
#5789 = CARTESIAN_POINT('',(-61.42143284286,13.843452998562,-62.));
#5790 = SURFACE_CURVE('',#5791,(#5795,#5801),.PCURVE_S1.);
#5791 = LINE('',#5792,#5793);
#5792 = CARTESIAN_POINT('',(-74.60696221781,-13.2067586149,-62.));
#5793 = VECTOR('',#5794,1.);
#5794 = DIRECTION('',(-0.438163347384,-0.898895367108,0.));
#5795 = PCURVE('',#407,#5796);
#5796 = DEFINITIONAL_REPRESENTATION('',(#5797),#5800);
#5797 = B_SPLINE_CURVE_WITH_KNOTS('',1,(#5798,#5799),.UNSPECIFIED.,.F.,
  .F.,(2,2),(-30.0927255866,-29.7162925109),.PIECEWISE_BEZIER_KNOTS.);
#5798 = CARTESIAN_POINT('',(11.678567157133,60.843452998562));
#5799 = CARTESIAN_POINT('',(11.513627980615,60.505079050783));
#5800 = ( GEOMETRIC_REPRESENTATION_CONTEXT(2) 
PARAMETRIC_REPRESENTATION_CONTEXT() REPRESENTATION_CONTEXT('2D SPACE',''
  ) );
#5801 = PCURVE('',#3133,#5802);
#5802 = DEFINITIONAL_REPRESENTATION('',(#5803),#5806);
#5803 = B_SPLINE_CURVE_WITH_KNOTS('',1,(#5804,#5805),.UNSPECIFIED.,.F.,
  .F.,(2,2),(-30.0927255866,-29.7162925109),.PIECEWISE_BEZIER_KNOTS.);
#5804 = CARTESIAN_POINT('',(0.376433075707,-138.));
#5805 = CARTESIAN_POINT('',(0.,-138.));
#5806 = ( GEOMETRIC_REPRESENTATION_CONTEXT(2) 
PARAMETRIC_REPRESENTATION_CONTEXT() REPRESENTATION_CONTEXT('2D SPACE',''
  ) );
#5807 = ORIENTED_EDGE('',*,*,#5808,.F.);
#5808 = EDGE_CURVE('',#5809,#5788,#5811,.T.);
#5809 = VERTEX_POINT('',#5810);
#5810 = CARTESIAN_POINT('',(-61.25397224911,14.179788084624,-62.));
#5811 = SURFACE_CURVE('',#5812,(#5816,#5822),.PCURVE_S1.);
#5812 = LINE('',#5813,#5814);
#5813 = CARTESIAN_POINT('',(-74.71934052159,-12.86463887822,-62.));
#5814 = VECTOR('',#5815,1.);
#5815 = DIRECTION('',(-0.44570768754,-0.895178561667,0.));
#5816 = PCURVE('',#407,#5817);
#5817 = DEFINITIONAL_REPRESENTATION('',(#5818),#5821);
#5818 = B_SPLINE_CURVE_WITH_KNOTS('',1,(#5819,#5820),.UNSPECIFIED.,.F.,
  .F.,(2,2),(-30.2112093843,-29.83549095173),.PIECEWISE_BEZIER_KNOTS.);
#5819 = CARTESIAN_POINT('',(11.846027750881,61.179788084624));
#5820 = CARTESIAN_POINT('',(11.678567157133,60.843452998562));
#5821 = ( GEOMETRIC_REPRESENTATION_CONTEXT(2) 
PARAMETRIC_REPRESENTATION_CONTEXT() REPRESENTATION_CONTEXT('2D SPACE',''
  ) );
#5822 = PCURVE('',#3159,#5823);
#5823 = DEFINITIONAL_REPRESENTATION('',(#5824),#5827);
#5824 = B_SPLINE_CURVE_WITH_KNOTS('',1,(#5825,#5826),.UNSPECIFIED.,.F.,
  .F.,(2,2),(-30.2112093843,-29.83549095173),.PIECEWISE_BEZIER_KNOTS.);
#5825 = CARTESIAN_POINT('',(0.375718432572,-138.));
#5826 = CARTESIAN_POINT('',(0.,-138.));
#5827 = ( GEOMETRIC_REPRESENTATION_CONTEXT(2) 
PARAMETRIC_REPRESENTATION_CONTEXT() REPRESENTATION_CONTEXT('2D SPACE',''
  ) );
#5828 = ORIENTED_EDGE('',*,*,#5829,.F.);
#5829 = EDGE_CURVE('',#5830,#5809,#5832,.T.);
#5830 = VERTEX_POINT('',#5831);
#5831 = CARTESIAN_POINT('',(-61.08185529614,14.518280989353,-62.));
#5832 = SURFACE_CURVE('',#5833,(#5837,#5843),.PCURVE_S1.);
#5833 = LINE('',#5834,#5835);
#5834 = CARTESIAN_POINT('',(-74.82970256015,-12.51885087833,-62.));
#5835 = VECTOR('',#5836,1.);
#5836 = DIRECTION('',(-0.453250686818,-0.891383090988,0.));
#5837 = PCURVE('',#407,#5838);
#5838 = DEFINITIONAL_REPRESENTATION('',(#5839),#5842);
#5839 = B_SPLINE_CURVE_WITH_KNOTS('',1,(#5840,#5841),.UNSPECIFIED.,.F.,
  .F.,(2,2),(-30.33166339034,-29.9519244115),.PIECEWISE_BEZIER_KNOTS.);
#5840 = CARTESIAN_POINT('',(12.018144703852,61.518280989353));
#5841 = CARTESIAN_POINT('',(11.846027750881,61.179788084624));
#5842 = ( GEOMETRIC_REPRESENTATION_CONTEXT(2) 
PARAMETRIC_REPRESENTATION_CONTEXT() REPRESENTATION_CONTEXT('2D SPACE',''
  ) );
#5843 = PCURVE('',#3185,#5844);
#5844 = DEFINITIONAL_REPRESENTATION('',(#5845),#5848);
#5845 = B_SPLINE_CURVE_WITH_KNOTS('',1,(#5846,#5847),.UNSPECIFIED.,.F.,
  .F.,(2,2),(-30.33166339034,-29.9519244115),.PIECEWISE_BEZIER_KNOTS.);
#5846 = CARTESIAN_POINT('',(0.379738978842,-138.));
#5847 = CARTESIAN_POINT('',(0.,-138.));
#5848 = ( GEOMETRIC_REPRESENTATION_CONTEXT(2) 
PARAMETRIC_REPRESENTATION_CONTEXT() REPRESENTATION_CONTEXT('2D SPACE',''
  ) );
#5849 = ORIENTED_EDGE('',*,*,#5850,.F.);
#5850 = EDGE_CURVE('',#5851,#5830,#5853,.T.);
#5851 = VERTEX_POINT('',#5852);
#5852 = CARTESIAN_POINT('',(-60.90210703726,14.854621324962,-62.));
#5853 = SURFACE_CURVE('',#5854,(#5858,#5864),.PCURVE_S1.);
#5854 = LINE('',#5855,#5856);
#5855 = CARTESIAN_POINT('',(-75.20330445247,-11.90541278194,-62.));
#5856 = VECTOR('',#5857,1.);
#5857 = DIRECTION('',(-0.471336782294,-0.881953308093,0.));
#5858 = PCURVE('',#407,#5859);
#5859 = DEFINITIONAL_REPRESENTATION('',(#5860),#5863);
#5860 = B_SPLINE_CURVE_WITH_KNOTS('',1,(#5861,#5862),.UNSPECIFIED.,.F.,
  .F.,(2,2),(-30.34178097791,-29.96042254031),.PIECEWISE_BEZIER_KNOTS.);
#5861 = CARTESIAN_POINT('',(12.197892962731,61.854621324962));
#5862 = CARTESIAN_POINT('',(12.018144703852,61.518280989353));
#5863 = ( GEOMETRIC_REPRESENTATION_CONTEXT(2) 
PARAMETRIC_REPRESENTATION_CONTEXT() REPRESENTATION_CONTEXT('2D SPACE',''
  ) );
#5864 = PCURVE('',#3211,#5865);
#5865 = DEFINITIONAL_REPRESENTATION('',(#5866),#5869);
#5866 = B_SPLINE_CURVE_WITH_KNOTS('',1,(#5867,#5868),.UNSPECIFIED.,.F.,
  .F.,(2,2),(-30.34178097791,-29.96042254031),.PIECEWISE_BEZIER_KNOTS.);
#5867 = CARTESIAN_POINT('',(0.381358437599,-138.));
#5868 = CARTESIAN_POINT('',(0.,-138.));
#5869 = ( GEOMETRIC_REPRESENTATION_CONTEXT(2) 
PARAMETRIC_REPRESENTATION_CONTEXT() REPRESENTATION_CONTEXT('2D SPACE',''
  ) );
#5870 = ORIENTED_EDGE('',*,*,#5871,.F.);
#5871 = EDGE_CURVE('',#5872,#5851,#5874,.T.);
#5872 = VERTEX_POINT('',#5873);
#5873 = CARTESIAN_POINT('',(-60.7237368259,15.19103871005,-62.));
#5874 = SURFACE_CURVE('',#5875,(#5879,#5885),.PCURVE_S1.);
#5875 = LINE('',#5876,#5877);
#5876 = CARTESIAN_POINT('',(-75.04002859276,-11.81038380077,-62.));
#5877 = VECTOR('',#5878,1.);
#5878 = DIRECTION('',(-0.468435094273,-0.883497913101,0.));
#5879 = PCURVE('',#407,#5880);
#5880 = DEFINITIONAL_REPRESENTATION('',(#5881),#5884);
#5881 = B_SPLINE_CURVE_WITH_KNOTS('',1,(#5882,#5883),.UNSPECIFIED.,.F.,
  .F.,(2,2),(-30.56195392251,-30.18117499808),.PIECEWISE_BEZIER_KNOTS.);
#5882 = CARTESIAN_POINT('',(12.376263174094,62.19103871005));
#5883 = CARTESIAN_POINT('',(12.197892962731,61.854621324962));
#5884 = ( GEOMETRIC_REPRESENTATION_CONTEXT(2) 
PARAMETRIC_REPRESENTATION_CONTEXT() REPRESENTATION_CONTEXT('2D SPACE',''
  ) );
#5885 = PCURVE('',#3237,#5886);
#5886 = DEFINITIONAL_REPRESENTATION('',(#5887),#5890);
#5887 = B_SPLINE_CURVE_WITH_KNOTS('',1,(#5888,#5889),.UNSPECIFIED.,.F.,
  .F.,(2,2),(-30.56195392251,-30.18117499808),.PIECEWISE_BEZIER_KNOTS.);
#5888 = CARTESIAN_POINT('',(0.380778924432,-138.));
#5889 = CARTESIAN_POINT('',(0.,-138.));
#5890 = ( GEOMETRIC_REPRESENTATION_CONTEXT(2) 
PARAMETRIC_REPRESENTATION_CONTEXT() REPRESENTATION_CONTEXT('2D SPACE',''
  ) );
#5891 = ORIENTED_EDGE('',*,*,#5892,.F.);
#5892 = EDGE_CURVE('',#5893,#5872,#5895,.T.);
#5893 = VERTEX_POINT('',#5894);
#5894 = CARTESIAN_POINT('',(-60.53518999056,15.529536788878,-62.));
#5895 = SURFACE_CURVE('',#5896,(#5900,#5906),.PCURVE_S1.);
#5896 = LINE('',#5897,#5898);
#5897 = CARTESIAN_POINT('',(-75.40818499554,-11.17194683194,-62.));
#5898 = VECTOR('',#5899,1.);
#5899 = DIRECTION('',(-0.486613623367,-0.873617296963,0.));
#5900 = PCURVE('',#407,#5901);
#5901 = DEFINITIONAL_REPRESENTATION('',(#5902),#5905);
#5902 = B_SPLINE_CURVE_WITH_KNOTS('',1,(#5903,#5904),.UNSPECIFIED.,.F.,
  .F.,(2,2),(-30.56427993542,-30.17681270005),.PIECEWISE_BEZIER_KNOTS.);
#5903 = CARTESIAN_POINT('',(12.564810009435,62.529536788878));
#5904 = CARTESIAN_POINT('',(12.376263174094,62.19103871005));
#5905 = ( GEOMETRIC_REPRESENTATION_CONTEXT(2) 
PARAMETRIC_REPRESENTATION_CONTEXT() REPRESENTATION_CONTEXT('2D SPACE',''
  ) );
#5906 = PCURVE('',#3263,#5907);
#5907 = DEFINITIONAL_REPRESENTATION('',(#5908),#5911);
#5908 = B_SPLINE_CURVE_WITH_KNOTS('',1,(#5909,#5910),.UNSPECIFIED.,.F.,
  .F.,(2,2),(-30.56427993542,-30.17681270005),.PIECEWISE_BEZIER_KNOTS.);
#5909 = CARTESIAN_POINT('',(0.387467235372,-138.));
#5910 = CARTESIAN_POINT('',(0.,-138.));
#5911 = ( GEOMETRIC_REPRESENTATION_CONTEXT(2) 
PARAMETRIC_REPRESENTATION_CONTEXT() REPRESENTATION_CONTEXT('2D SPACE',''
  ) );
#5912 = ORIENTED_EDGE('',*,*,#5913,.F.);
#5913 = EDGE_CURVE('',#5914,#5893,#5916,.T.);
#5914 = VERTEX_POINT('',#5915);
#5915 = CARTESIAN_POINT('',(-60.34388914554,15.865932234652,-62.));
#5916 = SURFACE_CURVE('',#5917,(#5921,#5927),.PCURVE_S1.);
#5917 = LINE('',#5918,#5919);
#5918 = CARTESIAN_POINT('',(-75.50524587922,-10.79475165481,-62.));
#5919 = VECTOR('',#5920,1.);
#5920 = DIRECTION('',(-0.494335732717,-0.869271064374,0.));
#5921 = PCURVE('',#407,#5922);
#5922 = DEFINITIONAL_REPRESENTATION('',(#5923),#5926);
#5923 = B_SPLINE_CURVE_WITH_KNOTS('',1,(#5924,#5925),.UNSPECIFIED.,.F.,
  .F.,(2,2),(-30.67016145148,-30.28317578089),.PIECEWISE_BEZIER_KNOTS.);
#5924 = CARTESIAN_POINT('',(12.756110854458,62.865932234652));
#5925 = CARTESIAN_POINT('',(12.564810009435,62.529536788878));
#5926 = ( GEOMETRIC_REPRESENTATION_CONTEXT(2) 
PARAMETRIC_REPRESENTATION_CONTEXT() REPRESENTATION_CONTEXT('2D SPACE',''
  ) );
#5927 = PCURVE('',#3289,#5928);
#5928 = DEFINITIONAL_REPRESENTATION('',(#5929),#5932);
#5929 = B_SPLINE_CURVE_WITH_KNOTS('',1,(#5930,#5931),.UNSPECIFIED.,.F.,
  .F.,(2,2),(-30.67016145148,-30.28317578089),.PIECEWISE_BEZIER_KNOTS.);
#5930 = CARTESIAN_POINT('',(0.386985670592,-138.));
#5931 = CARTESIAN_POINT('',(0.,-138.));
#5932 = ( GEOMETRIC_REPRESENTATION_CONTEXT(2) 
PARAMETRIC_REPRESENTATION_CONTEXT() REPRESENTATION_CONTEXT('2D SPACE',''
  ) );
#5933 = ORIENTED_EDGE('',*,*,#5934,.F.);
#5934 = EDGE_CURVE('',#5935,#5914,#5937,.T.);
#5935 = VERTEX_POINT('',#5936);
#5936 = CARTESIAN_POINT('',(-60.14737749512,16.204486057438,-62.));
#5937 = SURFACE_CURVE('',#5938,(#5942,#5948),.PCURVE_S1.);
#5938 = LINE('',#5939,#5940);
#5939 = CARTESIAN_POINT('',(-75.5983699618,-10.41476300094,-62.));
#5940 = VECTOR('',#5941,1.);
#5941 = DIRECTION('',(-0.502005621417,-0.864864357033,0.));
#5942 = PCURVE('',#407,#5943);
#5943 = DEFINITIONAL_REPRESENTATION('',(#5944),#5947);
#5944 = B_SPLINE_CURVE_WITH_KNOTS('',1,(#5945,#5946),.UNSPECIFIED.,.F.,
  .F.,(2,2),(-30.77852479631,-30.38707170886),.PIECEWISE_BEZIER_KNOTS.);
#5945 = CARTESIAN_POINT('',(12.952622504879,63.204486057438));
#5946 = CARTESIAN_POINT('',(12.756110854458,62.865932234652));
#5947 = ( GEOMETRIC_REPRESENTATION_CONTEXT(2) 
PARAMETRIC_REPRESENTATION_CONTEXT() REPRESENTATION_CONTEXT('2D SPACE',''
  ) );
#5948 = PCURVE('',#3315,#5949);
#5949 = DEFINITIONAL_REPRESENTATION('',(#5950),#5953);
#5950 = B_SPLINE_CURVE_WITH_KNOTS('',1,(#5951,#5952),.UNSPECIFIED.,.F.,
  .F.,(2,2),(-30.77852479631,-30.38707170886),.PIECEWISE_BEZIER_KNOTS.);
#5951 = CARTESIAN_POINT('',(0.39145308745,-138.));
#5952 = CARTESIAN_POINT('',(0.,-138.));
#5953 = ( GEOMETRIC_REPRESENTATION_CONTEXT(2) 
PARAMETRIC_REPRESENTATION_CONTEXT() REPRESENTATION_CONTEXT('2D SPACE',''
  ) );
#5954 = ORIENTED_EDGE('',*,*,#5955,.F.);
#5955 = EDGE_CURVE('',#5956,#5935,#5958,.T.);
#5956 = VERTEX_POINT('',#5957);
#5957 = CARTESIAN_POINT('',(-59.9411561266,16.543004905691,-62.));
#5958 = SURFACE_CURVE('',#5959,(#5963,#5969),.PCURVE_S1.);
#5959 = LINE('',#5960,#5961);
#5960 = CARTESIAN_POINT('',(-75.94123492724,-9.721626574564,-62.));
#5961 = VECTOR('',#5962,1.);
#5962 = DIRECTION('',(-0.520253249125,-0.854012035498,0.));
#5963 = PCURVE('',#407,#5964);
#5964 = DEFINITIONAL_REPRESENTATION('',(#5965),#5968);
#5965 = B_SPLINE_CURVE_WITH_KNOTS('',1,(#5966,#5967),.UNSPECIFIED.,.F.,
  .F.,(2,2),(-30.75440437434,-30.35801786667),.PIECEWISE_BEZIER_KNOTS.);
#5966 = CARTESIAN_POINT('',(13.1588438734,63.543004905691));
#5967 = CARTESIAN_POINT('',(12.952622504879,63.204486057438));
#5968 = ( GEOMETRIC_REPRESENTATION_CONTEXT(2) 
PARAMETRIC_REPRESENTATION_CONTEXT() REPRESENTATION_CONTEXT('2D SPACE',''
  ) );
#5969 = PCURVE('',#3341,#5970);
#5970 = DEFINITIONAL_REPRESENTATION('',(#5971),#5974);
#5971 = B_SPLINE_CURVE_WITH_KNOTS('',1,(#5972,#5973),.UNSPECIFIED.,.F.,
  .F.,(2,2),(-30.75440437434,-30.35801786667),.PIECEWISE_BEZIER_KNOTS.);
#5972 = CARTESIAN_POINT('',(0.396386507663,-138.));
#5973 = CARTESIAN_POINT('',(0.,-138.));
#5974 = ( GEOMETRIC_REPRESENTATION_CONTEXT(2) 
PARAMETRIC_REPRESENTATION_CONTEXT() REPRESENTATION_CONTEXT('2D SPACE',''
  ) );
#5975 = ORIENTED_EDGE('',*,*,#5976,.F.);
#5976 = EDGE_CURVE('',#5977,#5956,#5979,.T.);
#5977 = VERTEX_POINT('',#5978);
#5978 = CARTESIAN_POINT('',(-59.73198233684,16.879414783552,-62.));
#5979 = SURFACE_CURVE('',#5980,(#5984,#5990),.PCURVE_S1.);
#5980 = LINE('',#5981,#5982);
#5981 = CARTESIAN_POINT('',(-76.02253616861,-9.320345861354,-62.));
#5982 = VECTOR('',#5983,1.);
#5983 = DIRECTION('',(-0.52803268798,-0.849224046071,0.));
#5984 = PCURVE('',#407,#5985);
#5985 = DEFINITIONAL_REPRESENTATION('',(#5986),#5989);
#5986 = B_SPLINE_CURVE_WITH_KNOTS('',1,(#5987,#5988),.UNSPECIFIED.,.F.,
  .F.,(2,2),(-30.85141166942,-30.45527371334),.PIECEWISE_BEZIER_KNOTS.);
#5987 = CARTESIAN_POINT('',(13.368017663158,63.879414783552));
#5988 = CARTESIAN_POINT('',(13.1588438734,63.543004905691));
#5989 = ( GEOMETRIC_REPRESENTATION_CONTEXT(2) 
PARAMETRIC_REPRESENTATION_CONTEXT() REPRESENTATION_CONTEXT('2D SPACE',''
  ) );
#5990 = PCURVE('',#3367,#5991);
#5991 = DEFINITIONAL_REPRESENTATION('',(#5992),#5995);
#5992 = B_SPLINE_CURVE_WITH_KNOTS('',1,(#5993,#5994),.UNSPECIFIED.,.F.,
  .F.,(2,2),(-30.85141166942,-30.45527371334),.PIECEWISE_BEZIER_KNOTS.);
#5993 = CARTESIAN_POINT('',(0.396137956076,-138.));
#5994 = CARTESIAN_POINT('',(0.,-138.));
#5995 = ( GEOMETRIC_REPRESENTATION_CONTEXT(2) 
PARAMETRIC_REPRESENTATION_CONTEXT() REPRESENTATION_CONTEXT('2D SPACE',''
  ) );
#5996 = ORIENTED_EDGE('',*,*,#5997,.F.);
#5997 = EDGE_CURVE('',#5998,#5977,#6000,.T.);
#5998 = VERTEX_POINT('',#5999);
#5999 = CARTESIAN_POINT('',(-59.51860094363,17.215783410618,-62.));
#6000 = SURFACE_CURVE('',#6001,(#6005,#6011),.PCURVE_S1.);
#6001 = LINE('',#6002,#6003);
#6002 = CARTESIAN_POINT('',(-76.09746099051,-8.918680838462,-62.));
#6003 = VECTOR('',#6004,1.);
#6004 = DIRECTION('',(-0.535675331003,-0.844424028409,0.));
#6005 = PCURVE('',#407,#6006);
#6006 = DEFINITIONAL_REPRESENTATION('',(#6007),#6010);
#6007 = B_SPLINE_CURVE_WITH_KNOTS('',1,(#6008,#6009),.UNSPECIFIED.,.F.,
  .F.,(2,2),(-30.94945592479,-30.55111502525),.PIECEWISE_BEZIER_KNOTS.);
#6008 = CARTESIAN_POINT('',(13.581399056369,64.215783410618));
#6009 = CARTESIAN_POINT('',(13.368017663158,63.879414783552));
#6010 = ( GEOMETRIC_REPRESENTATION_CONTEXT(2) 
PARAMETRIC_REPRESENTATION_CONTEXT() REPRESENTATION_CONTEXT('2D SPACE',''
  ) );
#6011 = PCURVE('',#3393,#6012);
#6012 = DEFINITIONAL_REPRESENTATION('',(#6013),#6016);
#6013 = B_SPLINE_CURVE_WITH_KNOTS('',1,(#6014,#6015),.UNSPECIFIED.,.F.,
  .F.,(2,2),(-30.94945592479,-30.55111502525),.PIECEWISE_BEZIER_KNOTS.);
#6014 = CARTESIAN_POINT('',(0.398340899536,-138.));
#6015 = CARTESIAN_POINT('',(0.,-138.));
#6016 = ( GEOMETRIC_REPRESENTATION_CONTEXT(2) 
PARAMETRIC_REPRESENTATION_CONTEXT() REPRESENTATION_CONTEXT('2D SPACE',''
  ) );
#6017 = ORIENTED_EDGE('',*,*,#6018,.F.);
#6018 = EDGE_CURVE('',#6019,#5998,#6021,.T.);
#6019 = VERTEX_POINT('',#6020);
#6020 = CARTESIAN_POINT('',(-59.29958465942,17.554263850759,-62.));
#6021 = SURFACE_CURVE('',#6022,(#6026,#6032),.PCURVE_S1.);
#6022 = LINE('',#6023,#6024);
#6023 = CARTESIAN_POINT('',(-76.16699754587,-8.513612145607,-62.));
#6024 = VECTOR('',#6025,1.);
#6025 = DIRECTION('',(-0.543250454351,-0.839570690202,0.));
#6026 = PCURVE('',#407,#6027);
#6027 = DEFINITIONAL_REPRESENTATION('',(#6028),#6031);
#6028 = B_SPLINE_CURVE_WITH_KNOTS('',1,(#6029,#6030),.UNSPECIFIED.,.F.,
  .F.,(2,2),(-31.04905435667,-30.64589540402),.PIECEWISE_BEZIER_KNOTS.);
#6029 = CARTESIAN_POINT('',(13.800415340574,64.554263850759));
#6030 = CARTESIAN_POINT('',(13.581399056369,64.215783410618));
#6031 = ( GEOMETRIC_REPRESENTATION_CONTEXT(2) 
PARAMETRIC_REPRESENTATION_CONTEXT() REPRESENTATION_CONTEXT('2D SPACE',''
  ) );
#6032 = PCURVE('',#3419,#6033);
#6033 = DEFINITIONAL_REPRESENTATION('',(#6034),#6037);
#6034 = B_SPLINE_CURVE_WITH_KNOTS('',1,(#6035,#6036),.UNSPECIFIED.,.F.,
  .F.,(2,2),(-31.04905435667,-30.64589540402),.PIECEWISE_BEZIER_KNOTS.);
#6035 = CARTESIAN_POINT('',(0.403158952654,-138.));
#6036 = CARTESIAN_POINT('',(0.,-138.));
#6037 = ( GEOMETRIC_REPRESENTATION_CONTEXT(2) 
PARAMETRIC_REPRESENTATION_CONTEXT() REPRESENTATION_CONTEXT('2D SPACE',''
  ) );
#6038 = ORIENTED_EDGE('',*,*,#6039,.F.);
#6039 = EDGE_CURVE('',#6040,#6019,#6042,.T.);
#6040 = VERTEX_POINT('',#6041);
#6041 = CARTESIAN_POINT('',(-59.07012383859,17.892672153201,-62.));
#6042 = SURFACE_CURVE('',#6043,(#6047,#6053),.PCURVE_S1.);
#6043 = LINE('',#6044,#6045);
#6044 = CARTESIAN_POINT('',(-76.46555682471,-7.762073287735,-62.));
#6045 = VECTOR('',#6046,1.);
#6046 = DIRECTION('',(-0.561211022797,-0.827672754107,0.));
#6047 = PCURVE('',#407,#6048);
#6048 = DEFINITIONAL_REPRESENTATION('',(#6049),#6052);
#6049 = B_SPLINE_CURVE_WITH_KNOTS('',1,(#6050,#6051),.UNSPECIFIED.,.F.,
  .F.,(2,2),(-30.99624255315,-30.5873752795),.PIECEWISE_BEZIER_KNOTS.);
#6050 = CARTESIAN_POINT('',(14.029876161405,64.892672153201));
#6051 = CARTESIAN_POINT('',(13.800415340574,64.554263850759));
#6052 = ( GEOMETRIC_REPRESENTATION_CONTEXT(2) 
PARAMETRIC_REPRESENTATION_CONTEXT() REPRESENTATION_CONTEXT('2D SPACE',''
  ) );
#6053 = PCURVE('',#3445,#6054);
#6054 = DEFINITIONAL_REPRESENTATION('',(#6055),#6058);
#6055 = B_SPLINE_CURVE_WITH_KNOTS('',1,(#6056,#6057),.UNSPECIFIED.,.F.,
  .F.,(2,2),(-30.99624255315,-30.5873752795),.PIECEWISE_BEZIER_KNOTS.);
#6056 = CARTESIAN_POINT('',(0.408867273646,-138.));
#6057 = CARTESIAN_POINT('',(0.,-138.));
#6058 = ( GEOMETRIC_REPRESENTATION_CONTEXT(2) 
PARAMETRIC_REPRESENTATION_CONTEXT() REPRESENTATION_CONTEXT('2D SPACE',''
  ) );
#6059 = ORIENTED_EDGE('',*,*,#6060,.F.);
#6060 = EDGE_CURVE('',#6061,#6040,#6063,.T.);
#6061 = VERTEX_POINT('',#6062);
#6062 = CARTESIAN_POINT('',(-58.83758332167,18.228971907059,-62.));
#6063 = SURFACE_CURVE('',#6064,(#6068,#6074),.PCURVE_S1.);
#6064 = LINE('',#6065,#6066);
#6065 = CARTESIAN_POINT('',(-76.51762595761,-7.339879772673,-62.));
#6066 = VECTOR('',#6067,1.);
#6067 = DIRECTION('',(-0.56874299894,-0.822515289315,0.));
#6068 = PCURVE('',#407,#6069);
#6069 = DEFINITIONAL_REPRESENTATION('',(#6070),#6073);
#6070 = B_SPLINE_CURVE_WITH_KNOTS('',1,(#6071,#6072),.UNSPECIFIED.,.F.,
  .F.,(2,2),(-31.08617190695,-30.67730442664),.PIECEWISE_BEZIER_KNOTS.);
#6071 = CARTESIAN_POINT('',(14.262416678325,65.228971907059));
#6072 = CARTESIAN_POINT('',(14.029876161405,64.892672153201));
#6073 = ( GEOMETRIC_REPRESENTATION_CONTEXT(2) 
PARAMETRIC_REPRESENTATION_CONTEXT() REPRESENTATION_CONTEXT('2D SPACE',''
  ) );
#6074 = PCURVE('',#3471,#6075);
#6075 = DEFINITIONAL_REPRESENTATION('',(#6076),#6079);
#6076 = B_SPLINE_CURVE_WITH_KNOTS('',1,(#6077,#6078),.UNSPECIFIED.,.F.,
  .F.,(2,2),(-31.08617190695,-30.67730442664),.PIECEWISE_BEZIER_KNOTS.);
#6077 = CARTESIAN_POINT('',(0.408867480309,-138.));
#6078 = CARTESIAN_POINT('',(0.,-138.));
#6079 = ( GEOMETRIC_REPRESENTATION_CONTEXT(2) 
PARAMETRIC_REPRESENTATION_CONTEXT() REPRESENTATION_CONTEXT('2D SPACE',''
  ) );
#6080 = ORIENTED_EDGE('',*,*,#6081,.F.);
#6081 = EDGE_CURVE('',#6082,#6061,#6084,.T.);
#6082 = VERTEX_POINT('',#6083);
#6083 = CARTESIAN_POINT('',(-58.59910317876,18.567312632444,-62.));
#6084 = SURFACE_CURVE('',#6085,(#6089,#6095),.PCURVE_S1.);
#6085 = LINE('',#6086,#6087);
#6086 = CARTESIAN_POINT('',(-76.56272839228,-6.918356367337,-62.));
#6087 = VECTOR('',#6088,1.);
#6088 = DIRECTION('',(-0.57612097313,-0.817364437885,0.));
#6089 = PCURVE('',#407,#6090);
#6090 = DEFINITIONAL_REPRESENTATION('',(#6091),#6094);
#6091 = B_SPLINE_CURVE_WITH_KNOTS('',1,(#6092,#6093),.UNSPECIFIED.,.F.,
  .F.,(2,2),(-31.18030075509,-30.76635966627),.PIECEWISE_BEZIER_KNOTS.);
#6092 = CARTESIAN_POINT('',(14.500896821237,65.567312632444));
#6093 = CARTESIAN_POINT('',(14.262416678325,65.228971907059));
#6094 = ( GEOMETRIC_REPRESENTATION_CONTEXT(2) 
PARAMETRIC_REPRESENTATION_CONTEXT() REPRESENTATION_CONTEXT('2D SPACE',''
  ) );
#6095 = PCURVE('',#3497,#6096);
#6096 = DEFINITIONAL_REPRESENTATION('',(#6097),#6100);
#6097 = B_SPLINE_CURVE_WITH_KNOTS('',1,(#6098,#6099),.UNSPECIFIED.,.F.,
  .F.,(2,2),(-31.18030075509,-30.76635966627),.PIECEWISE_BEZIER_KNOTS.);
#6098 = CARTESIAN_POINT('',(0.413941088825,-138.));
#6099 = CARTESIAN_POINT('',(0.,-138.));
#6100 = ( GEOMETRIC_REPRESENTATION_CONTEXT(2) 
PARAMETRIC_REPRESENTATION_CONTEXT() REPRESENTATION_CONTEXT('2D SPACE',''
  ) );
#6101 = ORIENTED_EDGE('',*,*,#6102,.F.);
#6102 = EDGE_CURVE('',#6103,#6082,#6105,.T.);
#6103 = VERTEX_POINT('',#6104);
#6104 = CARTESIAN_POINT('',(-58.5,18.701678922998,-62.));
#6105 = SURFACE_CURVE('',#6106,(#6110,#6116),.PCURVE_S1.);
#6106 = LINE('',#6107,#6108);
#6107 = CARTESIAN_POINT('',(-76.81426654158,-6.129210359542,-62.));
#6108 = VECTOR('',#6109,1.);
#6109 = DIRECTION('',(-0.593573333189,-0.804779906637,0.));
#6110 = PCURVE('',#407,#6111);
#6111 = DEFINITIONAL_REPRESENTATION('',(#6112),#6115);
#6112 = B_SPLINE_CURVE_WITH_KNOTS('',1,(#6113,#6114),.UNSPECIFIED.,.F.,
  .F.,(2,2),(-30.85426099452,-30.6873006996),.PIECEWISE_BEZIER_KNOTS.);
#6113 = CARTESIAN_POINT('',(14.6,65.701678922998));
#6114 = CARTESIAN_POINT('',(14.500896821237,65.567312632444));
#6115 = ( GEOMETRIC_REPRESENTATION_CONTEXT(2) 
PARAMETRIC_REPRESENTATION_CONTEXT() REPRESENTATION_CONTEXT('2D SPACE',''
  ) );
#6116 = PCURVE('',#3523,#6117);
#6117 = DEFINITIONAL_REPRESENTATION('',(#6118),#6121);
#6118 = B_SPLINE_CURVE_WITH_KNOTS('',1,(#6119,#6120),.UNSPECIFIED.,.F.,
  .F.,(2,2),(-30.85426099452,-30.6873006996),.PIECEWISE_BEZIER_KNOTS.);
#6119 = CARTESIAN_POINT('',(0.166960294915,-138.));
#6120 = CARTESIAN_POINT('',(0.,-138.));
#6121 = ( GEOMETRIC_REPRESENTATION_CONTEXT(2) 
PARAMETRIC_REPRESENTATION_CONTEXT() REPRESENTATION_CONTEXT('2D SPACE',''
  ) );
#6122 = ORIENTED_EDGE('',*,*,#6123,.T.);
#6123 = EDGE_CURVE('',#6103,#6124,#6126,.T.);
#6124 = VERTEX_POINT('',#6125);
#6125 = CARTESIAN_POINT('',(-58.5,19.,-62.));
#6126 = SURFACE_CURVE('',#6127,(#6131,#6138),.PCURVE_S1.);
#6127 = LINE('',#6128,#6129);
#6128 = CARTESIAN_POINT('',(-58.5,-19.,-62.));
#6129 = VECTOR('',#6130,1.);
#6130 = DIRECTION('',(0.,1.,0.));
#6131 = PCURVE('',#407,#6132);
#6132 = DEFINITIONAL_REPRESENTATION('',(#6133),#6137);
#6133 = LINE('',#6134,#6135);
#6134 = CARTESIAN_POINT('',(14.6,28.));
#6135 = VECTOR('',#6136,1.);
#6136 = DIRECTION('',(0.,1.));
#6137 = ( GEOMETRIC_REPRESENTATION_CONTEXT(2) 
PARAMETRIC_REPRESENTATION_CONTEXT() REPRESENTATION_CONTEXT('2D SPACE',''
  ) );
#6138 = PCURVE('',#3550,#6139);
#6139 = DEFINITIONAL_REPRESENTATION('',(#6140),#6144);
#6140 = LINE('',#6141,#6142);
#6141 = CARTESIAN_POINT('',(0.,0.));
#6142 = VECTOR('',#6143,1.);
#6143 = DIRECTION('',(1.,0.));
#6144 = ( GEOMETRIC_REPRESENTATION_CONTEXT(2) 
PARAMETRIC_REPRESENTATION_CONTEXT() REPRESENTATION_CONTEXT('2D SPACE',''
  ) );
#6145 = ORIENTED_EDGE('',*,*,#6146,.T.);
#6146 = EDGE_CURVE('',#6124,#6147,#6149,.T.);
#6147 = VERTEX_POINT('',#6148);
#6148 = CARTESIAN_POINT('',(-66.1,21.602739726027,-62.));
#6149 = SURFACE_CURVE('',#6150,(#6154,#6161),.PCURVE_S1.);
#6150 = LINE('',#6151,#6152);
#6151 = CARTESIAN_POINT('',(-58.5,19.,-62.));
#6152 = VECTOR('',#6153,1.);
#6153 = DIRECTION('',(-0.946059486625,0.323992974872,0.));
#6154 = PCURVE('',#407,#6155);
#6155 = DEFINITIONAL_REPRESENTATION('',(#6156),#6160);
#6156 = LINE('',#6157,#6158);
#6157 = CARTESIAN_POINT('',(14.6,66.));
#6158 = VECTOR('',#6159,1.);
#6159 = DIRECTION('',(-0.946059486625,0.323992974872));
#6160 = ( GEOMETRIC_REPRESENTATION_CONTEXT(2) 
PARAMETRIC_REPRESENTATION_CONTEXT() REPRESENTATION_CONTEXT('2D SPACE',''
  ) );
#6161 = PCURVE('',#3578,#6162);
#6162 = DEFINITIONAL_REPRESENTATION('',(#6163),#6167);
#6163 = LINE('',#6164,#6165);
#6164 = CARTESIAN_POINT('',(0.,0.));
#6165 = VECTOR('',#6166,1.);
#6166 = DIRECTION('',(1.,0.));
#6167 = ( GEOMETRIC_REPRESENTATION_CONTEXT(2) 
PARAMETRIC_REPRESENTATION_CONTEXT() REPRESENTATION_CONTEXT('2D SPACE',''
  ) );
#6168 = ORIENTED_EDGE('',*,*,#6169,.T.);
#6169 = EDGE_CURVE('',#6147,#3857,#6170,.T.);
#6170 = SURFACE_CURVE('',#6171,(#6175,#6182),.PCURVE_S1.);
#6171 = LINE('',#6172,#6173);
#6172 = CARTESIAN_POINT('',(-66.1,-47.,-62.));
#6173 = VECTOR('',#6174,1.);
#6174 = DIRECTION('',(0.,1.,0.));
#6175 = PCURVE('',#407,#6176);
#6176 = DEFINITIONAL_REPRESENTATION('',(#6177),#6181);
#6177 = LINE('',#6178,#6179);
#6178 = CARTESIAN_POINT('',(7.,0.));
#6179 = VECTOR('',#6180,1.);
#6180 = DIRECTION('',(0.,1.));
#6181 = ( GEOMETRIC_REPRESENTATION_CONTEXT(2) 
PARAMETRIC_REPRESENTATION_CONTEXT() REPRESENTATION_CONTEXT('2D SPACE',''
  ) );
#6182 = PCURVE('',#3606,#6183);
#6183 = DEFINITIONAL_REPRESENTATION('',(#6184),#6188);
#6184 = LINE('',#6185,#6186);
#6185 = CARTESIAN_POINT('',(0.,0.));
#6186 = VECTOR('',#6187,1.);
#6187 = DIRECTION('',(0.,-1.));
#6188 = ( GEOMETRIC_REPRESENTATION_CONTEXT(2) 
PARAMETRIC_REPRESENTATION_CONTEXT() REPRESENTATION_CONTEXT('2D SPACE',''
  ) );
#6189 = ORIENTED_EDGE('',*,*,#3879,.F.);
#6190 = ORIENTED_EDGE('',*,*,#391,.T.);
#6191 = ADVANCED_FACE('',(#6192),#72,.F.);
#6192 = FACE_BOUND('',#6193,.F.);
#6193 = EDGE_LOOP('',(#6194,#6195,#6216,#6217,#6218,#6241,#6269,#6290,
    #6291,#6314,#6342,#6363));
#6194 = ORIENTED_EDGE('',*,*,#801,.T.);
#6195 = ORIENTED_EDGE('',*,*,#6196,.F.);
#6196 = EDGE_CURVE('',#3906,#802,#6197,.T.);
#6197 = SURFACE_CURVE('',#6198,(#6202,#6209),.PCURVE_S1.);
#6198 = LINE('',#6199,#6200);
#6199 = CARTESIAN_POINT('',(-66.1,-47.,-62.));
#6200 = VECTOR('',#6201,1.);
#6201 = DIRECTION('',(0.,0.,1.));
#6202 = PCURVE('',#72,#6203);
#6203 = DEFINITIONAL_REPRESENTATION('',(#6204),#6208);
#6204 = LINE('',#6205,#6206);
#6205 = CARTESIAN_POINT('',(0.,7.));
#6206 = VECTOR('',#6207,1.);
#6207 = DIRECTION('',(1.,0.));
#6208 = ( GEOMETRIC_REPRESENTATION_CONTEXT(2) 
PARAMETRIC_REPRESENTATION_CONTEXT() REPRESENTATION_CONTEXT('2D SPACE',''
  ) );
#6209 = PCURVE('',#840,#6210);
#6210 = DEFINITIONAL_REPRESENTATION('',(#6211),#6215);
#6211 = LINE('',#6212,#6213);
#6212 = CARTESIAN_POINT('',(0.,0.));
#6213 = VECTOR('',#6214,1.);
#6214 = DIRECTION('',(1.,0.));
#6215 = ( GEOMETRIC_REPRESENTATION_CONTEXT(2) 
PARAMETRIC_REPRESENTATION_CONTEXT() REPRESENTATION_CONTEXT('2D SPACE',''
  ) );
#6216 = ORIENTED_EDGE('',*,*,#3905,.F.);
#6217 = ORIENTED_EDGE('',*,*,#368,.T.);
#6218 = ORIENTED_EDGE('',*,*,#6219,.T.);
#6219 = EDGE_CURVE('',#341,#6220,#6222,.T.);
#6220 = VERTEX_POINT('',#6221);
#6221 = CARTESIAN_POINT('',(-69.1,-47.,-58.));
#6222 = SURFACE_CURVE('',#6223,(#6227,#6234),.PCURVE_S1.);
#6223 = LINE('',#6224,#6225);
#6224 = CARTESIAN_POINT('',(-73.1,-47.,-58.));
#6225 = VECTOR('',#6226,1.);
#6226 = DIRECTION('',(1.,0.,0.));
#6227 = PCURVE('',#72,#6228);
#6228 = DEFINITIONAL_REPRESENTATION('',(#6229),#6233);
#6229 = LINE('',#6230,#6231);
#6230 = CARTESIAN_POINT('',(4.,0.));
#6231 = VECTOR('',#6232,1.);
#6232 = DIRECTION('',(0.,1.));
#6233 = ( GEOMETRIC_REPRESENTATION_CONTEXT(2) 
PARAMETRIC_REPRESENTATION_CONTEXT() REPRESENTATION_CONTEXT('2D SPACE',''
  ) );
#6234 = PCURVE('',#356,#6235);
#6235 = DEFINITIONAL_REPRESENTATION('',(#6236),#6240);
#6236 = LINE('',#6237,#6238);
#6237 = CARTESIAN_POINT('',(0.,5.5));
#6238 = VECTOR('',#6239,1.);
#6239 = DIRECTION('',(1.,0.));
#6240 = ( GEOMETRIC_REPRESENTATION_CONTEXT(2) 
PARAMETRIC_REPRESENTATION_CONTEXT() REPRESENTATION_CONTEXT('2D SPACE',''
  ) );
#6241 = ORIENTED_EDGE('',*,*,#6242,.T.);
#6242 = EDGE_CURVE('',#6220,#6243,#6245,.T.);
#6243 = VERTEX_POINT('',#6244);
#6244 = CARTESIAN_POINT('',(-69.1,-47.,-20.4));
#6245 = SURFACE_CURVE('',#6246,(#6250,#6257),.PCURVE_S1.);
#6246 = LINE('',#6247,#6248);
#6247 = CARTESIAN_POINT('',(-69.1,-47.,-58.));
#6248 = VECTOR('',#6249,1.);
#6249 = DIRECTION('',(0.,0.,1.));
#6250 = PCURVE('',#72,#6251);
#6251 = DEFINITIONAL_REPRESENTATION('',(#6252),#6256);
#6252 = LINE('',#6253,#6254);
#6253 = CARTESIAN_POINT('',(4.,4.));
#6254 = VECTOR('',#6255,1.);
#6255 = DIRECTION('',(1.,0.));
#6256 = ( GEOMETRIC_REPRESENTATION_CONTEXT(2) 
PARAMETRIC_REPRESENTATION_CONTEXT() REPRESENTATION_CONTEXT('2D SPACE',''
  ) );
#6257 = PCURVE('',#6258,#6263);
#6258 = PLANE('',#6259);
#6259 = AXIS2_PLACEMENT_3D('',#6260,#6261,#6262);
#6260 = CARTESIAN_POINT('',(-69.1,-52.5,-58.));
#6261 = DIRECTION('',(1.,0.,0.));
#6262 = DIRECTION('',(0.,0.,1.));
#6263 = DEFINITIONAL_REPRESENTATION('',(#6264),#6268);
#6264 = LINE('',#6265,#6266);
#6265 = CARTESIAN_POINT('',(0.,-5.5));
#6266 = VECTOR('',#6267,1.);
#6267 = DIRECTION('',(1.,0.));
#6268 = ( GEOMETRIC_REPRESENTATION_CONTEXT(2) 
PARAMETRIC_REPRESENTATION_CONTEXT() REPRESENTATION_CONTEXT('2D SPACE',''
  ) );
#6269 = ORIENTED_EDGE('',*,*,#6270,.F.);
#6270 = EDGE_CURVE('',#263,#6243,#6271,.T.);
#6271 = SURFACE_CURVE('',#6272,(#6276,#6283),.PCURVE_S1.);
#6272 = LINE('',#6273,#6274);
#6273 = CARTESIAN_POINT('',(-73.1,-47.,-20.4));
#6274 = VECTOR('',#6275,1.);
#6275 = DIRECTION('',(1.,0.,0.));
#6276 = PCURVE('',#72,#6277);
#6277 = DEFINITIONAL_REPRESENTATION('',(#6278),#6282);
#6278 = LINE('',#6279,#6280);
#6279 = CARTESIAN_POINT('',(41.6,0.));
#6280 = VECTOR('',#6281,1.);
#6281 = DIRECTION('',(0.,1.));
#6282 = ( GEOMETRIC_REPRESENTATION_CONTEXT(2) 
PARAMETRIC_REPRESENTATION_CONTEXT() REPRESENTATION_CONTEXT('2D SPACE',''
  ) );
#6283 = PCURVE('',#301,#6284);
#6284 = DEFINITIONAL_REPRESENTATION('',(#6285),#6289);
#6285 = LINE('',#6286,#6287);
#6286 = CARTESIAN_POINT('',(0.,5.5));
#6287 = VECTOR('',#6288,1.);
#6288 = DIRECTION('',(1.,0.));
#6289 = ( GEOMETRIC_REPRESENTATION_CONTEXT(2) 
PARAMETRIC_REPRESENTATION_CONTEXT() REPRESENTATION_CONTEXT('2D SPACE',''
  ) );
#6290 = ORIENTED_EDGE('',*,*,#262,.T.);
#6291 = ORIENTED_EDGE('',*,*,#6292,.T.);
#6292 = EDGE_CURVE('',#235,#6293,#6295,.T.);
#6293 = VERTEX_POINT('',#6294);
#6294 = CARTESIAN_POINT('',(-69.1,-47.,20.4));
#6295 = SURFACE_CURVE('',#6296,(#6300,#6307),.PCURVE_S1.);
#6296 = LINE('',#6297,#6298);
#6297 = CARTESIAN_POINT('',(-73.1,-47.,20.4));
#6298 = VECTOR('',#6299,1.);
#6299 = DIRECTION('',(1.,0.,0.));
#6300 = PCURVE('',#72,#6301);
#6301 = DEFINITIONAL_REPRESENTATION('',(#6302),#6306);
#6302 = LINE('',#6303,#6304);
#6303 = CARTESIAN_POINT('',(82.4,0.));
#6304 = VECTOR('',#6305,1.);
#6305 = DIRECTION('',(0.,1.));
#6306 = ( GEOMETRIC_REPRESENTATION_CONTEXT(2) 
PARAMETRIC_REPRESENTATION_CONTEXT() REPRESENTATION_CONTEXT('2D SPACE',''
  ) );
#6307 = PCURVE('',#250,#6308);
#6308 = DEFINITIONAL_REPRESENTATION('',(#6309),#6313);
#6309 = LINE('',#6310,#6311);
#6310 = CARTESIAN_POINT('',(0.,5.5));
#6311 = VECTOR('',#6312,1.);
#6312 = DIRECTION('',(1.,0.));
#6313 = ( GEOMETRIC_REPRESENTATION_CONTEXT(2) 
PARAMETRIC_REPRESENTATION_CONTEXT() REPRESENTATION_CONTEXT('2D SPACE',''
  ) );
#6314 = ORIENTED_EDGE('',*,*,#6315,.T.);
#6315 = EDGE_CURVE('',#6293,#6316,#6318,.T.);
#6316 = VERTEX_POINT('',#6317);
#6317 = CARTESIAN_POINT('',(-69.1,-47.,58.));
#6318 = SURFACE_CURVE('',#6319,(#6323,#6330),.PCURVE_S1.);
#6319 = LINE('',#6320,#6321);
#6320 = CARTESIAN_POINT('',(-69.1,-47.,20.4));
#6321 = VECTOR('',#6322,1.);
#6322 = DIRECTION('',(0.,0.,1.));
#6323 = PCURVE('',#72,#6324);
#6324 = DEFINITIONAL_REPRESENTATION('',(#6325),#6329);
#6325 = LINE('',#6326,#6327);
#6326 = CARTESIAN_POINT('',(82.4,4.));
#6327 = VECTOR('',#6328,1.);
#6328 = DIRECTION('',(1.,0.));
#6329 = ( GEOMETRIC_REPRESENTATION_CONTEXT(2) 
PARAMETRIC_REPRESENTATION_CONTEXT() REPRESENTATION_CONTEXT('2D SPACE',''
  ) );
#6330 = PCURVE('',#6331,#6336);
#6331 = PLANE('',#6332);
#6332 = AXIS2_PLACEMENT_3D('',#6333,#6334,#6335);
#6333 = CARTESIAN_POINT('',(-69.1,-52.5,20.4));
#6334 = DIRECTION('',(1.,0.,0.));
#6335 = DIRECTION('',(0.,0.,1.));
#6336 = DEFINITIONAL_REPRESENTATION('',(#6337),#6341);
#6337 = LINE('',#6338,#6339);
#6338 = CARTESIAN_POINT('',(0.,-5.5));
#6339 = VECTOR('',#6340,1.);
#6340 = DIRECTION('',(1.,0.));
#6341 = ( GEOMETRIC_REPRESENTATION_CONTEXT(2) 
PARAMETRIC_REPRESENTATION_CONTEXT() REPRESENTATION_CONTEXT('2D SPACE',''
  ) );
#6342 = ORIENTED_EDGE('',*,*,#6343,.F.);
#6343 = EDGE_CURVE('',#57,#6316,#6344,.T.);
#6344 = SURFACE_CURVE('',#6345,(#6349,#6356),.PCURVE_S1.);
#6345 = LINE('',#6346,#6347);
#6346 = CARTESIAN_POINT('',(-73.1,-47.,58.));
#6347 = VECTOR('',#6348,1.);
#6348 = DIRECTION('',(1.,0.,0.));
#6349 = PCURVE('',#72,#6350);
#6350 = DEFINITIONAL_REPRESENTATION('',(#6351),#6355);
#6351 = LINE('',#6352,#6353);
#6352 = CARTESIAN_POINT('',(120.,0.));
#6353 = VECTOR('',#6354,1.);
#6354 = DIRECTION('',(0.,1.));
#6355 = ( GEOMETRIC_REPRESENTATION_CONTEXT(2) 
PARAMETRIC_REPRESENTATION_CONTEXT() REPRESENTATION_CONTEXT('2D SPACE',''
  ) );
#6356 = PCURVE('',#100,#6357);
#6357 = DEFINITIONAL_REPRESENTATION('',(#6358),#6362);
#6358 = LINE('',#6359,#6360);
#6359 = CARTESIAN_POINT('',(0.,5.5));
#6360 = VECTOR('',#6361,1.);
#6361 = DIRECTION('',(1.,0.));
#6362 = ( GEOMETRIC_REPRESENTATION_CONTEXT(2) 
PARAMETRIC_REPRESENTATION_CONTEXT() REPRESENTATION_CONTEXT('2D SPACE',''
  ) );
#6363 = ORIENTED_EDGE('',*,*,#56,.T.);
#6364 = ADVANCED_FACE('',(#6365),#356,.F.);
#6365 = FACE_BOUND('',#6366,.F.);
#6366 = EDGE_LOOP('',(#6367,#6368,#6392,#6413));
#6367 = ORIENTED_EDGE('',*,*,#340,.F.);
#6368 = ORIENTED_EDGE('',*,*,#6369,.T.);
#6369 = EDGE_CURVE('',#314,#6370,#6372,.T.);
#6370 = VERTEX_POINT('',#6371);
#6371 = CARTESIAN_POINT('',(-69.1,-52.5,-58.));
#6372 = SURFACE_CURVE('',#6373,(#6378,#6385),.PCURVE_S1.);
#6373 = CIRCLE('',#6374,4.);
#6374 = AXIS2_PLACEMENT_3D('',#6375,#6376,#6377);
#6375 = CARTESIAN_POINT('',(-73.1,-52.5,-58.));
#6376 = DIRECTION('',(0.,0.,1.));
#6377 = DIRECTION('',(1.,0.,0.));
#6378 = PCURVE('',#356,#6379);
#6379 = DEFINITIONAL_REPRESENTATION('',(#6380),#6384);
#6380 = CIRCLE('',#6381,4.);
#6381 = AXIS2_PLACEMENT_2D('',#6382,#6383);
#6382 = CARTESIAN_POINT('',(0.,0.));
#6383 = DIRECTION('',(1.,0.));
#6384 = ( GEOMETRIC_REPRESENTATION_CONTEXT(2) 
PARAMETRIC_REPRESENTATION_CONTEXT() REPRESENTATION_CONTEXT('2D SPACE',''
  ) );
#6385 = PCURVE('',#329,#6386);
#6386 = DEFINITIONAL_REPRESENTATION('',(#6387),#6391);
#6387 = LINE('',#6388,#6389);
#6388 = CARTESIAN_POINT('',(0.,0.));
#6389 = VECTOR('',#6390,1.);
#6390 = DIRECTION('',(1.,0.));
#6391 = ( GEOMETRIC_REPRESENTATION_CONTEXT(2) 
PARAMETRIC_REPRESENTATION_CONTEXT() REPRESENTATION_CONTEXT('2D SPACE',''
  ) );
#6392 = ORIENTED_EDGE('',*,*,#6393,.T.);
#6393 = EDGE_CURVE('',#6370,#6220,#6394,.T.);
#6394 = SURFACE_CURVE('',#6395,(#6399,#6406),.PCURVE_S1.);
#6395 = LINE('',#6396,#6397);
#6396 = CARTESIAN_POINT('',(-69.1,-52.5,-58.));
#6397 = VECTOR('',#6398,1.);
#6398 = DIRECTION('',(0.,1.,0.));
#6399 = PCURVE('',#356,#6400);
#6400 = DEFINITIONAL_REPRESENTATION('',(#6401),#6405);
#6401 = LINE('',#6402,#6403);
#6402 = CARTESIAN_POINT('',(4.,0.));
#6403 = VECTOR('',#6404,1.);
#6404 = DIRECTION('',(0.,1.));
#6405 = ( GEOMETRIC_REPRESENTATION_CONTEXT(2) 
PARAMETRIC_REPRESENTATION_CONTEXT() REPRESENTATION_CONTEXT('2D SPACE',''
  ) );
#6406 = PCURVE('',#6258,#6407);
#6407 = DEFINITIONAL_REPRESENTATION('',(#6408),#6412);
#6408 = LINE('',#6409,#6410);
#6409 = CARTESIAN_POINT('',(0.,0.));
#6410 = VECTOR('',#6411,1.);
#6411 = DIRECTION('',(0.,-1.));
#6412 = ( GEOMETRIC_REPRESENTATION_CONTEXT(2) 
PARAMETRIC_REPRESENTATION_CONTEXT() REPRESENTATION_CONTEXT('2D SPACE',''
  ) );
#6413 = ORIENTED_EDGE('',*,*,#6219,.F.);
#6414 = ADVANCED_FACE('',(#6415),#329,.T.);
#6415 = FACE_BOUND('',#6416,.T.);
#6416 = EDGE_LOOP('',(#6417,#6440,#6462,#6463));
#6417 = ORIENTED_EDGE('',*,*,#6418,.T.);
#6418 = EDGE_CURVE('',#6370,#6419,#6421,.T.);
#6419 = VERTEX_POINT('',#6420);
#6420 = CARTESIAN_POINT('',(-69.1,-52.5,-20.4));
#6421 = SURFACE_CURVE('',#6422,(#6426,#6433),.PCURVE_S1.);
#6422 = LINE('',#6423,#6424);
#6423 = CARTESIAN_POINT('',(-69.1,-52.5,-58.));
#6424 = VECTOR('',#6425,1.);
#6425 = DIRECTION('',(0.,0.,1.));
#6426 = PCURVE('',#329,#6427);
#6427 = DEFINITIONAL_REPRESENTATION('',(#6428),#6432);
#6428 = LINE('',#6429,#6430);
#6429 = CARTESIAN_POINT('',(6.28318530718,-0.));
#6430 = VECTOR('',#6431,1.);
#6431 = DIRECTION('',(0.,1.));
#6432 = ( GEOMETRIC_REPRESENTATION_CONTEXT(2) 
PARAMETRIC_REPRESENTATION_CONTEXT() REPRESENTATION_CONTEXT('2D SPACE',''
  ) );
#6433 = PCURVE('',#6258,#6434);
#6434 = DEFINITIONAL_REPRESENTATION('',(#6435),#6439);
#6435 = LINE('',#6436,#6437);
#6436 = CARTESIAN_POINT('',(0.,0.));
#6437 = VECTOR('',#6438,1.);
#6438 = DIRECTION('',(1.,0.));
#6439 = ( GEOMETRIC_REPRESENTATION_CONTEXT(2) 
PARAMETRIC_REPRESENTATION_CONTEXT() REPRESENTATION_CONTEXT('2D SPACE',''
  ) );
#6440 = ORIENTED_EDGE('',*,*,#6441,.F.);
#6441 = EDGE_CURVE('',#286,#6419,#6442,.T.);
#6442 = SURFACE_CURVE('',#6443,(#6448,#6455),.PCURVE_S1.);
#6443 = CIRCLE('',#6444,4.);
#6444 = AXIS2_PLACEMENT_3D('',#6445,#6446,#6447);
#6445 = CARTESIAN_POINT('',(-73.1,-52.5,-20.4));
#6446 = DIRECTION('',(0.,0.,1.));
#6447 = DIRECTION('',(1.,0.,0.));
#6448 = PCURVE('',#329,#6449);
#6449 = DEFINITIONAL_REPRESENTATION('',(#6450),#6454);
#6450 = LINE('',#6451,#6452);
#6451 = CARTESIAN_POINT('',(0.,37.6));
#6452 = VECTOR('',#6453,1.);
#6453 = DIRECTION('',(1.,0.));
#6454 = ( GEOMETRIC_REPRESENTATION_CONTEXT(2) 
PARAMETRIC_REPRESENTATION_CONTEXT() REPRESENTATION_CONTEXT('2D SPACE',''
  ) );
#6455 = PCURVE('',#301,#6456);
#6456 = DEFINITIONAL_REPRESENTATION('',(#6457),#6461);
#6457 = CIRCLE('',#6458,4.);
#6458 = AXIS2_PLACEMENT_2D('',#6459,#6460);
#6459 = CARTESIAN_POINT('',(0.,0.));
#6460 = DIRECTION('',(1.,0.));
#6461 = ( GEOMETRIC_REPRESENTATION_CONTEXT(2) 
PARAMETRIC_REPRESENTATION_CONTEXT() REPRESENTATION_CONTEXT('2D SPACE',''
  ) );
#6462 = ORIENTED_EDGE('',*,*,#313,.F.);
#6463 = ORIENTED_EDGE('',*,*,#6369,.T.);
#6464 = ADVANCED_FACE('',(#6465,#6491),#301,.T.);
#6465 = FACE_BOUND('',#6466,.T.);
#6466 = EDGE_LOOP('',(#6467,#6468,#6469,#6490));
#6467 = ORIENTED_EDGE('',*,*,#285,.F.);
#6468 = ORIENTED_EDGE('',*,*,#6441,.T.);
#6469 = ORIENTED_EDGE('',*,*,#6470,.T.);
#6470 = EDGE_CURVE('',#6419,#6243,#6471,.T.);
#6471 = SURFACE_CURVE('',#6472,(#6476,#6483),.PCURVE_S1.);
#6472 = LINE('',#6473,#6474);
#6473 = CARTESIAN_POINT('',(-69.1,-52.5,-20.4));
#6474 = VECTOR('',#6475,1.);
#6475 = DIRECTION('',(0.,1.,0.));
#6476 = PCURVE('',#301,#6477);
#6477 = DEFINITIONAL_REPRESENTATION('',(#6478),#6482);
#6478 = LINE('',#6479,#6480);
#6479 = CARTESIAN_POINT('',(4.,0.));
#6480 = VECTOR('',#6481,1.);
#6481 = DIRECTION('',(0.,1.));
#6482 = ( GEOMETRIC_REPRESENTATION_CONTEXT(2) 
PARAMETRIC_REPRESENTATION_CONTEXT() REPRESENTATION_CONTEXT('2D SPACE',''
  ) );
#6483 = PCURVE('',#6258,#6484);
#6484 = DEFINITIONAL_REPRESENTATION('',(#6485),#6489);
#6485 = LINE('',#6486,#6487);
#6486 = CARTESIAN_POINT('',(37.6,0.));
#6487 = VECTOR('',#6488,1.);
#6488 = DIRECTION('',(0.,-1.));
#6489 = ( GEOMETRIC_REPRESENTATION_CONTEXT(2) 
PARAMETRIC_REPRESENTATION_CONTEXT() REPRESENTATION_CONTEXT('2D SPACE',''
  ) );
#6490 = ORIENTED_EDGE('',*,*,#6270,.F.);
#6491 = FACE_BOUND('',#6492,.T.);
#6492 = EDGE_LOOP('',(#6493));
#6493 = ORIENTED_EDGE('',*,*,#6494,.F.);
#6494 = EDGE_CURVE('',#6495,#6495,#6497,.T.);
#6495 = VERTEX_POINT('',#6496);
#6496 = CARTESIAN_POINT('',(-71.5,-52.5,-20.4));
#6497 = SURFACE_CURVE('',#6498,(#6503,#6510),.PCURVE_S1.);
#6498 = CIRCLE('',#6499,1.6);
#6499 = AXIS2_PLACEMENT_3D('',#6500,#6501,#6502);
#6500 = CARTESIAN_POINT('',(-73.1,-52.5,-20.4));
#6501 = DIRECTION('',(0.,0.,1.));
#6502 = DIRECTION('',(1.,0.,-0.));
#6503 = PCURVE('',#301,#6504);
#6504 = DEFINITIONAL_REPRESENTATION('',(#6505),#6509);
#6505 = CIRCLE('',#6506,1.6);
#6506 = AXIS2_PLACEMENT_2D('',#6507,#6508);
#6507 = CARTESIAN_POINT('',(0.,0.));
#6508 = DIRECTION('',(1.,0.));
#6509 = ( GEOMETRIC_REPRESENTATION_CONTEXT(2) 
PARAMETRIC_REPRESENTATION_CONTEXT() REPRESENTATION_CONTEXT('2D SPACE',''
  ) );
#6510 = PCURVE('',#6511,#6516);
#6511 = CYLINDRICAL_SURFACE('',#6512,1.6);
#6512 = AXIS2_PLACEMENT_3D('',#6513,#6514,#6515);
#6513 = CARTESIAN_POINT('',(-73.1,-52.5,-56.));
#6514 = DIRECTION('',(0.,0.,1.));
#6515 = DIRECTION('',(1.,0.,0.));
#6516 = DEFINITIONAL_REPRESENTATION('',(#6517),#6521);
#6517 = LINE('',#6518,#6519);
#6518 = CARTESIAN_POINT('',(0.,35.6));
#6519 = VECTOR('',#6520,1.);
#6520 = DIRECTION('',(1.,0.));
#6521 = ( GEOMETRIC_REPRESENTATION_CONTEXT(2) 
PARAMETRIC_REPRESENTATION_CONTEXT() REPRESENTATION_CONTEXT('2D SPACE',''
  ) );
#6522 = ADVANCED_FACE('',(#6523,#6572),#250,.F.);
#6523 = FACE_BOUND('',#6524,.F.);
#6524 = EDGE_LOOP('',(#6525,#6526,#6550,#6571));
#6525 = ORIENTED_EDGE('',*,*,#234,.F.);
#6526 = ORIENTED_EDGE('',*,*,#6527,.T.);
#6527 = EDGE_CURVE('',#213,#6528,#6530,.T.);
#6528 = VERTEX_POINT('',#6529);
#6529 = CARTESIAN_POINT('',(-69.1,-52.5,20.4));
#6530 = SURFACE_CURVE('',#6531,(#6536,#6543),.PCURVE_S1.);
#6531 = CIRCLE('',#6532,4.);
#6532 = AXIS2_PLACEMENT_3D('',#6533,#6534,#6535);
#6533 = CARTESIAN_POINT('',(-73.1,-52.5,20.4));
#6534 = DIRECTION('',(0.,0.,1.));
#6535 = DIRECTION('',(1.,0.,0.));
#6536 = PCURVE('',#250,#6537);
#6537 = DEFINITIONAL_REPRESENTATION('',(#6538),#6542);
#6538 = CIRCLE('',#6539,4.);
#6539 = AXIS2_PLACEMENT_2D('',#6540,#6541);
#6540 = CARTESIAN_POINT('',(0.,0.));
#6541 = DIRECTION('',(1.,0.));
#6542 = ( GEOMETRIC_REPRESENTATION_CONTEXT(2) 
PARAMETRIC_REPRESENTATION_CONTEXT() REPRESENTATION_CONTEXT('2D SPACE',''
  ) );
#6543 = PCURVE('',#128,#6544);
#6544 = DEFINITIONAL_REPRESENTATION('',(#6545),#6549);
#6545 = LINE('',#6546,#6547);
#6546 = CARTESIAN_POINT('',(0.,0.));
#6547 = VECTOR('',#6548,1.);
#6548 = DIRECTION('',(1.,0.));
#6549 = ( GEOMETRIC_REPRESENTATION_CONTEXT(2) 
PARAMETRIC_REPRESENTATION_CONTEXT() REPRESENTATION_CONTEXT('2D SPACE',''
  ) );
#6550 = ORIENTED_EDGE('',*,*,#6551,.T.);
#6551 = EDGE_CURVE('',#6528,#6293,#6552,.T.);
#6552 = SURFACE_CURVE('',#6553,(#6557,#6564),.PCURVE_S1.);
#6553 = LINE('',#6554,#6555);
#6554 = CARTESIAN_POINT('',(-69.1,-52.5,20.4));
#6555 = VECTOR('',#6556,1.);
#6556 = DIRECTION('',(0.,1.,0.));
#6557 = PCURVE('',#250,#6558);
#6558 = DEFINITIONAL_REPRESENTATION('',(#6559),#6563);
#6559 = LINE('',#6560,#6561);
#6560 = CARTESIAN_POINT('',(4.,0.));
#6561 = VECTOR('',#6562,1.);
#6562 = DIRECTION('',(0.,1.));
#6563 = ( GEOMETRIC_REPRESENTATION_CONTEXT(2) 
PARAMETRIC_REPRESENTATION_CONTEXT() REPRESENTATION_CONTEXT('2D SPACE',''
  ) );
#6564 = PCURVE('',#6331,#6565);
#6565 = DEFINITIONAL_REPRESENTATION('',(#6566),#6570);
#6566 = LINE('',#6567,#6568);
#6567 = CARTESIAN_POINT('',(0.,0.));
#6568 = VECTOR('',#6569,1.);
#6569 = DIRECTION('',(0.,-1.));
#6570 = ( GEOMETRIC_REPRESENTATION_CONTEXT(2) 
PARAMETRIC_REPRESENTATION_CONTEXT() REPRESENTATION_CONTEXT('2D SPACE',''
  ) );
#6571 = ORIENTED_EDGE('',*,*,#6292,.F.);
#6572 = FACE_BOUND('',#6573,.F.);
#6573 = EDGE_LOOP('',(#6574));
#6574 = ORIENTED_EDGE('',*,*,#6575,.F.);
#6575 = EDGE_CURVE('',#6576,#6576,#6578,.T.);
#6576 = VERTEX_POINT('',#6577);
#6577 = CARTESIAN_POINT('',(-71.5,-52.5,20.4));
#6578 = SURFACE_CURVE('',#6579,(#6584,#6591),.PCURVE_S1.);
#6579 = CIRCLE('',#6580,1.6);
#6580 = AXIS2_PLACEMENT_3D('',#6581,#6582,#6583);
#6581 = CARTESIAN_POINT('',(-73.1,-52.5,20.4));
#6582 = DIRECTION('',(0.,0.,1.));
#6583 = DIRECTION('',(1.,0.,-0.));
#6584 = PCURVE('',#250,#6585);
#6585 = DEFINITIONAL_REPRESENTATION('',(#6586),#6590);
#6586 = CIRCLE('',#6587,1.6);
#6587 = AXIS2_PLACEMENT_2D('',#6588,#6589);
#6588 = CARTESIAN_POINT('',(0.,0.));
#6589 = DIRECTION('',(1.,0.));
#6590 = ( GEOMETRIC_REPRESENTATION_CONTEXT(2) 
PARAMETRIC_REPRESENTATION_CONTEXT() REPRESENTATION_CONTEXT('2D SPACE',''
  ) );
#6591 = PCURVE('',#6592,#6597);
#6592 = CYLINDRICAL_SURFACE('',#6593,1.6);
#6593 = AXIS2_PLACEMENT_3D('',#6594,#6595,#6596);
#6594 = CARTESIAN_POINT('',(-73.1,-52.5,-56.));
#6595 = DIRECTION('',(0.,0.,1.));
#6596 = DIRECTION('',(1.,0.,0.));
#6597 = DEFINITIONAL_REPRESENTATION('',(#6598),#6602);
#6598 = LINE('',#6599,#6600);
#6599 = CARTESIAN_POINT('',(0.,76.4));
#6600 = VECTOR('',#6601,1.);
#6601 = DIRECTION('',(1.,0.));
#6602 = ( GEOMETRIC_REPRESENTATION_CONTEXT(2) 
PARAMETRIC_REPRESENTATION_CONTEXT() REPRESENTATION_CONTEXT('2D SPACE',''
  ) );
#6603 = ADVANCED_FACE('',(#6604,#6744),#128,.T.);
#6604 = FACE_BOUND('',#6605,.T.);
#6605 = EDGE_LOOP('',(#6606,#6607,#6630,#6652,#6653,#6743));
#6606 = ORIENTED_EDGE('',*,*,#6527,.T.);
#6607 = ORIENTED_EDGE('',*,*,#6608,.T.);
#6608 = EDGE_CURVE('',#6528,#6609,#6611,.T.);
#6609 = VERTEX_POINT('',#6610);
#6610 = CARTESIAN_POINT('',(-69.1,-52.5,58.));
#6611 = SURFACE_CURVE('',#6612,(#6616,#6623),.PCURVE_S1.);
#6612 = LINE('',#6613,#6614);
#6613 = CARTESIAN_POINT('',(-69.1,-52.5,20.4));
#6614 = VECTOR('',#6615,1.);
#6615 = DIRECTION('',(0.,0.,1.));
#6616 = PCURVE('',#128,#6617);
#6617 = DEFINITIONAL_REPRESENTATION('',(#6618),#6622);
#6618 = LINE('',#6619,#6620);
#6619 = CARTESIAN_POINT('',(6.28318530718,-0.));
#6620 = VECTOR('',#6621,1.);
#6621 = DIRECTION('',(0.,1.));
#6622 = ( GEOMETRIC_REPRESENTATION_CONTEXT(2) 
PARAMETRIC_REPRESENTATION_CONTEXT() REPRESENTATION_CONTEXT('2D SPACE',''
  ) );
#6623 = PCURVE('',#6331,#6624);
#6624 = DEFINITIONAL_REPRESENTATION('',(#6625),#6629);
#6625 = LINE('',#6626,#6627);
#6626 = CARTESIAN_POINT('',(0.,0.));
#6627 = VECTOR('',#6628,1.);
#6628 = DIRECTION('',(1.,0.));
#6629 = ( GEOMETRIC_REPRESENTATION_CONTEXT(2) 
PARAMETRIC_REPRESENTATION_CONTEXT() REPRESENTATION_CONTEXT('2D SPACE',''
  ) );
#6630 = ORIENTED_EDGE('',*,*,#6631,.F.);
#6631 = EDGE_CURVE('',#85,#6609,#6632,.T.);
#6632 = SURFACE_CURVE('',#6633,(#6638,#6645),.PCURVE_S1.);
#6633 = CIRCLE('',#6634,4.);
#6634 = AXIS2_PLACEMENT_3D('',#6635,#6636,#6637);
#6635 = CARTESIAN_POINT('',(-73.1,-52.5,58.));
#6636 = DIRECTION('',(0.,0.,1.));
#6637 = DIRECTION('',(1.,0.,0.));
#6638 = PCURVE('',#128,#6639);
#6639 = DEFINITIONAL_REPRESENTATION('',(#6640),#6644);
#6640 = LINE('',#6641,#6642);
#6641 = CARTESIAN_POINT('',(0.,37.6));
#6642 = VECTOR('',#6643,1.);
#6643 = DIRECTION('',(1.,0.));
#6644 = ( GEOMETRIC_REPRESENTATION_CONTEXT(2) 
PARAMETRIC_REPRESENTATION_CONTEXT() REPRESENTATION_CONTEXT('2D SPACE',''
  ) );
#6645 = PCURVE('',#100,#6646);
#6646 = DEFINITIONAL_REPRESENTATION('',(#6647),#6651);
#6647 = CIRCLE('',#6648,4.);
#6648 = AXIS2_PLACEMENT_2D('',#6649,#6650);
#6649 = CARTESIAN_POINT('',(0.,0.));
#6650 = DIRECTION('',(1.,0.));
#6651 = ( GEOMETRIC_REPRESENTATION_CONTEXT(2) 
PARAMETRIC_REPRESENTATION_CONTEXT() REPRESENTATION_CONTEXT('2D SPACE',''
  ) );
#6652 = ORIENTED_EDGE('',*,*,#112,.F.);
#6653 = ORIENTED_EDGE('',*,*,#6654,.F.);
#6654 = EDGE_CURVE('',#192,#113,#6655,.T.);
#6655 = SURFACE_CURVE('',#6656,(#6683,#6713),.PCURVE_S1.);
#6656 = B_SPLINE_CURVE_WITH_KNOTS('',7,(#6657,#6658,#6659,#6660,#6661,
    #6662,#6663,#6664,#6665,#6666,#6667,#6668,#6669,#6670,#6671,#6672,
    #6673,#6674,#6675,#6676,#6677,#6678,#6679,#6680,#6681,#6682),
  .UNSPECIFIED.,.F.,.F.,(8,6,6,6,8),(0.,0.267264868887,0.500026034484,
    0.732785971487,1.),.UNSPECIFIED.);
#6657 = CARTESIAN_POINT('',(-73.1,-48.5,55.2));
#6658 = CARTESIAN_POINT('',(-73.20533379252,-48.5,55.2));
#6659 = CARTESIAN_POINT('',(-73.30933718562,-48.50323625382,
    55.21618040017));
#6660 = CARTESIAN_POINT('',(-73.40899932714,-48.50956052476,
    55.247806286776));
#6661 = CARTESIAN_POINT('',(-73.50154890784,-48.51829375438,
    55.293439818731));
#6662 = CARTESIAN_POINT('',(-73.5846314868,-48.52831300057,
    55.350975900983));
#6663 = CARTESIAN_POINT('',(-73.65650250004,-48.53843701928,
    55.417644362235));
#6664 = CARTESIAN_POINT('',(-73.76858459631,-48.55591797998,
    55.553128342822));
#6665 = CARTESIAN_POINT('',(-73.81229459462,-48.56355840453,
    55.62129235358));
#6666 = CARTESIAN_POINT('',(-73.8473574235,-48.57019938418,
    55.693342332894));
#6667 = CARTESIAN_POINT('',(-73.87368129951,-48.57544430171,
    55.768201648463));
#6668 = CARTESIAN_POINT('',(-73.89123050321,-48.5790262783,
    55.844883548751));
#6669 = CARTESIAN_POINT('',(-73.9,-48.58081641154,55.922453806459));
#6670 = CARTESIAN_POINT('',(-73.9,-48.58081641154,56.077545784225));
#6671 = CARTESIAN_POINT('',(-73.89123059498,-48.57902629731,
    56.155116388442));
#6672 = CARTESIAN_POINT('',(-73.87368127255,-48.57544429324,
    56.231798707603));
#6673 = CARTESIAN_POINT('',(-73.84735721784,-48.57019934417,
    56.306658123255));
#6674 = CARTESIAN_POINT('',(-73.81229439477,-48.56355837195,
    56.378707879371));
#6675 = CARTESIAN_POINT('',(-73.76858461489,-48.55591798288,
    56.446871634722));
#6676 = CARTESIAN_POINT('',(-73.65651355856,-48.53843874403,
    56.582342270318));
#6677 = CARTESIAN_POINT('',(-73.58464246009,-48.5283143134,
    56.649018304454));
#6678 = CARTESIAN_POINT('',(-73.5015481175,-48.51829300955,
    56.706565943206));
#6679 = CARTESIAN_POINT('',(-73.40898179277,-48.50955825534,
    56.752205036702));
#6680 = CARTESIAN_POINT('',(-73.30930767743,-48.50323465199,
    56.783827607445));
#6681 = CARTESIAN_POINT('',(-73.20530772895,-48.5,56.8));
#6682 = CARTESIAN_POINT('',(-73.1,-48.5,56.8));
#6683 = PCURVE('',#128,#6684);
#6684 = DEFINITIONAL_REPRESENTATION('',(#6685),#6712);
#6685 = B_SPLINE_CURVE_WITH_KNOTS('',7,(#6686,#6687,#6688,#6689,#6690,
    #6691,#6692,#6693,#6694,#6695,#6696,#6697,#6698,#6699,#6700,#6701,
    #6702,#6703,#6704,#6705,#6706,#6707,#6708,#6709,#6710,#6711),
  .UNSPECIFIED.,.F.,.F.,(8,6,6,6,8),(0.,0.267264868887,0.500026034484,
    0.732785971487,1.),.UNSPECIFIED.);
#6686 = CARTESIAN_POINT('',(1.570796326795,34.8));
#6687 = CARTESIAN_POINT('',(1.597129774926,34.8));
#6688 = CARTESIAN_POINT('',(1.623130662632,34.81618040017));
#6689 = CARTESIAN_POINT('',(1.648075812068,34.847806286776));
#6690 = CARTESIAN_POINT('',(1.671299887392,34.893439818731));
#6691 = CARTESIAN_POINT('',(1.692214301534,34.950975900983));
#6692 = CARTESIAN_POINT('',(1.710357426353,35.017644362235));
#6693 = CARTESIAN_POINT('',(1.73871670646,35.153128342822));
#6694 = CARTESIAN_POINT('',(1.749808016703,35.22129235358));
#6695 = CARTESIAN_POINT('',(1.758728663554,35.293342332894));
#6696 = CARTESIAN_POINT('',(1.765438882913,35.368201648463));
#6697 = CARTESIAN_POINT('',(1.769916670679,35.444883548751));
#6698 = CARTESIAN_POINT('',(1.772154247585,35.522453806459));
#6699 = CARTESIAN_POINT('',(1.772154247585,35.677545784225));
#6700 = CARTESIAN_POINT('',(1.769916694253,35.755116388442));
#6701 = CARTESIAN_POINT('',(1.765438875819,35.831798707603));
#6702 = CARTESIAN_POINT('',(1.758728611066,35.906658123255));
#6703 = CARTESIAN_POINT('',(1.749807966187,35.978707879371));
#6704 = CARTESIAN_POINT('',(1.738716711161,36.046871634722));
#6705 = CARTESIAN_POINT('',(1.710360224405,36.182342270318));
#6706 = CARTESIAN_POINT('',(1.692217063184,36.249018304454));
#6707 = CARTESIAN_POINT('',(1.671299664435,36.306565943206));
#6708 = CARTESIAN_POINT('',(1.648071405181,36.352205036702));
#6709 = CARTESIAN_POINT('',(1.623123285573,36.383827607445));
#6710 = CARTESIAN_POINT('',(1.597123259033,36.4));
#6711 = CARTESIAN_POINT('',(1.570796326795,36.4));
#6712 = ( GEOMETRIC_REPRESENTATION_CONTEXT(2) 
PARAMETRIC_REPRESENTATION_CONTEXT() REPRESENTATION_CONTEXT('2D SPACE',''
  ) );
#6713 = PCURVE('',#154,#6714);
#6714 = DEFINITIONAL_REPRESENTATION('',(#6715),#6742);
#6715 = B_SPLINE_CURVE_WITH_KNOTS('',7,(#6716,#6717,#6718,#6719,#6720,
    #6721,#6722,#6723,#6724,#6725,#6726,#6727,#6728,#6729,#6730,#6731,
    #6732,#6733,#6734,#6735,#6736,#6737,#6738,#6739,#6740,#6741),
  .UNSPECIFIED.,.F.,.F.,(8,6,6,6,8),(0.,0.267264868887,0.500026034484,
    0.732785971487,1.),.UNSPECIFIED.);
#6716 = CARTESIAN_POINT('',(1.570796326795,10.));
#6717 = CARTESIAN_POINT('',(1.70246356745,10.));
#6718 = CARTESIAN_POINT('',(1.83246781907,9.99676374618));
#6719 = CARTESIAN_POINT('',(1.960773643885,9.990439475232));
#6720 = CARTESIAN_POINT('',(2.087222360981,9.981706245614));
#6721 = CARTESIAN_POINT('',(2.21148493192,9.971686999427));
#6722 = CARTESIAN_POINT('',(2.332961411026,9.961562980716));
#6723 = CARTESIAN_POINT('',(2.552756433789,9.944082020013));
#6724 = CARTESIAN_POINT('',(2.653235745832,9.936441595467));
#6725 = CARTESIAN_POINT('',(2.752315079032,9.92980061582));
#6726 = CARTESIAN_POINT('',(2.850358102334,9.924555698287));
#6727 = CARTESIAN_POINT('',(2.947696687591,9.920973721698));
#6728 = CARTESIAN_POINT('',(3.044659911664,9.919183588453));
#6729 = CARTESIAN_POINT('',(3.238524883871,9.919183588453));
#6730 = CARTESIAN_POINT('',(3.335488548495,9.920973702687));
#6731 = CARTESIAN_POINT('',(3.432827622329,9.924555706759));
#6732 = CARTESIAN_POINT('',(3.530870826039,9.929800655827));
#6733 = CARTESIAN_POINT('',(3.629949949337,9.936441628047));
#6734 = CARTESIAN_POINT('',(3.730428836962,9.944082017116));
#6735 = CARTESIAN_POINT('',(3.950202210207,9.961561255967));
#6736 = CARTESIAN_POINT('',(4.07168605404,9.971685686592));
#6737 = CARTESIAN_POINT('',(4.195967642474,9.98170699045));
#6738 = CARTESIAN_POINT('',(4.322436326215,9.990441744655));
#6739 = CARTESIAN_POINT('',(4.450754377959,9.996765348008));
#6740 = CARTESIAN_POINT('',(4.580754319195,10.));
#6741 = CARTESIAN_POINT('',(4.712388980385,10.));
#6742 = ( GEOMETRIC_REPRESENTATION_CONTEXT(2) 
PARAMETRIC_REPRESENTATION_CONTEXT() REPRESENTATION_CONTEXT('2D SPACE',''
  ) );
#6743 = ORIENTED_EDGE('',*,*,#212,.F.);
#6744 = FACE_BOUND('',#6745,.T.);
#6745 = EDGE_LOOP('',(#6746));
#6746 = ORIENTED_EDGE('',*,*,#6747,.T.);
#6747 = EDGE_CURVE('',#6748,#6748,#6750,.T.);
#6748 = VERTEX_POINT('',#6749);
#6749 = CARTESIAN_POINT('',(-72.3,-56.41918358845,56.));
#6750 = SURFACE_CURVE('',#6751,(#6802,#6856),.PCURVE_S1.);
#6751 = B_SPLINE_CURVE_WITH_KNOTS('',7,(#6752,#6753,#6754,#6755,#6756,
    #6757,#6758,#6759,#6760,#6761,#6762,#6763,#6764,#6765,#6766,#6767,
    #6768,#6769,#6770,#6771,#6772,#6773,#6774,#6775,#6776,#6777,#6778,
    #6779,#6780,#6781,#6782,#6783,#6784,#6785,#6786,#6787,#6788,#6789,
    #6790,#6791,#6792,#6793,#6794,#6795,#6796,#6797,#6798,#6799,#6800,
    #6801),.UNSPECIFIED.,.T.,.F.,(8,6,6,6,6,6,6,6,8),(0.,0.155134876426,
    0.248413717758,0.381915615517,0.498182513825,0.614448798435,
    0.706995454721,0.808995316381,1.),.UNSPECIFIED.);
#6752 = CARTESIAN_POINT('',(-72.3,-56.41918358845,56.));
#6753 = CARTESIAN_POINT('',(-72.3,-56.41918358845,55.89583328164));
#6754 = CARTESIAN_POINT('',(-72.31582397262,-56.42241359984,
    55.791483834748));
#6755 = CARTESIAN_POINT('',(-72.34757163615,-56.428894263,
    55.689237357926));
#6756 = CARTESIAN_POINT('',(-72.39523256126,-56.43820336033,
    55.591478018718));
#6757 = CARTESIAN_POINT('',(-72.45858355892,-56.44944302197,
    55.500803726111));
#6758 = CARTESIAN_POINT('',(-72.53712101877,-56.46129672103,
    55.420101135983));
#6759 = CARTESIAN_POINT('',(-72.68548046632,-56.478859196,
    55.312311687905));
#6760 = CARTESIAN_POINT('',(-72.74645123865,-56.48515233363,
    55.276561084353));
#6761 = CARTESIAN_POINT('',(-72.81200762316,-56.49075704855,
    55.246687877681));
#6762 = CARTESIAN_POINT('',(-72.88124058269,-56.49528209357,
    55.223587819989));
#6763 = CARTESIAN_POINT('',(-72.95308834282,-56.49842027297,
    55.207899301969));
#6764 = CARTESIAN_POINT('',(-73.02640243858,-56.5,55.2));
#6765 = CARTESIAN_POINT('',(-73.20533379252,-56.5,55.2));
#6766 = CARTESIAN_POINT('',(-73.30933718562,-56.49676374618,
    55.21618040017));
#6767 = CARTESIAN_POINT('',(-73.40899932714,-56.49043947523,
    55.247806286776));
#6768 = CARTESIAN_POINT('',(-73.50154890784,-56.48170624561,
    55.293439818731));
#6769 = CARTESIAN_POINT('',(-73.5846314868,-56.47168699942,
    55.350975900983));
#6770 = CARTESIAN_POINT('',(-73.65650250004,-56.46156298071,
    55.417644362235));
#6771 = CARTESIAN_POINT('',(-73.76858459631,-56.44408202001,
    55.553128342823));
#6772 = CARTESIAN_POINT('',(-73.81229459462,-56.43644159546,
    55.62129235358));
#6773 = CARTESIAN_POINT('',(-73.8473574235,-56.42980061582,
    55.693342332894));
#6774 = CARTESIAN_POINT('',(-73.87368129951,-56.42455569828,
    55.768201648463));
#6775 = CARTESIAN_POINT('',(-73.89123050321,-56.42097372169,
    55.844883548751));
#6776 = CARTESIAN_POINT('',(-73.9,-56.41918358845,55.922453806459));
#6777 = CARTESIAN_POINT('',(-73.9,-56.41918358845,56.077545784225));
#6778 = CARTESIAN_POINT('',(-73.89123059498,-56.42097370268,
    56.155116388442));
#6779 = CARTESIAN_POINT('',(-73.87368127255,-56.42455570675,
    56.231798707603));
#6780 = CARTESIAN_POINT('',(-73.84735721784,-56.42980065582,
    56.306658123255));
#6781 = CARTESIAN_POINT('',(-73.81229439477,-56.43644162804,
    56.378707879371));
#6782 = CARTESIAN_POINT('',(-73.76858461489,-56.44408201711,
    56.446871634722));
#6783 = CARTESIAN_POINT('',(-73.67488065994,-56.45869661845,
    56.560140258661));
#6784 = CARTESIAN_POINT('',(-73.62786486849,-56.46550787543,
    56.607260931279));
#6785 = CARTESIAN_POINT('',(-73.57558838798,-56.47237406255,
    56.650426137646));
#6786 = CARTESIAN_POINT('',(-73.518427769,-56.47896254146,
    56.688820467682));
#6787 = CARTESIAN_POINT('',(-73.45688413195,-56.48492698992,
    56.721695017619));
#6788 = CARTESIAN_POINT('',(-73.39156758673,-56.48994712287,
    56.748370261319));
#6789 = CARTESIAN_POINT('',(-73.24783402893,-56.49797971397,
    56.790128720072));
#6790 = CARTESIAN_POINT('',(-73.16905161105,-56.50071838303,
    56.80366477225));
#6791 = CARTESIAN_POINT('',(-73.08843236908,-56.50163079656,
    56.807972987961));
#6792 = CARTESIAN_POINT('',(-73.00773082849,-56.50054389105,
    56.802724921898));
#6793 = CARTESIAN_POINT('',(-72.92873257978,-56.49755394708,
    56.788113806074));
#6794 = CARTESIAN_POINT('',(-72.85311160991,-56.49300574172,
    56.764854545005));
#6795 = CARTESIAN_POINT('',(-72.64964575346,-56.47679331108,
    56.676807006542));
#6796 = CARTESIAN_POINT('',(-72.53479133643,-56.46246094281,
    56.593916021528));
#6797 = CARTESIAN_POINT('',(-72.44116441212,-56.44708630631,
    56.492139116118));
#6798 = CARTESIAN_POINT('',(-72.37039706114,-56.43355457291,
    56.377009118172));
#6799 = CARTESIAN_POINT('',(-72.32331667586,-56.4239427738,
    56.253567638063));
#6800 = CARTESIAN_POINT('',(-72.3,-56.41918358845,56.126444954237));
#6801 = CARTESIAN_POINT('',(-72.3,-56.41918358845,56.));
#6802 = PCURVE('',#128,#6803);
#6803 = DEFINITIONAL_REPRESENTATION('',(#6804),#6855);
#6804 = B_SPLINE_CURVE_WITH_KNOTS('',7,(#6805,#6806,#6807,#6808,#6809,
    #6810,#6811,#6812,#6813,#6814,#6815,#6816,#6817,#6818,#6819,#6820,
    #6821,#6822,#6823,#6824,#6825,#6826,#6827,#6828,#6829,#6830,#6831,
    #6832,#6833,#6834,#6835,#6836,#6837,#6838,#6839,#6840,#6841,#6842,
    #6843,#6844,#6845,#6846,#6847,#6848,#6849,#6850,#6851,#6852,#6853,
    #6854),.UNSPECIFIED.,.T.,.F.,(8,6,6,6,6,6,6,6,8),(0.,0.155134876426,
    0.248413717758,0.381915615517,0.498182513825,0.614448798435,
    0.706995454721,0.808995316381,1.),.UNSPECIFIED.);
#6805 = CARTESIAN_POINT('',(4.913746901175,35.6));
#6806 = CARTESIAN_POINT('',(4.913746901175,35.49583328164));
#6807 = CARTESIAN_POINT('',(4.909709314886,35.391483834748));
#6808 = CARTESIAN_POINT('',(4.901608830414,35.289237357926));
#6809 = CARTESIAN_POINT('',(4.889468584235,35.191478018718));
#6810 = CARTESIAN_POINT('',(4.873389493375,35.100803726111));
#6811 = CARTESIAN_POINT('',(4.853542918447,35.020101135983));
#6812 = CARTESIAN_POINT('',(4.816194084626,34.912311687905));
#6813 = CARTESIAN_POINT('',(4.800872112908,34.876561084353));
#6814 = CARTESIAN_POINT('',(4.784427490822,34.846687877681));
#6815 = CARTESIAN_POINT('',(4.767088955583,34.823587819989));
#6816 = CARTESIAN_POINT('',(4.749116912153,34.807899301969));
#6817 = CARTESIAN_POINT('',(4.730788370739,34.8));
#6818 = CARTESIAN_POINT('',(4.686055532254,34.8));
#6819 = CARTESIAN_POINT('',(4.660054644548,34.81618040017));
#6820 = CARTESIAN_POINT('',(4.635109495112,34.847806286776));
#6821 = CARTESIAN_POINT('',(4.611885419788,34.893439818731));
#6822 = CARTESIAN_POINT('',(4.590971005645,34.950975900983));
#6823 = CARTESIAN_POINT('',(4.572827880826,35.017644362235));
#6824 = CARTESIAN_POINT('',(4.544468600719,35.153128342822));
#6825 = CARTESIAN_POINT('',(4.533377290476,35.22129235358));
#6826 = CARTESIAN_POINT('',(4.524456643625,35.293342332894));
#6827 = CARTESIAN_POINT('',(4.517746424267,35.368201648463));
#6828 = CARTESIAN_POINT('',(4.513268636501,35.444883548751));
#6829 = CARTESIAN_POINT('',(4.511031059594,35.522453806459));
#6830 = CARTESIAN_POINT('',(4.511031059594,35.677545784225));
#6831 = CARTESIAN_POINT('',(4.513268612927,35.755116388442));
#6832 = CARTESIAN_POINT('',(4.517746431361,35.831798707603));
#6833 = CARTESIAN_POINT('',(4.524456696114,35.906658123255));
#6834 = CARTESIAN_POINT('',(4.533377340993,35.978707879371));
#6835 = CARTESIAN_POINT('',(4.544468596019,36.046871634722));
#6836 = CARTESIAN_POINT('',(4.568177794846,36.160140258661));
#6837 = CARTESIAN_POINT('',(4.580053739488,36.207260931279));
#6838 = CARTESIAN_POINT('',(4.593233198257,36.250426137646));
#6839 = CARTESIAN_POINT('',(4.607614335094,36.288820467682));
#6840 = CARTESIAN_POINT('',(4.6230676999,36.321695017619));
#6841 = CARTESIAN_POINT('',(4.6394414166,36.348370261319));
#6842 = CARTESIAN_POINT('',(4.675430875262,36.390128720072));
#6843 = CARTESIAN_POINT('',(4.695134093541,36.40366477225));
#6844 = CARTESIAN_POINT('',(4.715280890194,36.407972987961));
#6845 = CARTESIAN_POINT('',(4.735447409164,36.402724921898));
#6846 = CARTESIAN_POINT('',(4.755202782637,36.388113806074));
#6847 = CARTESIAN_POINT('',(4.774138712422,36.364854545005));
#6848 = CARTESIAN_POINT('',(4.825166399543,36.276807006542));
#6849 = CARTESIAN_POINT('',(4.854073787458,36.193916021528));
#6850 = CARTESIAN_POINT('',(4.877772516314,36.092139116118));
#6851 = CARTESIAN_POINT('',(4.895785114951,35.977009118172));
#6852 = CARTESIAN_POINT('',(4.907797451919,35.853567638063));
#6853 = CARTESIAN_POINT('',(4.913746901175,35.726444954237));
#6854 = CARTESIAN_POINT('',(4.913746901175,35.6));
#6855 = ( GEOMETRIC_REPRESENTATION_CONTEXT(2) 
PARAMETRIC_REPRESENTATION_CONTEXT() REPRESENTATION_CONTEXT('2D SPACE',''
  ) );
#6856 = PCURVE('',#6857,#6862);
#6857 = CYLINDRICAL_SURFACE('',#6858,0.8);
#6858 = AXIS2_PLACEMENT_3D('',#6859,#6860,#6861);
#6859 = CARTESIAN_POINT('',(-73.1,-58.5,56.));
#6860 = DIRECTION('',(0.,1.,1.110223024625E-16));
#6861 = DIRECTION('',(1.,0.,0.));
#6862 = DEFINITIONAL_REPRESENTATION('',(#6863),#6914);
#6863 = B_SPLINE_CURVE_WITH_KNOTS('',7,(#6864,#6865,#6866,#6867,#6868,
    #6869,#6870,#6871,#6872,#6873,#6874,#6875,#6876,#6877,#6878,#6879,
    #6880,#6881,#6882,#6883,#6884,#6885,#6886,#6887,#6888,#6889,#6890,
    #6891,#6892,#6893,#6894,#6895,#6896,#6897,#6898,#6899,#6900,#6901,
    #6902,#6903,#6904,#6905,#6906,#6907,#6908,#6909,#6910,#6911,#6912,
    #6913),.UNSPECIFIED.,.F.,.F.,(8,6,6,6,6,6,6,6,8),(0.,0.155134876426,
    0.248413717758,0.381915615517,0.498182513825,0.614448798435,
    0.706995454721,0.808995316381,1.),.UNSPECIFIED.);
#6864 = CARTESIAN_POINT('',(0.,2.080816411547));
#6865 = CARTESIAN_POINT('',(0.13020839795,2.080816411547));
#6866 = CARTESIAN_POINT('',(0.260644997051,2.077586400154));
#6867 = CARTESIAN_POINT('',(0.392059798243,2.071105736995));
#6868 = CARTESIAN_POINT('',(0.525130998335,2.061796639667));
#6869 = CARTESIAN_POINT('',(0.660606694162,2.050556978021));
#6870 = CARTESIAN_POINT('',(0.799324469203,2.038703278964));
#6871 = CARTESIAN_POINT('',(1.02855242205,2.021140803996));
#6872 = CARTESIAN_POINT('',(1.11647715079,2.014847666367));
#6873 = CARTESIAN_POINT('',(1.20576400794,2.009242951443));
#6874 = CARTESIAN_POINT('',(1.296074509096,2.004717906426));
#6875 = CARTESIAN_POINT('',(1.387157040339,2.001579727021));
#6876 = CARTESIAN_POINT('',(1.478799375022,2.));
#6877 = CARTESIAN_POINT('',(1.70246356745,2.));
#6878 = CARTESIAN_POINT('',(1.83246781907,2.00323625382));
#6879 = CARTESIAN_POINT('',(1.960773643885,2.009560524768));
#6880 = CARTESIAN_POINT('',(2.087222360981,2.018293754386));
#6881 = CARTESIAN_POINT('',(2.21148493192,2.028313000573));
#6882 = CARTESIAN_POINT('',(2.332961411026,2.038437019284));
#6883 = CARTESIAN_POINT('',(2.552756433789,2.055917979987));
#6884 = CARTESIAN_POINT('',(2.653235745832,2.063558404533));
#6885 = CARTESIAN_POINT('',(2.752315079032,2.07019938418));
#6886 = CARTESIAN_POINT('',(2.850358102334,2.075444301713));
#6887 = CARTESIAN_POINT('',(2.947696687591,2.079026278302));
#6888 = CARTESIAN_POINT('',(3.044659911664,2.080816411547));
#6889 = CARTESIAN_POINT('',(3.238524883871,2.080816411547));
#6890 = CARTESIAN_POINT('',(3.335488548495,2.079026297313));
#6891 = CARTESIAN_POINT('',(3.432827622329,2.075444293241));
#6892 = CARTESIAN_POINT('',(3.530870826039,2.070199344173));
#6893 = CARTESIAN_POINT('',(3.629949949337,2.063558371953));
#6894 = CARTESIAN_POINT('',(3.730428836962,2.055917982884));
#6895 = CARTESIAN_POINT('',(3.914183991401,2.041303381546));
#6896 = CARTESIAN_POINT('',(3.997029080208,2.034492124561));
#6897 = CARTESIAN_POINT('',(4.081138531518,2.027625937445));
#6898 = CARTESIAN_POINT('',(4.166445652964,2.021037458531));
#6899 = CARTESIAN_POINT('',(4.252936788493,2.015073010079));
#6900 = CARTESIAN_POINT('',(4.340643309621,2.010052877125));
#6901 = CARTESIAN_POINT('',(4.527739142826,2.002020286023));
#6902 = CARTESIAN_POINT('',(4.627026481545,1.999281616963));
#6903 = CARTESIAN_POINT('',(4.72684673404,1.998369203435));
#6904 = CARTESIAN_POINT('',(4.826677074481,1.999456108942));
#6905 = CARTESIAN_POINT('',(4.926026833768,2.002446052911));
#6906 = CARTESIAN_POINT('',(5.024324266403,2.006994258271));
#6907 = CARTESIAN_POINT('',(5.301448797778,2.023206688914));
#6908 = CARTESIAN_POINT('',(5.474361213976,2.037539057182));
#6909 = CARTESIAN_POINT('',(5.641911266477,2.052913693686));
#6910 = CARTESIAN_POINT('',(5.80547064986,2.066445427087));
#6911 = CARTESIAN_POINT('',(5.966226708054,2.076057226199));
#6912 = CARTESIAN_POINT('',(6.125129114383,2.080816411547));
#6913 = CARTESIAN_POINT('',(6.28318530718,2.080816411547));
#6914 = ( GEOMETRIC_REPRESENTATION_CONTEXT(2) 
PARAMETRIC_REPRESENTATION_CONTEXT() REPRESENTATION_CONTEXT('2D SPACE',''
  ) );
#6915 = ADVANCED_FACE('',(#6916),#154,.F.);
#6916 = FACE_BOUND('',#6917,.F.);
#6917 = EDGE_LOOP('',(#6918,#6943,#6965,#6966,#6967,#6968,#6990,#6991));
#6918 = ORIENTED_EDGE('',*,*,#6919,.T.);
#6919 = EDGE_CURVE('',#6920,#6922,#6924,.T.);
#6920 = VERTEX_POINT('',#6921);
#6921 = CARTESIAN_POINT('',(-72.3,-51.11435935394,56.));
#6922 = VERTEX_POINT('',#6923);
#6923 = CARTESIAN_POINT('',(-72.3,-46.5,56.));
#6924 = SEAM_CURVE('',#6925,(#6929,#6936),.PCURVE_S1.);
#6925 = LINE('',#6926,#6927);
#6926 = CARTESIAN_POINT('',(-72.3,-58.5,56.));
#6927 = VECTOR('',#6928,1.);
#6928 = DIRECTION('',(0.,1.,1.110223024625E-16));
#6929 = PCURVE('',#154,#6930);
#6930 = DEFINITIONAL_REPRESENTATION('',(#6931),#6935);
#6931 = LINE('',#6932,#6933);
#6932 = CARTESIAN_POINT('',(6.28318530718,-0.));
#6933 = VECTOR('',#6934,1.);
#6934 = DIRECTION('',(0.,1.));
#6935 = ( GEOMETRIC_REPRESENTATION_CONTEXT(2) 
PARAMETRIC_REPRESENTATION_CONTEXT() REPRESENTATION_CONTEXT('2D SPACE',''
  ) );
#6936 = PCURVE('',#154,#6937);
#6937 = DEFINITIONAL_REPRESENTATION('',(#6938),#6942);
#6938 = LINE('',#6939,#6940);
#6939 = CARTESIAN_POINT('',(0.,-0.));
#6940 = VECTOR('',#6941,1.);
#6941 = DIRECTION('',(0.,1.));
#6942 = ( GEOMETRIC_REPRESENTATION_CONTEXT(2) 
PARAMETRIC_REPRESENTATION_CONTEXT() REPRESENTATION_CONTEXT('2D SPACE',''
  ) );
#6943 = ORIENTED_EDGE('',*,*,#6944,.F.);
#6944 = EDGE_CURVE('',#140,#6922,#6945,.T.);
#6945 = SURFACE_CURVE('',#6946,(#6951,#6958),.PCURVE_S1.);
#6946 = CIRCLE('',#6947,0.8);
#6947 = AXIS2_PLACEMENT_3D('',#6948,#6949,#6950);
#6948 = CARTESIAN_POINT('',(-73.1,-46.5,56.));
#6949 = DIRECTION('',(-0.,1.,1.110223024625E-16));
#6950 = DIRECTION('',(1.,0.,0.));
#6951 = PCURVE('',#154,#6952);
#6952 = DEFINITIONAL_REPRESENTATION('',(#6953),#6957);
#6953 = LINE('',#6954,#6955);
#6954 = CARTESIAN_POINT('',(0.,12.));
#6955 = VECTOR('',#6956,1.);
#6956 = DIRECTION('',(1.,0.));
#6957 = ( GEOMETRIC_REPRESENTATION_CONTEXT(2) 
PARAMETRIC_REPRESENTATION_CONTEXT() REPRESENTATION_CONTEXT('2D SPACE',''
  ) );
#6958 = PCURVE('',#180,#6959);
#6959 = DEFINITIONAL_REPRESENTATION('',(#6960),#6964);
#6960 = CIRCLE('',#6961,0.8);
#6961 = AXIS2_PLACEMENT_2D('',#6962,#6963);
#6962 = CARTESIAN_POINT('',(0.,0.));
#6963 = DIRECTION('',(1.,0.));
#6964 = ( GEOMETRIC_REPRESENTATION_CONTEXT(2) 
PARAMETRIC_REPRESENTATION_CONTEXT() REPRESENTATION_CONTEXT('2D SPACE',''
  ) );
#6965 = ORIENTED_EDGE('',*,*,#139,.F.);
#6966 = ORIENTED_EDGE('',*,*,#6654,.F.);
#6967 = ORIENTED_EDGE('',*,*,#191,.T.);
#6968 = ORIENTED_EDGE('',*,*,#6969,.F.);
#6969 = EDGE_CURVE('',#6922,#166,#6970,.T.);
#6970 = SURFACE_CURVE('',#6971,(#6976,#6983),.PCURVE_S1.);
#6971 = CIRCLE('',#6972,0.8);
#6972 = AXIS2_PLACEMENT_3D('',#6973,#6974,#6975);
#6973 = CARTESIAN_POINT('',(-73.1,-46.5,56.));
#6974 = DIRECTION('',(-0.,1.,1.110223024625E-16));
#6975 = DIRECTION('',(1.,0.,0.));
#6976 = PCURVE('',#154,#6977);
#6977 = DEFINITIONAL_REPRESENTATION('',(#6978),#6982);
#6978 = LINE('',#6979,#6980);
#6979 = CARTESIAN_POINT('',(0.,12.));
#6980 = VECTOR('',#6981,1.);
#6981 = DIRECTION('',(1.,0.));
#6982 = ( GEOMETRIC_REPRESENTATION_CONTEXT(2) 
PARAMETRIC_REPRESENTATION_CONTEXT() REPRESENTATION_CONTEXT('2D SPACE',''
  ) );
#6983 = PCURVE('',#180,#6984);
#6984 = DEFINITIONAL_REPRESENTATION('',(#6985),#6989);
#6985 = CIRCLE('',#6986,0.8);
#6986 = AXIS2_PLACEMENT_2D('',#6987,#6988);
#6987 = CARTESIAN_POINT('',(0.,0.));
#6988 = DIRECTION('',(1.,0.));
#6989 = ( GEOMETRIC_REPRESENTATION_CONTEXT(2) 
PARAMETRIC_REPRESENTATION_CONTEXT() REPRESENTATION_CONTEXT('2D SPACE',''
  ) );
#6990 = ORIENTED_EDGE('',*,*,#6919,.F.);
#6991 = ORIENTED_EDGE('',*,*,#6992,.T.);
#6992 = EDGE_CURVE('',#6920,#6920,#6993,.T.);
#6993 = SURFACE_CURVE('',#6994,(#7092,#7193),.PCURVE_S1.);
#6994 = B_SPLINE_CURVE_WITH_KNOTS('',6,(#6995,#6996,#6997,#6998,#6999,
    #7000,#7001,#7002,#7003,#7004,#7005,#7006,#7007,#7008,#7009,#7010,
    #7011,#7012,#7013,#7014,#7015,#7016,#7017,#7018,#7019,#7020,#7021,
    #7022,#7023,#7024,#7025,#7026,#7027,#7028,#7029,#7030,#7031,#7032,
    #7033,#7034,#7035,#7036,#7037,#7038,#7039,#7040,#7041,#7042,#7043,
    #7044,#7045,#7046,#7047,#7048,#7049,#7050,#7051,#7052,#7053,#7054,
    #7055,#7056,#7057,#7058,#7059,#7060,#7061,#7062,#7063,#7064,#7065,
    #7066,#7067,#7068,#7069,#7070,#7071,#7072,#7073,#7074,#7075,#7076,
    #7077,#7078,#7079,#7080,#7081,#7082,#7083,#7084,#7085,#7086,#7087,
    #7088,#7089,#7090,#7091),.UNSPECIFIED.,.T.,.F.,(7,5,5,5,5,5,5,5,5,5,
    5,5,5,5,5,5,5,5,5,7),(0.,5.182273619723E-02,0.101551213808,
    0.154903683824,0.204365636995,0.249298259727,0.296593990565,
    0.344733451642,0.399943784471,0.449777518503,0.499975352761,
    0.552145549854,0.601877549013,0.680693641562,0.749502283735,
    0.796699447545,0.844738583214,0.899833854531,0.949563732191,1.),
  .UNSPECIFIED.);
#6995 = CARTESIAN_POINT('',(-72.3,-51.11435935394,56.));
#6996 = CARTESIAN_POINT('',(-72.3,-51.11435935394,55.957974460571));
#6997 = CARTESIAN_POINT('',(-72.30264927598,-51.11283013241,
    55.915971156317));
#6998 = CARTESIAN_POINT('',(-72.30794231769,-51.10977323597,
    55.874185883608));
#6999 = CARTESIAN_POINT('',(-72.3158577807,-51.10525486931,
    55.83282202961));
#7000 = CARTESIAN_POINT('',(-72.32635088013,-51.09939826564,
    55.792088783183));
#7001 = CARTESIAN_POINT('',(-72.35181553897,-51.08563763007,
    55.713921918925));
#7002 = CARTESIAN_POINT('',(-72.36659034015,-51.07782489042,
    55.676417191245));
#7003 = CARTESIAN_POINT('',(-72.38362295721,-51.06907827237,
    55.639814442804));
#7004 = CARTESIAN_POINT('',(-72.4028645168,-51.05956520959,
    55.604249525706));
#7005 = CARTESIAN_POINT('',(-72.42425784481,-51.04947135828,
    55.569864968495));
#7006 = CARTESIAN_POINT('',(-72.47291437784,-51.02774857951,
    55.50134629798));
#7007 = CARTESIAN_POINT('',(-72.50050885445,-51.0160536599,
    55.467388885776));
#7008 = CARTESIAN_POINT('',(-72.5304438854,-51.00414143053,
    55.43510750848));
#7009 = CARTESIAN_POINT('',(-72.56264308933,-50.99225476625,
    55.404677450844));
#7010 = CARTESIAN_POINT('',(-72.59701963411,-50.98063731125,
    55.376281908303));
#7011 = CARTESIAN_POINT('',(-72.66726586497,-50.95922444105,
    55.325854817096));
#7012 = CARTESIAN_POINT('',(-72.70286508559,-50.94935144391,
    55.303494992403));
#7013 = CARTESIAN_POINT('',(-72.74013719119,-50.94011383811,
    55.283232779791));
#7014 = CARTESIAN_POINT('',(-72.77893032601,-50.93170590431,
    55.265246249737));
#7015 = CARTESIAN_POINT('',(-72.81907540919,-50.92430101212,
    55.24969583122));
#7016 = CARTESIAN_POINT('',(-72.89791843016,-50.91235902999,
    55.224944941835));
#7017 = CARTESIAN_POINT('',(-72.93640262416,-50.90762283555,
    55.215296403776));
#7018 = CARTESIAN_POINT('',(-72.97562608408,-50.9039545497,
    55.207911302726));
#7019 = CARTESIAN_POINT('',(-73.01535982897,-50.90143871075,
    55.202877744143));
#7020 = CARTESIAN_POINT('',(-73.05536786055,-50.90012135131,
    55.200242705546));
#7021 = CARTESIAN_POINT('',(-73.13756656186,-50.89988575596,
    55.199771509042));
#7022 = CARTESIAN_POINT('',(-73.17971837749,-50.90109743573,
    55.202195274878));
#7023 = CARTESIAN_POINT('',(-73.22159377606,-50.90364255517,
    55.207282132654));
#7024 = CARTESIAN_POINT('',(-73.26291630359,-50.90747026722,
    55.214980468786));
#7025 = CARTESIAN_POINT('',(-73.30341793381,-50.91248226906,
    55.225187962184));
#7026 = CARTESIAN_POINT('',(-73.38298173992,-50.92470002138,
    55.250536504194));
#7027 = CARTESIAN_POINT('',(-73.42199936721,-50.93194248172,
    55.265760411358));
#7028 = CARTESIAN_POINT('',(-73.45973204586,-50.94013035519,
    55.283287506983));
#7029 = CARTESIAN_POINT('',(-73.49602422059,-50.94910365199,
    55.302969571328));
#7030 = CARTESIAN_POINT('',(-73.5307357901,-50.95868362896,
    55.324642581742));
#7031 = CARTESIAN_POINT('',(-73.60160087931,-50.98014437369,
    55.375056015495));
#7032 = CARTESIAN_POINT('',(-73.63724087654,-50.99216355908,
    55.404383678835));
#7033 = CARTESIAN_POINT('',(-73.67055068276,-51.00447545316,
    55.435893023844));
#7034 = CARTESIAN_POINT('',(-73.70143405069,-51.01680985272,
    55.469381082524));
#7035 = CARTESIAN_POINT('',(-73.72980669723,-51.02889752319,
    55.504653907945));
#7036 = CARTESIAN_POINT('',(-73.77886443245,-51.05093339754,
    55.574803278638));
#7037 = CARTESIAN_POINT('',(-73.80004447122,-51.06098231593,
    55.609405938136));
#7038 = CARTESIAN_POINT('',(-73.81905814203,-51.07042997349,
    55.645180951536));
#7039 = CARTESIAN_POINT('',(-73.83584787844,-51.07909026166,
    55.681984202719));
#7040 = CARTESIAN_POINT('',(-73.85036473908,-51.08679610679,
    55.719678307406));
#7041 = CARTESIAN_POINT('',(-73.87484751259,-51.10006905861,
    55.796867791789));
#7042 = CARTESIAN_POINT('',(-73.88478000782,-51.10562070094,
    55.83637631344));
#7043 = CARTESIAN_POINT('',(-73.89229174697,-51.10990943131,
    55.876464203977));
#7044 = CARTESIAN_POINT('',(-73.89734258006,-51.11282538669,
    55.916941030365));
#7045 = CARTESIAN_POINT('',(-73.89991310368,-51.11430918447,
    55.957621413301));
#7046 = CARTESIAN_POINT('',(-73.90008674144,-51.11440943399,
    56.040631130932));
#7047 = CARTESIAN_POINT('',(-73.89749060892,-51.11291092281,
    56.082918943129));
#7048 = CARTESIAN_POINT('',(-73.89221501732,-51.1098630585,
    56.124990184676));
#7049 = CARTESIAN_POINT('',(-73.88428140841,-51.10533257442,
    56.166637250273));
#7050 = CARTESIAN_POINT('',(-73.87373532171,-51.09944484754,
    56.207646609791));
#7051 = CARTESIAN_POINT('',(-73.84818446102,-51.08563763007,
    56.286078081075));
#7052 = CARTESIAN_POINT('',(-73.83340965984,-51.07782489042,
    56.323582808755));
#7053 = CARTESIAN_POINT('',(-73.81637704278,-51.06907827237,
    56.360185557195));
#7054 = CARTESIAN_POINT('',(-73.79713548319,-51.05956520959,
    56.395750474294));
#7055 = CARTESIAN_POINT('',(-73.77574215519,-51.04947135828,
    56.430135031505));
#7056 = CARTESIAN_POINT('',(-73.71506885216,-51.02238367536,
    56.515575851061));
#7057 = CARTESIAN_POINT('',(-73.67257359873,-51.00477475175,
    56.564723127119));
#7058 = CARTESIAN_POINT('',(-73.62501984181,-50.98692879067,
    56.610034056122));
#7059 = CARTESIAN_POINT('',(-73.57269714354,-50.96966347792,
    56.650902602929));
#7060 = CARTESIAN_POINT('',(-73.51596304408,-50.95376231583,
    56.686705974236));
#7061 = CARTESIAN_POINT('',(-73.40226035456,-50.92786989925,
    56.743059445314));
#7062 = CARTESIAN_POINT('',(-73.34616961587,-50.91736934048,
    56.765001989822));
#7063 = CARTESIAN_POINT('',(-73.28761107547,-50.90899799433,
    56.781994447728));
#7064 = CARTESIAN_POINT('',(-73.2273100354,-50.90319085624,
    56.793618207595));
#7065 = CARTESIAN_POINT('',(-73.16603976217,-50.90018270917,
    56.799634577223));
#7066 = CARTESIAN_POINT('',(-73.06243343813,-50.89988575596,
    56.800228490958));
#7067 = CARTESIAN_POINT('',(-73.0202816225,-50.90109743573,
    56.797804725122));
#7068 = CARTESIAN_POINT('',(-72.97840622393,-50.90364255517,
    56.792717867346));
#7069 = CARTESIAN_POINT('',(-72.9370836964,-50.90747026722,
    56.785019531214));
#7070 = CARTESIAN_POINT('',(-72.89658206618,-50.91248226906,
    56.774812037816));
#7071 = CARTESIAN_POINT('',(-72.81701826007,-50.92470002138,
    56.749463495806));
#7072 = CARTESIAN_POINT('',(-72.77800063278,-50.93194248172,
    56.734239588642));
#7073 = CARTESIAN_POINT('',(-72.74026795413,-50.94013035519,
    56.716712493018));
#7074 = CARTESIAN_POINT('',(-72.7039757794,-50.94910365199,
    56.697030428672));
#7075 = CARTESIAN_POINT('',(-72.66926420989,-50.95868362895,
    56.675357418258));
#7076 = CARTESIAN_POINT('',(-72.59839912068,-50.98014437368,
    56.624943984505));
#7077 = CARTESIAN_POINT('',(-72.56275912345,-50.99216355908,
    56.595616321165));
#7078 = CARTESIAN_POINT('',(-72.52944931723,-51.00447545316,
    56.564106976156));
#7079 = CARTESIAN_POINT('',(-72.4985659493,-51.01680985272,
    56.530618917476));
#7080 = CARTESIAN_POINT('',(-72.47019330277,-51.02889752319,
    56.495346092055));
#7081 = CARTESIAN_POINT('',(-72.42113556754,-51.05093339754,
    56.425196721362));
#7082 = CARTESIAN_POINT('',(-72.39995552877,-51.06098231593,
    56.390594061865));
#7083 = CARTESIAN_POINT('',(-72.38094185796,-51.07042997349,
    56.354819048464));
#7084 = CARTESIAN_POINT('',(-72.36415212155,-51.07909026166,
    56.318015797281));
#7085 = CARTESIAN_POINT('',(-72.34963526091,-51.08679610679,
    56.280321692594));
#7086 = CARTESIAN_POINT('',(-72.32506835072,-51.10011467199,
    56.202866941401));
#7087 = CARTESIAN_POINT('',(-72.31508397416,-51.10569674309,
    56.163082239581));
#7088 = CARTESIAN_POINT('',(-72.307554111,-51.109997448,56.122711406086)
  );
#7089 = CARTESIAN_POINT('',(-72.30251961872,-51.1129049459,
    56.081948972368));
#7090 = CARTESIAN_POINT('',(-72.3,-51.11435935394,56.040984306455));
#7091 = CARTESIAN_POINT('',(-72.3,-51.11435935394,56.));
#7092 = PCURVE('',#154,#7093);
#7093 = DEFINITIONAL_REPRESENTATION('',(#7094),#7192);
#7094 = B_SPLINE_CURVE_WITH_KNOTS('',6,(#7095,#7096,#7097,#7098,#7099,
    #7100,#7101,#7102,#7103,#7104,#7105,#7106,#7107,#7108,#7109,#7110,
    #7111,#7112,#7113,#7114,#7115,#7116,#7117,#7118,#7119,#7120,#7121,
    #7122,#7123,#7124,#7125,#7126,#7127,#7128,#7129,#7130,#7131,#7132,
    #7133,#7134,#7135,#7136,#7137,#7138,#7139,#7140,#7141,#7142,#7143,
    #7144,#7145,#7146,#7147,#7148,#7149,#7150,#7151,#7152,#7153,#7154,
    #7155,#7156,#7157,#7158,#7159,#7160,#7161,#7162,#7163,#7164,#7165,
    #7166,#7167,#7168,#7169,#7170,#7171,#7172,#7173,#7174,#7175,#7176,
    #7177,#7178,#7179,#7180,#7181,#7182,#7183,#7184,#7185,#7186,#7187,
    #7188,#7189,#7190,#7191),.UNSPECIFIED.,.F.,.F.,(7,5,5,5,5,5,5,5,5,5,
    5,5,5,5,5,5,5,5,5,7),(0.,5.182273619723E-02,0.101551213808,
    0.154903683824,0.204365636995,0.249298259727,0.296593990565,
    0.344733451642,0.399943784471,0.449777518503,0.499975352761,
    0.552145549854,0.601877549013,0.680693641562,0.749502283735,
    0.796699447545,0.844738583214,0.899833854531,0.949563732191,1.),
  .UNSPECIFIED.);
#7095 = CARTESIAN_POINT('',(0.,7.385640646055));
#7096 = CARTESIAN_POINT('',(5.253192428568E-02,7.385640646055));
#7097 = CARTESIAN_POINT('',(0.105036201202,7.387169867582));
#7098 = CARTESIAN_POINT('',(0.157528335202,7.390226764021));
#7099 = CARTESIAN_POINT('',(0.210014947981,7.394745130689));
#7100 = CARTESIAN_POINT('',(0.262489989624,7.400601734353));
#7101 = CARTESIAN_POINT('',(0.36525266766,7.414362369927));
#7102 = CARTESIAN_POINT('',(0.415548601715,7.422175109579));
#7103 = CARTESIAN_POINT('',(0.465875712242,7.430921727627));
#7104 = CARTESIAN_POINT('',(0.516282715226,7.440434790408));
#7105 = CARTESIAN_POINT('',(0.566809442203,7.450528641713));
#7106 = CARTESIAN_POINT('',(0.671856056975,7.472251420486));
#7107 = CARTESIAN_POINT('',(0.726435501044,7.483946340092));
#7108 = CARTESIAN_POINT('',(0.781290091517,7.495858569463));
#7109 = CARTESIAN_POINT('',(0.836486189244,7.507745233743));
#7110 = CARTESIAN_POINT('',(0.892092704289,7.519362688749));
#7111 = CARTESIAN_POINT('',(1.000182832176,7.540775558941));
#7112 = CARTESIAN_POINT('',(1.052631048157,7.550648556085));
#7113 = CARTESIAN_POINT('',(1.105502371667,7.559886161886));
#7114 = CARTESIAN_POINT('',(1.158786813807,7.568294095684));
#7115 = CARTESIAN_POINT('',(1.212486504317,7.575698987871));
#7116 = CARTESIAN_POINT('',(1.315782411792,7.58764097001));
#7117 = CARTESIAN_POINT('',(1.365291532207,7.592377164441));
#7118 = CARTESIAN_POINT('',(1.415049038366,7.5960454503));
#7119 = CARTESIAN_POINT('',(1.464977159063,7.598561289247));
#7120 = CARTESIAN_POINT('',(1.515005298631,7.599878648682));
#7121 = CARTESIAN_POINT('',(1.617755363447,7.600114244031));
#7122 = CARTESIAN_POINT('',(1.670426954164,7.598902564264));
#7123 = CARTESIAN_POINT('',(1.722997078897,7.596357444824));
#7124 = CARTESIAN_POINT('',(1.775383297717,7.592529732774));
#7125 = CARTESIAN_POINT('',(1.827494541308,7.587517730931));
#7126 = CARTESIAN_POINT('',(1.931874764417,7.575299978619));
#7127 = CARTESIAN_POINT('',(1.984122161607,7.568057518273));
#7128 = CARTESIAN_POINT('',(2.035975510392,7.559869644808));
#7129 = CARTESIAN_POINT('',(2.087436632359,7.550896348004));
#7130 = CARTESIAN_POINT('',(2.138496473618,7.54131637104));
#7131 = CARTESIAN_POINT('',(2.247206057858,7.51985562631));
#7132 = CARTESIAN_POINT('',(2.304758232853,7.50783644092));
#7133 = CARTESIAN_POINT('',(2.3618701958,7.49552454684));
#7134 = CARTESIAN_POINT('',(2.418618186054,7.483190147278));
#7135 = CARTESIAN_POINT('',(2.475075552036,7.471102476803));
#7136 = CARTESIAN_POINT('',(2.582077272191,7.44906660246));
#7137 = CARTESIAN_POINT('',(2.632695518727,7.43901768407));
#7138 = CARTESIAN_POINT('',(2.683198563218,7.42957002651));
#7139 = CARTESIAN_POINT('',(2.733625406652,7.420909738331));
#7140 = CARTESIAN_POINT('',(2.784024308728,7.413203893206));
#7141 = CARTESIAN_POINT('',(2.885248245945,7.399930941386));
#7142 = CARTESIAN_POINT('',(2.936076303774,7.394379299059));
#7143 = CARTESIAN_POINT('',(2.986916183074,7.390090568682));
#7144 = CARTESIAN_POINT('',(3.037762099152,7.387174613305));
#7145 = CARTESIAN_POINT('',(3.088619307374,7.385690815521));
#7146 = CARTESIAN_POINT('',(3.19238168142,7.385590566005));
#7147 = CARTESIAN_POINT('',(3.245234694693,7.38708907719));
#7148 = CARTESIAN_POINT('',(3.298075600047,7.3901369415));
#7149 = CARTESIAN_POINT('',(3.350911055902,7.394667425574));
#7150 = CARTESIAN_POINT('',(3.403734775522,7.400555152456));
#7151 = CARTESIAN_POINT('',(3.506845321249,7.414362369927));
#7152 = CARTESIAN_POINT('',(3.557141255305,7.422175109579));
#7153 = CARTESIAN_POINT('',(3.607468365831,7.430921727627));
#7154 = CARTESIAN_POINT('',(3.657875368815,7.440434790408));
#7155 = CARTESIAN_POINT('',(3.708402095793,7.450528641713));
#7156 = CARTESIAN_POINT('',(3.839392215571,7.477616324639));
#7157 = CARTESIAN_POINT('',(3.920237021874,7.495225248246));
#7158 = CARTESIAN_POINT('',(4.001765002764,7.513071209323));
#7159 = CARTESIAN_POINT('',(4.084144632257,7.530336522079));
#7160 = CARTESIAN_POINT('',(4.167560345545,7.546237684163));
#7161 = CARTESIAN_POINT('',(4.326187341721,7.572130100747));
#7162 = CARTESIAN_POINT('',(4.401188341589,7.582630659516));
#7163 = CARTESIAN_POINT('',(4.476933581647,7.591002005661));
#7164 = CARTESIAN_POINT('',(4.553208393494,7.596809143751));
#7165 = CARTESIAN_POINT('',(4.629837984155,7.599817290823));
#7166 = CARTESIAN_POINT('',(4.759348017036,7.600114244031));
#7167 = CARTESIAN_POINT('',(4.812019607753,7.598902564264));
#7168 = CARTESIAN_POINT('',(4.864589732487,7.596357444824));
#7169 = CARTESIAN_POINT('',(4.916975951306,7.592529732774));
#7170 = CARTESIAN_POINT('',(4.969087194897,7.587517730931));
#7171 = CARTESIAN_POINT('',(5.073467418006,7.575299978619));
#7172 = CARTESIAN_POINT('',(5.125714815196,7.568057518273));
#7173 = CARTESIAN_POINT('',(5.177568163982,7.559869644808));
#7174 = CARTESIAN_POINT('',(5.229029285948,7.550896348004));
#7175 = CARTESIAN_POINT('',(5.280089127207,7.541316371041));
#7176 = CARTESIAN_POINT('',(5.388798711448,7.519855626311));
#7177 = CARTESIAN_POINT('',(5.446350886442,7.50783644092));
#7178 = CARTESIAN_POINT('',(5.503462849389,7.49552454684));
#7179 = CARTESIAN_POINT('',(5.560210839644,7.483190147279));
#7180 = CARTESIAN_POINT('',(5.616668205626,7.471102476803));
#7181 = CARTESIAN_POINT('',(5.72366992578,7.44906660246));
#7182 = CARTESIAN_POINT('',(5.774288172316,7.43901768407));
#7183 = CARTESIAN_POINT('',(5.824791216807,7.42957002651));
#7184 = CARTESIAN_POINT('',(5.875218060241,7.420909738331));
#7185 = CARTESIAN_POINT('',(5.925616962318,7.413203893206));
#7186 = CARTESIAN_POINT('',(6.027188762345,7.399885328003));
#7187 = CARTESIAN_POINT('',(6.078365492452,7.394303256907));
#7188 = CARTESIAN_POINT('',(6.129554240104,7.390002551991));
#7189 = CARTESIAN_POINT('',(6.180748967738,7.387095054095));
#7190 = CARTESIAN_POINT('',(6.231954924111,7.385640646055));
#7191 = CARTESIAN_POINT('',(6.28318530718,7.385640646055));
#7192 = ( GEOMETRIC_REPRESENTATION_CONTEXT(2) 
PARAMETRIC_REPRESENTATION_CONTEXT() REPRESENTATION_CONTEXT('2D SPACE',''
  ) );
#7193 = PCURVE('',#6592,#7194);
#7194 = DEFINITIONAL_REPRESENTATION('',(#7195),#7293);
#7195 = B_SPLINE_CURVE_WITH_KNOTS('',6,(#7196,#7197,#7198,#7199,#7200,
    #7201,#7202,#7203,#7204,#7205,#7206,#7207,#7208,#7209,#7210,#7211,
    #7212,#7213,#7214,#7215,#7216,#7217,#7218,#7219,#7220,#7221,#7222,
    #7223,#7224,#7225,#7226,#7227,#7228,#7229,#7230,#7231,#7232,#7233,
    #7234,#7235,#7236,#7237,#7238,#7239,#7240,#7241,#7242,#7243,#7244,
    #7245,#7246,#7247,#7248,#7249,#7250,#7251,#7252,#7253,#7254,#7255,
    #7256,#7257,#7258,#7259,#7260,#7261,#7262,#7263,#7264,#7265,#7266,
    #7267,#7268,#7269,#7270,#7271,#7272,#7273,#7274,#7275,#7276,#7277,
    #7278,#7279,#7280,#7281,#7282,#7283,#7284,#7285,#7286,#7287,#7288,
    #7289,#7290,#7291,#7292),.UNSPECIFIED.,.T.,.F.,(7,5,5,5,5,5,5,5,5,5,
    5,5,5,5,5,5,5,5,5,7),(0.,5.182273619723E-02,0.101551213808,
    0.154903683824,0.204365636995,0.249298259727,0.296593990565,
    0.344733451642,0.399943784471,0.449777518503,0.499975352761,
    0.552145549854,0.601877549013,0.680693641562,0.749502283735,
    0.796699447545,0.844738583214,0.899833854531,0.949563732191,1.),
  .UNSPECIFIED.);
#7196 = CARTESIAN_POINT('',(1.047197551197,112.));
#7197 = CARTESIAN_POINT('',(1.047197551197,111.95797446057));
#7198 = CARTESIAN_POINT('',(1.04910935349,111.91597115631));
#7199 = CARTESIAN_POINT('',(1.052929702286,111.8741858836));
#7200 = CARTESIAN_POINT('',(1.058625908689,111.83282202961));
#7201 = CARTESIAN_POINT('',(1.066135786412,111.79208878318));
#7202 = CARTESIAN_POINT('',(1.084226313344,111.71392191892));
#7203 = CARTESIAN_POINT('',(1.094671700827,111.67641719124));
#7204 = CARTESIAN_POINT('',(1.106637244274,111.6398144428));
#7205 = CARTESIAN_POINT('',(1.120049903028,111.6042495257));
#7206 = CARTESIAN_POINT('',(1.134831031534,111.56986496849));
#7207 = CARTESIAN_POINT('',(1.168134426893,111.50134629798));
#7208 = CARTESIAN_POINT('',(1.186862587083,111.46738888577));
#7209 = CARTESIAN_POINT('',(1.206990959013,111.43510750848));
#7210 = CARTESIAN_POINT('',(1.228431615432,111.40467745084));
#7211 = CARTESIAN_POINT('',(1.251100435486,111.3762819083));
#7212 = CARTESIAN_POINT('',(1.29699877747,111.32585481709));
#7213 = CARTESIAN_POINT('',(1.320080744673,111.3034949924));
#7214 = CARTESIAN_POINT('',(1.344066243204,111.28323277979));
#7215 = CARTESIAN_POINT('',(1.368857695971,111.26524624973));
#7216 = CARTESIAN_POINT('',(1.394358452691,111.24969583122));
#7217 = CARTESIAN_POINT('',(1.444197384247,111.22494494183));
#7218 = CARTESIAN_POINT('',(1.468422078262,111.21529640377));
#7219 = CARTESIAN_POINT('',(1.493027602542,111.20791130272));
#7220 = CARTESIAN_POINT('',(1.517893879063,111.20287774414));
#7221 = CARTESIAN_POINT('',(1.542901132909,111.20024270554));
#7222 = CARTESIAN_POINT('',(1.59427553225,111.19977150904));
#7223 = CARTESIAN_POINT('',(1.620618107395,111.20219527487));
#7224 = CARTESIAN_POINT('',(1.646818556424,111.20728213265));
#7225 = CARTESIAN_POINT('',(1.67273684126,111.21498046878));
#7226 = CARTESIAN_POINT('',(1.698232561993,111.22518796218));
#7227 = CARTESIAN_POINT('',(1.748542820927,111.25053650419));
#7228 = CARTESIAN_POINT('',(1.773333301988,111.26576041135));
#7229 = CARTESIAN_POINT('',(1.797449261416,111.28328750698));
#7230 = CARTESIAN_POINT('',(1.820801652098,111.30296957132));
#7231 = CARTESIAN_POINT('',(1.843300589653,111.32464258174));
#7232 = CARTESIAN_POINT('',(1.889577711908,111.37505601549));
#7233 = CARTESIAN_POINT('',(1.913073784509,111.40438367883));
#7234 = CARTESIAN_POINT('',(1.935256416332,111.43589302384));
#7235 = CARTESIAN_POINT('',(1.956032315209,111.46938108252));
#7236 = CARTESIAN_POINT('',(1.975303860101,111.50465390794));
#7237 = CARTESIAN_POINT('',(2.008916085507,111.57480327863));
#7238 = CARTESIAN_POINT('',(2.023564772349,111.60940593813));
#7239 = CARTESIAN_POINT('',(2.036831752159,111.64518095153));
#7240 = CARTESIAN_POINT('',(2.048637701083,111.68198420271));
#7241 = CARTESIAN_POINT('',(2.058909384181,111.7196783074));
#7242 = CARTESIAN_POINT('',(2.076315128661,111.79686779178));
#7243 = CARTESIAN_POINT('',(2.083426267784,111.83637631344));
#7244 = CARTESIAN_POINT('',(2.088832217613,111.87646420397));
#7245 = CARTESIAN_POINT('',(2.092477402099,111.91694103036));
#7246 = CARTESIAN_POINT('',(2.094332390425,111.9576214133));
#7247 = CARTESIAN_POINT('',(2.094457702594,112.04063113093));
#7248 = CARTESIAN_POINT('',(2.092584263954,112.08291894312));
#7249 = CARTESIAN_POINT('',(2.088776177141,112.12499018467));
#7250 = CARTESIAN_POINT('',(2.083066368818,112.16663725027));
#7251 = CARTESIAN_POINT('',(2.075518106433,112.20764660979));
#7252 = CARTESIAN_POINT('',(2.057366340246,112.28607808107));
#7253 = CARTESIAN_POINT('',(2.046920952763,112.32358280875));
#7254 = CARTESIAN_POINT('',(2.034955409316,112.36018555719));
#7255 = CARTESIAN_POINT('',(2.021542750561,112.39575047429));
#7256 = CARTESIAN_POINT('',(2.006761622056,112.4301350315));
#7257 = CARTESIAN_POINT('',(1.96523324195,112.51557585106));
#7258 = CARTESIAN_POINT('',(1.936494304992,112.56472312711));
#7259 = CARTESIAN_POINT('',(1.904778352425,112.61003405612));
#7260 = CARTESIAN_POINT('',(1.870390997468,112.65090260292));
#7261 = CARTESIAN_POINT('',(1.833610637161,112.68670597423));
#7262 = CARTESIAN_POINT('',(1.760727171636,112.74305944531));
#7263 = CARTESIAN_POINT('',(1.725088301465,112.76500198982));
#7264 = CARTESIAN_POINT('',(1.688170698701,112.78199444772));
#7265 = CARTESIAN_POINT('',(1.650370540115,112.79361820759));
#7266 = CARTESIAN_POINT('',(1.61207133984,112.79963457722));
#7267 = CARTESIAN_POINT('',(1.54731712134,112.80022849095));
#7268 = CARTESIAN_POINT('',(1.520974546195,112.79780472512));
#7269 = CARTESIAN_POINT('',(1.494774097167,112.79271786734));
#7270 = CARTESIAN_POINT('',(1.46885581233,112.78501953121));
#7271 = CARTESIAN_POINT('',(1.443360091597,112.77481203781));
#7272 = CARTESIAN_POINT('',(1.393049832663,112.7494634958));
#7273 = CARTESIAN_POINT('',(1.368259351602,112.73423958864));
#7274 = CARTESIAN_POINT('',(1.344143392174,112.71671249301));
#7275 = CARTESIAN_POINT('',(1.320791001492,112.69703042867));
#7276 = CARTESIAN_POINT('',(1.298292063937,112.67535741825));
#7277 = CARTESIAN_POINT('',(1.252014941681,112.6249439845));
#7278 = CARTESIAN_POINT('',(1.228518869081,112.59561632116));
#7279 = CARTESIAN_POINT('',(1.206336237257,112.56410697615));
#7280 = CARTESIAN_POINT('',(1.185560338381,112.53061891747));
#7281 = CARTESIAN_POINT('',(1.166288793489,112.49534609205));
#7282 = CARTESIAN_POINT('',(1.132676568083,112.42519672136));
#7283 = CARTESIAN_POINT('',(1.118027881241,112.39059406186));
#7284 = CARTESIAN_POINT('',(1.104760901431,112.35481904846));
#7285 = CARTESIAN_POINT('',(1.092954952507,112.31801579728));
#7286 = CARTESIAN_POINT('',(1.082683269409,112.28032169259));
#7287 = CARTESIAN_POINT('',(1.065217708927,112.2028669414));
#7288 = CARTESIAN_POINT('',(1.058068998085,112.16308223958));
#7289 = CARTESIAN_POINT('',(1.052649502176,112.12271140608));
#7290 = CARTESIAN_POINT('',(1.049015800496,112.08194897236));
#7291 = CARTESIAN_POINT('',(1.047197551197,112.04098430645));
#7292 = CARTESIAN_POINT('',(1.047197551197,112.));
#7293 = ( GEOMETRIC_REPRESENTATION_CONTEXT(2) 
PARAMETRIC_REPRESENTATION_CONTEXT() REPRESENTATION_CONTEXT('2D SPACE',''
  ) );
#7294 = ADVANCED_FACE('',(#7295),#180,.F.);
#7295 = FACE_BOUND('',#7296,.F.);
#7296 = EDGE_LOOP('',(#7297,#7298,#7299));
#7297 = ORIENTED_EDGE('',*,*,#6944,.T.);
#7298 = ORIENTED_EDGE('',*,*,#6969,.T.);
#7299 = ORIENTED_EDGE('',*,*,#165,.T.);
#7300 = ADVANCED_FACE('',(#7301,#7327),#100,.T.);
#7301 = FACE_BOUND('',#7302,.T.);
#7302 = EDGE_LOOP('',(#7303,#7304,#7305,#7326));
#7303 = ORIENTED_EDGE('',*,*,#84,.F.);
#7304 = ORIENTED_EDGE('',*,*,#6631,.T.);
#7305 = ORIENTED_EDGE('',*,*,#7306,.T.);
#7306 = EDGE_CURVE('',#6609,#6316,#7307,.T.);
#7307 = SURFACE_CURVE('',#7308,(#7312,#7319),.PCURVE_S1.);
#7308 = LINE('',#7309,#7310);
#7309 = CARTESIAN_POINT('',(-69.1,-52.5,58.));
#7310 = VECTOR('',#7311,1.);
#7311 = DIRECTION('',(0.,1.,0.));
#7312 = PCURVE('',#100,#7313);
#7313 = DEFINITIONAL_REPRESENTATION('',(#7314),#7318);
#7314 = LINE('',#7315,#7316);
#7315 = CARTESIAN_POINT('',(4.,0.));
#7316 = VECTOR('',#7317,1.);
#7317 = DIRECTION('',(0.,1.));
#7318 = ( GEOMETRIC_REPRESENTATION_CONTEXT(2) 
PARAMETRIC_REPRESENTATION_CONTEXT() REPRESENTATION_CONTEXT('2D SPACE',''
  ) );
#7319 = PCURVE('',#6331,#7320);
#7320 = DEFINITIONAL_REPRESENTATION('',(#7321),#7325);
#7321 = LINE('',#7322,#7323);
#7322 = CARTESIAN_POINT('',(37.6,0.));
#7323 = VECTOR('',#7324,1.);
#7324 = DIRECTION('',(0.,-1.));
#7325 = ( GEOMETRIC_REPRESENTATION_CONTEXT(2) 
PARAMETRIC_REPRESENTATION_CONTEXT() REPRESENTATION_CONTEXT('2D SPACE',''
  ) );
#7326 = ORIENTED_EDGE('',*,*,#6343,.F.);
#7327 = FACE_BOUND('',#7328,.T.);
#7328 = EDGE_LOOP('',(#7329));
#7329 = ORIENTED_EDGE('',*,*,#7330,.F.);
#7330 = EDGE_CURVE('',#7331,#7331,#7333,.T.);
#7331 = VERTEX_POINT('',#7332);
#7332 = CARTESIAN_POINT('',(-71.5,-52.5,58.));
#7333 = SURFACE_CURVE('',#7334,(#7339,#7346),.PCURVE_S1.);
#7334 = CIRCLE('',#7335,1.6);
#7335 = AXIS2_PLACEMENT_3D('',#7336,#7337,#7338);
#7336 = CARTESIAN_POINT('',(-73.1,-52.5,58.));
#7337 = DIRECTION('',(0.,0.,1.));
#7338 = DIRECTION('',(1.,0.,-0.));
#7339 = PCURVE('',#100,#7340);
#7340 = DEFINITIONAL_REPRESENTATION('',(#7341),#7345);
#7341 = CIRCLE('',#7342,1.6);
#7342 = AXIS2_PLACEMENT_2D('',#7343,#7344);
#7343 = CARTESIAN_POINT('',(0.,0.));
#7344 = DIRECTION('',(1.,0.));
#7345 = ( GEOMETRIC_REPRESENTATION_CONTEXT(2) 
PARAMETRIC_REPRESENTATION_CONTEXT() REPRESENTATION_CONTEXT('2D SPACE',''
  ) );
#7346 = PCURVE('',#6592,#7347);
#7347 = DEFINITIONAL_REPRESENTATION('',(#7348),#7352);
#7348 = LINE('',#7349,#7350);
#7349 = CARTESIAN_POINT('',(0.,114.));
#7350 = VECTOR('',#7351,1.);
#7351 = DIRECTION('',(1.,0.));
#7352 = ( GEOMETRIC_REPRESENTATION_CONTEXT(2) 
PARAMETRIC_REPRESENTATION_CONTEXT() REPRESENTATION_CONTEXT('2D SPACE',''
  ) );
#7353 = ADVANCED_FACE('',(#7354),#464,.F.);
#7354 = FACE_BOUND('',#7355,.F.);
#7355 = EDGE_LOOP('',(#7356,#7379,#7406,#7407));
#7356 = ORIENTED_EDGE('',*,*,#7357,.T.);
#7357 = EDGE_CURVE('',#448,#7358,#7360,.T.);
#7358 = VERTEX_POINT('',#7359);
#7359 = CARTESIAN_POINT('',(-66.6,52.5,-32.));
#7360 = SEAM_CURVE('',#7361,(#7365,#7372),.PCURVE_S1.);
#7361 = LINE('',#7362,#7363);
#7362 = CARTESIAN_POINT('',(-73.2,52.5,-32.));
#7363 = VECTOR('',#7364,1.);
#7364 = DIRECTION('',(1.,0.,1.110223024625E-16));
#7365 = PCURVE('',#464,#7366);
#7366 = DEFINITIONAL_REPRESENTATION('',(#7367),#7371);
#7367 = LINE('',#7368,#7369);
#7368 = CARTESIAN_POINT('',(6.28318530718,-0.));
#7369 = VECTOR('',#7370,1.);
#7370 = DIRECTION('',(0.,1.));
#7371 = ( GEOMETRIC_REPRESENTATION_CONTEXT(2) 
PARAMETRIC_REPRESENTATION_CONTEXT() REPRESENTATION_CONTEXT('2D SPACE',''
  ) );
#7372 = PCURVE('',#464,#7373);
#7373 = DEFINITIONAL_REPRESENTATION('',(#7374),#7378);
#7374 = LINE('',#7375,#7376);
#7375 = CARTESIAN_POINT('',(0.,-0.));
#7376 = VECTOR('',#7377,1.);
#7377 = DIRECTION('',(0.,1.));
#7378 = ( GEOMETRIC_REPRESENTATION_CONTEXT(2) 
PARAMETRIC_REPRESENTATION_CONTEXT() REPRESENTATION_CONTEXT('2D SPACE',''
  ) );
#7379 = ORIENTED_EDGE('',*,*,#7380,.F.);
#7380 = EDGE_CURVE('',#7358,#7358,#7381,.T.);
#7381 = SURFACE_CURVE('',#7382,(#7387,#7394),.PCURVE_S1.);
#7382 = CIRCLE('',#7383,2.);
#7383 = AXIS2_PLACEMENT_3D('',#7384,#7385,#7386);
#7384 = CARTESIAN_POINT('',(-66.6,52.5,-30.));
#7385 = DIRECTION('',(1.,-0.,1.110223024625E-16));
#7386 = DIRECTION('',(1.110223024625E-16,0.,-1.));
#7387 = PCURVE('',#464,#7388);
#7388 = DEFINITIONAL_REPRESENTATION('',(#7389),#7393);
#7389 = LINE('',#7390,#7391);
#7390 = CARTESIAN_POINT('',(0.,6.6));
#7391 = VECTOR('',#7392,1.);
#7392 = DIRECTION('',(1.,0.));
#7393 = ( GEOMETRIC_REPRESENTATION_CONTEXT(2) 
PARAMETRIC_REPRESENTATION_CONTEXT() REPRESENTATION_CONTEXT('2D SPACE',''
  ) );
#7394 = PCURVE('',#7395,#7400);
#7395 = PLANE('',#7396);
#7396 = AXIS2_PLACEMENT_3D('',#7397,#7398,#7399);
#7397 = CARTESIAN_POINT('',(-66.6,52.5,-30.));
#7398 = DIRECTION('',(1.,0.,1.110223024625E-16));
#7399 = DIRECTION('',(1.110223024625E-16,0.,-1.));
#7400 = DEFINITIONAL_REPRESENTATION('',(#7401),#7405);
#7401 = CIRCLE('',#7402,2.);
#7402 = AXIS2_PLACEMENT_2D('',#7403,#7404);
#7403 = CARTESIAN_POINT('',(0.,0.));
#7404 = DIRECTION('',(1.,0.));
#7405 = ( GEOMETRIC_REPRESENTATION_CONTEXT(2) 
PARAMETRIC_REPRESENTATION_CONTEXT() REPRESENTATION_CONTEXT('2D SPACE',''
  ) );
#7406 = ORIENTED_EDGE('',*,*,#7357,.F.);
#7407 = ORIENTED_EDGE('',*,*,#447,.T.);
#7408 = ADVANCED_FACE('',(#7409),#495,.F.);
#7409 = FACE_BOUND('',#7410,.F.);
#7410 = EDGE_LOOP('',(#7411,#7434,#7461,#7462));
#7411 = ORIENTED_EDGE('',*,*,#7412,.T.);
#7412 = EDGE_CURVE('',#479,#7413,#7415,.T.);
#7413 = VERTEX_POINT('',#7414);
#7414 = CARTESIAN_POINT('',(-66.6,52.5,28.));
#7415 = SEAM_CURVE('',#7416,(#7420,#7427),.PCURVE_S1.);
#7416 = LINE('',#7417,#7418);
#7417 = CARTESIAN_POINT('',(-73.2,52.5,28.));
#7418 = VECTOR('',#7419,1.);
#7419 = DIRECTION('',(1.,0.,1.110223024625E-16));
#7420 = PCURVE('',#495,#7421);
#7421 = DEFINITIONAL_REPRESENTATION('',(#7422),#7426);
#7422 = LINE('',#7423,#7424);
#7423 = CARTESIAN_POINT('',(6.28318530718,-0.));
#7424 = VECTOR('',#7425,1.);
#7425 = DIRECTION('',(0.,1.));
#7426 = ( GEOMETRIC_REPRESENTATION_CONTEXT(2) 
PARAMETRIC_REPRESENTATION_CONTEXT() REPRESENTATION_CONTEXT('2D SPACE',''
  ) );
#7427 = PCURVE('',#495,#7428);
#7428 = DEFINITIONAL_REPRESENTATION('',(#7429),#7433);
#7429 = LINE('',#7430,#7431);
#7430 = CARTESIAN_POINT('',(0.,-0.));
#7431 = VECTOR('',#7432,1.);
#7432 = DIRECTION('',(0.,1.));
#7433 = ( GEOMETRIC_REPRESENTATION_CONTEXT(2) 
PARAMETRIC_REPRESENTATION_CONTEXT() REPRESENTATION_CONTEXT('2D SPACE',''
  ) );
#7434 = ORIENTED_EDGE('',*,*,#7435,.F.);
#7435 = EDGE_CURVE('',#7413,#7413,#7436,.T.);
#7436 = SURFACE_CURVE('',#7437,(#7442,#7449),.PCURVE_S1.);
#7437 = CIRCLE('',#7438,2.);
#7438 = AXIS2_PLACEMENT_3D('',#7439,#7440,#7441);
#7439 = CARTESIAN_POINT('',(-66.6,52.5,30.));
#7440 = DIRECTION('',(1.,-0.,1.110223024625E-16));
#7441 = DIRECTION('',(1.110223024625E-16,0.,-1.));
#7442 = PCURVE('',#495,#7443);
#7443 = DEFINITIONAL_REPRESENTATION('',(#7444),#7448);
#7444 = LINE('',#7445,#7446);
#7445 = CARTESIAN_POINT('',(0.,6.6));
#7446 = VECTOR('',#7447,1.);
#7447 = DIRECTION('',(1.,0.));
#7448 = ( GEOMETRIC_REPRESENTATION_CONTEXT(2) 
PARAMETRIC_REPRESENTATION_CONTEXT() REPRESENTATION_CONTEXT('2D SPACE',''
  ) );
#7449 = PCURVE('',#7450,#7455);
#7450 = PLANE('',#7451);
#7451 = AXIS2_PLACEMENT_3D('',#7452,#7453,#7454);
#7452 = CARTESIAN_POINT('',(-66.6,52.5,30.));
#7453 = DIRECTION('',(1.,0.,1.110223024625E-16));
#7454 = DIRECTION('',(1.110223024625E-16,0.,-1.));
#7455 = DEFINITIONAL_REPRESENTATION('',(#7456),#7460);
#7456 = CIRCLE('',#7457,2.);
#7457 = AXIS2_PLACEMENT_2D('',#7458,#7459);
#7458 = CARTESIAN_POINT('',(0.,0.));
#7459 = DIRECTION('',(1.,0.));
#7460 = ( GEOMETRIC_REPRESENTATION_CONTEXT(2) 
PARAMETRIC_REPRESENTATION_CONTEXT() REPRESENTATION_CONTEXT('2D SPACE',''
  ) );
#7461 = ORIENTED_EDGE('',*,*,#7412,.F.);
#7462 = ORIENTED_EDGE('',*,*,#478,.T.);
#7463 = ADVANCED_FACE('',(#7464),#526,.F.);
#7464 = FACE_BOUND('',#7465,.F.);
#7465 = EDGE_LOOP('',(#7466,#7489,#7516,#7517));
#7466 = ORIENTED_EDGE('',*,*,#7467,.T.);
#7467 = EDGE_CURVE('',#510,#7468,#7470,.T.);
#7468 = VERTEX_POINT('',#7469);
#7469 = CARTESIAN_POINT('',(-68.6,-1.102182119233E-15,-39.5));
#7470 = SEAM_CURVE('',#7471,(#7475,#7482),.PCURVE_S1.);
#7471 = LINE('',#7472,#7473);
#7472 = CARTESIAN_POINT('',(-73.2,-1.102182119233E-15,-39.5));
#7473 = VECTOR('',#7474,1.);
#7474 = DIRECTION('',(1.,0.,1.110223024625E-16));
#7475 = PCURVE('',#526,#7476);
#7476 = DEFINITIONAL_REPRESENTATION('',(#7477),#7481);
#7477 = LINE('',#7478,#7479);
#7478 = CARTESIAN_POINT('',(6.28318530718,-0.));
#7479 = VECTOR('',#7480,1.);
#7480 = DIRECTION('',(0.,1.));
#7481 = ( GEOMETRIC_REPRESENTATION_CONTEXT(2) 
PARAMETRIC_REPRESENTATION_CONTEXT() REPRESENTATION_CONTEXT('2D SPACE',''
  ) );
#7482 = PCURVE('',#526,#7483);
#7483 = DEFINITIONAL_REPRESENTATION('',(#7484),#7488);
#7484 = LINE('',#7485,#7486);
#7485 = CARTESIAN_POINT('',(0.,-0.));
#7486 = VECTOR('',#7487,1.);
#7487 = DIRECTION('',(0.,1.));
#7488 = ( GEOMETRIC_REPRESENTATION_CONTEXT(2) 
PARAMETRIC_REPRESENTATION_CONTEXT() REPRESENTATION_CONTEXT('2D SPACE',''
  ) );
#7489 = ORIENTED_EDGE('',*,*,#7490,.F.);
#7490 = EDGE_CURVE('',#7468,#7468,#7491,.T.);
#7491 = SURFACE_CURVE('',#7492,(#7497,#7504),.PCURVE_S1.);
#7492 = CIRCLE('',#7493,4.5);
#7493 = AXIS2_PLACEMENT_3D('',#7494,#7495,#7496);
#7494 = CARTESIAN_POINT('',(-68.6,0.,-35.));
#7495 = DIRECTION('',(1.,-0.,1.110223024625E-16));
#7496 = DIRECTION('',(1.110223024625E-16,0.,-1.));
#7497 = PCURVE('',#526,#7498);
#7498 = DEFINITIONAL_REPRESENTATION('',(#7499),#7503);
#7499 = LINE('',#7500,#7501);
#7500 = CARTESIAN_POINT('',(0.,4.6));
#7501 = VECTOR('',#7502,1.);
#7502 = DIRECTION('',(1.,0.));
#7503 = ( GEOMETRIC_REPRESENTATION_CONTEXT(2) 
PARAMETRIC_REPRESENTATION_CONTEXT() REPRESENTATION_CONTEXT('2D SPACE',''
  ) );
#7504 = PCURVE('',#7505,#7510);
#7505 = PLANE('',#7506);
#7506 = AXIS2_PLACEMENT_3D('',#7507,#7508,#7509);
#7507 = CARTESIAN_POINT('',(-68.6,0.,-35.));
#7508 = DIRECTION('',(1.,0.,1.110223024625E-16));
#7509 = DIRECTION('',(1.110223024625E-16,0.,-1.));
#7510 = DEFINITIONAL_REPRESENTATION('',(#7511),#7515);
#7511 = CIRCLE('',#7512,4.5);
#7512 = AXIS2_PLACEMENT_2D('',#7513,#7514);
#7513 = CARTESIAN_POINT('',(0.,0.));
#7514 = DIRECTION('',(1.,0.));
#7515 = ( GEOMETRIC_REPRESENTATION_CONTEXT(2) 
PARAMETRIC_REPRESENTATION_CONTEXT() REPRESENTATION_CONTEXT('2D SPACE',''
  ) );
#7516 = ORIENTED_EDGE('',*,*,#7467,.F.);
#7517 = ORIENTED_EDGE('',*,*,#509,.T.);
#7518 = ADVANCED_FACE('',(#7519),#558,.T.);
#7519 = FACE_BOUND('',#7520,.T.);
#7520 = EDGE_LOOP('',(#7521,#7544,#7545,#7568));
#7521 = ORIENTED_EDGE('',*,*,#7522,.F.);
#7522 = EDGE_CURVE('',#541,#7523,#7525,.T.);
#7523 = VERTEX_POINT('',#7524);
#7524 = CARTESIAN_POINT('',(-71.1,12.,-57.));
#7525 = SURFACE_CURVE('',#7526,(#7530,#7537),.PCURVE_S1.);
#7526 = LINE('',#7527,#7528);
#7527 = CARTESIAN_POINT('',(-73.1,12.,-57.));
#7528 = VECTOR('',#7529,1.);
#7529 = DIRECTION('',(1.,0.,0.));
#7530 = PCURVE('',#558,#7531);
#7531 = DEFINITIONAL_REPRESENTATION('',(#7532),#7536);
#7532 = LINE('',#7533,#7534);
#7533 = CARTESIAN_POINT('',(0.,0.));
#7534 = VECTOR('',#7535,1.);
#7535 = DIRECTION('',(0.,1.));
#7536 = ( GEOMETRIC_REPRESENTATION_CONTEXT(2) 
PARAMETRIC_REPRESENTATION_CONTEXT() REPRESENTATION_CONTEXT('2D SPACE',''
  ) );
#7537 = PCURVE('',#640,#7538);
#7538 = DEFINITIONAL_REPRESENTATION('',(#7539),#7543);
#7539 = LINE('',#7540,#7541);
#7540 = CARTESIAN_POINT('',(0.,0.));
#7541 = VECTOR('',#7542,1.);
#7542 = DIRECTION('',(1.,0.));
#7543 = ( GEOMETRIC_REPRESENTATION_CONTEXT(2) 
PARAMETRIC_REPRESENTATION_CONTEXT() REPRESENTATION_CONTEXT('2D SPACE',''
  ) );
#7544 = ORIENTED_EDGE('',*,*,#540,.T.);
#7545 = ORIENTED_EDGE('',*,*,#7546,.T.);
#7546 = EDGE_CURVE('',#543,#7547,#7549,.T.);
#7547 = VERTEX_POINT('',#7548);
#7548 = CARTESIAN_POINT('',(-71.1,12.,57.));
#7549 = SURFACE_CURVE('',#7550,(#7554,#7561),.PCURVE_S1.);
#7550 = LINE('',#7551,#7552);
#7551 = CARTESIAN_POINT('',(-73.1,12.,57.));
#7552 = VECTOR('',#7553,1.);
#7553 = DIRECTION('',(1.,0.,0.));
#7554 = PCURVE('',#558,#7555);
#7555 = DEFINITIONAL_REPRESENTATION('',(#7556),#7560);
#7556 = LINE('',#7557,#7558);
#7557 = CARTESIAN_POINT('',(114.,0.));
#7558 = VECTOR('',#7559,1.);
#7559 = DIRECTION('',(0.,1.));
#7560 = ( GEOMETRIC_REPRESENTATION_CONTEXT(2) 
PARAMETRIC_REPRESENTATION_CONTEXT() REPRESENTATION_CONTEXT('2D SPACE',''
  ) );
#7561 = PCURVE('',#586,#7562);
#7562 = DEFINITIONAL_REPRESENTATION('',(#7563),#7567);
#7563 = LINE('',#7564,#7565);
#7564 = CARTESIAN_POINT('',(0.,0.));
#7565 = VECTOR('',#7566,1.);
#7566 = DIRECTION('',(1.,0.));
#7567 = ( GEOMETRIC_REPRESENTATION_CONTEXT(2) 
PARAMETRIC_REPRESENTATION_CONTEXT() REPRESENTATION_CONTEXT('2D SPACE',''
  ) );
#7568 = ORIENTED_EDGE('',*,*,#7569,.F.);
#7569 = EDGE_CURVE('',#7523,#7547,#7570,.T.);
#7570 = SURFACE_CURVE('',#7571,(#7575,#7582),.PCURVE_S1.);
#7571 = LINE('',#7572,#7573);
#7572 = CARTESIAN_POINT('',(-71.1,12.,-57.));
#7573 = VECTOR('',#7574,1.);
#7574 = DIRECTION('',(0.,0.,1.));
#7575 = PCURVE('',#558,#7576);
#7576 = DEFINITIONAL_REPRESENTATION('',(#7577),#7581);
#7577 = LINE('',#7578,#7579);
#7578 = CARTESIAN_POINT('',(0.,2.));
#7579 = VECTOR('',#7580,1.);
#7580 = DIRECTION('',(1.,0.));
#7581 = ( GEOMETRIC_REPRESENTATION_CONTEXT(2) 
PARAMETRIC_REPRESENTATION_CONTEXT() REPRESENTATION_CONTEXT('2D SPACE',''
  ) );
#7582 = PCURVE('',#7583,#7588);
#7583 = PLANE('',#7584);
#7584 = AXIS2_PLACEMENT_3D('',#7585,#7586,#7587);
#7585 = CARTESIAN_POINT('',(-71.1,12.,-57.));
#7586 = DIRECTION('',(1.,0.,0.));
#7587 = DIRECTION('',(0.,0.,1.));
#7588 = DEFINITIONAL_REPRESENTATION('',(#7589),#7593);
#7589 = LINE('',#7590,#7591);
#7590 = CARTESIAN_POINT('',(0.,0.));
#7591 = VECTOR('',#7592,1.);
#7592 = DIRECTION('',(1.,0.));
#7593 = ( GEOMETRIC_REPRESENTATION_CONTEXT(2) 
PARAMETRIC_REPRESENTATION_CONTEXT() REPRESENTATION_CONTEXT('2D SPACE',''
  ) );
#7594 = ADVANCED_FACE('',(#7595),#586,.F.);
#7595 = FACE_BOUND('',#7596,.F.);
#7596 = EDGE_LOOP('',(#7597,#7598,#7599,#7622));
#7597 = ORIENTED_EDGE('',*,*,#570,.F.);
#7598 = ORIENTED_EDGE('',*,*,#7546,.T.);
#7599 = ORIENTED_EDGE('',*,*,#7600,.T.);
#7600 = EDGE_CURVE('',#7547,#7601,#7603,.T.);
#7601 = VERTEX_POINT('',#7602);
#7602 = CARTESIAN_POINT('',(-71.1,18.5,57.));
#7603 = SURFACE_CURVE('',#7604,(#7608,#7615),.PCURVE_S1.);
#7604 = LINE('',#7605,#7606);
#7605 = CARTESIAN_POINT('',(-71.1,12.,57.));
#7606 = VECTOR('',#7607,1.);
#7607 = DIRECTION('',(0.,1.,0.));
#7608 = PCURVE('',#586,#7609);
#7609 = DEFINITIONAL_REPRESENTATION('',(#7610),#7614);
#7610 = LINE('',#7611,#7612);
#7611 = CARTESIAN_POINT('',(2.,0.));
#7612 = VECTOR('',#7613,1.);
#7613 = DIRECTION('',(0.,1.));
#7614 = ( GEOMETRIC_REPRESENTATION_CONTEXT(2) 
PARAMETRIC_REPRESENTATION_CONTEXT() REPRESENTATION_CONTEXT('2D SPACE',''
  ) );
#7615 = PCURVE('',#7583,#7616);
#7616 = DEFINITIONAL_REPRESENTATION('',(#7617),#7621);
#7617 = LINE('',#7618,#7619);
#7618 = CARTESIAN_POINT('',(114.,0.));
#7619 = VECTOR('',#7620,1.);
#7620 = DIRECTION('',(0.,-1.));
#7621 = ( GEOMETRIC_REPRESENTATION_CONTEXT(2) 
PARAMETRIC_REPRESENTATION_CONTEXT() REPRESENTATION_CONTEXT('2D SPACE',''
  ) );
#7622 = ORIENTED_EDGE('',*,*,#7623,.F.);
#7623 = EDGE_CURVE('',#571,#7601,#7624,.T.);
#7624 = SURFACE_CURVE('',#7625,(#7629,#7636),.PCURVE_S1.);
#7625 = LINE('',#7626,#7627);
#7626 = CARTESIAN_POINT('',(-73.1,18.5,57.));
#7627 = VECTOR('',#7628,1.);
#7628 = DIRECTION('',(1.,0.,0.));
#7629 = PCURVE('',#586,#7630);
#7630 = DEFINITIONAL_REPRESENTATION('',(#7631),#7635);
#7631 = LINE('',#7632,#7633);
#7632 = CARTESIAN_POINT('',(0.,6.5));
#7633 = VECTOR('',#7634,1.);
#7634 = DIRECTION('',(1.,0.));
#7635 = ( GEOMETRIC_REPRESENTATION_CONTEXT(2) 
PARAMETRIC_REPRESENTATION_CONTEXT() REPRESENTATION_CONTEXT('2D SPACE',''
  ) );
#7636 = PCURVE('',#614,#7637);
#7637 = DEFINITIONAL_REPRESENTATION('',(#7638),#7642);
#7638 = LINE('',#7639,#7640);
#7639 = CARTESIAN_POINT('',(114.,0.));
#7640 = VECTOR('',#7641,1.);
#7641 = DIRECTION('',(0.,1.));
#7642 = ( GEOMETRIC_REPRESENTATION_CONTEXT(2) 
PARAMETRIC_REPRESENTATION_CONTEXT() REPRESENTATION_CONTEXT('2D SPACE',''
  ) );
#7643 = ADVANCED_FACE('',(#7644),#640,.T.);
#7644 = FACE_BOUND('',#7645,.T.);
#7645 = EDGE_LOOP('',(#7646,#7647,#7648,#7671));
#7646 = ORIENTED_EDGE('',*,*,#626,.F.);
#7647 = ORIENTED_EDGE('',*,*,#7522,.T.);
#7648 = ORIENTED_EDGE('',*,*,#7649,.T.);
#7649 = EDGE_CURVE('',#7523,#7650,#7652,.T.);
#7650 = VERTEX_POINT('',#7651);
#7651 = CARTESIAN_POINT('',(-71.1,18.5,-57.));
#7652 = SURFACE_CURVE('',#7653,(#7657,#7664),.PCURVE_S1.);
#7653 = LINE('',#7654,#7655);
#7654 = CARTESIAN_POINT('',(-71.1,12.,-57.));
#7655 = VECTOR('',#7656,1.);
#7656 = DIRECTION('',(0.,1.,0.));
#7657 = PCURVE('',#640,#7658);
#7658 = DEFINITIONAL_REPRESENTATION('',(#7659),#7663);
#7659 = LINE('',#7660,#7661);
#7660 = CARTESIAN_POINT('',(2.,0.));
#7661 = VECTOR('',#7662,1.);
#7662 = DIRECTION('',(0.,1.));
#7663 = ( GEOMETRIC_REPRESENTATION_CONTEXT(2) 
PARAMETRIC_REPRESENTATION_CONTEXT() REPRESENTATION_CONTEXT('2D SPACE',''
  ) );
#7664 = PCURVE('',#7583,#7665);
#7665 = DEFINITIONAL_REPRESENTATION('',(#7666),#7670);
#7666 = LINE('',#7667,#7668);
#7667 = CARTESIAN_POINT('',(0.,0.));
#7668 = VECTOR('',#7669,1.);
#7669 = DIRECTION('',(0.,-1.));
#7670 = ( GEOMETRIC_REPRESENTATION_CONTEXT(2) 
PARAMETRIC_REPRESENTATION_CONTEXT() REPRESENTATION_CONTEXT('2D SPACE',''
  ) );
#7671 = ORIENTED_EDGE('',*,*,#7672,.F.);
#7672 = EDGE_CURVE('',#599,#7650,#7673,.T.);
#7673 = SURFACE_CURVE('',#7674,(#7678,#7685),.PCURVE_S1.);
#7674 = LINE('',#7675,#7676);
#7675 = CARTESIAN_POINT('',(-73.1,18.5,-57.));
#7676 = VECTOR('',#7677,1.);
#7677 = DIRECTION('',(1.,0.,0.));
#7678 = PCURVE('',#640,#7679);
#7679 = DEFINITIONAL_REPRESENTATION('',(#7680),#7684);
#7680 = LINE('',#7681,#7682);
#7681 = CARTESIAN_POINT('',(0.,6.5));
#7682 = VECTOR('',#7683,1.);
#7683 = DIRECTION('',(1.,0.));
#7684 = ( GEOMETRIC_REPRESENTATION_CONTEXT(2) 
PARAMETRIC_REPRESENTATION_CONTEXT() REPRESENTATION_CONTEXT('2D SPACE',''
  ) );
#7685 = PCURVE('',#614,#7686);
#7686 = DEFINITIONAL_REPRESENTATION('',(#7687),#7691);
#7687 = LINE('',#7688,#7689);
#7688 = CARTESIAN_POINT('',(0.,0.));
#7689 = VECTOR('',#7690,1.);
#7690 = DIRECTION('',(0.,1.));
#7691 = ( GEOMETRIC_REPRESENTATION_CONTEXT(2) 
PARAMETRIC_REPRESENTATION_CONTEXT() REPRESENTATION_CONTEXT('2D SPACE',''
  ) );
#7692 = ADVANCED_FACE('',(#7693),#614,.F.);
#7693 = FACE_BOUND('',#7694,.F.);
#7694 = EDGE_LOOP('',(#7695,#7696,#7697,#7698));
#7695 = ORIENTED_EDGE('',*,*,#7672,.F.);
#7696 = ORIENTED_EDGE('',*,*,#598,.T.);
#7697 = ORIENTED_EDGE('',*,*,#7623,.T.);
#7698 = ORIENTED_EDGE('',*,*,#7699,.F.);
#7699 = EDGE_CURVE('',#7650,#7601,#7700,.T.);
#7700 = SURFACE_CURVE('',#7701,(#7705,#7712),.PCURVE_S1.);
#7701 = LINE('',#7702,#7703);
#7702 = CARTESIAN_POINT('',(-71.1,18.5,-57.));
#7703 = VECTOR('',#7704,1.);
#7704 = DIRECTION('',(0.,0.,1.));
#7705 = PCURVE('',#614,#7706);
#7706 = DEFINITIONAL_REPRESENTATION('',(#7707),#7711);
#7707 = LINE('',#7708,#7709);
#7708 = CARTESIAN_POINT('',(0.,2.));
#7709 = VECTOR('',#7710,1.);
#7710 = DIRECTION('',(1.,0.));
#7711 = ( GEOMETRIC_REPRESENTATION_CONTEXT(2) 
PARAMETRIC_REPRESENTATION_CONTEXT() REPRESENTATION_CONTEXT('2D SPACE',''
  ) );
#7712 = PCURVE('',#7583,#7713);
#7713 = DEFINITIONAL_REPRESENTATION('',(#7714),#7718);
#7714 = LINE('',#7715,#7716);
#7715 = CARTESIAN_POINT('',(0.,-6.5));
#7716 = VECTOR('',#7717,1.);
#7717 = DIRECTION('',(1.,0.));
#7718 = ( GEOMETRIC_REPRESENTATION_CONTEXT(2) 
PARAMETRIC_REPRESENTATION_CONTEXT() REPRESENTATION_CONTEXT('2D SPACE',''
  ) );
#7719 = ADVANCED_FACE('',(#7720),#671,.F.);
#7720 = FACE_BOUND('',#7721,.F.);
#7721 = EDGE_LOOP('',(#7722,#7745,#7772,#7773));
#7722 = ORIENTED_EDGE('',*,*,#7723,.T.);
#7723 = EDGE_CURVE('',#655,#7724,#7726,.T.);
#7724 = VERTEX_POINT('',#7725);
#7725 = CARTESIAN_POINT('',(-68.6,-1.102182119233E-15,30.5));
#7726 = SEAM_CURVE('',#7727,(#7731,#7738),.PCURVE_S1.);
#7727 = LINE('',#7728,#7729);
#7728 = CARTESIAN_POINT('',(-73.2,-1.102182119233E-15,30.5));
#7729 = VECTOR('',#7730,1.);
#7730 = DIRECTION('',(1.,0.,1.110223024625E-16));
#7731 = PCURVE('',#671,#7732);
#7732 = DEFINITIONAL_REPRESENTATION('',(#7733),#7737);
#7733 = LINE('',#7734,#7735);
#7734 = CARTESIAN_POINT('',(6.28318530718,-0.));
#7735 = VECTOR('',#7736,1.);
#7736 = DIRECTION('',(0.,1.));
#7737 = ( GEOMETRIC_REPRESENTATION_CONTEXT(2) 
PARAMETRIC_REPRESENTATION_CONTEXT() REPRESENTATION_CONTEXT('2D SPACE',''
  ) );
#7738 = PCURVE('',#671,#7739);
#7739 = DEFINITIONAL_REPRESENTATION('',(#7740),#7744);
#7740 = LINE('',#7741,#7742);
#7741 = CARTESIAN_POINT('',(0.,-0.));
#7742 = VECTOR('',#7743,1.);
#7743 = DIRECTION('',(0.,1.));
#7744 = ( GEOMETRIC_REPRESENTATION_CONTEXT(2) 
PARAMETRIC_REPRESENTATION_CONTEXT() REPRESENTATION_CONTEXT('2D SPACE',''
  ) );
#7745 = ORIENTED_EDGE('',*,*,#7746,.F.);
#7746 = EDGE_CURVE('',#7724,#7724,#7747,.T.);
#7747 = SURFACE_CURVE('',#7748,(#7753,#7760),.PCURVE_S1.);
#7748 = CIRCLE('',#7749,4.5);
#7749 = AXIS2_PLACEMENT_3D('',#7750,#7751,#7752);
#7750 = CARTESIAN_POINT('',(-68.6,0.,35.));
#7751 = DIRECTION('',(1.,-0.,1.110223024625E-16));
#7752 = DIRECTION('',(1.110223024625E-16,0.,-1.));
#7753 = PCURVE('',#671,#7754);
#7754 = DEFINITIONAL_REPRESENTATION('',(#7755),#7759);
#7755 = LINE('',#7756,#7757);
#7756 = CARTESIAN_POINT('',(0.,4.6));
#7757 = VECTOR('',#7758,1.);
#7758 = DIRECTION('',(1.,0.));
#7759 = ( GEOMETRIC_REPRESENTATION_CONTEXT(2) 
PARAMETRIC_REPRESENTATION_CONTEXT() REPRESENTATION_CONTEXT('2D SPACE',''
  ) );
#7760 = PCURVE('',#7761,#7766);
#7761 = PLANE('',#7762);
#7762 = AXIS2_PLACEMENT_3D('',#7763,#7764,#7765);
#7763 = CARTESIAN_POINT('',(-68.6,0.,35.));
#7764 = DIRECTION('',(1.,0.,1.110223024625E-16));
#7765 = DIRECTION('',(1.110223024625E-16,0.,-1.));
#7766 = DEFINITIONAL_REPRESENTATION('',(#7767),#7771);
#7767 = CIRCLE('',#7768,4.5);
#7768 = AXIS2_PLACEMENT_2D('',#7769,#7770);
#7769 = CARTESIAN_POINT('',(0.,0.));
#7770 = DIRECTION('',(1.,0.));
#7771 = ( GEOMETRIC_REPRESENTATION_CONTEXT(2) 
PARAMETRIC_REPRESENTATION_CONTEXT() REPRESENTATION_CONTEXT('2D SPACE',''
  ) );
#7772 = ORIENTED_EDGE('',*,*,#7723,.F.);
#7773 = ORIENTED_EDGE('',*,*,#654,.T.);
#7774 = ADVANCED_FACE('',(#7775),#703,.T.);
#7775 = FACE_BOUND('',#7776,.T.);
#7776 = EDGE_LOOP('',(#7777,#7800,#7801,#7824));
#7777 = ORIENTED_EDGE('',*,*,#7778,.F.);
#7778 = EDGE_CURVE('',#686,#7779,#7781,.T.);
#7779 = VERTEX_POINT('',#7780);
#7780 = CARTESIAN_POINT('',(-71.1,-18.5,-57.));
#7781 = SURFACE_CURVE('',#7782,(#7786,#7793),.PCURVE_S1.);
#7782 = LINE('',#7783,#7784);
#7783 = CARTESIAN_POINT('',(-73.1,-18.5,-57.));
#7784 = VECTOR('',#7785,1.);
#7785 = DIRECTION('',(1.,0.,0.));
#7786 = PCURVE('',#703,#7787);
#7787 = DEFINITIONAL_REPRESENTATION('',(#7788),#7792);
#7788 = LINE('',#7789,#7790);
#7789 = CARTESIAN_POINT('',(0.,0.));
#7790 = VECTOR('',#7791,1.);
#7791 = DIRECTION('',(0.,1.));
#7792 = ( GEOMETRIC_REPRESENTATION_CONTEXT(2) 
PARAMETRIC_REPRESENTATION_CONTEXT() REPRESENTATION_CONTEXT('2D SPACE',''
  ) );
#7793 = PCURVE('',#785,#7794);
#7794 = DEFINITIONAL_REPRESENTATION('',(#7795),#7799);
#7795 = LINE('',#7796,#7797);
#7796 = CARTESIAN_POINT('',(0.,0.));
#7797 = VECTOR('',#7798,1.);
#7798 = DIRECTION('',(1.,0.));
#7799 = ( GEOMETRIC_REPRESENTATION_CONTEXT(2) 
PARAMETRIC_REPRESENTATION_CONTEXT() REPRESENTATION_CONTEXT('2D SPACE',''
  ) );
#7800 = ORIENTED_EDGE('',*,*,#685,.T.);
#7801 = ORIENTED_EDGE('',*,*,#7802,.T.);
#7802 = EDGE_CURVE('',#688,#7803,#7805,.T.);
#7803 = VERTEX_POINT('',#7804);
#7804 = CARTESIAN_POINT('',(-71.1,-18.5,57.));
#7805 = SURFACE_CURVE('',#7806,(#7810,#7817),.PCURVE_S1.);
#7806 = LINE('',#7807,#7808);
#7807 = CARTESIAN_POINT('',(-73.1,-18.5,57.));
#7808 = VECTOR('',#7809,1.);
#7809 = DIRECTION('',(1.,0.,0.));
#7810 = PCURVE('',#703,#7811);
#7811 = DEFINITIONAL_REPRESENTATION('',(#7812),#7816);
#7812 = LINE('',#7813,#7814);
#7813 = CARTESIAN_POINT('',(114.,0.));
#7814 = VECTOR('',#7815,1.);
#7815 = DIRECTION('',(0.,1.));
#7816 = ( GEOMETRIC_REPRESENTATION_CONTEXT(2) 
PARAMETRIC_REPRESENTATION_CONTEXT() REPRESENTATION_CONTEXT('2D SPACE',''
  ) );
#7817 = PCURVE('',#731,#7818);
#7818 = DEFINITIONAL_REPRESENTATION('',(#7819),#7823);
#7819 = LINE('',#7820,#7821);
#7820 = CARTESIAN_POINT('',(0.,0.));
#7821 = VECTOR('',#7822,1.);
#7822 = DIRECTION('',(1.,0.));
#7823 = ( GEOMETRIC_REPRESENTATION_CONTEXT(2) 
PARAMETRIC_REPRESENTATION_CONTEXT() REPRESENTATION_CONTEXT('2D SPACE',''
  ) );
#7824 = ORIENTED_EDGE('',*,*,#7825,.F.);
#7825 = EDGE_CURVE('',#7779,#7803,#7826,.T.);
#7826 = SURFACE_CURVE('',#7827,(#7831,#7838),.PCURVE_S1.);
#7827 = LINE('',#7828,#7829);
#7828 = CARTESIAN_POINT('',(-71.1,-18.5,-57.));
#7829 = VECTOR('',#7830,1.);
#7830 = DIRECTION('',(0.,0.,1.));
#7831 = PCURVE('',#703,#7832);
#7832 = DEFINITIONAL_REPRESENTATION('',(#7833),#7837);
#7833 = LINE('',#7834,#7835);
#7834 = CARTESIAN_POINT('',(0.,2.));
#7835 = VECTOR('',#7836,1.);
#7836 = DIRECTION('',(1.,0.));
#7837 = ( GEOMETRIC_REPRESENTATION_CONTEXT(2) 
PARAMETRIC_REPRESENTATION_CONTEXT() REPRESENTATION_CONTEXT('2D SPACE',''
  ) );
#7838 = PCURVE('',#7839,#7844);
#7839 = PLANE('',#7840);
#7840 = AXIS2_PLACEMENT_3D('',#7841,#7842,#7843);
#7841 = CARTESIAN_POINT('',(-71.1,-18.5,-57.));
#7842 = DIRECTION('',(1.,0.,0.));
#7843 = DIRECTION('',(0.,0.,1.));
#7844 = DEFINITIONAL_REPRESENTATION('',(#7845),#7849);
#7845 = LINE('',#7846,#7847);
#7846 = CARTESIAN_POINT('',(0.,0.));
#7847 = VECTOR('',#7848,1.);
#7848 = DIRECTION('',(1.,0.));
#7849 = ( GEOMETRIC_REPRESENTATION_CONTEXT(2) 
PARAMETRIC_REPRESENTATION_CONTEXT() REPRESENTATION_CONTEXT('2D SPACE',''
  ) );
#7850 = ADVANCED_FACE('',(#7851),#731,.F.);
#7851 = FACE_BOUND('',#7852,.F.);
#7852 = EDGE_LOOP('',(#7853,#7854,#7855,#7878));
#7853 = ORIENTED_EDGE('',*,*,#715,.F.);
#7854 = ORIENTED_EDGE('',*,*,#7802,.T.);
#7855 = ORIENTED_EDGE('',*,*,#7856,.T.);
#7856 = EDGE_CURVE('',#7803,#7857,#7859,.T.);
#7857 = VERTEX_POINT('',#7858);
#7858 = CARTESIAN_POINT('',(-71.1,-12.,57.));
#7859 = SURFACE_CURVE('',#7860,(#7864,#7871),.PCURVE_S1.);
#7860 = LINE('',#7861,#7862);
#7861 = CARTESIAN_POINT('',(-71.1,-18.5,57.));
#7862 = VECTOR('',#7863,1.);
#7863 = DIRECTION('',(0.,1.,0.));
#7864 = PCURVE('',#731,#7865);
#7865 = DEFINITIONAL_REPRESENTATION('',(#7866),#7870);
#7866 = LINE('',#7867,#7868);
#7867 = CARTESIAN_POINT('',(2.,0.));
#7868 = VECTOR('',#7869,1.);
#7869 = DIRECTION('',(0.,1.));
#7870 = ( GEOMETRIC_REPRESENTATION_CONTEXT(2) 
PARAMETRIC_REPRESENTATION_CONTEXT() REPRESENTATION_CONTEXT('2D SPACE',''
  ) );
#7871 = PCURVE('',#7839,#7872);
#7872 = DEFINITIONAL_REPRESENTATION('',(#7873),#7877);
#7873 = LINE('',#7874,#7875);
#7874 = CARTESIAN_POINT('',(114.,0.));
#7875 = VECTOR('',#7876,1.);
#7876 = DIRECTION('',(0.,-1.));
#7877 = ( GEOMETRIC_REPRESENTATION_CONTEXT(2) 
PARAMETRIC_REPRESENTATION_CONTEXT() REPRESENTATION_CONTEXT('2D SPACE',''
  ) );
#7878 = ORIENTED_EDGE('',*,*,#7879,.F.);
#7879 = EDGE_CURVE('',#716,#7857,#7880,.T.);
#7880 = SURFACE_CURVE('',#7881,(#7885,#7892),.PCURVE_S1.);
#7881 = LINE('',#7882,#7883);
#7882 = CARTESIAN_POINT('',(-73.1,-12.,57.));
#7883 = VECTOR('',#7884,1.);
#7884 = DIRECTION('',(1.,0.,0.));
#7885 = PCURVE('',#731,#7886);
#7886 = DEFINITIONAL_REPRESENTATION('',(#7887),#7891);
#7887 = LINE('',#7888,#7889);
#7888 = CARTESIAN_POINT('',(0.,6.5));
#7889 = VECTOR('',#7890,1.);
#7890 = DIRECTION('',(1.,0.));
#7891 = ( GEOMETRIC_REPRESENTATION_CONTEXT(2) 
PARAMETRIC_REPRESENTATION_CONTEXT() REPRESENTATION_CONTEXT('2D SPACE',''
  ) );
#7892 = PCURVE('',#759,#7893);
#7893 = DEFINITIONAL_REPRESENTATION('',(#7894),#7898);
#7894 = LINE('',#7895,#7896);
#7895 = CARTESIAN_POINT('',(114.,0.));
#7896 = VECTOR('',#7897,1.);
#7897 = DIRECTION('',(0.,1.));
#7898 = ( GEOMETRIC_REPRESENTATION_CONTEXT(2) 
PARAMETRIC_REPRESENTATION_CONTEXT() REPRESENTATION_CONTEXT('2D SPACE',''
  ) );
#7899 = ADVANCED_FACE('',(#7900),#785,.T.);
#7900 = FACE_BOUND('',#7901,.T.);
#7901 = EDGE_LOOP('',(#7902,#7903,#7904,#7927));
#7902 = ORIENTED_EDGE('',*,*,#771,.F.);
#7903 = ORIENTED_EDGE('',*,*,#7778,.T.);
#7904 = ORIENTED_EDGE('',*,*,#7905,.T.);
#7905 = EDGE_CURVE('',#7779,#7906,#7908,.T.);
#7906 = VERTEX_POINT('',#7907);
#7907 = CARTESIAN_POINT('',(-71.1,-12.,-57.));
#7908 = SURFACE_CURVE('',#7909,(#7913,#7920),.PCURVE_S1.);
#7909 = LINE('',#7910,#7911);
#7910 = CARTESIAN_POINT('',(-71.1,-18.5,-57.));
#7911 = VECTOR('',#7912,1.);
#7912 = DIRECTION('',(0.,1.,0.));
#7913 = PCURVE('',#785,#7914);
#7914 = DEFINITIONAL_REPRESENTATION('',(#7915),#7919);
#7915 = LINE('',#7916,#7917);
#7916 = CARTESIAN_POINT('',(2.,0.));
#7917 = VECTOR('',#7918,1.);
#7918 = DIRECTION('',(0.,1.));
#7919 = ( GEOMETRIC_REPRESENTATION_CONTEXT(2) 
PARAMETRIC_REPRESENTATION_CONTEXT() REPRESENTATION_CONTEXT('2D SPACE',''
  ) );
#7920 = PCURVE('',#7839,#7921);
#7921 = DEFINITIONAL_REPRESENTATION('',(#7922),#7926);
#7922 = LINE('',#7923,#7924);
#7923 = CARTESIAN_POINT('',(0.,0.));
#7924 = VECTOR('',#7925,1.);
#7925 = DIRECTION('',(0.,-1.));
#7926 = ( GEOMETRIC_REPRESENTATION_CONTEXT(2) 
PARAMETRIC_REPRESENTATION_CONTEXT() REPRESENTATION_CONTEXT('2D SPACE',''
  ) );
#7927 = ORIENTED_EDGE('',*,*,#7928,.F.);
#7928 = EDGE_CURVE('',#744,#7906,#7929,.T.);
#7929 = SURFACE_CURVE('',#7930,(#7934,#7941),.PCURVE_S1.);
#7930 = LINE('',#7931,#7932);
#7931 = CARTESIAN_POINT('',(-73.1,-12.,-57.));
#7932 = VECTOR('',#7933,1.);
#7933 = DIRECTION('',(1.,0.,0.));
#7934 = PCURVE('',#785,#7935);
#7935 = DEFINITIONAL_REPRESENTATION('',(#7936),#7940);
#7936 = LINE('',#7937,#7938);
#7937 = CARTESIAN_POINT('',(0.,6.5));
#7938 = VECTOR('',#7939,1.);
#7939 = DIRECTION('',(1.,0.));
#7940 = ( GEOMETRIC_REPRESENTATION_CONTEXT(2) 
PARAMETRIC_REPRESENTATION_CONTEXT() REPRESENTATION_CONTEXT('2D SPACE',''
  ) );
#7941 = PCURVE('',#759,#7942);
#7942 = DEFINITIONAL_REPRESENTATION('',(#7943),#7947);
#7943 = LINE('',#7944,#7945);
#7944 = CARTESIAN_POINT('',(0.,0.));
#7945 = VECTOR('',#7946,1.);
#7946 = DIRECTION('',(0.,1.));
#7947 = ( GEOMETRIC_REPRESENTATION_CONTEXT(2) 
PARAMETRIC_REPRESENTATION_CONTEXT() REPRESENTATION_CONTEXT('2D SPACE',''
  ) );
#7948 = ADVANCED_FACE('',(#7949),#759,.F.);
#7949 = FACE_BOUND('',#7950,.F.);
#7950 = EDGE_LOOP('',(#7951,#7952,#7953,#7954));
#7951 = ORIENTED_EDGE('',*,*,#7928,.F.);
#7952 = ORIENTED_EDGE('',*,*,#743,.T.);
#7953 = ORIENTED_EDGE('',*,*,#7879,.T.);
#7954 = ORIENTED_EDGE('',*,*,#7955,.F.);
#7955 = EDGE_CURVE('',#7906,#7857,#7956,.T.);
#7956 = SURFACE_CURVE('',#7957,(#7961,#7968),.PCURVE_S1.);
#7957 = LINE('',#7958,#7959);
#7958 = CARTESIAN_POINT('',(-71.1,-12.,-57.));
#7959 = VECTOR('',#7960,1.);
#7960 = DIRECTION('',(0.,0.,1.));
#7961 = PCURVE('',#759,#7962);
#7962 = DEFINITIONAL_REPRESENTATION('',(#7963),#7967);
#7963 = LINE('',#7964,#7965);
#7964 = CARTESIAN_POINT('',(0.,2.));
#7965 = VECTOR('',#7966,1.);
#7966 = DIRECTION('',(1.,0.));
#7967 = ( GEOMETRIC_REPRESENTATION_CONTEXT(2) 
PARAMETRIC_REPRESENTATION_CONTEXT() REPRESENTATION_CONTEXT('2D SPACE',''
  ) );
#7968 = PCURVE('',#7839,#7969);
#7969 = DEFINITIONAL_REPRESENTATION('',(#7970),#7974);
#7970 = LINE('',#7971,#7972);
#7971 = CARTESIAN_POINT('',(0.,-6.5));
#7972 = VECTOR('',#7973,1.);
#7973 = DIRECTION('',(1.,0.));
#7974 = ( GEOMETRIC_REPRESENTATION_CONTEXT(2) 
PARAMETRIC_REPRESENTATION_CONTEXT() REPRESENTATION_CONTEXT('2D SPACE',''
  ) );
#7975 = ADVANCED_FACE('',(#7976),#3606,.T.);
#7976 = FACE_BOUND('',#7977,.T.);
#7977 = EDGE_LOOP('',(#7978,#7979,#7998,#7999,#8000,#8021,#8047,#8066,
    #8067,#8088,#8114,#8133));
#7978 = ORIENTED_EDGE('',*,*,#3590,.F.);
#7979 = ORIENTED_EDGE('',*,*,#7980,.T.);
#7980 = EDGE_CURVE('',#3563,#6147,#7981,.T.);
#7981 = SURFACE_CURVE('',#7982,(#7986,#7992),.PCURVE_S1.);
#7982 = LINE('',#7983,#7984);
#7983 = CARTESIAN_POINT('',(-66.1,21.602739726027,-62.));
#7984 = VECTOR('',#7985,1.);
#7985 = DIRECTION('',(0.,-0.,-1.));
#7986 = PCURVE('',#3606,#7987);
#7987 = DEFINITIONAL_REPRESENTATION('',(#7988),#7991);
#7988 = B_SPLINE_CURVE_WITH_KNOTS('',1,(#7989,#7990),.UNSPECIFIED.,.F.,
  .F.,(2,2),(-124.,0.),.PIECEWISE_BEZIER_KNOTS.);
#7989 = CARTESIAN_POINT('',(124.,-68.60273972602));
#7990 = CARTESIAN_POINT('',(0.,-68.60273972602));
#7991 = ( GEOMETRIC_REPRESENTATION_CONTEXT(2) 
PARAMETRIC_REPRESENTATION_CONTEXT() REPRESENTATION_CONTEXT('2D SPACE',''
  ) );
#7992 = PCURVE('',#3578,#7993);
#7993 = DEFINITIONAL_REPRESENTATION('',(#7994),#7997);
#7994 = B_SPLINE_CURVE_WITH_KNOTS('',1,(#7995,#7996),.UNSPECIFIED.,.F.,
  .F.,(2,2),(-124.,0.),.PIECEWISE_BEZIER_KNOTS.);
#7995 = CARTESIAN_POINT('',(8.033321485005,-124.));
#7996 = CARTESIAN_POINT('',(8.033321485005,0.));
#7997 = ( GEOMETRIC_REPRESENTATION_CONTEXT(2) 
PARAMETRIC_REPRESENTATION_CONTEXT() REPRESENTATION_CONTEXT('2D SPACE',''
  ) );
#7998 = ORIENTED_EDGE('',*,*,#6169,.T.);
#7999 = ORIENTED_EDGE('',*,*,#3856,.T.);
#8000 = ORIENTED_EDGE('',*,*,#8001,.T.);
#8001 = EDGE_CURVE('',#3829,#8002,#8004,.T.);
#8002 = VERTEX_POINT('',#8003);
#8003 = CARTESIAN_POINT('',(-66.1,46.,-37.));
#8004 = SURFACE_CURVE('',#8005,(#8009,#8015),.PCURVE_S1.);
#8005 = LINE('',#8006,#8007);
#8006 = CARTESIAN_POINT('',(-66.1,-0.5,-37.));
#8007 = VECTOR('',#8008,1.);
#8008 = DIRECTION('',(0.,-1.,0.));
#8009 = PCURVE('',#3606,#8010);
#8010 = DEFINITIONAL_REPRESENTATION('',(#8011),#8014);
#8011 = B_SPLINE_CURVE_WITH_KNOTS('',1,(#8012,#8013),.UNSPECIFIED.,.F.,
  .F.,(2,2),(-57.5,-46.5),.PIECEWISE_BEZIER_KNOTS.);
#8012 = CARTESIAN_POINT('',(25.,-104.));
#8013 = CARTESIAN_POINT('',(25.,-93.));
#8014 = ( GEOMETRIC_REPRESENTATION_CONTEXT(2) 
PARAMETRIC_REPRESENTATION_CONTEXT() REPRESENTATION_CONTEXT('2D SPACE',''
  ) );
#8015 = PCURVE('',#3844,#8016);
#8016 = DEFINITIONAL_REPRESENTATION('',(#8017),#8020);
#8017 = B_SPLINE_CURVE_WITH_KNOTS('',1,(#8018,#8019),.UNSPECIFIED.,.F.,
  .F.,(2,2),(-57.5,-46.5),.PIECEWISE_BEZIER_KNOTS.);
#8018 = CARTESIAN_POINT('',(7.,11.));
#8019 = CARTESIAN_POINT('',(7.,0.));
#8020 = ( GEOMETRIC_REPRESENTATION_CONTEXT(2) 
PARAMETRIC_REPRESENTATION_CONTEXT() REPRESENTATION_CONTEXT('2D SPACE',''
  ) );
#8021 = ORIENTED_EDGE('',*,*,#8022,.T.);
#8022 = EDGE_CURVE('',#8002,#8023,#8025,.T.);
#8023 = VERTEX_POINT('',#8024);
#8024 = CARTESIAN_POINT('',(-66.1,46.,-23.));
#8025 = SURFACE_CURVE('',#8026,(#8030,#8036),.PCURVE_S1.);
#8026 = LINE('',#8027,#8028);
#8027 = CARTESIAN_POINT('',(-66.1,46.,-49.5));
#8028 = VECTOR('',#8029,1.);
#8029 = DIRECTION('',(0.,0.,1.));
#8030 = PCURVE('',#3606,#8031);
#8031 = DEFINITIONAL_REPRESENTATION('',(#8032),#8035);
#8032 = B_SPLINE_CURVE_WITH_KNOTS('',1,(#8033,#8034),.UNSPECIFIED.,.F.,
  .F.,(2,2),(12.5,26.5),.PIECEWISE_BEZIER_KNOTS.);
#8033 = CARTESIAN_POINT('',(25.,-93.));
#8034 = CARTESIAN_POINT('',(39.,-93.));
#8035 = ( GEOMETRIC_REPRESENTATION_CONTEXT(2) 
PARAMETRIC_REPRESENTATION_CONTEXT() REPRESENTATION_CONTEXT('2D SPACE',''
  ) );
#8036 = PCURVE('',#8037,#8042);
#8037 = PLANE('',#8038);
#8038 = AXIS2_PLACEMENT_3D('',#8039,#8040,#8041);
#8039 = CARTESIAN_POINT('',(-73.1,46.,-37.));
#8040 = DIRECTION('',(0.,1.,0.));
#8041 = DIRECTION('',(0.,0.,1.));
#8042 = DEFINITIONAL_REPRESENTATION('',(#8043),#8046);
#8043 = B_SPLINE_CURVE_WITH_KNOTS('',1,(#8044,#8045),.UNSPECIFIED.,.F.,
  .F.,(2,2),(12.5,26.5),.PIECEWISE_BEZIER_KNOTS.);
#8044 = CARTESIAN_POINT('',(0.,7.));
#8045 = CARTESIAN_POINT('',(14.,7.));
#8046 = ( GEOMETRIC_REPRESENTATION_CONTEXT(2) 
PARAMETRIC_REPRESENTATION_CONTEXT() REPRESENTATION_CONTEXT('2D SPACE',''
  ) );
#8047 = ORIENTED_EDGE('',*,*,#8048,.F.);
#8048 = EDGE_CURVE('',#3750,#8023,#8049,.T.);
#8049 = SURFACE_CURVE('',#8050,(#8054,#8060),.PCURVE_S1.);
#8050 = LINE('',#8051,#8052);
#8051 = CARTESIAN_POINT('',(-66.1,-0.5,-23.));
#8052 = VECTOR('',#8053,1.);
#8053 = DIRECTION('',(0.,-1.,0.));
#8054 = PCURVE('',#3606,#8055);
#8055 = DEFINITIONAL_REPRESENTATION('',(#8056),#8059);
#8056 = B_SPLINE_CURVE_WITH_KNOTS('',1,(#8057,#8058),.UNSPECIFIED.,.F.,
  .F.,(2,2),(-57.5,-46.5),.PIECEWISE_BEZIER_KNOTS.);
#8057 = CARTESIAN_POINT('',(39.,-104.));
#8058 = CARTESIAN_POINT('',(39.,-93.));
#8059 = ( GEOMETRIC_REPRESENTATION_CONTEXT(2) 
PARAMETRIC_REPRESENTATION_CONTEXT() REPRESENTATION_CONTEXT('2D SPACE',''
  ) );
#8060 = PCURVE('',#3788,#8061);
#8061 = DEFINITIONAL_REPRESENTATION('',(#8062),#8065);
#8062 = B_SPLINE_CURVE_WITH_KNOTS('',1,(#8063,#8064),.UNSPECIFIED.,.F.,
  .F.,(2,2),(-57.5,-46.5),.PIECEWISE_BEZIER_KNOTS.);
#8063 = CARTESIAN_POINT('',(7.,11.));
#8064 = CARTESIAN_POINT('',(7.,0.));
#8065 = ( GEOMETRIC_REPRESENTATION_CONTEXT(2) 
PARAMETRIC_REPRESENTATION_CONTEXT() REPRESENTATION_CONTEXT('2D SPACE',''
  ) );
#8066 = ORIENTED_EDGE('',*,*,#3749,.T.);
#8067 = ORIENTED_EDGE('',*,*,#8068,.T.);
#8068 = EDGE_CURVE('',#3722,#8069,#8071,.T.);
#8069 = VERTEX_POINT('',#8070);
#8070 = CARTESIAN_POINT('',(-66.1,46.,23.));
#8071 = SURFACE_CURVE('',#8072,(#8076,#8082),.PCURVE_S1.);
#8072 = LINE('',#8073,#8074);
#8073 = CARTESIAN_POINT('',(-66.1,-0.5,23.));
#8074 = VECTOR('',#8075,1.);
#8075 = DIRECTION('',(0.,-1.,0.));
#8076 = PCURVE('',#3606,#8077);
#8077 = DEFINITIONAL_REPRESENTATION('',(#8078),#8081);
#8078 = B_SPLINE_CURVE_WITH_KNOTS('',1,(#8079,#8080),.UNSPECIFIED.,.F.,
  .F.,(2,2),(-57.5,-46.5),.PIECEWISE_BEZIER_KNOTS.);
#8079 = CARTESIAN_POINT('',(85.,-104.));
#8080 = CARTESIAN_POINT('',(85.,-93.));
#8081 = ( GEOMETRIC_REPRESENTATION_CONTEXT(2) 
PARAMETRIC_REPRESENTATION_CONTEXT() REPRESENTATION_CONTEXT('2D SPACE',''
  ) );
#8082 = PCURVE('',#3737,#8083);
#8083 = DEFINITIONAL_REPRESENTATION('',(#8084),#8087);
#8084 = B_SPLINE_CURVE_WITH_KNOTS('',1,(#8085,#8086),.UNSPECIFIED.,.F.,
  .F.,(2,2),(-57.5,-46.5),.PIECEWISE_BEZIER_KNOTS.);
#8085 = CARTESIAN_POINT('',(7.,11.));
#8086 = CARTESIAN_POINT('',(7.,0.));
#8087 = ( GEOMETRIC_REPRESENTATION_CONTEXT(2) 
PARAMETRIC_REPRESENTATION_CONTEXT() REPRESENTATION_CONTEXT('2D SPACE',''
  ) );
#8088 = ORIENTED_EDGE('',*,*,#8089,.T.);
#8089 = EDGE_CURVE('',#8069,#8090,#8092,.T.);
#8090 = VERTEX_POINT('',#8091);
#8091 = CARTESIAN_POINT('',(-66.1,46.,37.));
#8092 = SURFACE_CURVE('',#8093,(#8097,#8103),.PCURVE_S1.);
#8093 = LINE('',#8094,#8095);
#8094 = CARTESIAN_POINT('',(-66.1,46.,-19.5));
#8095 = VECTOR('',#8096,1.);
#8096 = DIRECTION('',(0.,0.,1.));
#8097 = PCURVE('',#3606,#8098);
#8098 = DEFINITIONAL_REPRESENTATION('',(#8099),#8102);
#8099 = B_SPLINE_CURVE_WITH_KNOTS('',1,(#8100,#8101),.UNSPECIFIED.,.F.,
  .F.,(2,2),(42.5,56.5),.PIECEWISE_BEZIER_KNOTS.);
#8100 = CARTESIAN_POINT('',(85.,-93.));
#8101 = CARTESIAN_POINT('',(99.,-93.));
#8102 = ( GEOMETRIC_REPRESENTATION_CONTEXT(2) 
PARAMETRIC_REPRESENTATION_CONTEXT() REPRESENTATION_CONTEXT('2D SPACE',''
  ) );
#8103 = PCURVE('',#8104,#8109);
#8104 = PLANE('',#8105);
#8105 = AXIS2_PLACEMENT_3D('',#8106,#8107,#8108);
#8106 = CARTESIAN_POINT('',(-73.1,46.,23.));
#8107 = DIRECTION('',(0.,1.,0.));
#8108 = DIRECTION('',(0.,0.,1.));
#8109 = DEFINITIONAL_REPRESENTATION('',(#8110),#8113);
#8110 = B_SPLINE_CURVE_WITH_KNOTS('',1,(#8111,#8112),.UNSPECIFIED.,.F.,
  .F.,(2,2),(42.5,56.5),.PIECEWISE_BEZIER_KNOTS.);
#8111 = CARTESIAN_POINT('',(0.,7.));
#8112 = CARTESIAN_POINT('',(14.,7.));
#8113 = ( GEOMETRIC_REPRESENTATION_CONTEXT(2) 
PARAMETRIC_REPRESENTATION_CONTEXT() REPRESENTATION_CONTEXT('2D SPACE',''
  ) );
#8114 = ORIENTED_EDGE('',*,*,#8115,.F.);
#8115 = EDGE_CURVE('',#3643,#8090,#8116,.T.);
#8116 = SURFACE_CURVE('',#8117,(#8121,#8127),.PCURVE_S1.);
#8117 = LINE('',#8118,#8119);
#8118 = CARTESIAN_POINT('',(-66.1,-0.5,37.));
#8119 = VECTOR('',#8120,1.);
#8120 = DIRECTION('',(0.,-1.,0.));
#8121 = PCURVE('',#3606,#8122);
#8122 = DEFINITIONAL_REPRESENTATION('',(#8123),#8126);
#8123 = B_SPLINE_CURVE_WITH_KNOTS('',1,(#8124,#8125),.UNSPECIFIED.,.F.,
  .F.,(2,2),(-57.5,-46.5),.PIECEWISE_BEZIER_KNOTS.);
#8124 = CARTESIAN_POINT('',(99.,-104.));
#8125 = CARTESIAN_POINT('',(99.,-93.));
#8126 = ( GEOMETRIC_REPRESENTATION_CONTEXT(2) 
PARAMETRIC_REPRESENTATION_CONTEXT() REPRESENTATION_CONTEXT('2D SPACE',''
  ) );
#8127 = PCURVE('',#3681,#8128);
#8128 = DEFINITIONAL_REPRESENTATION('',(#8129),#8132);
#8129 = B_SPLINE_CURVE_WITH_KNOTS('',1,(#8130,#8131),.UNSPECIFIED.,.F.,
  .F.,(2,2),(-57.5,-46.5),.PIECEWISE_BEZIER_KNOTS.);
#8130 = CARTESIAN_POINT('',(7.,11.));
#8131 = CARTESIAN_POINT('',(7.,0.));
#8132 = ( GEOMETRIC_REPRESENTATION_CONTEXT(2) 
PARAMETRIC_REPRESENTATION_CONTEXT() REPRESENTATION_CONTEXT('2D SPACE',''
  ) );
#8133 = ORIENTED_EDGE('',*,*,#3642,.T.);
#8134 = ADVANCED_FACE('',(#8135),#3578,.F.);
#8135 = FACE_BOUND('',#8136,.F.);
#8136 = EDGE_LOOP('',(#8137,#8138,#8159,#8160));
#8137 = ORIENTED_EDGE('',*,*,#6146,.F.);
#8138 = ORIENTED_EDGE('',*,*,#8139,.T.);
#8139 = EDGE_CURVE('',#6124,#3535,#8140,.T.);
#8140 = SURFACE_CURVE('',#8141,(#8145,#8152),.PCURVE_S1.);
#8141 = LINE('',#8142,#8143);
#8142 = CARTESIAN_POINT('',(-58.5,19.,-62.));
#8143 = VECTOR('',#8144,1.);
#8144 = DIRECTION('',(0.,0.,1.));
#8145 = PCURVE('',#3578,#8146);
#8146 = DEFINITIONAL_REPRESENTATION('',(#8147),#8151);
#8147 = LINE('',#8148,#8149);
#8148 = CARTESIAN_POINT('',(0.,0.));
#8149 = VECTOR('',#8150,1.);
#8150 = DIRECTION('',(0.,-1.));
#8151 = ( GEOMETRIC_REPRESENTATION_CONTEXT(2) 
PARAMETRIC_REPRESENTATION_CONTEXT() REPRESENTATION_CONTEXT('2D SPACE',''
  ) );
#8152 = PCURVE('',#3550,#8153);
#8153 = DEFINITIONAL_REPRESENTATION('',(#8154),#8158);
#8154 = LINE('',#8155,#8156);
#8155 = CARTESIAN_POINT('',(38.,0.));
#8156 = VECTOR('',#8157,1.);
#8157 = DIRECTION('',(0.,-1.));
#8158 = ( GEOMETRIC_REPRESENTATION_CONTEXT(2) 
PARAMETRIC_REPRESENTATION_CONTEXT() REPRESENTATION_CONTEXT('2D SPACE',''
  ) );
#8159 = ORIENTED_EDGE('',*,*,#3562,.T.);
#8160 = ORIENTED_EDGE('',*,*,#7980,.T.);
#8161 = ADVANCED_FACE('',(#8162),#3550,.F.);
#8162 = FACE_BOUND('',#8163,.F.);
#8163 = EDGE_LOOP('',(#8164,#8165,#8184,#8185));
#8164 = ORIENTED_EDGE('',*,*,#6123,.F.);
#8165 = ORIENTED_EDGE('',*,*,#8166,.F.);
#8166 = EDGE_CURVE('',#3509,#6103,#8167,.T.);
#8167 = SURFACE_CURVE('',#8168,(#8172,#8178),.PCURVE_S1.);
#8168 = LINE('',#8169,#8170);
#8169 = CARTESIAN_POINT('',(-58.5,18.701678922998,-131.));
#8170 = VECTOR('',#8171,1.);
#8171 = DIRECTION('',(0.,0.,-1.));
#8172 = PCURVE('',#3550,#8173);
#8173 = DEFINITIONAL_REPRESENTATION('',(#8174),#8177);
#8174 = B_SPLINE_CURVE_WITH_KNOTS('',1,(#8175,#8176),.UNSPECIFIED.,.F.,
  .F.,(2,2),(-193.,-69.),.PIECEWISE_BEZIER_KNOTS.);
#8175 = CARTESIAN_POINT('',(37.701678922998,-124.));
#8176 = CARTESIAN_POINT('',(37.701678922998,0.));
#8177 = ( GEOMETRIC_REPRESENTATION_CONTEXT(2) 
PARAMETRIC_REPRESENTATION_CONTEXT() REPRESENTATION_CONTEXT('2D SPACE',''
  ) );
#8178 = PCURVE('',#3523,#8179);
#8179 = DEFINITIONAL_REPRESENTATION('',(#8180),#8183);
#8180 = B_SPLINE_CURVE_WITH_KNOTS('',1,(#8181,#8182),.UNSPECIFIED.,.F.,
  .F.,(2,2),(-193.,-69.),.PIECEWISE_BEZIER_KNOTS.);
#8181 = CARTESIAN_POINT('',(0.166960294915,-262.));
#8182 = CARTESIAN_POINT('',(0.166960294915,-138.));
#8183 = ( GEOMETRIC_REPRESENTATION_CONTEXT(2) 
PARAMETRIC_REPRESENTATION_CONTEXT() REPRESENTATION_CONTEXT('2D SPACE',''
  ) );
#8184 = ORIENTED_EDGE('',*,*,#3534,.T.);
#8185 = ORIENTED_EDGE('',*,*,#8139,.F.);
#8186 = ADVANCED_FACE('',(#8187),#3523,.F.);
#8187 = FACE_BOUND('',#8188,.F.);
#8188 = EDGE_LOOP('',(#8189,#8190,#8211,#8212));
#8189 = ORIENTED_EDGE('',*,*,#6102,.T.);
#8190 = ORIENTED_EDGE('',*,*,#8191,.T.);
#8191 = EDGE_CURVE('',#6082,#3483,#8192,.T.);
#8192 = SURFACE_CURVE('',#8193,(#8197,#8204),.PCURVE_S1.);
#8193 = LINE('',#8194,#8195);
#8194 = CARTESIAN_POINT('',(-58.59910317876,18.567312632444,-200.));
#8195 = VECTOR('',#8196,1.);
#8196 = DIRECTION('',(0.,0.,1.));
#8197 = PCURVE('',#3523,#8198);
#8198 = DEFINITIONAL_REPRESENTATION('',(#8199),#8203);
#8199 = LINE('',#8200,#8201);
#8200 = CARTESIAN_POINT('',(0.,0.));
#8201 = VECTOR('',#8202,1.);
#8202 = DIRECTION('',(0.,-1.));
#8203 = ( GEOMETRIC_REPRESENTATION_CONTEXT(2) 
PARAMETRIC_REPRESENTATION_CONTEXT() REPRESENTATION_CONTEXT('2D SPACE',''
  ) );
#8204 = PCURVE('',#3497,#8205);
#8205 = DEFINITIONAL_REPRESENTATION('',(#8206),#8210);
#8206 = LINE('',#8207,#8208);
#8207 = CARTESIAN_POINT('',(0.413941088825,0.));
#8208 = VECTOR('',#8209,1.);
#8209 = DIRECTION('',(0.,-1.));
#8210 = ( GEOMETRIC_REPRESENTATION_CONTEXT(2) 
PARAMETRIC_REPRESENTATION_CONTEXT() REPRESENTATION_CONTEXT('2D SPACE',''
  ) );
#8211 = ORIENTED_EDGE('',*,*,#3508,.F.);
#8212 = ORIENTED_EDGE('',*,*,#8166,.T.);
#8213 = ADVANCED_FACE('',(#8214),#3497,.F.);
#8214 = FACE_BOUND('',#8215,.F.);
#8215 = EDGE_LOOP('',(#8216,#8217,#8238,#8239));
#8216 = ORIENTED_EDGE('',*,*,#6081,.T.);
#8217 = ORIENTED_EDGE('',*,*,#8218,.T.);
#8218 = EDGE_CURVE('',#6061,#3457,#8219,.T.);
#8219 = SURFACE_CURVE('',#8220,(#8224,#8231),.PCURVE_S1.);
#8220 = LINE('',#8221,#8222);
#8221 = CARTESIAN_POINT('',(-58.83758332167,18.228971907059,-200.));
#8222 = VECTOR('',#8223,1.);
#8223 = DIRECTION('',(0.,0.,1.));
#8224 = PCURVE('',#3497,#8225);
#8225 = DEFINITIONAL_REPRESENTATION('',(#8226),#8230);
#8226 = LINE('',#8227,#8228);
#8227 = CARTESIAN_POINT('',(0.,0.));
#8228 = VECTOR('',#8229,1.);
#8229 = DIRECTION('',(0.,-1.));
#8230 = ( GEOMETRIC_REPRESENTATION_CONTEXT(2) 
PARAMETRIC_REPRESENTATION_CONTEXT() REPRESENTATION_CONTEXT('2D SPACE',''
  ) );
#8231 = PCURVE('',#3471,#8232);
#8232 = DEFINITIONAL_REPRESENTATION('',(#8233),#8237);
#8233 = LINE('',#8234,#8235);
#8234 = CARTESIAN_POINT('',(0.408867480309,0.));
#8235 = VECTOR('',#8236,1.);
#8236 = DIRECTION('',(0.,-1.));
#8237 = ( GEOMETRIC_REPRESENTATION_CONTEXT(2) 
PARAMETRIC_REPRESENTATION_CONTEXT() REPRESENTATION_CONTEXT('2D SPACE',''
  ) );
#8238 = ORIENTED_EDGE('',*,*,#3482,.F.);
#8239 = ORIENTED_EDGE('',*,*,#8191,.F.);
#8240 = ADVANCED_FACE('',(#8241),#3471,.F.);
#8241 = FACE_BOUND('',#8242,.F.);
#8242 = EDGE_LOOP('',(#8243,#8244,#8265,#8266));
#8243 = ORIENTED_EDGE('',*,*,#6060,.T.);
#8244 = ORIENTED_EDGE('',*,*,#8245,.T.);
#8245 = EDGE_CURVE('',#6040,#3431,#8246,.T.);
#8246 = SURFACE_CURVE('',#8247,(#8251,#8258),.PCURVE_S1.);
#8247 = LINE('',#8248,#8249);
#8248 = CARTESIAN_POINT('',(-59.07012383859,17.892672153201,-200.));
#8249 = VECTOR('',#8250,1.);
#8250 = DIRECTION('',(0.,0.,1.));
#8251 = PCURVE('',#3471,#8252);
#8252 = DEFINITIONAL_REPRESENTATION('',(#8253),#8257);
#8253 = LINE('',#8254,#8255);
#8254 = CARTESIAN_POINT('',(0.,0.));
#8255 = VECTOR('',#8256,1.);
#8256 = DIRECTION('',(0.,-1.));
#8257 = ( GEOMETRIC_REPRESENTATION_CONTEXT(2) 
PARAMETRIC_REPRESENTATION_CONTEXT() REPRESENTATION_CONTEXT('2D SPACE',''
  ) );
#8258 = PCURVE('',#3445,#8259);
#8259 = DEFINITIONAL_REPRESENTATION('',(#8260),#8264);
#8260 = LINE('',#8261,#8262);
#8261 = CARTESIAN_POINT('',(0.408867273646,0.));
#8262 = VECTOR('',#8263,1.);
#8263 = DIRECTION('',(0.,-1.));
#8264 = ( GEOMETRIC_REPRESENTATION_CONTEXT(2) 
PARAMETRIC_REPRESENTATION_CONTEXT() REPRESENTATION_CONTEXT('2D SPACE',''
  ) );
#8265 = ORIENTED_EDGE('',*,*,#3456,.F.);
#8266 = ORIENTED_EDGE('',*,*,#8218,.F.);
#8267 = ADVANCED_FACE('',(#8268),#3445,.F.);
#8268 = FACE_BOUND('',#8269,.F.);
#8269 = EDGE_LOOP('',(#8270,#8271,#8292,#8293));
#8270 = ORIENTED_EDGE('',*,*,#6039,.T.);
#8271 = ORIENTED_EDGE('',*,*,#8272,.T.);
#8272 = EDGE_CURVE('',#6019,#3405,#8273,.T.);
#8273 = SURFACE_CURVE('',#8274,(#8278,#8285),.PCURVE_S1.);
#8274 = LINE('',#8275,#8276);
#8275 = CARTESIAN_POINT('',(-59.29958465942,17.554263850759,-200.));
#8276 = VECTOR('',#8277,1.);
#8277 = DIRECTION('',(0.,0.,1.));
#8278 = PCURVE('',#3445,#8279);
#8279 = DEFINITIONAL_REPRESENTATION('',(#8280),#8284);
#8280 = LINE('',#8281,#8282);
#8281 = CARTESIAN_POINT('',(0.,0.));
#8282 = VECTOR('',#8283,1.);
#8283 = DIRECTION('',(0.,-1.));
#8284 = ( GEOMETRIC_REPRESENTATION_CONTEXT(2) 
PARAMETRIC_REPRESENTATION_CONTEXT() REPRESENTATION_CONTEXT('2D SPACE',''
  ) );
#8285 = PCURVE('',#3419,#8286);
#8286 = DEFINITIONAL_REPRESENTATION('',(#8287),#8291);
#8287 = LINE('',#8288,#8289);
#8288 = CARTESIAN_POINT('',(0.403158952654,0.));
#8289 = VECTOR('',#8290,1.);
#8290 = DIRECTION('',(0.,-1.));
#8291 = ( GEOMETRIC_REPRESENTATION_CONTEXT(2) 
PARAMETRIC_REPRESENTATION_CONTEXT() REPRESENTATION_CONTEXT('2D SPACE',''
  ) );
#8292 = ORIENTED_EDGE('',*,*,#3430,.F.);
#8293 = ORIENTED_EDGE('',*,*,#8245,.F.);
#8294 = ADVANCED_FACE('',(#8295),#3419,.F.);
#8295 = FACE_BOUND('',#8296,.F.);
#8296 = EDGE_LOOP('',(#8297,#8298,#8319,#8320));
#8297 = ORIENTED_EDGE('',*,*,#6018,.T.);
#8298 = ORIENTED_EDGE('',*,*,#8299,.T.);
#8299 = EDGE_CURVE('',#5998,#3379,#8300,.T.);
#8300 = SURFACE_CURVE('',#8301,(#8305,#8312),.PCURVE_S1.);
#8301 = LINE('',#8302,#8303);
#8302 = CARTESIAN_POINT('',(-59.51860094363,17.215783410618,-200.));
#8303 = VECTOR('',#8304,1.);
#8304 = DIRECTION('',(0.,0.,1.));
#8305 = PCURVE('',#3419,#8306);
#8306 = DEFINITIONAL_REPRESENTATION('',(#8307),#8311);
#8307 = LINE('',#8308,#8309);
#8308 = CARTESIAN_POINT('',(0.,0.));
#8309 = VECTOR('',#8310,1.);
#8310 = DIRECTION('',(0.,-1.));
#8311 = ( GEOMETRIC_REPRESENTATION_CONTEXT(2) 
PARAMETRIC_REPRESENTATION_CONTEXT() REPRESENTATION_CONTEXT('2D SPACE',''
  ) );
#8312 = PCURVE('',#3393,#8313);
#8313 = DEFINITIONAL_REPRESENTATION('',(#8314),#8318);
#8314 = LINE('',#8315,#8316);
#8315 = CARTESIAN_POINT('',(0.398340899536,0.));
#8316 = VECTOR('',#8317,1.);
#8317 = DIRECTION('',(0.,-1.));
#8318 = ( GEOMETRIC_REPRESENTATION_CONTEXT(2) 
PARAMETRIC_REPRESENTATION_CONTEXT() REPRESENTATION_CONTEXT('2D SPACE',''
  ) );
#8319 = ORIENTED_EDGE('',*,*,#3404,.F.);
#8320 = ORIENTED_EDGE('',*,*,#8272,.F.);
#8321 = ADVANCED_FACE('',(#8322),#3393,.F.);
#8322 = FACE_BOUND('',#8323,.F.);
#8323 = EDGE_LOOP('',(#8324,#8325,#8346,#8347));
#8324 = ORIENTED_EDGE('',*,*,#5997,.T.);
#8325 = ORIENTED_EDGE('',*,*,#8326,.T.);
#8326 = EDGE_CURVE('',#5977,#3353,#8327,.T.);
#8327 = SURFACE_CURVE('',#8328,(#8332,#8339),.PCURVE_S1.);
#8328 = LINE('',#8329,#8330);
#8329 = CARTESIAN_POINT('',(-59.73198233684,16.879414783552,-200.));
#8330 = VECTOR('',#8331,1.);
#8331 = DIRECTION('',(0.,0.,1.));
#8332 = PCURVE('',#3393,#8333);
#8333 = DEFINITIONAL_REPRESENTATION('',(#8334),#8338);
#8334 = LINE('',#8335,#8336);
#8335 = CARTESIAN_POINT('',(0.,0.));
#8336 = VECTOR('',#8337,1.);
#8337 = DIRECTION('',(0.,-1.));
#8338 = ( GEOMETRIC_REPRESENTATION_CONTEXT(2) 
PARAMETRIC_REPRESENTATION_CONTEXT() REPRESENTATION_CONTEXT('2D SPACE',''
  ) );
#8339 = PCURVE('',#3367,#8340);
#8340 = DEFINITIONAL_REPRESENTATION('',(#8341),#8345);
#8341 = LINE('',#8342,#8343);
#8342 = CARTESIAN_POINT('',(0.396137956076,0.));
#8343 = VECTOR('',#8344,1.);
#8344 = DIRECTION('',(0.,-1.));
#8345 = ( GEOMETRIC_REPRESENTATION_CONTEXT(2) 
PARAMETRIC_REPRESENTATION_CONTEXT() REPRESENTATION_CONTEXT('2D SPACE',''
  ) );
#8346 = ORIENTED_EDGE('',*,*,#3378,.F.);
#8347 = ORIENTED_EDGE('',*,*,#8299,.F.);
#8348 = ADVANCED_FACE('',(#8349),#3367,.F.);
#8349 = FACE_BOUND('',#8350,.F.);
#8350 = EDGE_LOOP('',(#8351,#8352,#8373,#8374));
#8351 = ORIENTED_EDGE('',*,*,#5976,.T.);
#8352 = ORIENTED_EDGE('',*,*,#8353,.T.);
#8353 = EDGE_CURVE('',#5956,#3327,#8354,.T.);
#8354 = SURFACE_CURVE('',#8355,(#8359,#8366),.PCURVE_S1.);
#8355 = LINE('',#8356,#8357);
#8356 = CARTESIAN_POINT('',(-59.9411561266,16.543004905691,-200.));
#8357 = VECTOR('',#8358,1.);
#8358 = DIRECTION('',(0.,0.,1.));
#8359 = PCURVE('',#3367,#8360);
#8360 = DEFINITIONAL_REPRESENTATION('',(#8361),#8365);
#8361 = LINE('',#8362,#8363);
#8362 = CARTESIAN_POINT('',(0.,0.));
#8363 = VECTOR('',#8364,1.);
#8364 = DIRECTION('',(0.,-1.));
#8365 = ( GEOMETRIC_REPRESENTATION_CONTEXT(2) 
PARAMETRIC_REPRESENTATION_CONTEXT() REPRESENTATION_CONTEXT('2D SPACE',''
  ) );
#8366 = PCURVE('',#3341,#8367);
#8367 = DEFINITIONAL_REPRESENTATION('',(#8368),#8372);
#8368 = LINE('',#8369,#8370);
#8369 = CARTESIAN_POINT('',(0.396386507663,0.));
#8370 = VECTOR('',#8371,1.);
#8371 = DIRECTION('',(0.,-1.));
#8372 = ( GEOMETRIC_REPRESENTATION_CONTEXT(2) 
PARAMETRIC_REPRESENTATION_CONTEXT() REPRESENTATION_CONTEXT('2D SPACE',''
  ) );
#8373 = ORIENTED_EDGE('',*,*,#3352,.F.);
#8374 = ORIENTED_EDGE('',*,*,#8326,.F.);
#8375 = ADVANCED_FACE('',(#8376),#3341,.F.);
#8376 = FACE_BOUND('',#8377,.F.);
#8377 = EDGE_LOOP('',(#8378,#8379,#8400,#8401));
#8378 = ORIENTED_EDGE('',*,*,#5955,.T.);
#8379 = ORIENTED_EDGE('',*,*,#8380,.T.);
#8380 = EDGE_CURVE('',#5935,#3301,#8381,.T.);
#8381 = SURFACE_CURVE('',#8382,(#8386,#8393),.PCURVE_S1.);
#8382 = LINE('',#8383,#8384);
#8383 = CARTESIAN_POINT('',(-60.14737749512,16.204486057438,-200.));
#8384 = VECTOR('',#8385,1.);
#8385 = DIRECTION('',(0.,0.,1.));
#8386 = PCURVE('',#3341,#8387);
#8387 = DEFINITIONAL_REPRESENTATION('',(#8388),#8392);
#8388 = LINE('',#8389,#8390);
#8389 = CARTESIAN_POINT('',(0.,0.));
#8390 = VECTOR('',#8391,1.);
#8391 = DIRECTION('',(0.,-1.));
#8392 = ( GEOMETRIC_REPRESENTATION_CONTEXT(2) 
PARAMETRIC_REPRESENTATION_CONTEXT() REPRESENTATION_CONTEXT('2D SPACE',''
  ) );
#8393 = PCURVE('',#3315,#8394);
#8394 = DEFINITIONAL_REPRESENTATION('',(#8395),#8399);
#8395 = LINE('',#8396,#8397);
#8396 = CARTESIAN_POINT('',(0.39145308745,0.));
#8397 = VECTOR('',#8398,1.);
#8398 = DIRECTION('',(0.,-1.));
#8399 = ( GEOMETRIC_REPRESENTATION_CONTEXT(2) 
PARAMETRIC_REPRESENTATION_CONTEXT() REPRESENTATION_CONTEXT('2D SPACE',''
  ) );
#8400 = ORIENTED_EDGE('',*,*,#3326,.F.);
#8401 = ORIENTED_EDGE('',*,*,#8353,.F.);
#8402 = ADVANCED_FACE('',(#8403),#3315,.F.);
#8403 = FACE_BOUND('',#8404,.F.);
#8404 = EDGE_LOOP('',(#8405,#8406,#8427,#8428));
#8405 = ORIENTED_EDGE('',*,*,#5934,.T.);
#8406 = ORIENTED_EDGE('',*,*,#8407,.T.);
#8407 = EDGE_CURVE('',#5914,#3275,#8408,.T.);
#8408 = SURFACE_CURVE('',#8409,(#8413,#8420),.PCURVE_S1.);
#8409 = LINE('',#8410,#8411);
#8410 = CARTESIAN_POINT('',(-60.34388914554,15.865932234652,-200.));
#8411 = VECTOR('',#8412,1.);
#8412 = DIRECTION('',(0.,0.,1.));
#8413 = PCURVE('',#3315,#8414);
#8414 = DEFINITIONAL_REPRESENTATION('',(#8415),#8419);
#8415 = LINE('',#8416,#8417);
#8416 = CARTESIAN_POINT('',(0.,0.));
#8417 = VECTOR('',#8418,1.);
#8418 = DIRECTION('',(0.,-1.));
#8419 = ( GEOMETRIC_REPRESENTATION_CONTEXT(2) 
PARAMETRIC_REPRESENTATION_CONTEXT() REPRESENTATION_CONTEXT('2D SPACE',''
  ) );
#8420 = PCURVE('',#3289,#8421);
#8421 = DEFINITIONAL_REPRESENTATION('',(#8422),#8426);
#8422 = LINE('',#8423,#8424);
#8423 = CARTESIAN_POINT('',(0.386985670592,0.));
#8424 = VECTOR('',#8425,1.);
#8425 = DIRECTION('',(0.,-1.));
#8426 = ( GEOMETRIC_REPRESENTATION_CONTEXT(2) 
PARAMETRIC_REPRESENTATION_CONTEXT() REPRESENTATION_CONTEXT('2D SPACE',''
  ) );
#8427 = ORIENTED_EDGE('',*,*,#3300,.F.);
#8428 = ORIENTED_EDGE('',*,*,#8380,.F.);
#8429 = ADVANCED_FACE('',(#8430),#3289,.F.);
#8430 = FACE_BOUND('',#8431,.F.);
#8431 = EDGE_LOOP('',(#8432,#8433,#8454,#8455));
#8432 = ORIENTED_EDGE('',*,*,#5913,.T.);
#8433 = ORIENTED_EDGE('',*,*,#8434,.T.);
#8434 = EDGE_CURVE('',#5893,#3249,#8435,.T.);
#8435 = SURFACE_CURVE('',#8436,(#8440,#8447),.PCURVE_S1.);
#8436 = LINE('',#8437,#8438);
#8437 = CARTESIAN_POINT('',(-60.53518999056,15.529536788878,-200.));
#8438 = VECTOR('',#8439,1.);
#8439 = DIRECTION('',(0.,0.,1.));
#8440 = PCURVE('',#3289,#8441);
#8441 = DEFINITIONAL_REPRESENTATION('',(#8442),#8446);
#8442 = LINE('',#8443,#8444);
#8443 = CARTESIAN_POINT('',(0.,0.));
#8444 = VECTOR('',#8445,1.);
#8445 = DIRECTION('',(0.,-1.));
#8446 = ( GEOMETRIC_REPRESENTATION_CONTEXT(2) 
PARAMETRIC_REPRESENTATION_CONTEXT() REPRESENTATION_CONTEXT('2D SPACE',''
  ) );
#8447 = PCURVE('',#3263,#8448);
#8448 = DEFINITIONAL_REPRESENTATION('',(#8449),#8453);
#8449 = LINE('',#8450,#8451);
#8450 = CARTESIAN_POINT('',(0.387467235372,0.));
#8451 = VECTOR('',#8452,1.);
#8452 = DIRECTION('',(0.,-1.));
#8453 = ( GEOMETRIC_REPRESENTATION_CONTEXT(2) 
PARAMETRIC_REPRESENTATION_CONTEXT() REPRESENTATION_CONTEXT('2D SPACE',''
  ) );
#8454 = ORIENTED_EDGE('',*,*,#3274,.F.);
#8455 = ORIENTED_EDGE('',*,*,#8407,.F.);
#8456 = ADVANCED_FACE('',(#8457),#3263,.F.);
#8457 = FACE_BOUND('',#8458,.F.);
#8458 = EDGE_LOOP('',(#8459,#8460,#8481,#8482));
#8459 = ORIENTED_EDGE('',*,*,#5892,.T.);
#8460 = ORIENTED_EDGE('',*,*,#8461,.T.);
#8461 = EDGE_CURVE('',#5872,#3223,#8462,.T.);
#8462 = SURFACE_CURVE('',#8463,(#8467,#8474),.PCURVE_S1.);
#8463 = LINE('',#8464,#8465);
#8464 = CARTESIAN_POINT('',(-60.7237368259,15.19103871005,-200.));
#8465 = VECTOR('',#8466,1.);
#8466 = DIRECTION('',(0.,0.,1.));
#8467 = PCURVE('',#3263,#8468);
#8468 = DEFINITIONAL_REPRESENTATION('',(#8469),#8473);
#8469 = LINE('',#8470,#8471);
#8470 = CARTESIAN_POINT('',(0.,0.));
#8471 = VECTOR('',#8472,1.);
#8472 = DIRECTION('',(0.,-1.));
#8473 = ( GEOMETRIC_REPRESENTATION_CONTEXT(2) 
PARAMETRIC_REPRESENTATION_CONTEXT() REPRESENTATION_CONTEXT('2D SPACE',''
  ) );
#8474 = PCURVE('',#3237,#8475);
#8475 = DEFINITIONAL_REPRESENTATION('',(#8476),#8480);
#8476 = LINE('',#8477,#8478);
#8477 = CARTESIAN_POINT('',(0.380778924432,0.));
#8478 = VECTOR('',#8479,1.);
#8479 = DIRECTION('',(0.,-1.));
#8480 = ( GEOMETRIC_REPRESENTATION_CONTEXT(2) 
PARAMETRIC_REPRESENTATION_CONTEXT() REPRESENTATION_CONTEXT('2D SPACE',''
  ) );
#8481 = ORIENTED_EDGE('',*,*,#3248,.F.);
#8482 = ORIENTED_EDGE('',*,*,#8434,.F.);
#8483 = ADVANCED_FACE('',(#8484),#3237,.F.);
#8484 = FACE_BOUND('',#8485,.F.);
#8485 = EDGE_LOOP('',(#8486,#8487,#8508,#8509));
#8486 = ORIENTED_EDGE('',*,*,#5871,.T.);
#8487 = ORIENTED_EDGE('',*,*,#8488,.T.);
#8488 = EDGE_CURVE('',#5851,#3197,#8489,.T.);
#8489 = SURFACE_CURVE('',#8490,(#8494,#8501),.PCURVE_S1.);
#8490 = LINE('',#8491,#8492);
#8491 = CARTESIAN_POINT('',(-60.90210703726,14.854621324962,-200.));
#8492 = VECTOR('',#8493,1.);
#8493 = DIRECTION('',(0.,0.,1.));
#8494 = PCURVE('',#3237,#8495);
#8495 = DEFINITIONAL_REPRESENTATION('',(#8496),#8500);
#8496 = LINE('',#8497,#8498);
#8497 = CARTESIAN_POINT('',(0.,0.));
#8498 = VECTOR('',#8499,1.);
#8499 = DIRECTION('',(0.,-1.));
#8500 = ( GEOMETRIC_REPRESENTATION_CONTEXT(2) 
PARAMETRIC_REPRESENTATION_CONTEXT() REPRESENTATION_CONTEXT('2D SPACE',''
  ) );
#8501 = PCURVE('',#3211,#8502);
#8502 = DEFINITIONAL_REPRESENTATION('',(#8503),#8507);
#8503 = LINE('',#8504,#8505);
#8504 = CARTESIAN_POINT('',(0.381358437599,0.));
#8505 = VECTOR('',#8506,1.);
#8506 = DIRECTION('',(0.,-1.));
#8507 = ( GEOMETRIC_REPRESENTATION_CONTEXT(2) 
PARAMETRIC_REPRESENTATION_CONTEXT() REPRESENTATION_CONTEXT('2D SPACE',''
  ) );
#8508 = ORIENTED_EDGE('',*,*,#3222,.F.);
#8509 = ORIENTED_EDGE('',*,*,#8461,.F.);
#8510 = ADVANCED_FACE('',(#8511),#3211,.F.);
#8511 = FACE_BOUND('',#8512,.F.);
#8512 = EDGE_LOOP('',(#8513,#8514,#8535,#8536));
#8513 = ORIENTED_EDGE('',*,*,#5850,.T.);
#8514 = ORIENTED_EDGE('',*,*,#8515,.T.);
#8515 = EDGE_CURVE('',#5830,#3171,#8516,.T.);
#8516 = SURFACE_CURVE('',#8517,(#8521,#8528),.PCURVE_S1.);
#8517 = LINE('',#8518,#8519);
#8518 = CARTESIAN_POINT('',(-61.08185529614,14.518280989353,-200.));
#8519 = VECTOR('',#8520,1.);
#8520 = DIRECTION('',(0.,0.,1.));
#8521 = PCURVE('',#3211,#8522);
#8522 = DEFINITIONAL_REPRESENTATION('',(#8523),#8527);
#8523 = LINE('',#8524,#8525);
#8524 = CARTESIAN_POINT('',(0.,0.));
#8525 = VECTOR('',#8526,1.);
#8526 = DIRECTION('',(0.,-1.));
#8527 = ( GEOMETRIC_REPRESENTATION_CONTEXT(2) 
PARAMETRIC_REPRESENTATION_CONTEXT() REPRESENTATION_CONTEXT('2D SPACE',''
  ) );
#8528 = PCURVE('',#3185,#8529);
#8529 = DEFINITIONAL_REPRESENTATION('',(#8530),#8534);
#8530 = LINE('',#8531,#8532);
#8531 = CARTESIAN_POINT('',(0.379738978842,0.));
#8532 = VECTOR('',#8533,1.);
#8533 = DIRECTION('',(0.,-1.));
#8534 = ( GEOMETRIC_REPRESENTATION_CONTEXT(2) 
PARAMETRIC_REPRESENTATION_CONTEXT() REPRESENTATION_CONTEXT('2D SPACE',''
  ) );
#8535 = ORIENTED_EDGE('',*,*,#3196,.F.);
#8536 = ORIENTED_EDGE('',*,*,#8488,.F.);
#8537 = ADVANCED_FACE('',(#8538),#3185,.F.);
#8538 = FACE_BOUND('',#8539,.F.);
#8539 = EDGE_LOOP('',(#8540,#8541,#8562,#8563));
#8540 = ORIENTED_EDGE('',*,*,#5829,.T.);
#8541 = ORIENTED_EDGE('',*,*,#8542,.T.);
#8542 = EDGE_CURVE('',#5809,#3145,#8543,.T.);
#8543 = SURFACE_CURVE('',#8544,(#8548,#8555),.PCURVE_S1.);
#8544 = LINE('',#8545,#8546);
#8545 = CARTESIAN_POINT('',(-61.25397224911,14.179788084624,-200.));
#8546 = VECTOR('',#8547,1.);
#8547 = DIRECTION('',(0.,0.,1.));
#8548 = PCURVE('',#3185,#8549);
#8549 = DEFINITIONAL_REPRESENTATION('',(#8550),#8554);
#8550 = LINE('',#8551,#8552);
#8551 = CARTESIAN_POINT('',(0.,0.));
#8552 = VECTOR('',#8553,1.);
#8553 = DIRECTION('',(0.,-1.));
#8554 = ( GEOMETRIC_REPRESENTATION_CONTEXT(2) 
PARAMETRIC_REPRESENTATION_CONTEXT() REPRESENTATION_CONTEXT('2D SPACE',''
  ) );
#8555 = PCURVE('',#3159,#8556);
#8556 = DEFINITIONAL_REPRESENTATION('',(#8557),#8561);
#8557 = LINE('',#8558,#8559);
#8558 = CARTESIAN_POINT('',(0.375718432572,0.));
#8559 = VECTOR('',#8560,1.);
#8560 = DIRECTION('',(0.,-1.));
#8561 = ( GEOMETRIC_REPRESENTATION_CONTEXT(2) 
PARAMETRIC_REPRESENTATION_CONTEXT() REPRESENTATION_CONTEXT('2D SPACE',''
  ) );
#8562 = ORIENTED_EDGE('',*,*,#3170,.F.);
#8563 = ORIENTED_EDGE('',*,*,#8515,.F.);
#8564 = ADVANCED_FACE('',(#8565),#3159,.F.);
#8565 = FACE_BOUND('',#8566,.F.);
#8566 = EDGE_LOOP('',(#8567,#8568,#8589,#8590));
#8567 = ORIENTED_EDGE('',*,*,#5808,.T.);
#8568 = ORIENTED_EDGE('',*,*,#8569,.T.);
#8569 = EDGE_CURVE('',#5788,#3119,#8570,.T.);
#8570 = SURFACE_CURVE('',#8571,(#8575,#8582),.PCURVE_S1.);
#8571 = LINE('',#8572,#8573);
#8572 = CARTESIAN_POINT('',(-61.42143284286,13.843452998562,-200.));
#8573 = VECTOR('',#8574,1.);
#8574 = DIRECTION('',(0.,0.,1.));
#8575 = PCURVE('',#3159,#8576);
#8576 = DEFINITIONAL_REPRESENTATION('',(#8577),#8581);
#8577 = LINE('',#8578,#8579);
#8578 = CARTESIAN_POINT('',(0.,0.));
#8579 = VECTOR('',#8580,1.);
#8580 = DIRECTION('',(0.,-1.));
#8581 = ( GEOMETRIC_REPRESENTATION_CONTEXT(2) 
PARAMETRIC_REPRESENTATION_CONTEXT() REPRESENTATION_CONTEXT('2D SPACE',''
  ) );
#8582 = PCURVE('',#3133,#8583);
#8583 = DEFINITIONAL_REPRESENTATION('',(#8584),#8588);
#8584 = LINE('',#8585,#8586);
#8585 = CARTESIAN_POINT('',(0.376433075707,0.));
#8586 = VECTOR('',#8587,1.);
#8587 = DIRECTION('',(0.,-1.));
#8588 = ( GEOMETRIC_REPRESENTATION_CONTEXT(2) 
PARAMETRIC_REPRESENTATION_CONTEXT() REPRESENTATION_CONTEXT('2D SPACE',''
  ) );
#8589 = ORIENTED_EDGE('',*,*,#3144,.F.);
#8590 = ORIENTED_EDGE('',*,*,#8542,.F.);
#8591 = ADVANCED_FACE('',(#8592),#3133,.F.);
#8592 = FACE_BOUND('',#8593,.F.);
#8593 = EDGE_LOOP('',(#8594,#8595,#8616,#8617));
#8594 = ORIENTED_EDGE('',*,*,#5787,.T.);
#8595 = ORIENTED_EDGE('',*,*,#8596,.T.);
#8596 = EDGE_CURVE('',#5767,#3093,#8597,.T.);
#8597 = SURFACE_CURVE('',#8598,(#8602,#8609),.PCURVE_S1.);
#8598 = LINE('',#8599,#8600);
#8599 = CARTESIAN_POINT('',(-61.58637201938,13.505079050783,-200.));
#8600 = VECTOR('',#8601,1.);
#8601 = DIRECTION('',(0.,0.,1.));
#8602 = PCURVE('',#3133,#8603);
#8603 = DEFINITIONAL_REPRESENTATION('',(#8604),#8608);
#8604 = LINE('',#8605,#8606);
#8605 = CARTESIAN_POINT('',(0.,0.));
#8606 = VECTOR('',#8607,1.);
#8607 = DIRECTION('',(0.,-1.));
#8608 = ( GEOMETRIC_REPRESENTATION_CONTEXT(2) 
PARAMETRIC_REPRESENTATION_CONTEXT() REPRESENTATION_CONTEXT('2D SPACE',''
  ) );
#8609 = PCURVE('',#3107,#8610);
#8610 = DEFINITIONAL_REPRESENTATION('',(#8611),#8615);
#8611 = LINE('',#8612,#8613);
#8612 = CARTESIAN_POINT('',(0.370668822869,0.));
#8613 = VECTOR('',#8614,1.);
#8614 = DIRECTION('',(0.,-1.));
#8615 = ( GEOMETRIC_REPRESENTATION_CONTEXT(2) 
PARAMETRIC_REPRESENTATION_CONTEXT() REPRESENTATION_CONTEXT('2D SPACE',''
  ) );
#8616 = ORIENTED_EDGE('',*,*,#3118,.F.);
#8617 = ORIENTED_EDGE('',*,*,#8569,.F.);
#8618 = ADVANCED_FACE('',(#8619),#3107,.F.);
#8619 = FACE_BOUND('',#8620,.F.);
#8620 = EDGE_LOOP('',(#8621,#8622,#8643,#8644));
#8621 = ORIENTED_EDGE('',*,*,#5766,.T.);
#8622 = ORIENTED_EDGE('',*,*,#8623,.T.);
#8623 = EDGE_CURVE('',#5746,#3067,#8624,.T.);
#8624 = SURFACE_CURVE('',#8625,(#8629,#8636),.PCURVE_S1.);
#8625 = LINE('',#8626,#8627);
#8626 = CARTESIAN_POINT('',(-61.74221945311,13.168765278173,-200.));
#8627 = VECTOR('',#8628,1.);
#8628 = DIRECTION('',(0.,0.,1.));
#8629 = PCURVE('',#3107,#8630);
#8630 = DEFINITIONAL_REPRESENTATION('',(#8631),#8635);
#8631 = LINE('',#8632,#8633);
#8632 = CARTESIAN_POINT('',(0.,0.));
#8633 = VECTOR('',#8634,1.);
#8634 = DIRECTION('',(0.,-1.));
#8635 = ( GEOMETRIC_REPRESENTATION_CONTEXT(2) 
PARAMETRIC_REPRESENTATION_CONTEXT() REPRESENTATION_CONTEXT('2D SPACE',''
  ) );
#8636 = PCURVE('',#3081,#8637);
#8637 = DEFINITIONAL_REPRESENTATION('',(#8638),#8642);
#8638 = LINE('',#8639,#8640);
#8639 = CARTESIAN_POINT('',(0.371123697699,0.));
#8640 = VECTOR('',#8641,1.);
#8641 = DIRECTION('',(0.,-1.));
#8642 = ( GEOMETRIC_REPRESENTATION_CONTEXT(2) 
PARAMETRIC_REPRESENTATION_CONTEXT() REPRESENTATION_CONTEXT('2D SPACE',''
  ) );
#8643 = ORIENTED_EDGE('',*,*,#3092,.F.);
#8644 = ORIENTED_EDGE('',*,*,#8596,.F.);
#8645 = ADVANCED_FACE('',(#8646),#3081,.F.);
#8646 = FACE_BOUND('',#8647,.F.);
#8647 = EDGE_LOOP('',(#8648,#8649,#8670,#8671));
#8648 = ORIENTED_EDGE('',*,*,#5745,.T.);
#8649 = ORIENTED_EDGE('',*,*,#8650,.T.);
#8650 = EDGE_CURVE('',#5725,#3041,#8651,.T.);
#8651 = SURFACE_CURVE('',#8652,(#8656,#8663),.PCURVE_S1.);
#8652 = LINE('',#8653,#8654);
#8653 = CARTESIAN_POINT('',(-61.89934450485,12.832544343209,-200.));
#8654 = VECTOR('',#8655,1.);
#8655 = DIRECTION('',(0.,0.,1.));
#8656 = PCURVE('',#3081,#8657);
#8657 = DEFINITIONAL_REPRESENTATION('',(#8658),#8662);
#8658 = LINE('',#8659,#8660);
#8659 = CARTESIAN_POINT('',(0.,0.));
#8660 = VECTOR('',#8661,1.);
#8661 = DIRECTION('',(0.,-1.));
#8662 = ( GEOMETRIC_REPRESENTATION_CONTEXT(2) 
PARAMETRIC_REPRESENTATION_CONTEXT() REPRESENTATION_CONTEXT('2D SPACE',''
  ) );
#8663 = PCURVE('',#3055,#8664);
#8664 = DEFINITIONAL_REPRESENTATION('',(#8665),#8669);
#8665 = LINE('',#8666,#8667);
#8666 = CARTESIAN_POINT('',(0.370155942245,0.));
#8667 = VECTOR('',#8668,1.);
#8668 = DIRECTION('',(0.,-1.));
#8669 = ( GEOMETRIC_REPRESENTATION_CONTEXT(2) 
PARAMETRIC_REPRESENTATION_CONTEXT() REPRESENTATION_CONTEXT('2D SPACE',''
  ) );
#8670 = ORIENTED_EDGE('',*,*,#3066,.F.);
#8671 = ORIENTED_EDGE('',*,*,#8623,.F.);
#8672 = ADVANCED_FACE('',(#8673),#3055,.F.);
#8673 = FACE_BOUND('',#8674,.F.);
#8674 = EDGE_LOOP('',(#8675,#8676,#8697,#8698));
#8675 = ORIENTED_EDGE('',*,*,#5724,.T.);
#8676 = ORIENTED_EDGE('',*,*,#8677,.T.);
#8677 = EDGE_CURVE('',#5704,#3015,#8678,.T.);
#8678 = SURFACE_CURVE('',#8679,(#8683,#8690),.PCURVE_S1.);
#8679 = LINE('',#8680,#8681);
#8680 = CARTESIAN_POINT('',(-62.04958753231,12.494250899169,-200.));
#8681 = VECTOR('',#8682,1.);
#8682 = DIRECTION('',(0.,0.,1.));
#8683 = PCURVE('',#3055,#8684);
#8684 = DEFINITIONAL_REPRESENTATION('',(#8685),#8689);
#8685 = LINE('',#8686,#8687);
#8686 = CARTESIAN_POINT('',(0.,0.));
#8687 = VECTOR('',#8688,1.);
#8688 = DIRECTION('',(0.,-1.));
#8689 = ( GEOMETRIC_REPRESENTATION_CONTEXT(2) 
PARAMETRIC_REPRESENTATION_CONTEXT() REPRESENTATION_CONTEXT('2D SPACE',''
  ) );
#8690 = PCURVE('',#3029,#8691);
#8691 = DEFINITIONAL_REPRESENTATION('',(#8692),#8696);
#8692 = LINE('',#8693,#8694);
#8693 = CARTESIAN_POINT('',(0.364433409444,0.));
#8694 = VECTOR('',#8695,1.);
#8695 = DIRECTION('',(0.,-1.));
#8696 = ( GEOMETRIC_REPRESENTATION_CONTEXT(2) 
PARAMETRIC_REPRESENTATION_CONTEXT() REPRESENTATION_CONTEXT('2D SPACE',''
  ) );
#8697 = ORIENTED_EDGE('',*,*,#3040,.F.);
#8698 = ORIENTED_EDGE('',*,*,#8650,.F.);
#8699 = ADVANCED_FACE('',(#8700),#3029,.F.);
#8700 = FACE_BOUND('',#8701,.F.);
#8701 = EDGE_LOOP('',(#8702,#8703,#8724,#8725));
#8702 = ORIENTED_EDGE('',*,*,#5703,.T.);
#8703 = ORIENTED_EDGE('',*,*,#8704,.T.);
#8704 = EDGE_CURVE('',#5683,#2989,#8705,.T.);
#8705 = SURFACE_CURVE('',#8706,(#8710,#8717),.PCURVE_S1.);
#8706 = LINE('',#8707,#8708);
#8707 = CARTESIAN_POINT('',(-62.19489580951,12.16003956708,-200.));
#8708 = VECTOR('',#8709,1.);
#8709 = DIRECTION('',(0.,0.,1.));
#8710 = PCURVE('',#3029,#8711);
#8711 = DEFINITIONAL_REPRESENTATION('',(#8712),#8716);
#8712 = LINE('',#8713,#8714);
#8713 = CARTESIAN_POINT('',(0.,0.));
#8714 = VECTOR('',#8715,1.);
#8715 = DIRECTION('',(0.,-1.));
#8716 = ( GEOMETRIC_REPRESENTATION_CONTEXT(2) 
PARAMETRIC_REPRESENTATION_CONTEXT() REPRESENTATION_CONTEXT('2D SPACE',''
  ) );
#8717 = PCURVE('',#3003,#8718);
#8718 = DEFINITIONAL_REPRESENTATION('',(#8719),#8723);
#8719 = LINE('',#8720,#8721);
#8720 = CARTESIAN_POINT('',(0.36918361054,0.));
#8721 = VECTOR('',#8722,1.);
#8722 = DIRECTION('',(0.,-1.));
#8723 = ( GEOMETRIC_REPRESENTATION_CONTEXT(2) 
PARAMETRIC_REPRESENTATION_CONTEXT() REPRESENTATION_CONTEXT('2D SPACE',''
  ) );
#8724 = ORIENTED_EDGE('',*,*,#3014,.F.);
#8725 = ORIENTED_EDGE('',*,*,#8677,.F.);
#8726 = ADVANCED_FACE('',(#8727),#3003,.F.);
#8727 = FACE_BOUND('',#8728,.F.);
#8728 = EDGE_LOOP('',(#8729,#8730,#8751,#8752));
#8729 = ORIENTED_EDGE('',*,*,#5682,.T.);
#8730 = ORIENTED_EDGE('',*,*,#8731,.T.);
#8731 = EDGE_CURVE('',#5662,#2963,#8732,.T.);
#8732 = SURFACE_CURVE('',#8733,(#8737,#8744),.PCURVE_S1.);
#8733 = LINE('',#8734,#8735);
#8734 = CARTESIAN_POINT('',(-62.34307631112,11.821898949536,-200.));
#8735 = VECTOR('',#8736,1.);
#8736 = DIRECTION('',(0.,0.,1.));
#8737 = PCURVE('',#3003,#8738);
#8738 = DEFINITIONAL_REPRESENTATION('',(#8739),#8743);
#8739 = LINE('',#8740,#8741);
#8740 = CARTESIAN_POINT('',(0.,0.));
#8741 = VECTOR('',#8742,1.);
#8742 = DIRECTION('',(0.,-1.));
#8743 = ( GEOMETRIC_REPRESENTATION_CONTEXT(2) 
PARAMETRIC_REPRESENTATION_CONTEXT() REPRESENTATION_CONTEXT('2D SPACE',''
  ) );
#8744 = PCURVE('',#2977,#8745);
#8745 = DEFINITIONAL_REPRESENTATION('',(#8746),#8750);
#8746 = LINE('',#8747,#8748);
#8747 = CARTESIAN_POINT('',(0.364728011354,0.));
#8748 = VECTOR('',#8749,1.);
#8749 = DIRECTION('',(0.,-1.));
#8750 = ( GEOMETRIC_REPRESENTATION_CONTEXT(2) 
PARAMETRIC_REPRESENTATION_CONTEXT() REPRESENTATION_CONTEXT('2D SPACE',''
  ) );
#8751 = ORIENTED_EDGE('',*,*,#2988,.F.);
#8752 = ORIENTED_EDGE('',*,*,#8704,.F.);
#8753 = ADVANCED_FACE('',(#8754),#2977,.F.);
#8754 = FACE_BOUND('',#8755,.F.);
#8755 = EDGE_LOOP('',(#8756,#8757,#8778,#8779));
#8756 = ORIENTED_EDGE('',*,*,#5661,.T.);
#8757 = ORIENTED_EDGE('',*,*,#8758,.T.);
#8758 = EDGE_CURVE('',#5641,#2937,#8759,.T.);
#8759 = SURFACE_CURVE('',#8760,(#8764,#8771),.PCURVE_S1.);
#8760 = LINE('',#8761,#8762);
#8761 = CARTESIAN_POINT('',(-62.47968241873,11.483719568689,-200.));
#8762 = VECTOR('',#8763,1.);
#8763 = DIRECTION('',(0.,0.,1.));
#8764 = PCURVE('',#2977,#8765);
#8765 = DEFINITIONAL_REPRESENTATION('',(#8766),#8770);
#8766 = LINE('',#8767,#8768);
#8767 = CARTESIAN_POINT('',(0.,0.));
#8768 = VECTOR('',#8769,1.);
#8769 = DIRECTION('',(0.,-1.));
#8770 = ( GEOMETRIC_REPRESENTATION_CONTEXT(2) 
PARAMETRIC_REPRESENTATION_CONTEXT() REPRESENTATION_CONTEXT('2D SPACE',''
  ) );
#8771 = PCURVE('',#2951,#8772);
#8772 = DEFINITIONAL_REPRESENTATION('',(#8773),#8777);
#8773 = LINE('',#8774,#8775);
#8774 = CARTESIAN_POINT('',(0.360813313678,0.));
#8775 = VECTOR('',#8776,1.);
#8776 = DIRECTION('',(0.,-1.));
#8777 = ( GEOMETRIC_REPRESENTATION_CONTEXT(2) 
PARAMETRIC_REPRESENTATION_CONTEXT() REPRESENTATION_CONTEXT('2D SPACE',''
  ) );
#8778 = ORIENTED_EDGE('',*,*,#2962,.F.);
#8779 = ORIENTED_EDGE('',*,*,#8731,.F.);
#8780 = ADVANCED_FACE('',(#8781),#2951,.F.);
#8781 = FACE_BOUND('',#8782,.F.);
#8782 = EDGE_LOOP('',(#8783,#8784,#8805,#8806));
#8783 = ORIENTED_EDGE('',*,*,#5640,.T.);
#8784 = ORIENTED_EDGE('',*,*,#8785,.T.);
#8785 = EDGE_CURVE('',#5620,#2911,#8786,.T.);
#8786 = SURFACE_CURVE('',#8787,(#8791,#8798),.PCURVE_S1.);
#8787 = LINE('',#8788,#8789);
#8788 = CARTESIAN_POINT('',(-62.61588555691,11.149601397265,-200.));
#8789 = VECTOR('',#8790,1.);
#8790 = DIRECTION('',(0.,0.,1.));
#8791 = PCURVE('',#2951,#8792);
#8792 = DEFINITIONAL_REPRESENTATION('',(#8793),#8797);
#8793 = LINE('',#8794,#8795);
#8794 = CARTESIAN_POINT('',(0.,0.));
#8795 = VECTOR('',#8796,1.);
#8796 = DIRECTION('',(0.,-1.));
#8797 = ( GEOMETRIC_REPRESENTATION_CONTEXT(2) 
PARAMETRIC_REPRESENTATION_CONTEXT() REPRESENTATION_CONTEXT('2D SPACE',''
  ) );
#8798 = PCURVE('',#2925,#8799);
#8799 = DEFINITIONAL_REPRESENTATION('',(#8800),#8804);
#8800 = LINE('',#8801,#8802);
#8801 = CARTESIAN_POINT('',(0.361877778102,0.));
#8802 = VECTOR('',#8803,1.);
#8803 = DIRECTION('',(0.,-1.));
#8804 = ( GEOMETRIC_REPRESENTATION_CONTEXT(2) 
PARAMETRIC_REPRESENTATION_CONTEXT() REPRESENTATION_CONTEXT('2D SPACE',''
  ) );
#8805 = ORIENTED_EDGE('',*,*,#2936,.F.);
#8806 = ORIENTED_EDGE('',*,*,#8758,.F.);
#8807 = ADVANCED_FACE('',(#8808),#2925,.F.);
#8808 = FACE_BOUND('',#8809,.F.);
#8809 = EDGE_LOOP('',(#8810,#8811,#8832,#8833));
#8810 = ORIENTED_EDGE('',*,*,#5619,.T.);
#8811 = ORIENTED_EDGE('',*,*,#8812,.T.);
#8812 = EDGE_CURVE('',#5599,#2885,#8813,.T.);
#8813 = SURFACE_CURVE('',#8814,(#8818,#8825),.PCURVE_S1.);
#8814 = LINE('',#8815,#8816);
#8815 = CARTESIAN_POINT('',(-62.74995985353,10.813477001734,-200.));
#8816 = VECTOR('',#8817,1.);
#8817 = DIRECTION('',(0.,0.,1.));
#8818 = PCURVE('',#2925,#8819);
#8819 = DEFINITIONAL_REPRESENTATION('',(#8820),#8824);
#8820 = LINE('',#8821,#8822);
#8821 = CARTESIAN_POINT('',(0.,0.));
#8822 = VECTOR('',#8823,1.);
#8823 = DIRECTION('',(0.,-1.));
#8824 = ( GEOMETRIC_REPRESENTATION_CONTEXT(2) 
PARAMETRIC_REPRESENTATION_CONTEXT() REPRESENTATION_CONTEXT('2D SPACE',''
  ) );
#8825 = PCURVE('',#2899,#8826);
#8826 = DEFINITIONAL_REPRESENTATION('',(#8827),#8831);
#8827 = LINE('',#8828,#8829);
#8828 = CARTESIAN_POINT('',(0.36278804462,0.));
#8829 = VECTOR('',#8830,1.);
#8830 = DIRECTION('',(0.,-1.));
#8831 = ( GEOMETRIC_REPRESENTATION_CONTEXT(2) 
PARAMETRIC_REPRESENTATION_CONTEXT() REPRESENTATION_CONTEXT('2D SPACE',''
  ) );
#8832 = ORIENTED_EDGE('',*,*,#2910,.F.);
#8833 = ORIENTED_EDGE('',*,*,#8785,.F.);
#8834 = ADVANCED_FACE('',(#8835),#2899,.F.);
#8835 = FACE_BOUND('',#8836,.F.);
#8836 = EDGE_LOOP('',(#8837,#8838,#8859,#8860));
#8837 = ORIENTED_EDGE('',*,*,#5598,.T.);
#8838 = ORIENTED_EDGE('',*,*,#8839,.T.);
#8839 = EDGE_CURVE('',#5578,#2859,#8840,.T.);
#8840 = SURFACE_CURVE('',#8841,(#8845,#8852),.PCURVE_S1.);
#8841 = LINE('',#8842,#8843);
#8842 = CARTESIAN_POINT('',(-62.88183651167,10.475507014374,-200.));
#8843 = VECTOR('',#8844,1.);
#8844 = DIRECTION('',(0.,0.,1.));
#8845 = PCURVE('',#2899,#8846);
#8846 = DEFINITIONAL_REPRESENTATION('',(#8847),#8851);
#8847 = LINE('',#8848,#8849);
#8848 = CARTESIAN_POINT('',(0.,0.));
#8849 = VECTOR('',#8850,1.);
#8850 = DIRECTION('',(0.,-1.));
#8851 = ( GEOMETRIC_REPRESENTATION_CONTEXT(2) 
PARAMETRIC_REPRESENTATION_CONTEXT() REPRESENTATION_CONTEXT('2D SPACE',''
  ) );
#8852 = PCURVE('',#2873,#8853);
#8853 = DEFINITIONAL_REPRESENTATION('',(#8854),#8858);
#8854 = LINE('',#8855,#8856);
#8855 = CARTESIAN_POINT('',(0.358366077842,0.));
#8856 = VECTOR('',#8857,1.);
#8857 = DIRECTION('',(0.,-1.));
#8858 = ( GEOMETRIC_REPRESENTATION_CONTEXT(2) 
PARAMETRIC_REPRESENTATION_CONTEXT() REPRESENTATION_CONTEXT('2D SPACE',''
  ) );
#8859 = ORIENTED_EDGE('',*,*,#2884,.F.);
#8860 = ORIENTED_EDGE('',*,*,#8812,.F.);
#8861 = ADVANCED_FACE('',(#8862),#2873,.F.);
#8862 = FACE_BOUND('',#8863,.F.);
#8863 = EDGE_LOOP('',(#8864,#8865,#8886,#8887));
#8864 = ORIENTED_EDGE('',*,*,#5577,.T.);
#8865 = ORIENTED_EDGE('',*,*,#8866,.T.);
#8866 = EDGE_CURVE('',#5557,#2833,#8867,.T.);
#8867 = SURFACE_CURVE('',#8868,(#8872,#8879),.PCURVE_S1.);
#8868 = LINE('',#8869,#8870);
#8869 = CARTESIAN_POINT('',(-63.00629200713,10.139445895827,-200.));
#8870 = VECTOR('',#8871,1.);
#8871 = DIRECTION('',(0.,0.,1.));
#8872 = PCURVE('',#2873,#8873);
#8873 = DEFINITIONAL_REPRESENTATION('',(#8874),#8878);
#8874 = LINE('',#8875,#8876);
#8875 = CARTESIAN_POINT('',(0.,0.));
#8876 = VECTOR('',#8877,1.);
#8877 = DIRECTION('',(0.,-1.));
#8878 = ( GEOMETRIC_REPRESENTATION_CONTEXT(2) 
PARAMETRIC_REPRESENTATION_CONTEXT() REPRESENTATION_CONTEXT('2D SPACE',''
  ) );
#8879 = PCURVE('',#2847,#8880);
#8880 = DEFINITIONAL_REPRESENTATION('',(#8881),#8885);
#8881 = LINE('',#8882,#8883);
#8882 = CARTESIAN_POINT('',(0.358634773708,0.));
#8883 = VECTOR('',#8884,1.);
#8884 = DIRECTION('',(0.,-1.));
#8885 = ( GEOMETRIC_REPRESENTATION_CONTEXT(2) 
PARAMETRIC_REPRESENTATION_CONTEXT() REPRESENTATION_CONTEXT('2D SPACE',''
  ) );
#8886 = ORIENTED_EDGE('',*,*,#2858,.F.);
#8887 = ORIENTED_EDGE('',*,*,#8839,.F.);
#8888 = ADVANCED_FACE('',(#8889),#2847,.F.);
#8889 = FACE_BOUND('',#8890,.F.);
#8890 = EDGE_LOOP('',(#8891,#8892,#8913,#8914));
#8891 = ORIENTED_EDGE('',*,*,#5556,.T.);
#8892 = ORIENTED_EDGE('',*,*,#8893,.T.);
#8893 = EDGE_CURVE('',#5536,#2807,#8894,.T.);
#8894 = SURFACE_CURVE('',#8895,(#8899,#8906),.PCURVE_S1.);
#8895 = LINE('',#8896,#8897);
#8896 = CARTESIAN_POINT('',(-63.13179410883,9.803487381453,-200.));
#8897 = VECTOR('',#8898,1.);
#8898 = DIRECTION('',(0.,0.,1.));
#8899 = PCURVE('',#2847,#8900);
#8900 = DEFINITIONAL_REPRESENTATION('',(#8901),#8905);
#8901 = LINE('',#8902,#8903);
#8902 = CARTESIAN_POINT('',(0.,0.));
#8903 = VECTOR('',#8904,1.);
#8904 = DIRECTION('',(0.,-1.));
#8905 = ( GEOMETRIC_REPRESENTATION_CONTEXT(2) 
PARAMETRIC_REPRESENTATION_CONTEXT() REPRESENTATION_CONTEXT('2D SPACE',''
  ) );
#8906 = PCURVE('',#2821,#8907);
#8907 = DEFINITIONAL_REPRESENTATION('',(#8908),#8912);
#8908 = LINE('',#8909,#8910);
#8909 = CARTESIAN_POINT('',(0.358408044461,0.));
#8910 = VECTOR('',#8911,1.);
#8911 = DIRECTION('',(0.,-1.));
#8912 = ( GEOMETRIC_REPRESENTATION_CONTEXT(2) 
PARAMETRIC_REPRESENTATION_CONTEXT() REPRESENTATION_CONTEXT('2D SPACE',''
  ) );
#8913 = ORIENTED_EDGE('',*,*,#2832,.F.);
#8914 = ORIENTED_EDGE('',*,*,#8866,.F.);
#8915 = ADVANCED_FACE('',(#8916),#2821,.F.);
#8916 = FACE_BOUND('',#8917,.F.);
#8917 = EDGE_LOOP('',(#8918,#8919,#8940,#8941));
#8918 = ORIENTED_EDGE('',*,*,#5535,.T.);
#8919 = ORIENTED_EDGE('',*,*,#8920,.T.);
#8920 = EDGE_CURVE('',#5515,#2781,#8921,.T.);
#8921 = SURFACE_CURVE('',#8922,(#8926,#8933),.PCURVE_S1.);
#8922 = LINE('',#8923,#8924);
#8923 = CARTESIAN_POINT('',(-63.25153163022,9.465671969866,-200.));
#8924 = VECTOR('',#8925,1.);
#8925 = DIRECTION('',(0.,0.,1.));
#8926 = PCURVE('',#2821,#8927);
#8927 = DEFINITIONAL_REPRESENTATION('',(#8928),#8932);
#8928 = LINE('',#8929,#8930);
#8929 = CARTESIAN_POINT('',(0.,0.));
#8930 = VECTOR('',#8931,1.);
#8931 = DIRECTION('',(0.,-1.));
#8932 = ( GEOMETRIC_REPRESENTATION_CONTEXT(2) 
PARAMETRIC_REPRESENTATION_CONTEXT() REPRESENTATION_CONTEXT('2D SPACE',''
  ) );
#8933 = PCURVE('',#2795,#8934);
#8934 = DEFINITIONAL_REPRESENTATION('',(#8935),#8939);
#8935 = LINE('',#8936,#8937);
#8936 = CARTESIAN_POINT('',(0.355511754054,0.));
#8937 = VECTOR('',#8938,1.);
#8938 = DIRECTION('',(0.,-1.));
#8939 = ( GEOMETRIC_REPRESENTATION_CONTEXT(2) 
PARAMETRIC_REPRESENTATION_CONTEXT() REPRESENTATION_CONTEXT('2D SPACE',''
  ) );
#8940 = ORIENTED_EDGE('',*,*,#2806,.F.);
#8941 = ORIENTED_EDGE('',*,*,#8893,.F.);
#8942 = ADVANCED_FACE('',(#8943),#2795,.F.);
#8943 = FACE_BOUND('',#8944,.F.);
#8944 = EDGE_LOOP('',(#8945,#8946,#8967,#8968));
#8945 = ORIENTED_EDGE('',*,*,#5514,.T.);
#8946 = ORIENTED_EDGE('',*,*,#8947,.T.);
#8947 = EDGE_CURVE('',#5494,#2755,#8948,.T.);
#8948 = SURFACE_CURVE('',#8949,(#8953,#8960),.PCURVE_S1.);
#8949 = LINE('',#8950,#8951);
#8950 = CARTESIAN_POINT('',(-63.36800874991,9.129782571611,-200.));
#8951 = VECTOR('',#8952,1.);
#8952 = DIRECTION('',(0.,0.,1.));
#8953 = PCURVE('',#2795,#8954);
#8954 = DEFINITIONAL_REPRESENTATION('',(#8955),#8959);
#8955 = LINE('',#8956,#8957);
#8956 = CARTESIAN_POINT('',(0.,0.));
#8957 = VECTOR('',#8958,1.);
#8958 = DIRECTION('',(0.,-1.));
#8959 = ( GEOMETRIC_REPRESENTATION_CONTEXT(2) 
PARAMETRIC_REPRESENTATION_CONTEXT() REPRESENTATION_CONTEXT('2D SPACE',''
  ) );
#8960 = PCURVE('',#2769,#8961);
#8961 = DEFINITIONAL_REPRESENTATION('',(#8962),#8966);
#8962 = LINE('',#8963,#8964);
#8963 = CARTESIAN_POINT('',(0.354668820591,0.));
#8964 = VECTOR('',#8965,1.);
#8965 = DIRECTION('',(0.,-1.));
#8966 = ( GEOMETRIC_REPRESENTATION_CONTEXT(2) 
PARAMETRIC_REPRESENTATION_CONTEXT() REPRESENTATION_CONTEXT('2D SPACE',''
  ) );
#8967 = ORIENTED_EDGE('',*,*,#2780,.F.);
#8968 = ORIENTED_EDGE('',*,*,#8920,.F.);
#8969 = ADVANCED_FACE('',(#8970),#2769,.F.);
#8970 = FACE_BOUND('',#8971,.F.);
#8971 = EDGE_LOOP('',(#8972,#8973,#8994,#8995));
#8972 = ORIENTED_EDGE('',*,*,#5493,.T.);
#8973 = ORIENTED_EDGE('',*,*,#8974,.T.);
#8974 = EDGE_CURVE('',#5473,#2729,#8975,.T.);
#8975 = SURFACE_CURVE('',#8976,(#8980,#8987),.PCURVE_S1.);
#8976 = LINE('',#8977,#8978);
#8977 = CARTESIAN_POINT('',(-63.48195317049,8.793915572163,-200.));
#8978 = VECTOR('',#8979,1.);
#8979 = DIRECTION('',(0.,0.,1.));
#8980 = PCURVE('',#2769,#8981);
#8981 = DEFINITIONAL_REPRESENTATION('',(#8982),#8986);
#8982 = LINE('',#8983,#8984);
#8983 = CARTESIAN_POINT('',(0.,0.));
#8984 = VECTOR('',#8985,1.);
#8985 = DIRECTION('',(0.,-1.));
#8986 = ( GEOMETRIC_REPRESENTATION_CONTEXT(2) 
PARAMETRIC_REPRESENTATION_CONTEXT() REPRESENTATION_CONTEXT('2D SPACE',''
  ) );
#8987 = PCURVE('',#2743,#8988);
#8988 = DEFINITIONAL_REPRESENTATION('',(#8989),#8993);
#8989 = LINE('',#8990,#8991);
#8990 = CARTESIAN_POINT('',(0.353853905638,0.));
#8991 = VECTOR('',#8992,1.);
#8992 = DIRECTION('',(0.,-1.));
#8993 = ( GEOMETRIC_REPRESENTATION_CONTEXT(2) 
PARAMETRIC_REPRESENTATION_CONTEXT() REPRESENTATION_CONTEXT('2D SPACE',''
  ) );
#8994 = ORIENTED_EDGE('',*,*,#2754,.F.);
#8995 = ORIENTED_EDGE('',*,*,#8947,.F.);
#8996 = ADVANCED_FACE('',(#8997),#2743,.F.);
#8997 = FACE_BOUND('',#8998,.F.);
#8998 = EDGE_LOOP('',(#8999,#9000,#9021,#9022));
#8999 = ORIENTED_EDGE('',*,*,#5472,.T.);
#9000 = ORIENTED_EDGE('',*,*,#9001,.T.);
#9001 = EDGE_CURVE('',#5452,#2703,#9002,.T.);
#9002 = SURFACE_CURVE('',#9003,(#9007,#9014),.PCURVE_S1.);
#9003 = LINE('',#9004,#9005);
#9004 = CARTESIAN_POINT('',(-63.59340454771,8.458071594919,-200.));
#9005 = VECTOR('',#9006,1.);
#9006 = DIRECTION('',(0.,0.,1.));
#9007 = PCURVE('',#2743,#9008);
#9008 = DEFINITIONAL_REPRESENTATION('',(#9009),#9013);
#9009 = LINE('',#9010,#9011);
#9010 = CARTESIAN_POINT('',(0.,0.));
#9011 = VECTOR('',#9012,1.);
#9012 = DIRECTION('',(0.,-1.));
#9013 = ( GEOMETRIC_REPRESENTATION_CONTEXT(2) 
PARAMETRIC_REPRESENTATION_CONTEXT() REPRESENTATION_CONTEXT('2D SPACE',''
  ) );
#9014 = PCURVE('',#2717,#9015);
#9015 = DEFINITIONAL_REPRESENTATION('',(#9016),#9020);
#9016 = LINE('',#9017,#9018);
#9017 = CARTESIAN_POINT('',(0.35306632676,0.));
#9018 = VECTOR('',#9019,1.);
#9019 = DIRECTION('',(0.,-1.));
#9020 = ( GEOMETRIC_REPRESENTATION_CONTEXT(2) 
PARAMETRIC_REPRESENTATION_CONTEXT() REPRESENTATION_CONTEXT('2D SPACE',''
  ) );
#9021 = ORIENTED_EDGE('',*,*,#2728,.F.);
#9022 = ORIENTED_EDGE('',*,*,#8974,.F.);
#9023 = ADVANCED_FACE('',(#9024),#2717,.F.);
#9024 = FACE_BOUND('',#9025,.F.);
#9025 = EDGE_LOOP('',(#9026,#9027,#9048,#9049));
#9026 = ORIENTED_EDGE('',*,*,#5451,.T.);
#9027 = ORIENTED_EDGE('',*,*,#9028,.T.);
#9028 = EDGE_CURVE('',#5431,#2677,#9029,.T.);
#9029 = SURFACE_CURVE('',#9030,(#9034,#9041),.PCURVE_S1.);
#9030 = LINE('',#9031,#9032);
#9031 = CARTESIAN_POINT('',(-63.70240217175,8.122251183023,-200.));
#9032 = VECTOR('',#9033,1.);
#9033 = DIRECTION('',(0.,0.,1.));
#9034 = PCURVE('',#2717,#9035);
#9035 = DEFINITIONAL_REPRESENTATION('',(#9036),#9040);
#9036 = LINE('',#9037,#9038);
#9037 = CARTESIAN_POINT('',(0.,0.));
#9038 = VECTOR('',#9039,1.);
#9039 = DIRECTION('',(0.,-1.));
#9040 = ( GEOMETRIC_REPRESENTATION_CONTEXT(2) 
PARAMETRIC_REPRESENTATION_CONTEXT() REPRESENTATION_CONTEXT('2D SPACE',''
  ) );
#9041 = PCURVE('',#2691,#9042);
#9042 = DEFINITIONAL_REPRESENTATION('',(#9043),#9047);
#9043 = LINE('',#9044,#9045);
#9044 = CARTESIAN_POINT('',(0.35230539427,0.));
#9045 = VECTOR('',#9046,1.);
#9046 = DIRECTION('',(0.,-1.));
#9047 = ( GEOMETRIC_REPRESENTATION_CONTEXT(2) 
PARAMETRIC_REPRESENTATION_CONTEXT() REPRESENTATION_CONTEXT('2D SPACE',''
  ) );
#9048 = ORIENTED_EDGE('',*,*,#2702,.F.);
#9049 = ORIENTED_EDGE('',*,*,#9001,.F.);
#9050 = ADVANCED_FACE('',(#9051),#2691,.F.);
#9051 = FACE_BOUND('',#9052,.F.);
#9052 = EDGE_LOOP('',(#9053,#9054,#9075,#9076));
#9053 = ORIENTED_EDGE('',*,*,#5430,.T.);
#9054 = ORIENTED_EDGE('',*,*,#9055,.T.);
#9055 = EDGE_CURVE('',#5410,#2651,#9056,.T.);
#9056 = SURFACE_CURVE('',#9057,(#9061,#9068),.PCURVE_S1.);
#9057 = LINE('',#9058,#9059);
#9058 = CARTESIAN_POINT('',(-63.80898491778,7.78645480264,-200.));
#9059 = VECTOR('',#9060,1.);
#9060 = DIRECTION('',(0.,0.,1.));
#9061 = PCURVE('',#2691,#9062);
#9062 = DEFINITIONAL_REPRESENTATION('',(#9063),#9067);
#9063 = LINE('',#9064,#9065);
#9064 = CARTESIAN_POINT('',(0.,0.));
#9065 = VECTOR('',#9066,1.);
#9066 = DIRECTION('',(0.,-1.));
#9067 = ( GEOMETRIC_REPRESENTATION_CONTEXT(2) 
PARAMETRIC_REPRESENTATION_CONTEXT() REPRESENTATION_CONTEXT('2D SPACE',''
  ) );
#9068 = PCURVE('',#2665,#9069);
#9069 = DEFINITIONAL_REPRESENTATION('',(#9070),#9074);
#9070 = LINE('',#9071,#9072);
#9071 = CARTESIAN_POINT('',(0.351570414101,0.));
#9072 = VECTOR('',#9073,1.);
#9073 = DIRECTION('',(0.,-1.));
#9074 = ( GEOMETRIC_REPRESENTATION_CONTEXT(2) 
PARAMETRIC_REPRESENTATION_CONTEXT() REPRESENTATION_CONTEXT('2D SPACE',''
  ) );
#9075 = ORIENTED_EDGE('',*,*,#2676,.F.);
#9076 = ORIENTED_EDGE('',*,*,#9028,.F.);
#9077 = ADVANCED_FACE('',(#9078),#2665,.F.);
#9078 = FACE_BOUND('',#9079,.F.);
#9079 = EDGE_LOOP('',(#9080,#9081,#9102,#9103));
#9080 = ORIENTED_EDGE('',*,*,#5409,.T.);
#9081 = ORIENTED_EDGE('',*,*,#9082,.T.);
#9082 = EDGE_CURVE('',#5389,#2625,#9083,.T.);
#9083 = SURFACE_CURVE('',#9084,(#9088,#9095),.PCURVE_S1.);
#9084 = LINE('',#9085,#9086);
#9085 = CARTESIAN_POINT('',(-63.91319120131,7.450682846478,-200.));
#9086 = VECTOR('',#9087,1.);
#9087 = DIRECTION('',(0.,0.,1.));
#9088 = PCURVE('',#2665,#9089);
#9089 = DEFINITIONAL_REPRESENTATION('',(#9090),#9094);
#9090 = LINE('',#9091,#9092);
#9091 = CARTESIAN_POINT('',(0.,0.));
#9092 = VECTOR('',#9093,1.);
#9093 = DIRECTION('',(0.,-1.));
#9094 = ( GEOMETRIC_REPRESENTATION_CONTEXT(2) 
PARAMETRIC_REPRESENTATION_CONTEXT() REPRESENTATION_CONTEXT('2D SPACE',''
  ) );
#9095 = PCURVE('',#2639,#9096);
#9096 = DEFINITIONAL_REPRESENTATION('',(#9097),#9101);
#9097 = LINE('',#9098,#9099);
#9098 = CARTESIAN_POINT('',(0.35086069046,0.));
#9099 = VECTOR('',#9100,1.);
#9100 = DIRECTION('',(0.,-1.));
#9101 = ( GEOMETRIC_REPRESENTATION_CONTEXT(2) 
PARAMETRIC_REPRESENTATION_CONTEXT() REPRESENTATION_CONTEXT('2D SPACE',''
  ) );
#9102 = ORIENTED_EDGE('',*,*,#2650,.F.);
#9103 = ORIENTED_EDGE('',*,*,#9055,.F.);
#9104 = ADVANCED_FACE('',(#9105),#2639,.F.);
#9105 = FACE_BOUND('',#9106,.F.);
#9106 = EDGE_LOOP('',(#9107,#9108,#9129,#9130));
#9107 = ORIENTED_EDGE('',*,*,#5388,.T.);
#9108 = ORIENTED_EDGE('',*,*,#9109,.T.);
#9109 = EDGE_CURVE('',#5368,#2599,#9110,.T.);
#9110 = SURFACE_CURVE('',#9111,(#9115,#9122),.PCURVE_S1.);
#9111 = LINE('',#9112,#9113);
#9112 = CARTESIAN_POINT('',(-64.01505893815,7.114935637552,-200.));
#9113 = VECTOR('',#9114,1.);
#9114 = DIRECTION('',(0.,0.,1.));
#9115 = PCURVE('',#2639,#9116);
#9116 = DEFINITIONAL_REPRESENTATION('',(#9117),#9121);
#9117 = LINE('',#9118,#9119);
#9118 = CARTESIAN_POINT('',(0.,0.));
#9119 = VECTOR('',#9120,1.);
#9120 = DIRECTION('',(0.,-1.));
#9121 = ( GEOMETRIC_REPRESENTATION_CONTEXT(2) 
PARAMETRIC_REPRESENTATION_CONTEXT() REPRESENTATION_CONTEXT('2D SPACE',''
  ) );
#9122 = PCURVE('',#2613,#9123);
#9123 = DEFINITIONAL_REPRESENTATION('',(#9124),#9128);
#9124 = LINE('',#9125,#9126);
#9125 = CARTESIAN_POINT('',(0.351827100721,0.));
#9126 = VECTOR('',#9127,1.);
#9127 = DIRECTION('',(0.,-1.));
#9128 = ( GEOMETRIC_REPRESENTATION_CONTEXT(2) 
PARAMETRIC_REPRESENTATION_CONTEXT() REPRESENTATION_CONTEXT('2D SPACE',''
  ) );
#9129 = ORIENTED_EDGE('',*,*,#2624,.F.);
#9130 = ORIENTED_EDGE('',*,*,#9082,.F.);
#9131 = ADVANCED_FACE('',(#9132),#2613,.F.);
#9132 = FACE_BOUND('',#9133,.F.);
#9133 = EDGE_LOOP('',(#9134,#9135,#9156,#9157));
#9134 = ORIENTED_EDGE('',*,*,#5367,.T.);
#9135 = ORIENTED_EDGE('',*,*,#9136,.T.);
#9136 = EDGE_CURVE('',#5347,#2573,#9137,.T.);
#9137 = SURFACE_CURVE('',#9138,(#9142,#9149),.PCURVE_S1.);
#9138 = LINE('',#9139,#9140);
#9139 = CARTESIAN_POINT('',(-64.11508694011,6.777627606778,-200.));
#9140 = VECTOR('',#9141,1.);
#9141 = DIRECTION('',(0.,0.,1.));
#9142 = PCURVE('',#2613,#9143);
#9143 = DEFINITIONAL_REPRESENTATION('',(#9144),#9148);
#9144 = LINE('',#9145,#9146);
#9145 = CARTESIAN_POINT('',(0.,0.));
#9146 = VECTOR('',#9147,1.);
#9147 = DIRECTION('',(0.,-1.));
#9148 = ( GEOMETRIC_REPRESENTATION_CONTEXT(2) 
PARAMETRIC_REPRESENTATION_CONTEXT() REPRESENTATION_CONTEXT('2D SPACE',''
  ) );
#9149 = PCURVE('',#2587,#9150);
#9150 = DEFINITIONAL_REPRESENTATION('',(#9151),#9155);
#9151 = LINE('',#9152,#9153);
#9152 = CARTESIAN_POINT('',(0.348662746651,0.));
#9153 = VECTOR('',#9154,1.);
#9154 = DIRECTION('',(0.,-1.));
#9155 = ( GEOMETRIC_REPRESENTATION_CONTEXT(2) 
PARAMETRIC_REPRESENTATION_CONTEXT() REPRESENTATION_CONTEXT('2D SPACE',''
  ) );
#9156 = ORIENTED_EDGE('',*,*,#2598,.F.);
#9157 = ORIENTED_EDGE('',*,*,#9109,.F.);
#9158 = ADVANCED_FACE('',(#9159),#2587,.F.);
#9159 = FACE_BOUND('',#9160,.F.);
#9160 = EDGE_LOOP('',(#9161,#9162,#9183,#9184));
#9161 = ORIENTED_EDGE('',*,*,#5346,.T.);
#9162 = ORIENTED_EDGE('',*,*,#9163,.T.);
#9163 = EDGE_CURVE('',#5326,#2547,#9164,.T.);
#9164 = SURFACE_CURVE('',#9165,(#9169,#9176),.PCURVE_S1.);
#9165 = LINE('',#9166,#9167);
#9166 = CARTESIAN_POINT('',(-64.2093849496,6.441958727808,-200.));
#9167 = VECTOR('',#9168,1.);
#9168 = DIRECTION('',(0.,0.,1.));
#9169 = PCURVE('',#2587,#9170);
#9170 = DEFINITIONAL_REPRESENTATION('',(#9171),#9175);
#9171 = LINE('',#9172,#9173);
#9172 = CARTESIAN_POINT('',(0.,0.));
#9173 = VECTOR('',#9174,1.);
#9174 = DIRECTION('',(0.,-1.));
#9175 = ( GEOMETRIC_REPRESENTATION_CONTEXT(2) 
PARAMETRIC_REPRESENTATION_CONTEXT() REPRESENTATION_CONTEXT('2D SPACE',''
  ) );
#9176 = PCURVE('',#2561,#9177);
#9177 = DEFINITIONAL_REPRESENTATION('',(#9178),#9182);
#9178 = LINE('',#9179,#9180);
#9179 = CARTESIAN_POINT('',(0.347199828012,0.));
#9180 = VECTOR('',#9181,1.);
#9181 = DIRECTION('',(0.,-1.));
#9182 = ( GEOMETRIC_REPRESENTATION_CONTEXT(2) 
PARAMETRIC_REPRESENTATION_CONTEXT() REPRESENTATION_CONTEXT('2D SPACE',''
  ) );
#9183 = ORIENTED_EDGE('',*,*,#2572,.F.);
#9184 = ORIENTED_EDGE('',*,*,#9136,.F.);
#9185 = ADVANCED_FACE('',(#9186),#2561,.F.);
#9186 = FACE_BOUND('',#9187,.F.);
#9187 = EDGE_LOOP('',(#9188,#9189,#9210,#9211));
#9188 = ORIENTED_EDGE('',*,*,#5325,.T.);
#9189 = ORIENTED_EDGE('',*,*,#9190,.T.);
#9190 = EDGE_CURVE('',#5305,#2521,#9191,.T.);
#9191 = SURFACE_CURVE('',#9192,(#9196,#9203),.PCURVE_S1.);
#9192 = LINE('',#9193,#9194);
#9193 = CARTESIAN_POINT('',(-64.30406412545,6.107917451567,-200.));
#9194 = VECTOR('',#9195,1.);
#9195 = DIRECTION('',(0.,0.,1.));
#9196 = PCURVE('',#2561,#9197);
#9197 = DEFINITIONAL_REPRESENTATION('',(#9198),#9202);
#9198 = LINE('',#9199,#9200);
#9199 = CARTESIAN_POINT('',(0.,0.));
#9200 = VECTOR('',#9201,1.);
#9201 = DIRECTION('',(0.,-1.));
#9202 = ( GEOMETRIC_REPRESENTATION_CONTEXT(2) 
PARAMETRIC_REPRESENTATION_CONTEXT() REPRESENTATION_CONTEXT('2D SPACE',''
  ) );
#9203 = PCURVE('',#2535,#9204);
#9204 = DEFINITIONAL_REPRESENTATION('',(#9205),#9209);
#9205 = LINE('',#9206,#9207);
#9206 = CARTESIAN_POINT('',(0.34983605768,0.));
#9207 = VECTOR('',#9208,1.);
#9208 = DIRECTION('',(0.,-1.));
#9209 = ( GEOMETRIC_REPRESENTATION_CONTEXT(2) 
PARAMETRIC_REPRESENTATION_CONTEXT() REPRESENTATION_CONTEXT('2D SPACE',''
  ) );
#9210 = ORIENTED_EDGE('',*,*,#2546,.F.);
#9211 = ORIENTED_EDGE('',*,*,#9163,.F.);
#9212 = ADVANCED_FACE('',(#9213),#2535,.F.);
#9213 = FACE_BOUND('',#9214,.F.);
#9214 = EDGE_LOOP('',(#9215,#9216,#9237,#9238));
#9215 = ORIENTED_EDGE('',*,*,#5304,.T.);
#9216 = ORIENTED_EDGE('',*,*,#9217,.T.);
#9217 = EDGE_CURVE('',#5284,#2495,#9218,.T.);
#9218 = SURFACE_CURVE('',#9219,(#9223,#9230),.PCURVE_S1.);
#9219 = LINE('',#9220,#9221);
#9220 = CARTESIAN_POINT('',(-64.39742172835,5.770768189023,-200.));
#9221 = VECTOR('',#9222,1.);
#9222 = DIRECTION('',(0.,0.,1.));
#9223 = PCURVE('',#2535,#9224);
#9224 = DEFINITIONAL_REPRESENTATION('',(#9225),#9229);
#9225 = LINE('',#9226,#9227);
#9226 = CARTESIAN_POINT('',(0.,0.));
#9227 = VECTOR('',#9228,1.);
#9228 = DIRECTION('',(0.,-1.));
#9229 = ( GEOMETRIC_REPRESENTATION_CONTEXT(2) 
PARAMETRIC_REPRESENTATION_CONTEXT() REPRESENTATION_CONTEXT('2D SPACE',''
  ) );
#9230 = PCURVE('',#2509,#9231);
#9231 = DEFINITIONAL_REPRESENTATION('',(#9232),#9236);
#9232 = LINE('',#9233,#9234);
#9233 = CARTESIAN_POINT('',(0.346936339245,0.));
#9234 = VECTOR('',#9235,1.);
#9235 = DIRECTION('',(0.,-1.));
#9236 = ( GEOMETRIC_REPRESENTATION_CONTEXT(2) 
PARAMETRIC_REPRESENTATION_CONTEXT() REPRESENTATION_CONTEXT('2D SPACE',''
  ) );
#9237 = ORIENTED_EDGE('',*,*,#2520,.F.);
#9238 = ORIENTED_EDGE('',*,*,#9190,.F.);
#9239 = ADVANCED_FACE('',(#9240),#2509,.F.);
#9240 = FACE_BOUND('',#9241,.F.);
#9241 = EDGE_LOOP('',(#9242,#9243,#9264,#9265));
#9242 = ORIENTED_EDGE('',*,*,#5283,.T.);
#9243 = ORIENTED_EDGE('',*,*,#9244,.T.);
#9244 = EDGE_CURVE('',#5263,#2469,#9245,.T.);
#9245 = SURFACE_CURVE('',#9246,(#9250,#9257),.PCURVE_S1.);
#9246 = LINE('',#9247,#9248);
#9247 = CARTESIAN_POINT('',(-64.48540982704,5.43517480712,-200.));
#9248 = VECTOR('',#9249,1.);
#9249 = DIRECTION('',(0.,0.,1.));
#9250 = PCURVE('',#2509,#9251);
#9251 = DEFINITIONAL_REPRESENTATION('',(#9252),#9256);
#9252 = LINE('',#9253,#9254);
#9253 = CARTESIAN_POINT('',(0.,0.));
#9254 = VECTOR('',#9255,1.);
#9255 = DIRECTION('',(0.,-1.));
#9256 = ( GEOMETRIC_REPRESENTATION_CONTEXT(2) 
PARAMETRIC_REPRESENTATION_CONTEXT() REPRESENTATION_CONTEXT('2D SPACE',''
  ) );
#9257 = PCURVE('',#2483,#9258);
#9258 = DEFINITIONAL_REPRESENTATION('',(#9259),#9263);
#9259 = LINE('',#9260,#9261);
#9260 = CARTESIAN_POINT('',(0.347025202043,0.));
#9261 = VECTOR('',#9262,1.);
#9262 = DIRECTION('',(0.,-1.));
#9263 = ( GEOMETRIC_REPRESENTATION_CONTEXT(2) 
PARAMETRIC_REPRESENTATION_CONTEXT() REPRESENTATION_CONTEXT('2D SPACE',''
  ) );
#9264 = ORIENTED_EDGE('',*,*,#2494,.F.);
#9265 = ORIENTED_EDGE('',*,*,#9217,.F.);
#9266 = ADVANCED_FACE('',(#9267),#2483,.F.);
#9267 = FACE_BOUND('',#9268,.F.);
#9268 = EDGE_LOOP('',(#9269,#9270,#9291,#9292));
#9269 = ORIENTED_EDGE('',*,*,#5262,.T.);
#9270 = ORIENTED_EDGE('',*,*,#9271,.T.);
#9271 = EDGE_CURVE('',#5242,#2443,#9272,.T.);
#9272 = SURFACE_CURVE('',#9273,(#9277,#9284),.PCURVE_S1.);
#9273 = LINE('',#9274,#9275);
#9274 = CARTESIAN_POINT('',(-64.57410736298,5.099676315363,-200.));
#9275 = VECTOR('',#9276,1.);
#9276 = DIRECTION('',(0.,0.,1.));
#9277 = PCURVE('',#2483,#9278);
#9278 = DEFINITIONAL_REPRESENTATION('',(#9279),#9283);
#9279 = LINE('',#9280,#9281);
#9280 = CARTESIAN_POINT('',(0.,0.));
#9281 = VECTOR('',#9282,1.);
#9282 = DIRECTION('',(0.,-1.));
#9283 = ( GEOMETRIC_REPRESENTATION_CONTEXT(2) 
PARAMETRIC_REPRESENTATION_CONTEXT() REPRESENTATION_CONTEXT('2D SPACE',''
  ) );
#9284 = PCURVE('',#2457,#9285);
#9285 = DEFINITIONAL_REPRESENTATION('',(#9286),#9290);
#9286 = LINE('',#9287,#9288);
#9287 = CARTESIAN_POINT('',(0.347356860278,0.));
#9288 = VECTOR('',#9289,1.);
#9289 = DIRECTION('',(0.,-1.));
#9290 = ( GEOMETRIC_REPRESENTATION_CONTEXT(2) 
PARAMETRIC_REPRESENTATION_CONTEXT() REPRESENTATION_CONTEXT('2D SPACE',''
  ) );
#9291 = ORIENTED_EDGE('',*,*,#2468,.F.);
#9292 = ORIENTED_EDGE('',*,*,#9244,.F.);
#9293 = ADVANCED_FACE('',(#9294),#2457,.F.);
#9294 = FACE_BOUND('',#9295,.F.);
#9295 = EDGE_LOOP('',(#9296,#9297,#9318,#9319));
#9296 = ORIENTED_EDGE('',*,*,#5241,.T.);
#9297 = ORIENTED_EDGE('',*,*,#9298,.T.);
#9298 = EDGE_CURVE('',#5221,#2417,#9299,.T.);
#9299 = SURFACE_CURVE('',#9300,(#9304,#9311),.PCURVE_S1.);
#9300 = LINE('',#9301,#9302);
#9301 = CARTESIAN_POINT('',(-64.65842869596,4.762709401281,-200.));
#9302 = VECTOR('',#9303,1.);
#9303 = DIRECTION('',(0.,0.,1.));
#9304 = PCURVE('',#2457,#9305);
#9305 = DEFINITIONAL_REPRESENTATION('',(#9306),#9310);
#9306 = LINE('',#9307,#9308);
#9307 = CARTESIAN_POINT('',(0.,0.));
#9308 = VECTOR('',#9309,1.);
#9309 = DIRECTION('',(0.,-1.));
#9310 = ( GEOMETRIC_REPRESENTATION_CONTEXT(2) 
PARAMETRIC_REPRESENTATION_CONTEXT() REPRESENTATION_CONTEXT('2D SPACE',''
  ) );
#9311 = PCURVE('',#2431,#9312);
#9312 = DEFINITIONAL_REPRESENTATION('',(#9313),#9317);
#9313 = LINE('',#9314,#9315);
#9314 = CARTESIAN_POINT('',(0.343863833827,0.));
#9315 = VECTOR('',#9316,1.);
#9316 = DIRECTION('',(0.,-1.));
#9317 = ( GEOMETRIC_REPRESENTATION_CONTEXT(2) 
PARAMETRIC_REPRESENTATION_CONTEXT() REPRESENTATION_CONTEXT('2D SPACE',''
  ) );
#9318 = ORIENTED_EDGE('',*,*,#2442,.F.);
#9319 = ORIENTED_EDGE('',*,*,#9271,.F.);
#9320 = ADVANCED_FACE('',(#9321),#2431,.F.);
#9321 = FACE_BOUND('',#9322,.F.);
#9322 = EDGE_LOOP('',(#9323,#9324,#9345,#9346));
#9323 = ORIENTED_EDGE('',*,*,#5220,.T.);
#9324 = ORIENTED_EDGE('',*,*,#9325,.T.);
#9325 = EDGE_CURVE('',#5200,#2391,#9326,.T.);
#9326 = SURFACE_CURVE('',#9327,(#9331,#9338),.PCURVE_S1.);
#9327 = LINE('',#9328,#9329);
#9328 = CARTESIAN_POINT('',(-64.74008998797,4.42868280114,-200.));
#9329 = VECTOR('',#9330,1.);
#9330 = DIRECTION('',(0.,0.,1.));
#9331 = PCURVE('',#2431,#9332);
#9332 = DEFINITIONAL_REPRESENTATION('',(#9333),#9337);
#9333 = LINE('',#9334,#9335);
#9334 = CARTESIAN_POINT('',(0.,0.));
#9335 = VECTOR('',#9336,1.);
#9336 = DIRECTION('',(0.,-1.));
#9337 = ( GEOMETRIC_REPRESENTATION_CONTEXT(2) 
PARAMETRIC_REPRESENTATION_CONTEXT() REPRESENTATION_CONTEXT('2D SPACE',''
  ) );
#9338 = PCURVE('',#2405,#9339);
#9339 = DEFINITIONAL_REPRESENTATION('',(#9340),#9344);
#9340 = LINE('',#9341,#9342);
#9341 = CARTESIAN_POINT('',(0.345459113544,0.));
#9342 = VECTOR('',#9343,1.);
#9343 = DIRECTION('',(0.,-1.));
#9344 = ( GEOMETRIC_REPRESENTATION_CONTEXT(2) 
PARAMETRIC_REPRESENTATION_CONTEXT() REPRESENTATION_CONTEXT('2D SPACE',''
  ) );
#9345 = ORIENTED_EDGE('',*,*,#2416,.F.);
#9346 = ORIENTED_EDGE('',*,*,#9298,.F.);
#9347 = ADVANCED_FACE('',(#9348),#2405,.F.);
#9348 = FACE_BOUND('',#9349,.F.);
#9349 = EDGE_LOOP('',(#9350,#9351,#9372,#9373));
#9350 = ORIENTED_EDGE('',*,*,#5199,.T.);
#9351 = ORIENTED_EDGE('',*,*,#9352,.T.);
#9352 = EDGE_CURVE('',#5179,#2365,#9353,.T.);
#9353 = SURFACE_CURVE('',#9354,(#9358,#9365),.PCURVE_S1.);
#9354 = LINE('',#9355,#9356);
#9355 = CARTESIAN_POINT('',(-64.82274005533,4.093256258517,-200.));
#9356 = VECTOR('',#9357,1.);
#9357 = DIRECTION('',(0.,0.,1.));
#9358 = PCURVE('',#2405,#9359);
#9359 = DEFINITIONAL_REPRESENTATION('',(#9360),#9364);
#9360 = LINE('',#9361,#9362);
#9361 = CARTESIAN_POINT('',(0.,0.));
#9362 = VECTOR('',#9363,1.);
#9363 = DIRECTION('',(0.,-1.));
#9364 = ( GEOMETRIC_REPRESENTATION_CONTEXT(2) 
PARAMETRIC_REPRESENTATION_CONTEXT() REPRESENTATION_CONTEXT('2D SPACE',''
  ) );
#9365 = PCURVE('',#2379,#9366);
#9366 = DEFINITIONAL_REPRESENTATION('',(#9367),#9371);
#9367 = LINE('',#9368,#9369);
#9368 = CARTESIAN_POINT('',(0.345838289792,0.));
#9369 = VECTOR('',#9370,1.);
#9370 = DIRECTION('',(0.,-1.));
#9371 = ( GEOMETRIC_REPRESENTATION_CONTEXT(2) 
PARAMETRIC_REPRESENTATION_CONTEXT() REPRESENTATION_CONTEXT('2D SPACE',''
  ) );
#9372 = ORIENTED_EDGE('',*,*,#2390,.F.);
#9373 = ORIENTED_EDGE('',*,*,#9325,.F.);
#9374 = ADVANCED_FACE('',(#9375),#2379,.F.);
#9375 = FACE_BOUND('',#9376,.F.);
#9376 = EDGE_LOOP('',(#9377,#9378,#9399,#9400));
#9377 = ORIENTED_EDGE('',*,*,#5178,.T.);
#9378 = ORIENTED_EDGE('',*,*,#9379,.T.);
#9379 = EDGE_CURVE('',#5158,#2339,#9380,.T.);
#9380 = SURFACE_CURVE('',#9381,(#9385,#9392),.PCURVE_S1.);
#9381 = LINE('',#9382,#9383);
#9382 = CARTESIAN_POINT('',(-64.90124645418,3.756446418955,-200.));
#9383 = VECTOR('',#9384,1.);
#9384 = DIRECTION('',(0.,0.,1.));
#9385 = PCURVE('',#2379,#9386);
#9386 = DEFINITIONAL_REPRESENTATION('',(#9387),#9391);
#9387 = LINE('',#9388,#9389);
#9388 = CARTESIAN_POINT('',(0.,0.));
#9389 = VECTOR('',#9390,1.);
#9390 = DIRECTION('',(0.,-1.));
#9391 = ( GEOMETRIC_REPRESENTATION_CONTEXT(2) 
PARAMETRIC_REPRESENTATION_CONTEXT() REPRESENTATION_CONTEXT('2D SPACE',''
  ) );
#9392 = PCURVE('',#2353,#9393);
#9393 = DEFINITIONAL_REPRESENTATION('',(#9394),#9398);
#9394 = LINE('',#9395,#9396);
#9395 = CARTESIAN_POINT('',(0.343926759275,0.));
#9396 = VECTOR('',#9397,1.);
#9397 = DIRECTION('',(0.,-1.));
#9398 = ( GEOMETRIC_REPRESENTATION_CONTEXT(2) 
PARAMETRIC_REPRESENTATION_CONTEXT() REPRESENTATION_CONTEXT('2D SPACE',''
  ) );
#9399 = ORIENTED_EDGE('',*,*,#2364,.F.);
#9400 = ORIENTED_EDGE('',*,*,#9352,.F.);
#9401 = ADVANCED_FACE('',(#9402),#2353,.F.);
#9402 = FACE_BOUND('',#9403,.F.);
#9403 = EDGE_LOOP('',(#9404,#9405,#9426,#9427));
#9404 = ORIENTED_EDGE('',*,*,#5157,.T.);
#9405 = ORIENTED_EDGE('',*,*,#9406,.T.);
#9406 = EDGE_CURVE('',#5137,#2313,#9407,.T.);
#9407 = SURFACE_CURVE('',#9408,(#9412,#9419),.PCURVE_S1.);
#9408 = LINE('',#9409,#9410);
#9409 = CARTESIAN_POINT('',(-64.97756718076,3.421094719332,-200.));
#9410 = VECTOR('',#9411,1.);
#9411 = DIRECTION('',(0.,0.,1.));
#9412 = PCURVE('',#2353,#9413);
#9413 = DEFINITIONAL_REPRESENTATION('',(#9414),#9418);
#9414 = LINE('',#9415,#9416);
#9415 = CARTESIAN_POINT('',(0.,0.));
#9416 = VECTOR('',#9417,1.);
#9417 = DIRECTION('',(0.,-1.));
#9418 = ( GEOMETRIC_REPRESENTATION_CONTEXT(2) 
PARAMETRIC_REPRESENTATION_CONTEXT() REPRESENTATION_CONTEXT('2D SPACE',''
  ) );
#9419 = PCURVE('',#2327,#9420);
#9420 = DEFINITIONAL_REPRESENTATION('',(#9421),#9425);
#9421 = LINE('',#9422,#9423);
#9422 = CARTESIAN_POINT('',(0.363594706075,0.));
#9423 = VECTOR('',#9424,1.);
#9424 = DIRECTION('',(0.,-1.));
#9425 = ( GEOMETRIC_REPRESENTATION_CONTEXT(2) 
PARAMETRIC_REPRESENTATION_CONTEXT() REPRESENTATION_CONTEXT('2D SPACE',''
  ) );
#9426 = ORIENTED_EDGE('',*,*,#2338,.F.);
#9427 = ORIENTED_EDGE('',*,*,#9379,.F.);
#9428 = ADVANCED_FACE('',(#9429),#2327,.F.);
#9429 = FACE_BOUND('',#9430,.F.);
#9430 = EDGE_LOOP('',(#9431,#9432,#9453,#9454));
#9431 = ORIENTED_EDGE('',*,*,#5136,.T.);
#9432 = ORIENTED_EDGE('',*,*,#9433,.T.);
#9433 = EDGE_CURVE('',#5116,#2287,#9434,.T.);
#9434 = SURFACE_CURVE('',#9435,(#9439,#9446),.PCURVE_S1.);
#9435 = LINE('',#9436,#9437);
#9436 = CARTESIAN_POINT('',(-65.05588564898,3.066035107686,-200.));
#9437 = VECTOR('',#9438,1.);
#9438 = DIRECTION('',(0.,0.,1.));
#9439 = PCURVE('',#2327,#9440);
#9440 = DEFINITIONAL_REPRESENTATION('',(#9441),#9445);
#9441 = LINE('',#9442,#9443);
#9442 = CARTESIAN_POINT('',(0.,0.));
#9443 = VECTOR('',#9444,1.);
#9444 = DIRECTION('',(0.,-1.));
#9445 = ( GEOMETRIC_REPRESENTATION_CONTEXT(2) 
PARAMETRIC_REPRESENTATION_CONTEXT() REPRESENTATION_CONTEXT('2D SPACE',''
  ) );
#9446 = PCURVE('',#2301,#9447);
#9447 = DEFINITIONAL_REPRESENTATION('',(#9448),#9452);
#9448 = LINE('',#9449,#9450);
#9449 = CARTESIAN_POINT('',(0.378607486179,0.));
#9450 = VECTOR('',#9451,1.);
#9451 = DIRECTION('',(0.,-1.));
#9452 = ( GEOMETRIC_REPRESENTATION_CONTEXT(2) 
PARAMETRIC_REPRESENTATION_CONTEXT() REPRESENTATION_CONTEXT('2D SPACE',''
  ) );
#9453 = ORIENTED_EDGE('',*,*,#2312,.F.);
#9454 = ORIENTED_EDGE('',*,*,#9406,.F.);
#9455 = ADVANCED_FACE('',(#9456),#2301,.F.);
#9456 = FACE_BOUND('',#9457,.F.);
#9457 = EDGE_LOOP('',(#9458,#9459,#9480,#9481));
#9458 = ORIENTED_EDGE('',*,*,#5115,.T.);
#9459 = ORIENTED_EDGE('',*,*,#9460,.T.);
#9460 = EDGE_CURVE('',#5095,#2261,#9461,.T.);
#9461 = SURFACE_CURVE('',#9462,(#9466,#9473),.PCURVE_S1.);
#9462 = LINE('',#9463,#9464);
#9463 = CARTESIAN_POINT('',(-65.0982334464,2.689803406943,-200.));
#9464 = VECTOR('',#9465,1.);
#9465 = DIRECTION('',(0.,0.,1.));
#9466 = PCURVE('',#2301,#9467);
#9467 = DEFINITIONAL_REPRESENTATION('',(#9468),#9472);
#9468 = LINE('',#9469,#9470);
#9469 = CARTESIAN_POINT('',(0.,0.));
#9470 = VECTOR('',#9471,1.);
#9471 = DIRECTION('',(0.,-1.));
#9472 = ( GEOMETRIC_REPRESENTATION_CONTEXT(2) 
PARAMETRIC_REPRESENTATION_CONTEXT() REPRESENTATION_CONTEXT('2D SPACE',''
  ) );
#9473 = PCURVE('',#2275,#9474);
#9474 = DEFINITIONAL_REPRESENTATION('',(#9475),#9479);
#9475 = LINE('',#9476,#9477);
#9476 = CARTESIAN_POINT('',(0.355816342901,0.));
#9477 = VECTOR('',#9478,1.);
#9478 = DIRECTION('',(0.,-1.));
#9479 = ( GEOMETRIC_REPRESENTATION_CONTEXT(2) 
PARAMETRIC_REPRESENTATION_CONTEXT() REPRESENTATION_CONTEXT('2D SPACE',''
  ) );
#9480 = ORIENTED_EDGE('',*,*,#2286,.F.);
#9481 = ORIENTED_EDGE('',*,*,#9433,.F.);
#9482 = ADVANCED_FACE('',(#9483),#2275,.F.);
#9483 = FACE_BOUND('',#9484,.F.);
#9484 = EDGE_LOOP('',(#9485,#9486,#9507,#9508));
#9485 = ORIENTED_EDGE('',*,*,#5094,.T.);
#9486 = ORIENTED_EDGE('',*,*,#9487,.T.);
#9487 = EDGE_CURVE('',#5074,#2235,#9488,.T.);
#9488 = SURFACE_CURVE('',#9489,(#9493,#9500),.PCURVE_S1.);
#9489 = LINE('',#9490,#9491);
#9490 = CARTESIAN_POINT('',(-65.0999994586,2.333991446666,-200.));
#9491 = VECTOR('',#9492,1.);
#9492 = DIRECTION('',(0.,0.,1.));
#9493 = PCURVE('',#2275,#9494);
#9494 = DEFINITIONAL_REPRESENTATION('',(#9495),#9499);
#9495 = LINE('',#9496,#9497);
#9496 = CARTESIAN_POINT('',(0.,0.));
#9497 = VECTOR('',#9498,1.);
#9498 = DIRECTION('',(0.,-1.));
#9499 = ( GEOMETRIC_REPRESENTATION_CONTEXT(2) 
PARAMETRIC_REPRESENTATION_CONTEXT() REPRESENTATION_CONTEXT('2D SPACE',''
  ) );
#9500 = PCURVE('',#2249,#9501);
#9501 = DEFINITIONAL_REPRESENTATION('',(#9502),#9506);
#9502 = LINE('',#9503,#9504);
#9503 = CARTESIAN_POINT('',(0.333991446666,0.));
#9504 = VECTOR('',#9505,1.);
#9505 = DIRECTION('',(0.,-1.));
#9506 = ( GEOMETRIC_REPRESENTATION_CONTEXT(2) 
PARAMETRIC_REPRESENTATION_CONTEXT() REPRESENTATION_CONTEXT('2D SPACE',''
  ) );
#9507 = ORIENTED_EDGE('',*,*,#2260,.F.);
#9508 = ORIENTED_EDGE('',*,*,#9460,.F.);
#9509 = ADVANCED_FACE('',(#9510),#2249,.F.);
#9510 = FACE_BOUND('',#9511,.F.);
#9511 = EDGE_LOOP('',(#9512,#9513,#9514,#9537,#9569,#9597,#9629,#9650));
#9512 = ORIENTED_EDGE('',*,*,#9487,.F.);
#9513 = ORIENTED_EDGE('',*,*,#5073,.T.);
#9514 = ORIENTED_EDGE('',*,*,#9515,.T.);
#9515 = EDGE_CURVE('',#5048,#9516,#9518,.T.);
#9516 = VERTEX_POINT('',#9517);
#9517 = CARTESIAN_POINT('',(-65.1,2.,-36.0307764064));
#9518 = SURFACE_CURVE('',#9519,(#9523,#9530),.PCURVE_S1.);
#9519 = LINE('',#9520,#9521);
#9520 = CARTESIAN_POINT('',(-65.1,2.,-200.));
#9521 = VECTOR('',#9522,1.);
#9522 = DIRECTION('',(0.,0.,1.));
#9523 = PCURVE('',#2249,#9524);
#9524 = DEFINITIONAL_REPRESENTATION('',(#9525),#9529);
#9525 = LINE('',#9526,#9527);
#9526 = CARTESIAN_POINT('',(0.,0.));
#9527 = VECTOR('',#9528,1.);
#9528 = DIRECTION('',(0.,-1.));
#9529 = ( GEOMETRIC_REPRESENTATION_CONTEXT(2) 
PARAMETRIC_REPRESENTATION_CONTEXT() REPRESENTATION_CONTEXT('2D SPACE',''
  ) );
#9530 = PCURVE('',#5062,#9531);
#9531 = DEFINITIONAL_REPRESENTATION('',(#9532),#9536);
#9532 = LINE('',#9533,#9534);
#9533 = CARTESIAN_POINT('',(4.,0.));
#9534 = VECTOR('',#9535,1.);
#9535 = DIRECTION('',(0.,-1.));
#9536 = ( GEOMETRIC_REPRESENTATION_CONTEXT(2) 
PARAMETRIC_REPRESENTATION_CONTEXT() REPRESENTATION_CONTEXT('2D SPACE',''
  ) );
#9537 = ORIENTED_EDGE('',*,*,#9538,.F.);
#9538 = EDGE_CURVE('',#9539,#9516,#9541,.T.);
#9539 = VERTEX_POINT('',#9540);
#9540 = CARTESIAN_POINT('',(-65.1,2.,-33.96922359359));
#9541 = SURFACE_CURVE('',#9542,(#9547,#9554),.PCURVE_S1.);
#9542 = ELLIPSE('',#9543,2.250000000003,2.25);
#9543 = AXIS2_PLACEMENT_3D('',#9544,#9545,#9546);
#9544 = CARTESIAN_POINT('',(-65.10000324195,0.,-35.));
#9545 = DIRECTION('',(-0.999999999999,1.620975083529E-06,0.));
#9546 = DIRECTION('',(1.620975083529E-06,0.999999999999,
    6.849106046762E-11));
#9547 = PCURVE('',#2249,#9548);
#9548 = DEFINITIONAL_REPRESENTATION('',(#9549),#9553);
#9549 = ELLIPSE('',#9550,2.250000000003,2.25);
#9550 = AXIS2_PLACEMENT_2D('',#9551,#9552);
#9551 = CARTESIAN_POINT('',(-2.000000000003,-165.));
#9552 = DIRECTION('',(1.,-6.849106046762E-11));
#9553 = ( GEOMETRIC_REPRESENTATION_CONTEXT(2) 
PARAMETRIC_REPRESENTATION_CONTEXT() REPRESENTATION_CONTEXT('2D SPACE',''
  ) );
#9554 = PCURVE('',#9555,#9560);
#9555 = CYLINDRICAL_SURFACE('',#9556,2.25);
#9556 = AXIS2_PLACEMENT_3D('',#9557,#9558,#9559);
#9557 = CARTESIAN_POINT('',(-74.1,0.,-35.));
#9558 = DIRECTION('',(1.,0.,1.110223024625E-16));
#9559 = DIRECTION('',(1.110223024625E-16,0.,-1.));
#9560 = DEFINITIONAL_REPRESENTATION('',(#9561),#9568);
#9561 = B_SPLINE_CURVE_WITH_KNOTS('',5,(#9562,#9563,#9564,#9565,#9566,
    #9567),.UNSPECIFIED.,.F.,.F.,(6,6),(5.775855299218,6.790515315278),
  .PIECEWISE_BEZIER_KNOTS.);
#9562 = CARTESIAN_POINT('',(2.078126334825,8.999999945861));
#9563 = CARTESIAN_POINT('',(1.875194331613,9.000000305451));
#9564 = CARTESIAN_POINT('',(1.672262328401,9.000000501062));
#9565 = CARTESIAN_POINT('',(1.469330325189,9.000000501062));
#9566 = CARTESIAN_POINT('',(1.266398321977,9.000000305451));
#9567 = CARTESIAN_POINT('',(1.063466318765,8.999999945861));
#9568 = ( GEOMETRIC_REPRESENTATION_CONTEXT(2) 
PARAMETRIC_REPRESENTATION_CONTEXT() REPRESENTATION_CONTEXT('2D SPACE',''
  ) );
#9569 = ORIENTED_EDGE('',*,*,#9570,.T.);
#9570 = EDGE_CURVE('',#9539,#9571,#9573,.T.);
#9571 = VERTEX_POINT('',#9572);
#9572 = CARTESIAN_POINT('',(-65.1,2.,33.969223593596));
#9573 = SURFACE_CURVE('',#9574,(#9578,#9585),.PCURVE_S1.);
#9574 = LINE('',#9575,#9576);
#9575 = CARTESIAN_POINT('',(-65.1,2.,-200.));
#9576 = VECTOR('',#9577,1.);
#9577 = DIRECTION('',(0.,0.,1.));
#9578 = PCURVE('',#2249,#9579);
#9579 = DEFINITIONAL_REPRESENTATION('',(#9580),#9584);
#9580 = LINE('',#9581,#9582);
#9581 = CARTESIAN_POINT('',(0.,0.));
#9582 = VECTOR('',#9583,1.);
#9583 = DIRECTION('',(0.,-1.));
#9584 = ( GEOMETRIC_REPRESENTATION_CONTEXT(2) 
PARAMETRIC_REPRESENTATION_CONTEXT() REPRESENTATION_CONTEXT('2D SPACE',''
  ) );
#9585 = PCURVE('',#9586,#9591);
#9586 = PLANE('',#9587);
#9587 = AXIS2_PLACEMENT_3D('',#9588,#9589,#9590);
#9588 = CARTESIAN_POINT('',(-65.1,-2.,-200.));
#9589 = DIRECTION('',(-1.,0.,0.));
#9590 = DIRECTION('',(0.,1.,0.));
#9591 = DEFINITIONAL_REPRESENTATION('',(#9592),#9596);
#9592 = LINE('',#9593,#9594);
#9593 = CARTESIAN_POINT('',(4.,0.));
#9594 = VECTOR('',#9595,1.);
#9595 = DIRECTION('',(0.,-1.));
#9596 = ( GEOMETRIC_REPRESENTATION_CONTEXT(2) 
PARAMETRIC_REPRESENTATION_CONTEXT() REPRESENTATION_CONTEXT('2D SPACE',''
  ) );
#9597 = ORIENTED_EDGE('',*,*,#9598,.F.);
#9598 = EDGE_CURVE('',#9599,#9571,#9601,.T.);
#9599 = VERTEX_POINT('',#9600);
#9600 = CARTESIAN_POINT('',(-65.1,2.,36.030776406404));
#9601 = SURFACE_CURVE('',#9602,(#9607,#9614),.PCURVE_S1.);
#9602 = ELLIPSE('',#9603,2.250000000003,2.25);
#9603 = AXIS2_PLACEMENT_3D('',#9604,#9605,#9606);
#9604 = CARTESIAN_POINT('',(-65.10000324195,0.,35.));
#9605 = DIRECTION('',(-0.999999999999,1.620975083529E-06,0.));
#9606 = DIRECTION('',(1.620975083529E-06,0.999999999999,
    6.849106046762E-11));
#9607 = PCURVE('',#2249,#9608);
#9608 = DEFINITIONAL_REPRESENTATION('',(#9609),#9613);
#9609 = ELLIPSE('',#9610,2.250000000003,2.25);
#9610 = AXIS2_PLACEMENT_2D('',#9611,#9612);
#9611 = CARTESIAN_POINT('',(-2.000000000003,-235.));
#9612 = DIRECTION('',(1.,-6.849106046762E-11));
#9613 = ( GEOMETRIC_REPRESENTATION_CONTEXT(2) 
PARAMETRIC_REPRESENTATION_CONTEXT() REPRESENTATION_CONTEXT('2D SPACE',''
  ) );
#9614 = PCURVE('',#9615,#9620);
#9615 = CYLINDRICAL_SURFACE('',#9616,2.25);
#9616 = AXIS2_PLACEMENT_3D('',#9617,#9618,#9619);
#9617 = CARTESIAN_POINT('',(-74.1,0.,35.));
#9618 = DIRECTION('',(1.,0.,1.110223024625E-16));
#9619 = DIRECTION('',(1.110223024625E-16,0.,-1.));
#9620 = DEFINITIONAL_REPRESENTATION('',(#9621),#9628);
#9621 = B_SPLINE_CURVE_WITH_KNOTS('',5,(#9622,#9623,#9624,#9625,#9626,
    #9627),.UNSPECIFIED.,.F.,.F.,(6,6),(5.775855299218,6.790515315278),
  .PIECEWISE_BEZIER_KNOTS.);
#9622 = CARTESIAN_POINT('',(2.078126334825,8.999999945861));
#9623 = CARTESIAN_POINT('',(1.875194331613,9.000000305451));
#9624 = CARTESIAN_POINT('',(1.672262328401,9.000000501062));
#9625 = CARTESIAN_POINT('',(1.469330325189,9.000000501062));
#9626 = CARTESIAN_POINT('',(1.266398321977,9.000000305451));
#9627 = CARTESIAN_POINT('',(1.063466318765,8.999999945861));
#9628 = ( GEOMETRIC_REPRESENTATION_CONTEXT(2) 
PARAMETRIC_REPRESENTATION_CONTEXT() REPRESENTATION_CONTEXT('2D SPACE',''
  ) );
#9629 = ORIENTED_EDGE('',*,*,#9630,.T.);
#9630 = EDGE_CURVE('',#9599,#2209,#9631,.T.);
#9631 = SURFACE_CURVE('',#9632,(#9636,#9643),.PCURVE_S1.);
#9632 = LINE('',#9633,#9634);
#9633 = CARTESIAN_POINT('',(-65.1,2.,-200.));
#9634 = VECTOR('',#9635,1.);
#9635 = DIRECTION('',(0.,0.,1.));
#9636 = PCURVE('',#2249,#9637);
#9637 = DEFINITIONAL_REPRESENTATION('',(#9638),#9642);
#9638 = LINE('',#9639,#9640);
#9639 = CARTESIAN_POINT('',(0.,0.));
#9640 = VECTOR('',#9641,1.);
#9641 = DIRECTION('',(0.,-1.));
#9642 = ( GEOMETRIC_REPRESENTATION_CONTEXT(2) 
PARAMETRIC_REPRESENTATION_CONTEXT() REPRESENTATION_CONTEXT('2D SPACE',''
  ) );
#9643 = PCURVE('',#2223,#9644);
#9644 = DEFINITIONAL_REPRESENTATION('',(#9645),#9649);
#9645 = LINE('',#9646,#9647);
#9646 = CARTESIAN_POINT('',(4.,0.));
#9647 = VECTOR('',#9648,1.);
#9648 = DIRECTION('',(0.,-1.));
#9649 = ( GEOMETRIC_REPRESENTATION_CONTEXT(2) 
PARAMETRIC_REPRESENTATION_CONTEXT() REPRESENTATION_CONTEXT('2D SPACE',''
  ) );
#9650 = ORIENTED_EDGE('',*,*,#2234,.F.);
#9651 = ADVANCED_FACE('',(#9652),#2223,.F.);
#9652 = FACE_BOUND('',#9653,.F.);
#9653 = EDGE_LOOP('',(#9654,#9655,#9683,#9704));
#9654 = ORIENTED_EDGE('',*,*,#9630,.F.);
#9655 = ORIENTED_EDGE('',*,*,#9656,.T.);
#9656 = EDGE_CURVE('',#9599,#9657,#9659,.T.);
#9657 = VERTEX_POINT('',#9658);
#9658 = CARTESIAN_POINT('',(-65.1,-2.,36.030776406404));
#9659 = SURFACE_CURVE('',#9660,(#9665,#9676),.PCURVE_S1.);
#9660 = CIRCLE('',#9661,2.25);
#9661 = AXIS2_PLACEMENT_3D('',#9662,#9663,#9664);
#9662 = CARTESIAN_POINT('',(-65.1,0.,35.));
#9663 = DIRECTION('',(1.,0.,1.110223024625E-16));
#9664 = DIRECTION('',(1.110223024625E-16,0.,-1.));
#9665 = PCURVE('',#2223,#9666);
#9666 = DEFINITIONAL_REPRESENTATION('',(#9667),#9675);
#9667 = ( BOUNDED_CURVE() B_SPLINE_CURVE(2,(#9668,#9669,#9670,#9671,
#9672,#9673,#9674),.UNSPECIFIED.,.T.,.F.) B_SPLINE_CURVE_WITH_KNOTS((1,2
    ,2,2,2,1),(-2.094395102393,0.,2.094395102393,4.188790204786,
6.28318530718,8.377580409573),.UNSPECIFIED.) CURVE() 
GEOMETRIC_REPRESENTATION_ITEM() RATIONAL_B_SPLINE_CURVE((1.,0.5,1.,0.5,
1.,0.5,1.)) REPRESENTATION_ITEM('') );
#9668 = CARTESIAN_POINT('',(2.,-232.75));
#9669 = CARTESIAN_POINT('',(5.89711431703,-232.75));
#9670 = CARTESIAN_POINT('',(3.948557158515,-236.125));
#9671 = CARTESIAN_POINT('',(2.,-239.5));
#9672 = CARTESIAN_POINT('',(5.144284148501E-02,-236.125));
#9673 = CARTESIAN_POINT('',(-1.89711431703,-232.75));
#9674 = CARTESIAN_POINT('',(2.,-232.75));
#9675 = ( GEOMETRIC_REPRESENTATION_CONTEXT(2) 
PARAMETRIC_REPRESENTATION_CONTEXT() REPRESENTATION_CONTEXT('2D SPACE',''
  ) );
#9676 = PCURVE('',#9615,#9677);
#9677 = DEFINITIONAL_REPRESENTATION('',(#9678),#9682);
#9678 = LINE('',#9679,#9680);
#9679 = CARTESIAN_POINT('',(0.,9.));
#9680 = VECTOR('',#9681,1.);
#9681 = DIRECTION('',(1.,0.));
#9682 = ( GEOMETRIC_REPRESENTATION_CONTEXT(2) 
PARAMETRIC_REPRESENTATION_CONTEXT() REPRESENTATION_CONTEXT('2D SPACE',''
  ) );
#9683 = ORIENTED_EDGE('',*,*,#9684,.T.);
#9684 = EDGE_CURVE('',#9657,#2183,#9685,.T.);
#9685 = SURFACE_CURVE('',#9686,(#9690,#9697),.PCURVE_S1.);
#9686 = LINE('',#9687,#9688);
#9687 = CARTESIAN_POINT('',(-65.1,-2.,-200.));
#9688 = VECTOR('',#9689,1.);
#9689 = DIRECTION('',(0.,0.,1.));
#9690 = PCURVE('',#2223,#9691);
#9691 = DEFINITIONAL_REPRESENTATION('',(#9692),#9696);
#9692 = LINE('',#9693,#9694);
#9693 = CARTESIAN_POINT('',(0.,0.));
#9694 = VECTOR('',#9695,1.);
#9695 = DIRECTION('',(0.,-1.));
#9696 = ( GEOMETRIC_REPRESENTATION_CONTEXT(2) 
PARAMETRIC_REPRESENTATION_CONTEXT() REPRESENTATION_CONTEXT('2D SPACE',''
  ) );
#9697 = PCURVE('',#2197,#9698);
#9698 = DEFINITIONAL_REPRESENTATION('',(#9699),#9703);
#9699 = LINE('',#9700,#9701);
#9700 = CARTESIAN_POINT('',(0.334468795954,0.));
#9701 = VECTOR('',#9702,1.);
#9702 = DIRECTION('',(0.,-1.));
#9703 = ( GEOMETRIC_REPRESENTATION_CONTEXT(2) 
PARAMETRIC_REPRESENTATION_CONTEXT() REPRESENTATION_CONTEXT('2D SPACE',''
  ) );
#9704 = ORIENTED_EDGE('',*,*,#2208,.F.);
#9705 = ADVANCED_FACE('',(#9706),#2197,.F.);
#9706 = FACE_BOUND('',#9707,.F.);
#9707 = EDGE_LOOP('',(#9708,#9731,#9732,#9753,#9754,#9755,#9782,#9805));
#9708 = ORIENTED_EDGE('',*,*,#9709,.F.);
#9709 = EDGE_CURVE('',#5027,#9710,#9712,.T.);
#9710 = VERTEX_POINT('',#9711);
#9711 = CARTESIAN_POINT('',(-65.1,-2.,-36.0307764064));
#9712 = SURFACE_CURVE('',#9713,(#9717,#9724),.PCURVE_S1.);
#9713 = LINE('',#9714,#9715);
#9714 = CARTESIAN_POINT('',(-65.1,-2.,-200.));
#9715 = VECTOR('',#9716,1.);
#9716 = DIRECTION('',(0.,0.,1.));
#9717 = PCURVE('',#2197,#9718);
#9718 = DEFINITIONAL_REPRESENTATION('',(#9719),#9723);
#9719 = LINE('',#9720,#9721);
#9720 = CARTESIAN_POINT('',(0.334468795954,0.));
#9721 = VECTOR('',#9722,1.);
#9722 = DIRECTION('',(0.,-1.));
#9723 = ( GEOMETRIC_REPRESENTATION_CONTEXT(2) 
PARAMETRIC_REPRESENTATION_CONTEXT() REPRESENTATION_CONTEXT('2D SPACE',''
  ) );
#9724 = PCURVE('',#5062,#9725);
#9725 = DEFINITIONAL_REPRESENTATION('',(#9726),#9730);
#9726 = LINE('',#9727,#9728);
#9727 = CARTESIAN_POINT('',(0.,0.));
#9728 = VECTOR('',#9729,1.);
#9729 = DIRECTION('',(0.,-1.));
#9730 = ( GEOMETRIC_REPRESENTATION_CONTEXT(2) 
PARAMETRIC_REPRESENTATION_CONTEXT() REPRESENTATION_CONTEXT('2D SPACE',''
  ) );
#9731 = ORIENTED_EDGE('',*,*,#5026,.T.);
#9732 = ORIENTED_EDGE('',*,*,#9733,.T.);
#9733 = EDGE_CURVE('',#5006,#2157,#9734,.T.);
#9734 = SURFACE_CURVE('',#9735,(#9739,#9746),.PCURVE_S1.);
#9735 = LINE('',#9736,#9737);
#9736 = CARTESIAN_POINT('',(-65.0999983884,-2.33446879595,-200.));
#9737 = VECTOR('',#9738,1.);
#9738 = DIRECTION('',(0.,0.,1.));
#9739 = PCURVE('',#2197,#9740);
#9740 = DEFINITIONAL_REPRESENTATION('',(#9741),#9745);
#9741 = LINE('',#9742,#9743);
#9742 = CARTESIAN_POINT('',(0.,0.));
#9743 = VECTOR('',#9744,1.);
#9744 = DIRECTION('',(0.,-1.));
#9745 = ( GEOMETRIC_REPRESENTATION_CONTEXT(2) 
PARAMETRIC_REPRESENTATION_CONTEXT() REPRESENTATION_CONTEXT('2D SPACE',''
  ) );
#9746 = PCURVE('',#2171,#9747);
#9747 = DEFINITIONAL_REPRESENTATION('',(#9748),#9752);
#9748 = LINE('',#9749,#9750);
#9749 = CARTESIAN_POINT('',(0.354437864083,0.));
#9750 = VECTOR('',#9751,1.);
#9751 = DIRECTION('',(0.,-1.));
#9752 = ( GEOMETRIC_REPRESENTATION_CONTEXT(2) 
PARAMETRIC_REPRESENTATION_CONTEXT() REPRESENTATION_CONTEXT('2D SPACE',''
  ) );
#9753 = ORIENTED_EDGE('',*,*,#2182,.F.);
#9754 = ORIENTED_EDGE('',*,*,#9684,.F.);
#9755 = ORIENTED_EDGE('',*,*,#9756,.F.);
#9756 = EDGE_CURVE('',#9757,#9657,#9759,.T.);
#9757 = VERTEX_POINT('',#9758);
#9758 = CARTESIAN_POINT('',(-65.1,-2.,33.969223593596));
#9759 = SURFACE_CURVE('',#9760,(#9765,#9772),.PCURVE_S1.);
#9760 = ELLIPSE('',#9761,2.250000000026,2.25);
#9761 = AXIS2_PLACEMENT_3D('',#9762,#9763,#9764);
#9762 = CARTESIAN_POINT('',(-65.10000963675,0.,35.));
#9763 = DIRECTION('',(-0.999999999988,-4.818379053245E-06,0.));
#9764 = DIRECTION('',(4.818379053245E-06,-0.999999999988,
    2.30414214481E-11));
#9765 = PCURVE('',#2197,#9766);
#9766 = DEFINITIONAL_REPRESENTATION('',(#9767),#9771);
#9767 = ELLIPSE('',#9768,2.250000000026,2.25);
#9768 = AXIS2_PLACEMENT_2D('',#9769,#9770);
#9769 = CARTESIAN_POINT('',(2.334468795977,-235.));
#9770 = DIRECTION('',(-1.,-2.30414214481E-11));
#9771 = ( GEOMETRIC_REPRESENTATION_CONTEXT(2) 
PARAMETRIC_REPRESENTATION_CONTEXT() REPRESENTATION_CONTEXT('2D SPACE',''
  ) );
#9772 = PCURVE('',#9615,#9773);
#9773 = DEFINITIONAL_REPRESENTATION('',(#9774),#9781);
#9774 = B_SPLINE_CURVE_WITH_KNOTS('',5,(#9775,#9776,#9777,#9778,#9779,
    #9780),.UNSPECIFIED.,.F.,.F.,(6,6),(5.7758116336,6.790558980713),
  .PIECEWISE_BEZIER_KNOTS.);
#9775 = CARTESIAN_POINT('',(5.219762653942,8.99999983884));
#9776 = CARTESIAN_POINT('',(5.016813184519,9.000000907904));
#9777 = CARTESIAN_POINT('',(4.813863715096,9.000001489465));
#9778 = CARTESIAN_POINT('',(4.610914245673,9.000001489465));
#9779 = CARTESIAN_POINT('',(4.407964776251,9.000000907904));
#9780 = CARTESIAN_POINT('',(4.205015306828,8.99999983884));
#9781 = ( GEOMETRIC_REPRESENTATION_CONTEXT(2) 
PARAMETRIC_REPRESENTATION_CONTEXT() REPRESENTATION_CONTEXT('2D SPACE',''
  ) );
#9782 = ORIENTED_EDGE('',*,*,#9783,.F.);
#9783 = EDGE_CURVE('',#9784,#9757,#9786,.T.);
#9784 = VERTEX_POINT('',#9785);
#9785 = CARTESIAN_POINT('',(-65.1,-2.,-33.96922359359));
#9786 = SURFACE_CURVE('',#9787,(#9791,#9798),.PCURVE_S1.);
#9787 = LINE('',#9788,#9789);
#9788 = CARTESIAN_POINT('',(-65.1,-2.,-200.));
#9789 = VECTOR('',#9790,1.);
#9790 = DIRECTION('',(0.,0.,1.));
#9791 = PCURVE('',#2197,#9792);
#9792 = DEFINITIONAL_REPRESENTATION('',(#9793),#9797);
#9793 = LINE('',#9794,#9795);
#9794 = CARTESIAN_POINT('',(0.334468795954,0.));
#9795 = VECTOR('',#9796,1.);
#9796 = DIRECTION('',(0.,-1.));
#9797 = ( GEOMETRIC_REPRESENTATION_CONTEXT(2) 
PARAMETRIC_REPRESENTATION_CONTEXT() REPRESENTATION_CONTEXT('2D SPACE',''
  ) );
#9798 = PCURVE('',#9586,#9799);
#9799 = DEFINITIONAL_REPRESENTATION('',(#9800),#9804);
#9800 = LINE('',#9801,#9802);
#9801 = CARTESIAN_POINT('',(0.,0.));
#9802 = VECTOR('',#9803,1.);
#9803 = DIRECTION('',(0.,-1.));
#9804 = ( GEOMETRIC_REPRESENTATION_CONTEXT(2) 
PARAMETRIC_REPRESENTATION_CONTEXT() REPRESENTATION_CONTEXT('2D SPACE',''
  ) );
#9805 = ORIENTED_EDGE('',*,*,#9806,.F.);
#9806 = EDGE_CURVE('',#9710,#9784,#9807,.T.);
#9807 = SURFACE_CURVE('',#9808,(#9813,#9820),.PCURVE_S1.);
#9808 = ELLIPSE('',#9809,2.250000000026,2.25);
#9809 = AXIS2_PLACEMENT_3D('',#9810,#9811,#9812);
#9810 = CARTESIAN_POINT('',(-65.10000963675,0.,-35.));
#9811 = DIRECTION('',(-0.999999999988,-4.818379053245E-06,0.));
#9812 = DIRECTION('',(4.818379053245E-06,-0.999999999988,
    2.30414214481E-11));
#9813 = PCURVE('',#2197,#9814);
#9814 = DEFINITIONAL_REPRESENTATION('',(#9815),#9819);
#9815 = ELLIPSE('',#9816,2.250000000026,2.25);
#9816 = AXIS2_PLACEMENT_2D('',#9817,#9818);
#9817 = CARTESIAN_POINT('',(2.334468795977,-165.));
#9818 = DIRECTION('',(-1.,-2.30414214481E-11));
#9819 = ( GEOMETRIC_REPRESENTATION_CONTEXT(2) 
PARAMETRIC_REPRESENTATION_CONTEXT() REPRESENTATION_CONTEXT('2D SPACE',''
  ) );
#9820 = PCURVE('',#9555,#9821);
#9821 = DEFINITIONAL_REPRESENTATION('',(#9822),#9829);
#9822 = B_SPLINE_CURVE_WITH_KNOTS('',5,(#9823,#9824,#9825,#9826,#9827,
    #9828),.UNSPECIFIED.,.F.,.F.,(6,6),(5.7758116336,6.790558980713),
  .PIECEWISE_BEZIER_KNOTS.);
#9823 = CARTESIAN_POINT('',(5.219762653942,8.99999983884));
#9824 = CARTESIAN_POINT('',(5.016813184519,9.000000907904));
#9825 = CARTESIAN_POINT('',(4.813863715096,9.000001489465));
#9826 = CARTESIAN_POINT('',(4.610914245673,9.000001489465));
#9827 = CARTESIAN_POINT('',(4.407964776251,9.000000907904));
#9828 = CARTESIAN_POINT('',(4.205015306828,8.99999983884));
#9829 = ( GEOMETRIC_REPRESENTATION_CONTEXT(2) 
PARAMETRIC_REPRESENTATION_CONTEXT() REPRESENTATION_CONTEXT('2D SPACE',''
  ) );
#9830 = ADVANCED_FACE('',(#9831),#2171,.F.);
#9831 = FACE_BOUND('',#9832,.F.);
#9832 = EDGE_LOOP('',(#9833,#9834,#9855,#9856));
#9833 = ORIENTED_EDGE('',*,*,#5005,.T.);
#9834 = ORIENTED_EDGE('',*,*,#9835,.T.);
#9835 = EDGE_CURVE('',#4985,#2131,#9836,.T.);
#9836 = SURFACE_CURVE('',#9837,(#9841,#9848),.PCURVE_S1.);
#9837 = LINE('',#9838,#9839);
#9838 = CARTESIAN_POINT('',(-65.09748929894,-2.688897778915,-200.));
#9839 = VECTOR('',#9840,1.);
#9840 = DIRECTION('',(0.,0.,1.));
#9841 = PCURVE('',#2171,#9842);
#9842 = DEFINITIONAL_REPRESENTATION('',(#9843),#9847);
#9843 = LINE('',#9844,#9845);
#9844 = CARTESIAN_POINT('',(0.,0.));
#9845 = VECTOR('',#9846,1.);
#9846 = DIRECTION('',(0.,-1.));
#9847 = ( GEOMETRIC_REPRESENTATION_CONTEXT(2) 
PARAMETRIC_REPRESENTATION_CONTEXT() REPRESENTATION_CONTEXT('2D SPACE',''
  ) );
#9848 = PCURVE('',#2145,#9849);
#9849 = DEFINITIONAL_REPRESENTATION('',(#9850),#9854);
#9850 = LINE('',#9851,#9852);
#9851 = CARTESIAN_POINT('',(0.377892192319,0.));
#9852 = VECTOR('',#9853,1.);
#9853 = DIRECTION('',(0.,-1.));
#9854 = ( GEOMETRIC_REPRESENTATION_CONTEXT(2) 
PARAMETRIC_REPRESENTATION_CONTEXT() REPRESENTATION_CONTEXT('2D SPACE',''
  ) );
#9855 = ORIENTED_EDGE('',*,*,#2156,.F.);
#9856 = ORIENTED_EDGE('',*,*,#9733,.F.);
#9857 = ADVANCED_FACE('',(#9858),#2145,.F.);
#9858 = FACE_BOUND('',#9859,.F.);
#9859 = EDGE_LOOP('',(#9860,#9861,#9882,#9883));
#9860 = ORIENTED_EDGE('',*,*,#4984,.T.);
#9861 = ORIENTED_EDGE('',*,*,#9862,.T.);
#9862 = EDGE_CURVE('',#4964,#2105,#9863,.T.);
#9863 = SURFACE_CURVE('',#9864,(#9868,#9875),.PCURVE_S1.);
#9864 = LINE('',#9865,#9866);
#9865 = CARTESIAN_POINT('',(-65.05762651408,-3.064681582983,-200.));
#9866 = VECTOR('',#9867,1.);
#9867 = DIRECTION('',(0.,0.,1.));
#9868 = PCURVE('',#2145,#9869);
#9869 = DEFINITIONAL_REPRESENTATION('',(#9870),#9874);
#9870 = LINE('',#9871,#9872);
#9871 = CARTESIAN_POINT('',(0.,0.));
#9872 = VECTOR('',#9873,1.);
#9873 = DIRECTION('',(0.,-1.));
#9874 = ( GEOMETRIC_REPRESENTATION_CONTEXT(2) 
PARAMETRIC_REPRESENTATION_CONTEXT() REPRESENTATION_CONTEXT('2D SPACE',''
  ) );
#9875 = PCURVE('',#2119,#9876);
#9876 = DEFINITIONAL_REPRESENTATION('',(#9877),#9881);
#9877 = LINE('',#9878,#9879);
#9878 = CARTESIAN_POINT('',(0.366327253605,0.));
#9879 = VECTOR('',#9880,1.);
#9880 = DIRECTION('',(0.,-1.));
#9881 = ( GEOMETRIC_REPRESENTATION_CONTEXT(2) 
PARAMETRIC_REPRESENTATION_CONTEXT() REPRESENTATION_CONTEXT('2D SPACE',''
  ) );
#9882 = ORIENTED_EDGE('',*,*,#2130,.F.);
#9883 = ORIENTED_EDGE('',*,*,#9835,.F.);
#9884 = ADVANCED_FACE('',(#9885),#2119,.F.);
#9885 = FACE_BOUND('',#9886,.F.);
#9886 = EDGE_LOOP('',(#9887,#9888,#9909,#9910));
#9887 = ORIENTED_EDGE('',*,*,#4963,.T.);
#9888 = ORIENTED_EDGE('',*,*,#9889,.T.);
#9889 = EDGE_CURVE('',#4943,#2079,#9890,.T.);
#9890 = SURFACE_CURVE('',#9891,(#9895,#9902),.PCURVE_S1.);
#9891 = LINE('',#9892,#9893);
#9892 = CARTESIAN_POINT('',(-64.97881794199,-3.422431307927,-200.));
#9893 = VECTOR('',#9894,1.);
#9894 = DIRECTION('',(0.,0.,1.));
#9895 = PCURVE('',#2119,#9896);
#9896 = DEFINITIONAL_REPRESENTATION('',(#9897),#9901);
#9897 = LINE('',#9898,#9899);
#9898 = CARTESIAN_POINT('',(0.,0.));
#9899 = VECTOR('',#9900,1.);
#9900 = DIRECTION('',(0.,-1.));
#9901 = ( GEOMETRIC_REPRESENTATION_CONTEXT(2) 
PARAMETRIC_REPRESENTATION_CONTEXT() REPRESENTATION_CONTEXT('2D SPACE',''
  ) );
#9902 = PCURVE('',#2093,#9903);
#9903 = DEFINITIONAL_REPRESENTATION('',(#9904),#9908);
#9904 = LINE('',#9905,#9906);
#9905 = CARTESIAN_POINT('',(0.344506055362,0.));
#9906 = VECTOR('',#9907,1.);
#9907 = DIRECTION('',(0.,-1.));
#9908 = ( GEOMETRIC_REPRESENTATION_CONTEXT(2) 
PARAMETRIC_REPRESENTATION_CONTEXT() REPRESENTATION_CONTEXT('2D SPACE',''
  ) );
#9909 = ORIENTED_EDGE('',*,*,#2104,.F.);
#9910 = ORIENTED_EDGE('',*,*,#9862,.F.);
#9911 = ADVANCED_FACE('',(#9912),#2093,.F.);
#9912 = FACE_BOUND('',#9913,.F.);
#9913 = EDGE_LOOP('',(#9914,#9915,#9936,#9937));
#9914 = ORIENTED_EDGE('',*,*,#4942,.T.);
#9915 = ORIENTED_EDGE('',*,*,#9916,.T.);
#9916 = EDGE_CURVE('',#4922,#2053,#9917,.T.);
#9917 = SURFACE_CURVE('',#9918,(#9922,#9929),.PCURVE_S1.);
#9918 = LINE('',#9919,#9920);
#9919 = CARTESIAN_POINT('',(-64.90004489626,-3.757810540211,-200.));
#9920 = VECTOR('',#9921,1.);
#9921 = DIRECTION('',(0.,0.,1.));
#9922 = PCURVE('',#2093,#9923);
#9923 = DEFINITIONAL_REPRESENTATION('',(#9924),#9928);
#9924 = LINE('',#9925,#9926);
#9925 = CARTESIAN_POINT('',(0.,0.));
#9926 = VECTOR('',#9927,1.);
#9927 = DIRECTION('',(0.,-1.));
#9928 = ( GEOMETRIC_REPRESENTATION_CONTEXT(2) 
PARAMETRIC_REPRESENTATION_CONTEXT() REPRESENTATION_CONTEXT('2D SPACE',''
  ) );
#9929 = PCURVE('',#2067,#9930);
#9930 = DEFINITIONAL_REPRESENTATION('',(#9931),#9935);
#9931 = LINE('',#9932,#9933);
#9932 = CARTESIAN_POINT('',(0.342992128401,0.));
#9933 = VECTOR('',#9934,1.);
#9934 = DIRECTION('',(0.,-1.));
#9935 = ( GEOMETRIC_REPRESENTATION_CONTEXT(2) 
PARAMETRIC_REPRESENTATION_CONTEXT() REPRESENTATION_CONTEXT('2D SPACE',''
  ) );
#9936 = ORIENTED_EDGE('',*,*,#2078,.F.);
#9937 = ORIENTED_EDGE('',*,*,#9889,.F.);
#9938 = ADVANCED_FACE('',(#9939),#2067,.F.);
#9939 = FACE_BOUND('',#9940,.F.);
#9940 = EDGE_LOOP('',(#9941,#9942,#9963,#9964));
#9941 = ORIENTED_EDGE('',*,*,#4921,.T.);
#9942 = ORIENTED_EDGE('',*,*,#9943,.T.);
#9943 = EDGE_CURVE('',#4901,#2027,#9944,.T.);
#9944 = SURFACE_CURVE('',#9945,(#9949,#9956),.PCURVE_S1.);
#9945 = LINE('',#9946,#9947);
#9946 = CARTESIAN_POINT('',(-64.82216961213,-4.091845029849,-200.));
#9947 = VECTOR('',#9948,1.);
#9948 = DIRECTION('',(0.,0.,1.));
#9949 = PCURVE('',#2067,#9950);
#9950 = DEFINITIONAL_REPRESENTATION('',(#9951),#9955);
#9951 = LINE('',#9952,#9953);
#9952 = CARTESIAN_POINT('',(0.,0.));
#9953 = VECTOR('',#9954,1.);
#9954 = DIRECTION('',(0.,-1.));
#9955 = ( GEOMETRIC_REPRESENTATION_CONTEXT(2) 
PARAMETRIC_REPRESENTATION_CONTEXT() REPRESENTATION_CONTEXT('2D SPACE',''
  ) );
#9956 = PCURVE('',#2041,#9957);
#9957 = DEFINITIONAL_REPRESENTATION('',(#9958),#9962);
#9958 = LINE('',#9959,#9960);
#9959 = CARTESIAN_POINT('',(0.346327539645,0.));
#9960 = VECTOR('',#9961,1.);
#9961 = DIRECTION('',(0.,-1.));
#9962 = ( GEOMETRIC_REPRESENTATION_CONTEXT(2) 
PARAMETRIC_REPRESENTATION_CONTEXT() REPRESENTATION_CONTEXT('2D SPACE',''
  ) );
#9963 = ORIENTED_EDGE('',*,*,#2052,.F.);
#9964 = ORIENTED_EDGE('',*,*,#9916,.F.);
#9965 = ADVANCED_FACE('',(#9966),#2041,.F.);
#9966 = FACE_BOUND('',#9967,.F.);
#9967 = EDGE_LOOP('',(#9968,#9969,#9990,#9991));
#9968 = ORIENTED_EDGE('',*,*,#4900,.T.);
#9969 = ORIENTED_EDGE('',*,*,#9970,.T.);
#9970 = EDGE_CURVE('',#4880,#2001,#9971,.T.);
#9971 = SURFACE_CURVE('',#9972,(#9976,#9983),.PCURVE_S1.);
#9972 = LINE('',#9973,#9974);
#9973 = CARTESIAN_POINT('',(-64.74175359102,-4.428707061348,-200.));
#9974 = VECTOR('',#9975,1.);
#9975 = DIRECTION('',(0.,0.,1.));
#9976 = PCURVE('',#2041,#9977);
#9977 = DEFINITIONAL_REPRESENTATION('',(#9978),#9982);
#9978 = LINE('',#9979,#9980);
#9979 = CARTESIAN_POINT('',(0.,0.));
#9980 = VECTOR('',#9981,1.);
#9981 = DIRECTION('',(0.,-1.));
#9982 = ( GEOMETRIC_REPRESENTATION_CONTEXT(2) 
PARAMETRIC_REPRESENTATION_CONTEXT() REPRESENTATION_CONTEXT('2D SPACE',''
  ) );
#9983 = PCURVE('',#2015,#9984);
#9984 = DEFINITIONAL_REPRESENTATION('',(#9985),#9989);
#9985 = LINE('',#9986,#9987);
#9986 = CARTESIAN_POINT('',(0.345962825389,0.));
#9987 = VECTOR('',#9988,1.);
#9988 = DIRECTION('',(0.,-1.));
#9989 = ( GEOMETRIC_REPRESENTATION_CONTEXT(2) 
PARAMETRIC_REPRESENTATION_CONTEXT() REPRESENTATION_CONTEXT('2D SPACE',''
  ) );
#9990 = ORIENTED_EDGE('',*,*,#2026,.F.);
#9991 = ORIENTED_EDGE('',*,*,#9943,.F.);
#9992 = ADVANCED_FACE('',(#9993),#2015,.F.);
#9993 = FACE_BOUND('',#9994,.F.);
#9994 = EDGE_LOOP('',(#9995,#9996,#10017,#10018));
#9995 = ORIENTED_EDGE('',*,*,#4879,.T.);
#9996 = ORIENTED_EDGE('',*,*,#9997,.T.);
#9997 = EDGE_CURVE('',#4859,#1975,#9998,.T.);
#9998 = SURFACE_CURVE('',#9999,(#10003,#10010),.PCURVE_S1.);
#9999 = LINE('',#10000,#10001);
#10000 = CARTESIAN_POINT('',(-64.65711743162,-4.764157500418,-200.));
#10001 = VECTOR('',#10002,1.);
#10002 = DIRECTION('',(0.,0.,1.));
#10003 = PCURVE('',#2015,#10004);
#10004 = DEFINITIONAL_REPRESENTATION('',(#10005),#10009);
#10005 = LINE('',#10006,#10007);
#10006 = CARTESIAN_POINT('',(0.,0.));
#10007 = VECTOR('',#10008,1.);
#10008 = DIRECTION('',(0.,-1.));
#10009 = ( GEOMETRIC_REPRESENTATION_CONTEXT(2) 
PARAMETRIC_REPRESENTATION_CONTEXT() REPRESENTATION_CONTEXT('2D SPACE',''
  ) );
#10010 = PCURVE('',#1989,#10011);
#10011 = DEFINITIONAL_REPRESENTATION('',(#10012),#10016);
#10012 = LINE('',#10013,#10014);
#10013 = CARTESIAN_POINT('',(0.344325811313,0.));
#10014 = VECTOR('',#10015,1.);
#10015 = DIRECTION('',(0.,-1.));
#10016 = ( GEOMETRIC_REPRESENTATION_CONTEXT(2) 
PARAMETRIC_REPRESENTATION_CONTEXT() REPRESENTATION_CONTEXT('2D SPACE',''
  ) );
#10017 = ORIENTED_EDGE('',*,*,#2000,.F.);
#10018 = ORIENTED_EDGE('',*,*,#9970,.F.);
#10019 = ADVANCED_FACE('',(#10020),#1989,.F.);
#10020 = FACE_BOUND('',#10021,.F.);
#10021 = EDGE_LOOP('',(#10022,#10023,#10044,#10045));
#10022 = ORIENTED_EDGE('',*,*,#4858,.T.);
#10023 = ORIENTED_EDGE('',*,*,#10024,.T.);
#10024 = EDGE_CURVE('',#4838,#1949,#10025,.T.);
#10025 = SURFACE_CURVE('',#10026,(#10030,#10037),.PCURVE_S1.);
#10026 = LINE('',#10027,#10028);
#10027 = CARTESIAN_POINT('',(-64.57351678642,-5.098180248834,-200.));
#10028 = VECTOR('',#10029,1.);
#10029 = DIRECTION('',(0.,0.,1.));
#10030 = PCURVE('',#1989,#10031);
#10031 = DEFINITIONAL_REPRESENTATION('',(#10032),#10036);
#10032 = LINE('',#10033,#10034);
#10033 = CARTESIAN_POINT('',(0.,0.));
#10034 = VECTOR('',#10035,1.);
#10035 = DIRECTION('',(0.,-1.));
#10036 = ( GEOMETRIC_REPRESENTATION_CONTEXT(2) 
PARAMETRIC_REPRESENTATION_CONTEXT() REPRESENTATION_CONTEXT('2D SPACE',''
  ) );
#10037 = PCURVE('',#1963,#10038);
#10038 = DEFINITIONAL_REPRESENTATION('',(#10039),#10043);
#10039 = LINE('',#10040,#10041);
#10040 = CARTESIAN_POINT('',(0.347899205247,0.));
#10041 = VECTOR('',#10042,1.);
#10042 = DIRECTION('',(0.,-1.));
#10043 = ( GEOMETRIC_REPRESENTATION_CONTEXT(2) 
PARAMETRIC_REPRESENTATION_CONTEXT() REPRESENTATION_CONTEXT('2D SPACE',''
  ) );
#10044 = ORIENTED_EDGE('',*,*,#1974,.F.);
#10045 = ORIENTED_EDGE('',*,*,#9997,.F.);
#10046 = ADVANCED_FACE('',(#10047),#1963,.F.);
#10047 = FACE_BOUND('',#10048,.F.);
#10048 = EDGE_LOOP('',(#10049,#10050,#10071,#10072));
#10049 = ORIENTED_EDGE('',*,*,#4837,.T.);
#10050 = ORIENTED_EDGE('',*,*,#10051,.T.);
#10051 = EDGE_CURVE('',#4817,#1923,#10052,.T.);
#10052 = SURFACE_CURVE('',#10053,(#10057,#10064),.PCURVE_S1.);
#10053 = LINE('',#10054,#10055);
#10054 = CARTESIAN_POINT('',(-64.48719406059,-5.435199898138,-200.));
#10055 = VECTOR('',#10056,1.);
#10056 = DIRECTION('',(0.,0.,1.));
#10057 = PCURVE('',#1963,#10058);
#10058 = DEFINITIONAL_REPRESENTATION('',(#10059),#10063);
#10059 = LINE('',#10060,#10061);
#10060 = CARTESIAN_POINT('',(0.,0.));
#10061 = VECTOR('',#10062,1.);
#10062 = DIRECTION('',(0.,-1.));
#10063 = ( GEOMETRIC_REPRESENTATION_CONTEXT(2) 
PARAMETRIC_REPRESENTATION_CONTEXT() REPRESENTATION_CONTEXT('2D SPACE',''
  ) );
#10064 = PCURVE('',#1937,#10065);
#10065 = DEFINITIONAL_REPRESENTATION('',(#10066),#10070);
#10066 = LINE('',#10067,#10068);
#10067 = CARTESIAN_POINT('',(0.349216846878,0.));
#10068 = VECTOR('',#10069,1.);
#10069 = DIRECTION('',(0.,-1.));
#10070 = ( GEOMETRIC_REPRESENTATION_CONTEXT(2) 
PARAMETRIC_REPRESENTATION_CONTEXT() REPRESENTATION_CONTEXT('2D SPACE',''
  ) );
#10071 = ORIENTED_EDGE('',*,*,#1948,.F.);
#10072 = ORIENTED_EDGE('',*,*,#10024,.F.);
#10073 = ADVANCED_FACE('',(#10074),#1937,.F.);
#10074 = FACE_BOUND('',#10075,.F.);
#10075 = EDGE_LOOP('',(#10076,#10077,#10098,#10099));
#10076 = ORIENTED_EDGE('',*,*,#4816,.T.);
#10077 = ORIENTED_EDGE('',*,*,#10078,.T.);
#10078 = EDGE_CURVE('',#4796,#1897,#10079,.T.);
#10079 = SURFACE_CURVE('',#10080,(#10084,#10091),.PCURVE_S1.);
#10080 = LINE('',#10081,#10082);
#10081 = CARTESIAN_POINT('',(-64.39598795437,-5.772296104481,-200.));
#10082 = VECTOR('',#10083,1.);
#10083 = DIRECTION('',(0.,0.,1.));
#10084 = PCURVE('',#1937,#10085);
#10085 = DEFINITIONAL_REPRESENTATION('',(#10086),#10090);
#10086 = LINE('',#10087,#10088);
#10087 = CARTESIAN_POINT('',(0.,0.));
#10088 = VECTOR('',#10089,1.);
#10089 = DIRECTION('',(0.,-1.));
#10090 = ( GEOMETRIC_REPRESENTATION_CONTEXT(2) 
PARAMETRIC_REPRESENTATION_CONTEXT() REPRESENTATION_CONTEXT('2D SPACE',''
  ) );
#10091 = PCURVE('',#1911,#10092);
#10092 = DEFINITIONAL_REPRESENTATION('',(#10093),#10097);
#10093 = LINE('',#10094,#10095);
#10094 = CARTESIAN_POINT('',(0.346622851622,0.));
#10095 = VECTOR('',#10096,1.);
#10096 = DIRECTION('',(0.,-1.));
#10097 = ( GEOMETRIC_REPRESENTATION_CONTEXT(2) 
PARAMETRIC_REPRESENTATION_CONTEXT() REPRESENTATION_CONTEXT('2D SPACE',''
  ) );
#10098 = ORIENTED_EDGE('',*,*,#1922,.F.);
#10099 = ORIENTED_EDGE('',*,*,#10051,.F.);
#10100 = ADVANCED_FACE('',(#10101),#1911,.F.);
#10101 = FACE_BOUND('',#10102,.F.);
#10102 = EDGE_LOOP('',(#10103,#10104,#10125,#10126));
#10103 = ORIENTED_EDGE('',*,*,#4795,.T.);
#10104 = ORIENTED_EDGE('',*,*,#10105,.T.);
#10105 = EDGE_CURVE('',#4775,#1871,#10106,.T.);
#10106 = SURFACE_CURVE('',#10107,(#10111,#10118),.PCURVE_S1.);
#10107 = LINE('',#10108,#10109);
#10108 = CARTESIAN_POINT('',(-64.30345963771,-6.106340879745,-200.));
#10109 = VECTOR('',#10110,1.);
#10110 = DIRECTION('',(0.,0.,1.));
#10111 = PCURVE('',#1911,#10112);
#10112 = DEFINITIONAL_REPRESENTATION('',(#10113),#10117);
#10113 = LINE('',#10114,#10115);
#10114 = CARTESIAN_POINT('',(0.,0.));
#10115 = VECTOR('',#10116,1.);
#10116 = DIRECTION('',(0.,-1.));
#10117 = ( GEOMETRIC_REPRESENTATION_CONTEXT(2) 
PARAMETRIC_REPRESENTATION_CONTEXT() REPRESENTATION_CONTEXT('2D SPACE',''
  ) );
#10118 = PCURVE('',#1885,#10119);
#10119 = DEFINITIONAL_REPRESENTATION('',(#10120),#10124);
#10120 = LINE('',#10121,#10122);
#10121 = CARTESIAN_POINT('',(0.348067108162,0.));
#10122 = VECTOR('',#10123,1.);
#10123 = DIRECTION('',(0.,-1.));
#10124 = ( GEOMETRIC_REPRESENTATION_CONTEXT(2) 
PARAMETRIC_REPRESENTATION_CONTEXT() REPRESENTATION_CONTEXT('2D SPACE',''
  ) );
#10125 = ORIENTED_EDGE('',*,*,#1896,.F.);
#10126 = ORIENTED_EDGE('',*,*,#10078,.F.);
#10127 = ADVANCED_FACE('',(#10128),#1885,.F.);
#10128 = FACE_BOUND('',#10129,.F.);
#10129 = EDGE_LOOP('',(#10130,#10131,#10152,#10153));
#10130 = ORIENTED_EDGE('',*,*,#4774,.T.);
#10131 = ORIENTED_EDGE('',*,*,#10132,.T.);
#10132 = EDGE_CURVE('',#4754,#1845,#10133,.T.);
#10133 = SURFACE_CURVE('',#10134,(#10138,#10145),.PCURVE_S1.);
#10134 = LINE('',#10135,#10136);
#10135 = CARTESIAN_POINT('',(-64.21129693903,-6.441984662284,-200.));
#10136 = VECTOR('',#10137,1.);
#10137 = DIRECTION('',(0.,0.,1.));
#10138 = PCURVE('',#1885,#10139);
#10139 = DEFINITIONAL_REPRESENTATION('',(#10140),#10144);
#10140 = LINE('',#10141,#10142);
#10141 = CARTESIAN_POINT('',(0.,0.));
#10142 = VECTOR('',#10143,1.);
#10143 = DIRECTION('',(0.,-1.));
#10144 = ( GEOMETRIC_REPRESENTATION_CONTEXT(2) 
PARAMETRIC_REPRESENTATION_CONTEXT() REPRESENTATION_CONTEXT('2D SPACE',''
  ) );
#10145 = PCURVE('',#1859,#10146);
#10146 = DEFINITIONAL_REPRESENTATION('',(#10147),#10151);
#10147 = LINE('',#10148,#10149);
#10148 = CARTESIAN_POINT('',(0.351141278652,0.));
#10149 = VECTOR('',#10150,1.);
#10150 = DIRECTION('',(0.,-1.));
#10151 = ( GEOMETRIC_REPRESENTATION_CONTEXT(2) 
PARAMETRIC_REPRESENTATION_CONTEXT() REPRESENTATION_CONTEXT('2D SPACE',''
  ) );
#10152 = ORIENTED_EDGE('',*,*,#1870,.F.);
#10153 = ORIENTED_EDGE('',*,*,#10105,.F.);
#10154 = ADVANCED_FACE('',(#10155),#1859,.F.);
#10155 = FACE_BOUND('',#10156,.F.);
#10156 = EDGE_LOOP('',(#10157,#10158,#10179,#10180));
#10157 = ORIENTED_EDGE('',*,*,#4753,.T.);
#10158 = ORIENTED_EDGE('',*,*,#10159,.T.);
#10159 = EDGE_CURVE('',#4733,#1819,#10160,.T.);
#10160 = SURFACE_CURVE('',#10161,(#10165,#10172),.PCURVE_S1.);
#10161 = LINE('',#10162,#10163);
#10162 = CARTESIAN_POINT('',(-64.11352649881,-6.779239964085,-200.));
#10163 = VECTOR('',#10164,1.);
#10164 = DIRECTION('',(0.,0.,1.));
#10165 = PCURVE('',#1859,#10166);
#10166 = DEFINITIONAL_REPRESENTATION('',(#10167),#10171);
#10167 = LINE('',#10168,#10169);
#10168 = CARTESIAN_POINT('',(0.,0.));
#10169 = VECTOR('',#10170,1.);
#10170 = DIRECTION('',(0.,-1.));
#10171 = ( GEOMETRIC_REPRESENTATION_CONTEXT(2) 
PARAMETRIC_REPRESENTATION_CONTEXT() REPRESENTATION_CONTEXT('2D SPACE',''
  ) );
#10172 = PCURVE('',#1833,#10173);
#10173 = DEFINITIONAL_REPRESENTATION('',(#10174),#10178);
#10174 = LINE('',#10175,#10176);
#10175 = CARTESIAN_POINT('',(0.348421465297,0.));
#10176 = VECTOR('',#10177,1.);
#10177 = DIRECTION('',(0.,-1.));
#10178 = ( GEOMETRIC_REPRESENTATION_CONTEXT(2) 
PARAMETRIC_REPRESENTATION_CONTEXT() REPRESENTATION_CONTEXT('2D SPACE',''
  ) );
#10179 = ORIENTED_EDGE('',*,*,#1844,.F.);
#10180 = ORIENTED_EDGE('',*,*,#10132,.F.);
#10181 = ADVANCED_FACE('',(#10182),#1833,.F.);
#10182 = FACE_BOUND('',#10183,.F.);
#10183 = EDGE_LOOP('',(#10184,#10185,#10206,#10207));
#10184 = ORIENTED_EDGE('',*,*,#4732,.T.);
#10185 = ORIENTED_EDGE('',*,*,#10186,.T.);
#10186 = EDGE_CURVE('',#4712,#1793,#10187,.T.);
#10187 = SURFACE_CURVE('',#10188,(#10192,#10199),.PCURVE_S1.);
#10188 = LINE('',#10189,#10190);
#10189 = CARTESIAN_POINT('',(-64.01443701395,-7.11327408131,-200.));
#10190 = VECTOR('',#10191,1.);
#10191 = DIRECTION('',(0.,0.,1.));
#10192 = PCURVE('',#1833,#10193);
#10193 = DEFINITIONAL_REPRESENTATION('',(#10194),#10198);
#10194 = LINE('',#10195,#10196);
#10195 = CARTESIAN_POINT('',(0.,0.));
#10196 = VECTOR('',#10197,1.);
#10197 = DIRECTION('',(0.,-1.));
#10198 = ( GEOMETRIC_REPRESENTATION_CONTEXT(2) 
PARAMETRIC_REPRESENTATION_CONTEXT() REPRESENTATION_CONTEXT('2D SPACE',''
  ) );
#10199 = PCURVE('',#1807,#10200);
#10200 = DEFINITIONAL_REPRESENTATION('',(#10201),#10205);
#10201 = LINE('',#10202,#10203);
#10202 = CARTESIAN_POINT('',(0.349920358933,0.));
#10203 = VECTOR('',#10204,1.);
#10204 = DIRECTION('',(0.,-1.));
#10205 = ( GEOMETRIC_REPRESENTATION_CONTEXT(2) 
PARAMETRIC_REPRESENTATION_CONTEXT() REPRESENTATION_CONTEXT('2D SPACE',''
  ) );
#10206 = ORIENTED_EDGE('',*,*,#1818,.F.);
#10207 = ORIENTED_EDGE('',*,*,#10159,.F.);
#10208 = ADVANCED_FACE('',(#10209),#1807,.F.);
#10209 = FACE_BOUND('',#10210,.F.);
#10210 = EDGE_LOOP('',(#10211,#10212,#10233,#10234));
#10211 = ORIENTED_EDGE('',*,*,#4711,.T.);
#10212 = ORIENTED_EDGE('',*,*,#10213,.T.);
#10213 = EDGE_CURVE('',#4691,#1767,#10214,.T.);
#10214 = SURFACE_CURVE('',#10215,(#10219,#10226),.PCURVE_S1.);
#10215 = LINE('',#10216,#10217);
#10216 = CARTESIAN_POINT('',(-63.91575979151,-7.448992807875,-200.));
#10217 = VECTOR('',#10218,1.);
#10218 = DIRECTION('',(0.,0.,1.));
#10219 = PCURVE('',#1807,#10220);
#10220 = DEFINITIONAL_REPRESENTATION('',(#10221),#10225);
#10221 = LINE('',#10222,#10223);
#10222 = CARTESIAN_POINT('',(0.,0.));
#10223 = VECTOR('',#10224,1.);
#10224 = DIRECTION('',(0.,-1.));
#10225 = ( GEOMETRIC_REPRESENTATION_CONTEXT(2) 
PARAMETRIC_REPRESENTATION_CONTEXT() REPRESENTATION_CONTEXT('2D SPACE',''
  ) );
#10226 = PCURVE('',#1781,#10227);
#10227 = DEFINITIONAL_REPRESENTATION('',(#10228),#10232);
#10228 = LINE('',#10229,#10230);
#10229 = CARTESIAN_POINT('',(0.353271551326,0.));
#10230 = VECTOR('',#10231,1.);
#10231 = DIRECTION('',(0.,-1.));
#10232 = ( GEOMETRIC_REPRESENTATION_CONTEXT(2) 
PARAMETRIC_REPRESENTATION_CONTEXT() REPRESENTATION_CONTEXT('2D SPACE',''
  ) );
#10233 = ORIENTED_EDGE('',*,*,#1792,.F.);
#10234 = ORIENTED_EDGE('',*,*,#10186,.F.);
#10235 = ADVANCED_FACE('',(#10236),#1781,.F.);
#10236 = FACE_BOUND('',#10237,.F.);
#10237 = EDGE_LOOP('',(#10238,#10239,#10260,#10261));
#10238 = ORIENTED_EDGE('',*,*,#4690,.T.);
#10239 = ORIENTED_EDGE('',*,*,#10240,.T.);
#10240 = EDGE_CURVE('',#4670,#1741,#10241,.T.);
#10241 = SURFACE_CURVE('',#10242,(#10246,#10253),.PCURVE_S1.);
#10242 = LINE('',#10243,#10244);
#10243 = CARTESIAN_POINT('',(-63.81110124831,-7.786405579288,-200.));
#10244 = VECTOR('',#10245,1.);
#10245 = DIRECTION('',(0.,0.,1.));
#10246 = PCURVE('',#1781,#10247);
#10247 = DEFINITIONAL_REPRESENTATION('',(#10248),#10252);
#10248 = LINE('',#10249,#10250);
#10249 = CARTESIAN_POINT('',(0.,0.));
#10250 = VECTOR('',#10251,1.);
#10251 = DIRECTION('',(0.,-1.));
#10252 = ( GEOMETRIC_REPRESENTATION_CONTEXT(2) 
PARAMETRIC_REPRESENTATION_CONTEXT() REPRESENTATION_CONTEXT('2D SPACE',''
  ) );
#10253 = PCURVE('',#1755,#10254);
#10254 = DEFINITIONAL_REPRESENTATION('',(#10255),#10259);
#10255 = LINE('',#10256,#10257);
#10256 = CARTESIAN_POINT('',(0.352290378499,0.));
#10257 = VECTOR('',#10258,1.);
#10258 = DIRECTION('',(0.,-1.));
#10259 = ( GEOMETRIC_REPRESENTATION_CONTEXT(2) 
PARAMETRIC_REPRESENTATION_CONTEXT() REPRESENTATION_CONTEXT('2D SPACE',''
  ) );
#10260 = ORIENTED_EDGE('',*,*,#1766,.F.);
#10261 = ORIENTED_EDGE('',*,*,#10213,.F.);
#10262 = ADVANCED_FACE('',(#10263),#1755,.F.);
#10263 = FACE_BOUND('',#10264,.F.);
#10264 = EDGE_LOOP('',(#10265,#10266,#10287,#10288));
#10265 = ORIENTED_EDGE('',*,*,#4669,.T.);
#10266 = ORIENTED_EDGE('',*,*,#10267,.T.);
#10267 = EDGE_CURVE('',#4649,#1715,#10268,.T.);
#10268 = SURFACE_CURVE('',#10269,(#10273,#10280),.PCURVE_S1.);
#10269 = LINE('',#10270,#10271);
#10270 = CARTESIAN_POINT('',(-63.70456661197,-8.122201472716,-200.));
#10271 = VECTOR('',#10272,1.);
#10272 = DIRECTION('',(0.,0.,1.));
#10273 = PCURVE('',#1755,#10274);
#10274 = DEFINITIONAL_REPRESENTATION('',(#10275),#10279);
#10275 = LINE('',#10276,#10277);
#10276 = CARTESIAN_POINT('',(0.,0.));
#10277 = VECTOR('',#10278,1.);
#10278 = DIRECTION('',(0.,-1.));
#10279 = ( GEOMETRIC_REPRESENTATION_CONTEXT(2) 
PARAMETRIC_REPRESENTATION_CONTEXT() REPRESENTATION_CONTEXT('2D SPACE',''
  ) );
#10280 = PCURVE('',#1729,#10281);
#10281 = DEFINITIONAL_REPRESENTATION('',(#10282),#10286);
#10282 = LINE('',#10283,#10284);
#10283 = CARTESIAN_POINT('',(0.353050782875,0.));
#10284 = VECTOR('',#10285,1.);
#10285 = DIRECTION('',(0.,-1.));
#10286 = ( GEOMETRIC_REPRESENTATION_CONTEXT(2) 
PARAMETRIC_REPRESENTATION_CONTEXT() REPRESENTATION_CONTEXT('2D SPACE',''
  ) );
#10287 = ORIENTED_EDGE('',*,*,#1740,.F.);
#10288 = ORIENTED_EDGE('',*,*,#10240,.F.);
#10289 = ADVANCED_FACE('',(#10290),#1729,.F.);
#10290 = FACE_BOUND('',#10291,.F.);
#10291 = EDGE_LOOP('',(#10292,#10293,#10314,#10315));
#10292 = ORIENTED_EDGE('',*,*,#4648,.T.);
#10293 = ORIENTED_EDGE('',*,*,#10294,.T.);
#10294 = EDGE_CURVE('',#4628,#1689,#10295,.T.);
#10295 = SURFACE_CURVE('',#10296,(#10300,#10307),.PCURVE_S1.);
#10296 = LINE('',#10297,#10298);
#10297 = CARTESIAN_POINT('',(-63.5956178739,-8.458021406253,-200.));
#10298 = VECTOR('',#10299,1.);
#10299 = DIRECTION('',(0.,0.,1.));
#10300 = PCURVE('',#1729,#10301);
#10301 = DEFINITIONAL_REPRESENTATION('',(#10302),#10306);
#10302 = LINE('',#10303,#10304);
#10303 = CARTESIAN_POINT('',(0.,0.));
#10304 = VECTOR('',#10305,1.);
#10305 = DIRECTION('',(0.,-1.));
#10306 = ( GEOMETRIC_REPRESENTATION_CONTEXT(2) 
PARAMETRIC_REPRESENTATION_CONTEXT() REPRESENTATION_CONTEXT('2D SPACE',''
  ) );
#10307 = PCURVE('',#1703,#10308);
#10308 = DEFINITIONAL_REPRESENTATION('',(#10309),#10313);
#10309 = LINE('',#10310,#10311);
#10310 = CARTESIAN_POINT('',(0.35383781973,0.));
#10311 = VECTOR('',#10312,1.);
#10312 = DIRECTION('',(0.,-1.));
#10313 = ( GEOMETRIC_REPRESENTATION_CONTEXT(2) 
PARAMETRIC_REPRESENTATION_CONTEXT() REPRESENTATION_CONTEXT('2D SPACE',''
  ) );
#10314 = ORIENTED_EDGE('',*,*,#1714,.F.);
#10315 = ORIENTED_EDGE('',*,*,#10267,.F.);
#10316 = ADVANCED_FACE('',(#10317),#1703,.F.);
#10317 = FACE_BOUND('',#10318,.F.);
#10318 = EDGE_LOOP('',(#10319,#10320,#10341,#10342));
#10319 = ORIENTED_EDGE('',*,*,#4627,.T.);
#10320 = ORIENTED_EDGE('',*,*,#10321,.T.);
#10321 = EDGE_CURVE('',#4607,#1663,#10322,.T.);
#10322 = SURFACE_CURVE('',#10323,(#10327,#10334),.PCURVE_S1.);
#10323 = LINE('',#10324,#10325);
#10324 = CARTESIAN_POINT('',(-63.48421616774,-8.79386491525,-200.));
#10325 = VECTOR('',#10326,1.);
#10326 = DIRECTION('',(0.,0.,1.));
#10327 = PCURVE('',#1703,#10328);
#10328 = DEFINITIONAL_REPRESENTATION('',(#10329),#10333);
#10329 = LINE('',#10330,#10331);
#10330 = CARTESIAN_POINT('',(0.,0.));
#10331 = VECTOR('',#10332,1.);
#10332 = DIRECTION('',(0.,-1.));
#10333 = ( GEOMETRIC_REPRESENTATION_CONTEXT(2) 
PARAMETRIC_REPRESENTATION_CONTEXT() REPRESENTATION_CONTEXT('2D SPACE',''
  ) );
#10334 = PCURVE('',#1677,#10335);
#10335 = DEFINITIONAL_REPRESENTATION('',(#10336),#10340);
#10336 = LINE('',#10337,#10338);
#10337 = CARTESIAN_POINT('',(0.356609238044,0.));
#10338 = VECTOR('',#10339,1.);
#10339 = DIRECTION('',(0.,-1.));
#10340 = ( GEOMETRIC_REPRESENTATION_CONTEXT(2) 
PARAMETRIC_REPRESENTATION_CONTEXT() REPRESENTATION_CONTEXT('2D SPACE',''
  ) );
#10341 = ORIENTED_EDGE('',*,*,#1688,.F.);
#10342 = ORIENTED_EDGE('',*,*,#10294,.F.);
#10343 = ADVANCED_FACE('',(#10344),#1677,.F.);
#10344 = FACE_BOUND('',#10345,.F.);
#10345 = EDGE_LOOP('',(#10346,#10347,#10368,#10369));
#10346 = ORIENTED_EDGE('',*,*,#4606,.T.);
#10347 = ORIENTED_EDGE('',*,*,#10348,.T.);
#10348 = EDGE_CURVE('',#4586,#1637,#10349,.T.);
#10349 = SURFACE_CURVE('',#10350,(#10354,#10361),.PCURVE_S1.);
#10350 = LINE('',#10351,#10352);
#10351 = CARTESIAN_POINT('',(-63.36968294309,-9.131581200183,-200.));
#10352 = VECTOR('',#10353,1.);
#10353 = DIRECTION('',(0.,0.,1.));
#10354 = PCURVE('',#1677,#10355);
#10355 = DEFINITIONAL_REPRESENTATION('',(#10356),#10360);
#10356 = LINE('',#10357,#10358);
#10357 = CARTESIAN_POINT('',(0.,0.));
#10358 = VECTOR('',#10359,1.);
#10359 = DIRECTION('',(0.,-1.));
#10360 = ( GEOMETRIC_REPRESENTATION_CONTEXT(2) 
PARAMETRIC_REPRESENTATION_CONTEXT() REPRESENTATION_CONTEXT('2D SPACE',''
  ) );
#10361 = PCURVE('',#1651,#10362);
#10362 = DEFINITIONAL_REPRESENTATION('',(#10363),#10367);
#10363 = LINE('',#10364,#10365);
#10364 = CARTESIAN_POINT('',(0.356740655139,0.));
#10365 = VECTOR('',#10366,1.);
#10366 = DIRECTION('',(0.,-1.));
#10367 = ( GEOMETRIC_REPRESENTATION_CONTEXT(2) 
PARAMETRIC_REPRESENTATION_CONTEXT() REPRESENTATION_CONTEXT('2D SPACE',''
  ) );
#10368 = ORIENTED_EDGE('',*,*,#1662,.F.);
#10369 = ORIENTED_EDGE('',*,*,#10321,.F.);
#10370 = ADVANCED_FACE('',(#10371),#1651,.F.);
#10371 = FACE_BOUND('',#10372,.F.);
#10372 = EDGE_LOOP('',(#10373,#10374,#10395,#10396));
#10373 = ORIENTED_EDGE('',*,*,#4585,.T.);
#10374 = ORIENTED_EDGE('',*,*,#10375,.T.);
#10375 = EDGE_CURVE('',#4565,#1611,#10376,.T.);
#10376 = SURFACE_CURVE('',#10377,(#10381,#10388),.PCURVE_S1.);
#10377 = LINE('',#10378,#10379);
#10378 = CARTESIAN_POINT('',(-63.24958194648,-9.467497329065,-200.));
#10379 = VECTOR('',#10380,1.);
#10380 = DIRECTION('',(0.,0.,1.));
#10381 = PCURVE('',#1651,#10382);
#10382 = DEFINITIONAL_REPRESENTATION('',(#10383),#10387);
#10383 = LINE('',#10384,#10385);
#10384 = CARTESIAN_POINT('',(0.,0.));
#10385 = VECTOR('',#10386,1.);
#10386 = DIRECTION('',(0.,-1.));
#10387 = ( GEOMETRIC_REPRESENTATION_CONTEXT(2) 
PARAMETRIC_REPRESENTATION_CONTEXT() REPRESENTATION_CONTEXT('2D SPACE',''
  ) );
#10388 = PCURVE('',#1625,#10389);
#10389 = DEFINITIONAL_REPRESENTATION('',(#10390),#10394);
#10390 = LINE('',#10391,#10392);
#10391 = CARTESIAN_POINT('',(0.354487707548,0.));
#10392 = VECTOR('',#10393,1.);
#10393 = DIRECTION('',(0.,-1.));
#10394 = ( GEOMETRIC_REPRESENTATION_CONTEXT(2) 
PARAMETRIC_REPRESENTATION_CONTEXT() REPRESENTATION_CONTEXT('2D SPACE',''
  ) );
#10395 = ORIENTED_EDGE('',*,*,#1636,.F.);
#10396 = ORIENTED_EDGE('',*,*,#10348,.F.);
#10397 = ADVANCED_FACE('',(#10398),#1625,.F.);
#10398 = FACE_BOUND('',#10399,.F.);
#10399 = EDGE_LOOP('',(#10400,#10401,#10422,#10423));
#10400 = ORIENTED_EDGE('',*,*,#4564,.T.);
#10401 = ORIENTED_EDGE('',*,*,#10402,.T.);
#10402 = EDGE_CURVE('',#4544,#1585,#10403,.T.);
#10403 = SURFACE_CURVE('',#10404,(#10408,#10415),.PCURVE_S1.);
#10404 = LINE('',#10405,#10406);
#10405 = CARTESIAN_POINT('',(-63.13113808078,-9.801611958319,-200.));
#10406 = VECTOR('',#10407,1.);
#10407 = DIRECTION('',(0.,0.,1.));
#10408 = PCURVE('',#1625,#10409);
#10409 = DEFINITIONAL_REPRESENTATION('',(#10410),#10414);
#10410 = LINE('',#10411,#10412);
#10411 = CARTESIAN_POINT('',(0.,0.));
#10412 = VECTOR('',#10413,1.);
#10413 = DIRECTION('',(0.,-1.));
#10414 = ( GEOMETRIC_REPRESENTATION_CONTEXT(2) 
PARAMETRIC_REPRESENTATION_CONTEXT() REPRESENTATION_CONTEXT('2D SPACE',''
  ) );
#10415 = PCURVE('',#1599,#10416);
#10416 = DEFINITIONAL_REPRESENTATION('',(#10417),#10421);
#10417 = LINE('',#10418,#10419);
#10418 = CARTESIAN_POINT('',(0.359353032726,0.));
#10419 = VECTOR('',#10420,1.);
#10420 = DIRECTION('',(0.,-1.));
#10421 = ( GEOMETRIC_REPRESENTATION_CONTEXT(2) 
PARAMETRIC_REPRESENTATION_CONTEXT() REPRESENTATION_CONTEXT('2D SPACE',''
  ) );
#10422 = ORIENTED_EDGE('',*,*,#1610,.F.);
#10423 = ORIENTED_EDGE('',*,*,#10375,.F.);
#10424 = ADVANCED_FACE('',(#10425),#1599,.F.);
#10425 = FACE_BOUND('',#10426,.F.);
#10426 = EDGE_LOOP('',(#10427,#10428,#10449,#10450));
#10427 = ORIENTED_EDGE('',*,*,#4543,.T.);
#10428 = ORIENTED_EDGE('',*,*,#10429,.T.);
#10429 = EDGE_CURVE('',#4523,#1559,#10430,.T.);
#10430 = SURFACE_CURVE('',#10431,(#10435,#10442),.PCURVE_S1.);
#10431 = LINE('',#10432,#10433);
#10432 = CARTESIAN_POINT('',(-63.00873320602,-10.13947531644,-200.));
#10433 = VECTOR('',#10434,1.);
#10434 = DIRECTION('',(0.,0.,1.));
#10435 = PCURVE('',#1599,#10436);
#10436 = DEFINITIONAL_REPRESENTATION('',(#10437),#10441);
#10437 = LINE('',#10438,#10439);
#10438 = CARTESIAN_POINT('',(0.,0.));
#10439 = VECTOR('',#10440,1.);
#10440 = DIRECTION('',(0.,-1.));
#10441 = ( GEOMETRIC_REPRESENTATION_CONTEXT(2) 
PARAMETRIC_REPRESENTATION_CONTEXT() REPRESENTATION_CONTEXT('2D SPACE',''
  ) );
#10442 = PCURVE('',#1573,#10443);
#10443 = DEFINITIONAL_REPRESENTATION('',(#10444),#10448);
#10444 = LINE('',#10445,#10446);
#10445 = CARTESIAN_POINT('',(0.3617160029,0.));
#10446 = VECTOR('',#10447,1.);
#10447 = DIRECTION('',(0.,-1.));
#10448 = ( GEOMETRIC_REPRESENTATION_CONTEXT(2) 
PARAMETRIC_REPRESENTATION_CONTEXT() REPRESENTATION_CONTEXT('2D SPACE',''
  ) );
#10449 = ORIENTED_EDGE('',*,*,#1584,.F.);
#10450 = ORIENTED_EDGE('',*,*,#10402,.F.);
#10451 = ADVANCED_FACE('',(#10452),#1573,.F.);
#10452 = FACE_BOUND('',#10453,.F.);
#10453 = EDGE_LOOP('',(#10454,#10455,#10476,#10477));
#10454 = ORIENTED_EDGE('',*,*,#4522,.T.);
#10455 = ORIENTED_EDGE('',*,*,#10456,.T.);
#10456 = EDGE_CURVE('',#4502,#1533,#10457,.T.);
#10457 = SURFACE_CURVE('',#10458,(#10462,#10469),.PCURVE_S1.);
#10458 = LINE('',#10459,#10460);
#10459 = CARTESIAN_POINT('',(-62.87971796197,-10.47740065369,-200.));
#10460 = VECTOR('',#10461,1.);
#10461 = DIRECTION('',(0.,0.,1.));
#10462 = PCURVE('',#1573,#10463);
#10463 = DEFINITIONAL_REPRESENTATION('',(#10464),#10468);
#10464 = LINE('',#10465,#10466);
#10465 = CARTESIAN_POINT('',(0.,0.));
#10466 = VECTOR('',#10467,1.);
#10467 = DIRECTION('',(0.,-1.));
#10468 = ( GEOMETRIC_REPRESENTATION_CONTEXT(2) 
PARAMETRIC_REPRESENTATION_CONTEXT() REPRESENTATION_CONTEXT('2D SPACE',''
  ) );
#10469 = PCURVE('',#1547,#10470);
#10470 = DEFINITIONAL_REPRESENTATION('',(#10471),#10475);
#10471 = LINE('',#10472,#10473);
#10472 = CARTESIAN_POINT('',(0.358685052244,0.));
#10473 = VECTOR('',#10474,1.);
#10474 = DIRECTION('',(0.,-1.));
#10475 = ( GEOMETRIC_REPRESENTATION_CONTEXT(2) 
PARAMETRIC_REPRESENTATION_CONTEXT() REPRESENTATION_CONTEXT('2D SPACE',''
  ) );
#10476 = ORIENTED_EDGE('',*,*,#1558,.F.);
#10477 = ORIENTED_EDGE('',*,*,#10429,.F.);
#10478 = ADVANCED_FACE('',(#10479),#1547,.F.);
#10479 = FACE_BOUND('',#10480,.F.);
#10480 = EDGE_LOOP('',(#10481,#10482,#10503,#10504));
#10481 = ORIENTED_EDGE('',*,*,#4501,.T.);
#10482 = ORIENTED_EDGE('',*,*,#10483,.T.);
#10483 = EDGE_CURVE('',#4481,#1507,#10484,.T.);
#10484 = SURFACE_CURVE('',#10485,(#10489,#10496),.PCURVE_S1.);
#10485 = LINE('',#10486,#10487);
#10486 = CARTESIAN_POINT('',(-62.74929663722,-10.81153422692,-200.));
#10487 = VECTOR('',#10488,1.);
#10488 = DIRECTION('',(0.,0.,1.));
#10489 = PCURVE('',#1547,#10490);
#10490 = DEFINITIONAL_REPRESENTATION('',(#10491),#10495);
#10491 = LINE('',#10492,#10493);
#10492 = CARTESIAN_POINT('',(0.,0.));
#10493 = VECTOR('',#10494,1.);
#10494 = DIRECTION('',(0.,-1.));
#10495 = ( GEOMETRIC_REPRESENTATION_CONTEXT(2) 
PARAMETRIC_REPRESENTATION_CONTEXT() REPRESENTATION_CONTEXT('2D SPACE',''
  ) );
#10496 = PCURVE('',#1521,#10497);
#10497 = DEFINITIONAL_REPRESENTATION('',(#10498),#10502);
#10498 = LINE('',#10499,#10500);
#10499 = CARTESIAN_POINT('',(0.360366749287,0.));
#10500 = VECTOR('',#10501,1.);
#10501 = DIRECTION('',(0.,-1.));
#10502 = ( GEOMETRIC_REPRESENTATION_CONTEXT(2) 
PARAMETRIC_REPRESENTATION_CONTEXT() REPRESENTATION_CONTEXT('2D SPACE',''
  ) );
#10503 = ORIENTED_EDGE('',*,*,#1532,.F.);
#10504 = ORIENTED_EDGE('',*,*,#10456,.F.);
#10505 = ADVANCED_FACE('',(#10506),#1521,.F.);
#10506 = FACE_BOUND('',#10507,.F.);
#10507 = EDGE_LOOP('',(#10508,#10509,#10530,#10531));
#10508 = ORIENTED_EDGE('',*,*,#4480,.T.);
#10509 = ORIENTED_EDGE('',*,*,#10510,.T.);
#10510 = EDGE_CURVE('',#4460,#1481,#10511,.T.);
#10511 = SURFACE_CURVE('',#10512,(#10516,#10523),.PCURVE_S1.);
#10512 = LINE('',#10513,#10514);
#10513 = CARTESIAN_POINT('',(-62.61929063541,-11.14763336926,-200.));
#10514 = VECTOR('',#10515,1.);
#10515 = DIRECTION('',(0.,0.,1.));
#10516 = PCURVE('',#1521,#10517);
#10517 = DEFINITIONAL_REPRESENTATION('',(#10518),#10522);
#10518 = LINE('',#10519,#10520);
#10519 = CARTESIAN_POINT('',(0.,0.));
#10520 = VECTOR('',#10521,1.);
#10521 = DIRECTION('',(0.,-1.));
#10522 = ( GEOMETRIC_REPRESENTATION_CONTEXT(2) 
PARAMETRIC_REPRESENTATION_CONTEXT() REPRESENTATION_CONTEXT('2D SPACE',''
  ) );
#10523 = PCURVE('',#1495,#10524);
#10524 = DEFINITIONAL_REPRESENTATION('',(#10525),#10529);
#10525 = LINE('',#10526,#10527);
#10526 = CARTESIAN_POINT('',(0.365037654282,0.));
#10527 = VECTOR('',#10528,1.);
#10528 = DIRECTION('',(0.,-1.));
#10529 = ( GEOMETRIC_REPRESENTATION_CONTEXT(2) 
PARAMETRIC_REPRESENTATION_CONTEXT() REPRESENTATION_CONTEXT('2D SPACE',''
  ) );
#10530 = ORIENTED_EDGE('',*,*,#1506,.F.);
#10531 = ORIENTED_EDGE('',*,*,#10483,.F.);
#10532 = ADVANCED_FACE('',(#10533),#1495,.F.);
#10533 = FACE_BOUND('',#10534,.F.);
#10534 = EDGE_LOOP('',(#10535,#10536,#10557,#10558));
#10535 = ORIENTED_EDGE('',*,*,#4459,.T.);
#10536 = ORIENTED_EDGE('',*,*,#10537,.T.);
#10537 = EDGE_CURVE('',#4439,#1455,#10538,.T.);
#10538 = SURFACE_CURVE('',#10539,(#10543,#10550),.PCURVE_S1.);
#10539 = LINE('',#10540,#10541);
#10540 = CARTESIAN_POINT('',(-62.48155265682,-11.48568771148,-200.));
#10541 = VECTOR('',#10542,1.);
#10542 = DIRECTION('',(0.,0.,1.));
#10543 = PCURVE('',#1495,#10544);
#10544 = DEFINITIONAL_REPRESENTATION('',(#10545),#10549);
#10545 = LINE('',#10546,#10547);
#10546 = CARTESIAN_POINT('',(0.,0.));
#10547 = VECTOR('',#10548,1.);
#10548 = DIRECTION('',(0.,-1.));
#10549 = ( GEOMETRIC_REPRESENTATION_CONTEXT(2) 
PARAMETRIC_REPRESENTATION_CONTEXT() REPRESENTATION_CONTEXT('2D SPACE',''
  ) );
#10550 = PCURVE('',#1469,#10551);
#10551 = DEFINITIONAL_REPRESENTATION('',(#10552),#10556);
#10552 = LINE('',#10553,#10554);
#10553 = CARTESIAN_POINT('',(0.364133262917,0.));
#10554 = VECTOR('',#10555,1.);
#10555 = DIRECTION('',(0.,-1.));
#10556 = ( GEOMETRIC_REPRESENTATION_CONTEXT(2) 
PARAMETRIC_REPRESENTATION_CONTEXT() REPRESENTATION_CONTEXT('2D SPACE',''
  ) );
#10557 = ORIENTED_EDGE('',*,*,#1480,.F.);
#10558 = ORIENTED_EDGE('',*,*,#10510,.F.);
#10559 = ADVANCED_FACE('',(#10560),#1469,.F.);
#10560 = FACE_BOUND('',#10561,.F.);
#10561 = EDGE_LOOP('',(#10562,#10563,#10584,#10585));
#10562 = ORIENTED_EDGE('',*,*,#4438,.T.);
#10563 = ORIENTED_EDGE('',*,*,#10564,.T.);
#10564 = EDGE_CURVE('',#4418,#1429,#10565,.T.);
#10565 = SURFACE_CURVE('',#10566,(#10570,#10577),.PCURVE_S1.);
#10566 = LINE('',#10567,#10568);
#10567 = CARTESIAN_POINT('',(-62.34158088075,-11.82184382859,-200.));
#10568 = VECTOR('',#10569,1.);
#10569 = DIRECTION('',(0.,0.,1.));
#10570 = PCURVE('',#1469,#10571);
#10571 = DEFINITIONAL_REPRESENTATION('',(#10572),#10576);
#10572 = LINE('',#10573,#10574);
#10573 = CARTESIAN_POINT('',(0.,0.));
#10574 = VECTOR('',#10575,1.);
#10575 = DIRECTION('',(0.,-1.));
#10576 = ( GEOMETRIC_REPRESENTATION_CONTEXT(2) 
PARAMETRIC_REPRESENTATION_CONTEXT() REPRESENTATION_CONTEXT('2D SPACE',''
  ) );
#10577 = PCURVE('',#1443,#10578);
#10578 = DEFINITIONAL_REPRESENTATION('',(#10579),#10583);
#10579 = LINE('',#10580,#10581);
#10580 = CARTESIAN_POINT('',(0.365326456052,0.));
#10581 = VECTOR('',#10582,1.);
#10582 = DIRECTION('',(0.,-1.));
#10583 = ( GEOMETRIC_REPRESENTATION_CONTEXT(2) 
PARAMETRIC_REPRESENTATION_CONTEXT() REPRESENTATION_CONTEXT('2D SPACE',''
  ) );
#10584 = ORIENTED_EDGE('',*,*,#1454,.F.);
#10585 = ORIENTED_EDGE('',*,*,#10537,.F.);
#10586 = ADVANCED_FACE('',(#10587),#1443,.F.);
#10587 = FACE_BOUND('',#10588,.F.);
#10588 = EDGE_LOOP('',(#10589,#10590,#10611,#10612));
#10589 = ORIENTED_EDGE('',*,*,#4417,.T.);
#10590 = ORIENTED_EDGE('',*,*,#10591,.T.);
#10591 = EDGE_CURVE('',#4397,#1403,#10592,.T.);
#10592 = SURFACE_CURVE('',#10593,(#10597,#10604),.PCURVE_S1.);
#10593 = LINE('',#10594,#10595);
#10594 = CARTESIAN_POINT('',(-62.19856584369,-12.15801360514,-200.));
#10595 = VECTOR('',#10596,1.);
#10596 = DIRECTION('',(0.,0.,1.));
#10597 = PCURVE('',#1443,#10598);
#10598 = DEFINITIONAL_REPRESENTATION('',(#10599),#10603);
#10599 = LINE('',#10600,#10601);
#10600 = CARTESIAN_POINT('',(0.,0.));
#10601 = VECTOR('',#10602,1.);
#10602 = DIRECTION('',(0.,-1.));
#10603 = ( GEOMETRIC_REPRESENTATION_CONTEXT(2) 
PARAMETRIC_REPRESENTATION_CONTEXT() REPRESENTATION_CONTEXT('2D SPACE',''
  ) );
#10604 = PCURVE('',#1417,#10605);
#10605 = DEFINITIONAL_REPRESENTATION('',(#10606),#10610);
#10606 = LINE('',#10607,#10608);
#10607 = CARTESIAN_POINT('',(0.368830680174,0.));
#10608 = VECTOR('',#10609,1.);
#10609 = DIRECTION('',(0.,-1.));
#10610 = ( GEOMETRIC_REPRESENTATION_CONTEXT(2) 
PARAMETRIC_REPRESENTATION_CONTEXT() REPRESENTATION_CONTEXT('2D SPACE',''
  ) );
#10611 = ORIENTED_EDGE('',*,*,#1428,.F.);
#10612 = ORIENTED_EDGE('',*,*,#10564,.F.);
#10613 = ADVANCED_FACE('',(#10614),#1417,.F.);
#10614 = FACE_BOUND('',#10615,.F.);
#10615 = EDGE_LOOP('',(#10616,#10617,#10638,#10639));
#10616 = ORIENTED_EDGE('',*,*,#4396,.T.);
#10617 = ORIENTED_EDGE('',*,*,#10618,.T.);
#10618 = EDGE_CURVE('',#4376,#1377,#10619,.T.);
#10619 = SURFACE_CURVE('',#10620,(#10624,#10631),.PCURVE_S1.);
#10620 = LINE('',#10621,#10622);
#10621 = CARTESIAN_POINT('',(-62.05154371113,-12.49627469243,-200.));
#10622 = VECTOR('',#10623,1.);
#10623 = DIRECTION('',(0.,0.,1.));
#10624 = PCURVE('',#1417,#10625);
#10625 = DEFINITIONAL_REPRESENTATION('',(#10626),#10630);
#10626 = LINE('',#10627,#10628);
#10627 = CARTESIAN_POINT('',(0.,0.));
#10628 = VECTOR('',#10629,1.);
#10629 = DIRECTION('',(0.,-1.));
#10630 = ( GEOMETRIC_REPRESENTATION_CONTEXT(2) 
PARAMETRIC_REPRESENTATION_CONTEXT() REPRESENTATION_CONTEXT('2D SPACE',''
  ) );
#10631 = PCURVE('',#1391,#10632);
#10632 = DEFINITIONAL_REPRESENTATION('',(#10633),#10637);
#10633 = LINE('',#10634,#10635);
#10634 = CARTESIAN_POINT('',(0.369718607872,0.));
#10635 = VECTOR('',#10636,1.);
#10636 = DIRECTION('',(0.,-1.));
#10637 = ( GEOMETRIC_REPRESENTATION_CONTEXT(2) 
PARAMETRIC_REPRESENTATION_CONTEXT() REPRESENTATION_CONTEXT('2D SPACE',''
  ) );
#10638 = ORIENTED_EDGE('',*,*,#1402,.F.);
#10639 = ORIENTED_EDGE('',*,*,#10591,.F.);
#10640 = ADVANCED_FACE('',(#10641),#1391,.F.);
#10641 = FACE_BOUND('',#10642,.F.);
#10642 = EDGE_LOOP('',(#10643,#10644,#10665,#10666));
#10643 = ORIENTED_EDGE('',*,*,#4375,.T.);
#10644 = ORIENTED_EDGE('',*,*,#10645,.T.);
#10645 = EDGE_CURVE('',#4355,#1351,#10646,.T.);
#10646 = SURFACE_CURVE('',#10647,(#10651,#10658),.PCURVE_S1.);
#10647 = LINE('',#10648,#10649);
#10648 = CARTESIAN_POINT('',(-61.89775050985,-12.83248816665,-200.));
#10649 = VECTOR('',#10650,1.);
#10650 = DIRECTION('',(0.,0.,1.));
#10651 = PCURVE('',#1391,#10652);
#10652 = DEFINITIONAL_REPRESENTATION('',(#10653),#10657);
#10653 = LINE('',#10654,#10655);
#10654 = CARTESIAN_POINT('',(0.,0.));
#10655 = VECTOR('',#10656,1.);
#10656 = DIRECTION('',(0.,-1.));
#10657 = ( GEOMETRIC_REPRESENTATION_CONTEXT(2) 
PARAMETRIC_REPRESENTATION_CONTEXT() REPRESENTATION_CONTEXT('2D SPACE',''
  ) );
#10658 = PCURVE('',#1365,#10659);
#10659 = DEFINITIONAL_REPRESENTATION('',(#10660),#10664);
#10660 = LINE('',#10661,#10662);
#10661 = CARTESIAN_POINT('',(0.369297585532,0.));
#10662 = VECTOR('',#10663,1.);
#10663 = DIRECTION('',(0.,-1.));
#10664 = ( GEOMETRIC_REPRESENTATION_CONTEXT(2) 
PARAMETRIC_REPRESENTATION_CONTEXT() REPRESENTATION_CONTEXT('2D SPACE',''
  ) );
#10665 = ORIENTED_EDGE('',*,*,#1376,.F.);
#10666 = ORIENTED_EDGE('',*,*,#10618,.F.);
#10667 = ADVANCED_FACE('',(#10668),#1365,.F.);
#10668 = FACE_BOUND('',#10669,.F.);
#10669 = EDGE_LOOP('',(#10670,#10671,#10692,#10693));
#10670 = ORIENTED_EDGE('',*,*,#4354,.T.);
#10671 = ORIENTED_EDGE('',*,*,#10672,.T.);
#10672 = EDGE_CURVE('',#4334,#1325,#10673,.T.);
#10673 = SURFACE_CURVE('',#10674,(#10678,#10685),.PCURVE_S1.);
#10674 = LINE('',#10675,#10676);
#10675 = CARTESIAN_POINT('',(-61.74518129999,-13.16879657107,-200.));
#10676 = VECTOR('',#10677,1.);
#10677 = DIRECTION('',(0.,0.,1.));
#10678 = PCURVE('',#1365,#10679);
#10679 = DEFINITIONAL_REPRESENTATION('',(#10680),#10684);
#10680 = LINE('',#10681,#10682);
#10681 = CARTESIAN_POINT('',(0.,0.));
#10682 = VECTOR('',#10683,1.);
#10683 = DIRECTION('',(0.,-1.));
#10684 = ( GEOMETRIC_REPRESENTATION_CONTEXT(2) 
PARAMETRIC_REPRESENTATION_CONTEXT() REPRESENTATION_CONTEXT('2D SPACE',''
  ) );
#10685 = PCURVE('',#1339,#10686);
#10686 = DEFINITIONAL_REPRESENTATION('',(#10687),#10691);
#10687 = LINE('',#10688,#10689);
#10688 = CARTESIAN_POINT('',(0.374915057559,0.));
#10689 = VECTOR('',#10690,1.);
#10690 = DIRECTION('',(0.,-1.));
#10691 = ( GEOMETRIC_REPRESENTATION_CONTEXT(2) 
PARAMETRIC_REPRESENTATION_CONTEXT() REPRESENTATION_CONTEXT('2D SPACE',''
  ) );
#10692 = ORIENTED_EDGE('',*,*,#1350,.F.);
#10693 = ORIENTED_EDGE('',*,*,#10645,.F.);
#10694 = ADVANCED_FACE('',(#10695),#1339,.F.);
#10695 = FACE_BOUND('',#10696,.F.);
#10696 = EDGE_LOOP('',(#10697,#10698,#10719,#10720));
#10697 = ORIENTED_EDGE('',*,*,#4333,.T.);
#10698 = ORIENTED_EDGE('',*,*,#10699,.T.);
#10699 = EDGE_CURVE('',#4313,#1299,#10700,.T.);
#10700 = SURFACE_CURVE('',#10701,(#10705,#10712),.PCURVE_S1.);
#10701 = LINE('',#10702,#10703);
#10702 = CARTESIAN_POINT('',(-61.58369115503,-13.5071488039,-200.));
#10703 = VECTOR('',#10704,1.);
#10704 = DIRECTION('',(0.,0.,1.));
#10705 = PCURVE('',#1339,#10706);
#10706 = DEFINITIONAL_REPRESENTATION('',(#10707),#10711);
#10707 = LINE('',#10708,#10709);
#10708 = CARTESIAN_POINT('',(0.,0.));
#10709 = VECTOR('',#10710,1.);
#10710 = DIRECTION('',(0.,-1.));
#10711 = ( GEOMETRIC_REPRESENTATION_CONTEXT(2) 
PARAMETRIC_REPRESENTATION_CONTEXT() REPRESENTATION_CONTEXT('2D SPACE',''
  ) );
#10712 = PCURVE('',#1313,#10713);
#10713 = DEFINITIONAL_REPRESENTATION('',(#10714),#10718);
#10714 = LINE('',#10715,#10716);
#10715 = CARTESIAN_POINT('',(0.374189276439,0.));
#10716 = VECTOR('',#10717,1.);
#10717 = DIRECTION('',(0.,-1.));
#10718 = ( GEOMETRIC_REPRESENTATION_CONTEXT(2) 
PARAMETRIC_REPRESENTATION_CONTEXT() REPRESENTATION_CONTEXT('2D SPACE',''
  ) );
#10719 = ORIENTED_EDGE('',*,*,#1324,.F.);
#10720 = ORIENTED_EDGE('',*,*,#10672,.F.);
#10721 = ADVANCED_FACE('',(#10722),#1313,.F.);
#10722 = FACE_BOUND('',#10723,.F.);
#10723 = EDGE_LOOP('',(#10724,#10725,#10746,#10747));
#10724 = ORIENTED_EDGE('',*,*,#4312,.T.);
#10725 = ORIENTED_EDGE('',*,*,#10726,.T.);
#10726 = EDGE_CURVE('',#4292,#1273,#10727,.T.);
#10727 = SURFACE_CURVE('',#10728,(#10732,#10739),.PCURVE_S1.);
#10728 = LINE('',#10729,#10730);
#10729 = CARTESIAN_POINT('',(-61.41969151418,-13.84348454747,-200.));
#10730 = VECTOR('',#10731,1.);
#10731 = DIRECTION('',(0.,0.,1.));
#10732 = PCURVE('',#1313,#10733);
#10733 = DEFINITIONAL_REPRESENTATION('',(#10734),#10738);
#10734 = LINE('',#10735,#10736);
#10735 = CARTESIAN_POINT('',(0.,0.));
#10736 = VECTOR('',#10737,1.);
#10737 = DIRECTION('',(0.,-1.));
#10738 = ( GEOMETRIC_REPRESENTATION_CONTEXT(2) 
PARAMETRIC_REPRESENTATION_CONTEXT() REPRESENTATION_CONTEXT('2D SPACE',''
  ) );
#10739 = PCURVE('',#1287,#10740);
#10740 = DEFINITIONAL_REPRESENTATION('',(#10741),#10745);
#10741 = LINE('',#10742,#10743);
#10742 = CARTESIAN_POINT('',(0.375734890475,0.));
#10743 = VECTOR('',#10744,1.);
#10744 = DIRECTION('',(0.,-1.));
#10745 = ( GEOMETRIC_REPRESENTATION_CONTEXT(2) 
PARAMETRIC_REPRESENTATION_CONTEXT() REPRESENTATION_CONTEXT('2D SPACE',''
  ) );
#10746 = ORIENTED_EDGE('',*,*,#1298,.F.);
#10747 = ORIENTED_EDGE('',*,*,#10699,.F.);
#10748 = ADVANCED_FACE('',(#10749),#1287,.F.);
#10749 = FACE_BOUND('',#10750,.F.);
#10750 = EDGE_LOOP('',(#10751,#10752,#10773,#10774));
#10751 = ORIENTED_EDGE('',*,*,#4291,.T.);
#10752 = ORIENTED_EDGE('',*,*,#10753,.T.);
#10753 = EDGE_CURVE('',#4271,#1247,#10754,.T.);
#10754 = SURFACE_CURVE('',#10755,(#10759,#10766),.PCURVE_S1.);
#10755 = LINE('',#10756,#10757);
#10756 = CARTESIAN_POINT('',(-61.25219395427,-14.17981961158,-200.));
#10757 = VECTOR('',#10758,1.);
#10758 = DIRECTION('',(0.,0.,1.));
#10759 = PCURVE('',#1287,#10760);
#10760 = DEFINITIONAL_REPRESENTATION('',(#10761),#10765);
#10761 = LINE('',#10762,#10763);
#10762 = CARTESIAN_POINT('',(0.,0.));
#10763 = VECTOR('',#10764,1.);
#10764 = DIRECTION('',(0.,-1.));
#10765 = ( GEOMETRIC_REPRESENTATION_CONTEXT(2) 
PARAMETRIC_REPRESENTATION_CONTEXT() REPRESENTATION_CONTEXT('2D SPACE',''
  ) );
#10766 = PCURVE('',#1261,#10767);
#10767 = DEFINITIONAL_REPRESENTATION('',(#10768),#10772);
#10768 = LINE('',#10769,#10770);
#10769 = CARTESIAN_POINT('',(0.377322200801,0.));
#10770 = VECTOR('',#10771,1.);
#10771 = DIRECTION('',(0.,-1.));
#10772 = ( GEOMETRIC_REPRESENTATION_CONTEXT(2) 
PARAMETRIC_REPRESENTATION_CONTEXT() REPRESENTATION_CONTEXT('2D SPACE',''
  ) );
#10773 = ORIENTED_EDGE('',*,*,#1272,.F.);
#10774 = ORIENTED_EDGE('',*,*,#10726,.F.);
#10775 = ADVANCED_FACE('',(#10776),#1261,.F.);
#10776 = FACE_BOUND('',#10777,.F.);
#10777 = EDGE_LOOP('',(#10778,#10779,#10800,#10801));
#10778 = ORIENTED_EDGE('',*,*,#4270,.T.);
#10779 = ORIENTED_EDGE('',*,*,#10780,.T.);
#10780 = EDGE_CURVE('',#4250,#1221,#10781,.T.);
#10781 = SURFACE_CURVE('',#10782,(#10786,#10793),.PCURVE_S1.);
#10782 = LINE('',#10783,#10784);
#10783 = CARTESIAN_POINT('',(-61.08115833808,-14.51615108678,-200.));
#10784 = VECTOR('',#10785,1.);
#10785 = DIRECTION('',(0.,0.,1.));
#10786 = PCURVE('',#1261,#10787);
#10787 = DEFINITIONAL_REPRESENTATION('',(#10788),#10792);
#10788 = LINE('',#10789,#10790);
#10789 = CARTESIAN_POINT('',(0.,0.));
#10790 = VECTOR('',#10791,1.);
#10791 = DIRECTION('',(0.,-1.));
#10792 = ( GEOMETRIC_REPRESENTATION_CONTEXT(2) 
PARAMETRIC_REPRESENTATION_CONTEXT() REPRESENTATION_CONTEXT('2D SPACE',''
  ) );
#10793 = PCURVE('',#1235,#10794);
#10794 = DEFINITIONAL_REPRESENTATION('',(#10795),#10799);
#10795 = LINE('',#10796,#10797);
#10796 = CARTESIAN_POINT('',(0.381412877632,0.));
#10797 = VECTOR('',#10798,1.);
#10798 = DIRECTION('',(0.,-1.));
#10799 = ( GEOMETRIC_REPRESENTATION_CONTEXT(2) 
PARAMETRIC_REPRESENTATION_CONTEXT() REPRESENTATION_CONTEXT('2D SPACE',''
  ) );
#10800 = ORIENTED_EDGE('',*,*,#1246,.F.);
#10801 = ORIENTED_EDGE('',*,*,#10753,.F.);
#10802 = ADVANCED_FACE('',(#10803),#1235,.F.);
#10803 = FACE_BOUND('',#10804,.F.);
#10804 = EDGE_LOOP('',(#10805,#10806,#10827,#10828));
#10805 = ORIENTED_EDGE('',*,*,#4249,.T.);
#10806 = ORIENTED_EDGE('',*,*,#10807,.T.);
#10807 = EDGE_CURVE('',#4229,#1195,#10808,.T.);
#10808 = SURFACE_CURVE('',#10809,(#10813,#10820),.PCURVE_S1.);
#10809 = LINE('',#10810,#10811);
#10810 = CARTESIAN_POINT('',(-60.90539620756,-14.85465286919,-200.));
#10811 = VECTOR('',#10812,1.);
#10812 = DIRECTION('',(0.,0.,1.));
#10813 = PCURVE('',#1235,#10814);
#10814 = DEFINITIONAL_REPRESENTATION('',(#10815),#10819);
#10815 = LINE('',#10816,#10817);
#10816 = CARTESIAN_POINT('',(0.,0.));
#10817 = VECTOR('',#10818,1.);
#10818 = DIRECTION('',(0.,-1.));
#10819 = ( GEOMETRIC_REPRESENTATION_CONTEXT(2) 
PARAMETRIC_REPRESENTATION_CONTEXT() REPRESENTATION_CONTEXT('2D SPACE',''
  ) );
#10820 = PCURVE('',#1209,#10821);
#10821 = DEFINITIONAL_REPRESENTATION('',(#10822),#10826);
#10822 = LINE('',#10823,#10824);
#10823 = CARTESIAN_POINT('',(0.385608135605,0.));
#10824 = VECTOR('',#10825,1.);
#10825 = DIRECTION('',(0.,-1.));
#10826 = ( GEOMETRIC_REPRESENTATION_CONTEXT(2) 
PARAMETRIC_REPRESENTATION_CONTEXT() REPRESENTATION_CONTEXT('2D SPACE',''
  ) );
#10827 = ORIENTED_EDGE('',*,*,#1220,.F.);
#10828 = ORIENTED_EDGE('',*,*,#10780,.F.);
#10829 = ADVANCED_FACE('',(#10830),#1209,.F.);
#10830 = FACE_BOUND('',#10831,.F.);
#10831 = EDGE_LOOP('',(#10832,#10833,#10854,#10855));
#10832 = ORIENTED_EDGE('',*,*,#4228,.T.);
#10833 = ORIENTED_EDGE('',*,*,#10834,.T.);
#10834 = EDGE_CURVE('',#4208,#1169,#10835,.T.);
#10835 = SURFACE_CURVE('',#10836,(#10840,#10847),.PCURVE_S1.);
#10836 = LINE('',#10837,#10838);
#10837 = CARTESIAN_POINT('',(-60.72070339959,-15.19315279671,-200.));
#10838 = VECTOR('',#10839,1.);
#10839 = DIRECTION('',(0.,0.,1.));
#10840 = PCURVE('',#1209,#10841);
#10841 = DEFINITIONAL_REPRESENTATION('',(#10842),#10846);
#10842 = LINE('',#10843,#10844);
#10843 = CARTESIAN_POINT('',(0.,0.));
#10844 = VECTOR('',#10845,1.);
#10845 = DIRECTION('',(0.,-1.));
#10846 = ( GEOMETRIC_REPRESENTATION_CONTEXT(2) 
PARAMETRIC_REPRESENTATION_CONTEXT() REPRESENTATION_CONTEXT('2D SPACE',''
  ) );
#10847 = PCURVE('',#1183,#10848);
#10848 = DEFINITIONAL_REPRESENTATION('',(#10849),#10853);
#10849 = LINE('',#10850,#10851);
#10850 = CARTESIAN_POINT('',(0.385112220448,0.));
#10851 = VECTOR('',#10852,1.);
#10852 = DIRECTION('',(0.,-1.));
#10853 = ( GEOMETRIC_REPRESENTATION_CONTEXT(2) 
PARAMETRIC_REPRESENTATION_CONTEXT() REPRESENTATION_CONTEXT('2D SPACE',''
  ) );
#10854 = ORIENTED_EDGE('',*,*,#1194,.F.);
#10855 = ORIENTED_EDGE('',*,*,#10807,.F.);
#10856 = ADVANCED_FACE('',(#10857),#1183,.F.);
#10857 = FACE_BOUND('',#10858,.F.);
#10858 = EDGE_LOOP('',(#10859,#10860,#10881,#10882));
#10859 = ORIENTED_EDGE('',*,*,#4207,.T.);
#10860 = ORIENTED_EDGE('',*,*,#10861,.T.);
#10861 = EDGE_CURVE('',#4187,#1143,#10862,.T.);
#10862 = SURFACE_CURVE('',#10863,(#10867,#10874),.PCURVE_S1.);
#10863 = LINE('',#10864,#10865);
#10864 = CARTESIAN_POINT('',(-60.53325706014,-15.52956815332,-200.));
#10865 = VECTOR('',#10866,1.);
#10866 = DIRECTION('',(0.,0.,1.));
#10867 = PCURVE('',#1183,#10868);
#10868 = DEFINITIONAL_REPRESENTATION('',(#10869),#10873);
#10869 = LINE('',#10870,#10871);
#10870 = CARTESIAN_POINT('',(0.,0.));
#10871 = VECTOR('',#10872,1.);
#10872 = DIRECTION('',(0.,-1.));
#10873 = ( GEOMETRIC_REPRESENTATION_CONTEXT(2) 
PARAMETRIC_REPRESENTATION_CONTEXT() REPRESENTATION_CONTEXT('2D SPACE',''
  ) );
#10874 = PCURVE('',#1157,#10875);
#10875 = DEFINITIONAL_REPRESENTATION('',(#10876),#10880);
#10876 = LINE('',#10877,#10878);
#10877 = CARTESIAN_POINT('',(0.387005200385,0.));
#10878 = VECTOR('',#10879,1.);
#10879 = DIRECTION('',(0.,-1.));
#10880 = ( GEOMETRIC_REPRESENTATION_CONTEXT(2) 
PARAMETRIC_REPRESENTATION_CONTEXT() REPRESENTATION_CONTEXT('2D SPACE',''
  ) );
#10881 = ORIENTED_EDGE('',*,*,#1168,.F.);
#10882 = ORIENTED_EDGE('',*,*,#10834,.F.);
#10883 = ADVANCED_FACE('',(#10884),#1157,.F.);
#10884 = FACE_BOUND('',#10885,.F.);
#10885 = EDGE_LOOP('',(#10886,#10887,#10908,#10909));
#10886 = ORIENTED_EDGE('',*,*,#4186,.T.);
#10887 = ORIENTED_EDGE('',*,*,#10888,.T.);
#10888 = EDGE_CURVE('',#4166,#1117,#10889,.T.);
#10889 = SURFACE_CURVE('',#10890,(#10894,#10901),.PCURVE_S1.);
#10890 = LINE('',#10891,#10892);
#10891 = CARTESIAN_POINT('',(-60.34191631494,-15.86596337379,-200.));
#10892 = VECTOR('',#10893,1.);
#10893 = DIRECTION('',(0.,0.,1.));
#10894 = PCURVE('',#1157,#10895);
#10895 = DEFINITIONAL_REPRESENTATION('',(#10896),#10900);
#10896 = LINE('',#10897,#10898);
#10897 = CARTESIAN_POINT('',(0.,0.));
#10898 = VECTOR('',#10899,1.);
#10899 = DIRECTION('',(0.,-1.));
#10900 = ( GEOMETRIC_REPRESENTATION_CONTEXT(2) 
PARAMETRIC_REPRESENTATION_CONTEXT() REPRESENTATION_CONTEXT('2D SPACE',''
  ) );
#10901 = PCURVE('',#1131,#10902);
#10902 = DEFINITIONAL_REPRESENTATION('',(#10903),#10907);
#10903 = LINE('',#10904,#10905);
#10904 = CARTESIAN_POINT('',(0.391473260042,0.));
#10905 = VECTOR('',#10906,1.);
#10906 = DIRECTION('',(0.,-1.));
#10907 = ( GEOMETRIC_REPRESENTATION_CONTEXT(2) 
PARAMETRIC_REPRESENTATION_CONTEXT() REPRESENTATION_CONTEXT('2D SPACE',''
  ) );
#10908 = ORIENTED_EDGE('',*,*,#1142,.F.);
#10909 = ORIENTED_EDGE('',*,*,#10861,.F.);
#10910 = ADVANCED_FACE('',(#10911),#1131,.F.);
#10911 = FACE_BOUND('',#10912,.F.);
#10912 = EDGE_LOOP('',(#10913,#10914,#10935,#10936));
#10913 = ORIENTED_EDGE('',*,*,#4165,.T.);
#10914 = ORIENTED_EDGE('',*,*,#10915,.T.);
#10915 = EDGE_CURVE('',#4145,#1091,#10916,.T.);
#10916 = SURFACE_CURVE('',#10917,(#10921,#10928),.PCURVE_S1.);
#10917 = LINE('',#10918,#10919);
#10918 = CARTESIAN_POINT('',(-60.14536418332,-16.20451702225,-200.));
#10919 = VECTOR('',#10920,1.);
#10920 = DIRECTION('',(0.,0.,1.));
#10921 = PCURVE('',#1131,#10922);
#10922 = DEFINITIONAL_REPRESENTATION('',(#10923),#10927);
#10923 = LINE('',#10924,#10925);
#10924 = CARTESIAN_POINT('',(0.,0.));
#10925 = VECTOR('',#10926,1.);
#10926 = DIRECTION('',(0.,-1.));
#10927 = ( GEOMETRIC_REPRESENTATION_CONTEXT(2) 
PARAMETRIC_REPRESENTATION_CONTEXT() REPRESENTATION_CONTEXT('2D SPACE',''
  ) );
#10928 = PCURVE('',#1105,#10929);
#10929 = DEFINITIONAL_REPRESENTATION('',(#10930),#10934);
#10930 = LINE('',#10931,#10932);
#10931 = CARTESIAN_POINT('',(0.393868151894,0.));
#10932 = VECTOR('',#10933,1.);
#10933 = DIRECTION('',(0.,-1.));
#10934 = ( GEOMETRIC_REPRESENTATION_CONTEXT(2) 
PARAMETRIC_REPRESENTATION_CONTEXT() REPRESENTATION_CONTEXT('2D SPACE',''
  ) );
#10935 = ORIENTED_EDGE('',*,*,#1116,.F.);
#10936 = ORIENTED_EDGE('',*,*,#10888,.F.);
#10937 = ADVANCED_FACE('',(#10938),#1105,.F.);
#10938 = FACE_BOUND('',#10939,.F.);
#10939 = EDGE_LOOP('',(#10940,#10941,#10962,#10963));
#10940 = ORIENTED_EDGE('',*,*,#4144,.T.);
#10941 = ORIENTED_EDGE('',*,*,#10942,.T.);
#10942 = EDGE_CURVE('',#4124,#1065,#10943,.T.);
#10943 = SURFACE_CURVE('',#10944,(#10948,#10955),.PCURVE_S1.);
#10944 = LINE('',#10945,#10946);
#10945 = CARTESIAN_POINT('',(-59.94042567051,-16.54086851554,-200.));
#10946 = VECTOR('',#10947,1.);
#10947 = DIRECTION('',(0.,0.,1.));
#10948 = PCURVE('',#1105,#10949);
#10949 = DEFINITIONAL_REPRESENTATION('',(#10950),#10954);
#10950 = LINE('',#10951,#10952);
#10951 = CARTESIAN_POINT('',(0.,0.));
#10952 = VECTOR('',#10953,1.);
#10953 = DIRECTION('',(0.,-1.));
#10954 = ( GEOMETRIC_REPRESENTATION_CONTEXT(2) 
PARAMETRIC_REPRESENTATION_CONTEXT() REPRESENTATION_CONTEXT('2D SPACE',''
  ) );
#10955 = PCURVE('',#1079,#10956);
#10956 = DEFINITIONAL_REPRESENTATION('',(#10957),#10961);
#10957 = LINE('',#10958,#10959);
#10958 = CARTESIAN_POINT('',(0.393097682061,0.));
#10959 = VECTOR('',#10960,1.);
#10960 = DIRECTION('',(0.,-1.));
#10961 = ( GEOMETRIC_REPRESENTATION_CONTEXT(2) 
PARAMETRIC_REPRESENTATION_CONTEXT() REPRESENTATION_CONTEXT('2D SPACE',''
  ) );
#10962 = ORIENTED_EDGE('',*,*,#1090,.F.);
#10963 = ORIENTED_EDGE('',*,*,#10915,.F.);
#10964 = ADVANCED_FACE('',(#10965),#1079,.F.);
#10965 = FACE_BOUND('',#10966,.F.);
#10966 = EDGE_LOOP('',(#10967,#10968,#10989,#10990));
#10967 = ORIENTED_EDGE('',*,*,#4123,.T.);
#10968 = ORIENTED_EDGE('',*,*,#10969,.T.);
#10969 = EDGE_CURVE('',#4103,#1039,#10970,.T.);
#10970 = SURFACE_CURVE('',#10971,(#10975,#10982),.PCURVE_S1.);
#10971 = LINE('',#10972,#10973);
#10972 = CARTESIAN_POINT('',(-59.73705645404,-16.87727117522,-200.));
#10973 = VECTOR('',#10974,1.);
#10974 = DIRECTION('',(0.,0.,1.));
#10975 = PCURVE('',#1079,#10976);
#10976 = DEFINITIONAL_REPRESENTATION('',(#10977),#10981);
#10977 = LINE('',#10978,#10979);
#10978 = CARTESIAN_POINT('',(0.,0.));
#10979 = VECTOR('',#10980,1.);
#10980 = DIRECTION('',(0.,-1.));
#10981 = ( GEOMETRIC_REPRESENTATION_CONTEXT(2) 
PARAMETRIC_REPRESENTATION_CONTEXT() REPRESENTATION_CONTEXT('2D SPACE',''
  ) );
#10982 = PCURVE('',#1053,#10983);
#10983 = DEFINITIONAL_REPRESENTATION('',(#10984),#10988);
#10984 = LINE('',#10985,#10986);
#10985 = CARTESIAN_POINT('',(0.403325990741,0.));
#10986 = VECTOR('',#10987,1.);
#10987 = DIRECTION('',(0.,-1.));
#10988 = ( GEOMETRIC_REPRESENTATION_CONTEXT(2) 
PARAMETRIC_REPRESENTATION_CONTEXT() REPRESENTATION_CONTEXT('2D SPACE',''
  ) );
#10989 = ORIENTED_EDGE('',*,*,#1064,.F.);
#10990 = ORIENTED_EDGE('',*,*,#10942,.F.);
#10991 = ADVANCED_FACE('',(#10992),#1053,.F.);
#10992 = FACE_BOUND('',#10993,.F.);
#10993 = EDGE_LOOP('',(#10994,#10995,#11016,#11017));
#10994 = ORIENTED_EDGE('',*,*,#4102,.T.);
#10995 = ORIENTED_EDGE('',*,*,#10996,.T.);
#10996 = EDGE_CURVE('',#4082,#1013,#10997,.T.);
#10997 = SURFACE_CURVE('',#10998,(#11002,#11009),.PCURVE_S1.);
#10998 = LINE('',#10999,#11000);
#10999 = CARTESIAN_POINT('',(-59.52105844156,-17.21788343778,-200.));
#11000 = VECTOR('',#11001,1.);
#11001 = DIRECTION('',(0.,0.,1.));
#11002 = PCURVE('',#1053,#11003);
#11003 = DEFINITIONAL_REPRESENTATION('',(#11004),#11008);
#11004 = LINE('',#11005,#11006);
#11005 = CARTESIAN_POINT('',(0.,0.));
#11006 = VECTOR('',#11007,1.);
#11007 = DIRECTION('',(0.,-1.));
#11008 = ( GEOMETRIC_REPRESENTATION_CONTEXT(2) 
PARAMETRIC_REPRESENTATION_CONTEXT() REPRESENTATION_CONTEXT('2D SPACE',''
  ) );
#11009 = PCURVE('',#1027,#11010);
#11010 = DEFINITIONAL_REPRESENTATION('',(#11011),#11015);
#11011 = LINE('',#11012,#11013);
#11012 = CARTESIAN_POINT('',(0.406434363995,0.));
#11013 = VECTOR('',#11014,1.);
#11014 = DIRECTION('',(0.,-1.));
#11015 = ( GEOMETRIC_REPRESENTATION_CONTEXT(2) 
PARAMETRIC_REPRESENTATION_CONTEXT() REPRESENTATION_CONTEXT('2D SPACE',''
  ) );
#11016 = ORIENTED_EDGE('',*,*,#1038,.F.);
#11017 = ORIENTED_EDGE('',*,*,#10969,.F.);
#11018 = ADVANCED_FACE('',(#11019),#1027,.F.);
#11019 = FACE_BOUND('',#11020,.F.);
#11020 = EDGE_LOOP('',(#11021,#11022,#11043,#11044));
#11021 = ORIENTED_EDGE('',*,*,#4081,.T.);
#11022 = ORIENTED_EDGE('',*,*,#11023,.T.);
#11023 = EDGE_CURVE('',#4061,#987,#11024,.T.);
#11024 = SURFACE_CURVE('',#11025,(#11029,#11036),.PCURVE_S1.);
#11025 = LINE('',#11026,#11027);
#11026 = CARTESIAN_POINT('',(-59.29603706318,-17.5563421081,-200.));
#11027 = VECTOR('',#11028,1.);
#11028 = DIRECTION('',(0.,0.,1.));
#11029 = PCURVE('',#1027,#11030);
#11030 = DEFINITIONAL_REPRESENTATION('',(#11031),#11035);
#11031 = LINE('',#11032,#11033);
#11032 = CARTESIAN_POINT('',(0.,0.));
#11033 = VECTOR('',#11034,1.);
#11034 = DIRECTION('',(0.,-1.));
#11035 = ( GEOMETRIC_REPRESENTATION_CONTEXT(2) 
PARAMETRIC_REPRESENTATION_CONTEXT() REPRESENTATION_CONTEXT('2D SPACE',''
  ) );
#11036 = PCURVE('',#1001,#11037);
#11037 = DEFINITIONAL_REPRESENTATION('',(#11038),#11042);
#11038 = LINE('',#11039,#11040);
#11039 = CARTESIAN_POINT('',(0.406428321857,0.));
#11040 = VECTOR('',#11041,1.);
#11041 = DIRECTION('',(0.,-1.));
#11042 = ( GEOMETRIC_REPRESENTATION_CONTEXT(2) 
PARAMETRIC_REPRESENTATION_CONTEXT() REPRESENTATION_CONTEXT('2D SPACE',''
  ) );
#11043 = ORIENTED_EDGE('',*,*,#1012,.F.);
#11044 = ORIENTED_EDGE('',*,*,#10996,.F.);
#11045 = ADVANCED_FACE('',(#11046),#1001,.F.);
#11046 = FACE_BOUND('',#11047,.F.);
#11047 = EDGE_LOOP('',(#11048,#11049,#11070,#11071));
#11048 = ORIENTED_EDGE('',*,*,#4060,.T.);
#11049 = ORIENTED_EDGE('',*,*,#11050,.T.);
#11050 = EDGE_CURVE('',#4040,#961,#11051,.T.);
#11051 = SURFACE_CURVE('',#11052,(#11056,#11063),.PCURVE_S1.);
#11052 = LINE('',#11053,#11054);
#11053 = CARTESIAN_POINT('',(-59.06789978635,-17.89270108854,-200.));
#11054 = VECTOR('',#11055,1.);
#11055 = DIRECTION('',(0.,0.,1.));
#11056 = PCURVE('',#1001,#11057);
#11057 = DEFINITIONAL_REPRESENTATION('',(#11058),#11062);
#11058 = LINE('',#11059,#11060);
#11059 = CARTESIAN_POINT('',(0.,0.));
#11060 = VECTOR('',#11061,1.);
#11061 = DIRECTION('',(0.,-1.));
#11062 = ( GEOMETRIC_REPRESENTATION_CONTEXT(2) 
PARAMETRIC_REPRESENTATION_CONTEXT() REPRESENTATION_CONTEXT('2D SPACE',''
  ) );
#11063 = PCURVE('',#975,#11064);
#11064 = DEFINITIONAL_REPRESENTATION('',(#11065),#11069);
#11065 = LINE('',#11066,#11067);
#11066 = CARTESIAN_POINT('',(0.40889137212,0.));
#11067 = VECTOR('',#11068,1.);
#11068 = DIRECTION('',(0.,-1.));
#11069 = ( GEOMETRIC_REPRESENTATION_CONTEXT(2) 
PARAMETRIC_REPRESENTATION_CONTEXT() REPRESENTATION_CONTEXT('2D SPACE',''
  ) );
#11070 = ORIENTED_EDGE('',*,*,#986,.F.);
#11071 = ORIENTED_EDGE('',*,*,#11023,.F.);
#11072 = ADVANCED_FACE('',(#11073),#975,.F.);
#11073 = FACE_BOUND('',#11074,.F.);
#11074 = EDGE_LOOP('',(#11075,#11076,#11097,#11098));
#11075 = ORIENTED_EDGE('',*,*,#4039,.T.);
#11076 = ORIENTED_EDGE('',*,*,#11077,.T.);
#11077 = EDGE_CURVE('',#4019,#935,#11078,.T.);
#11078 = SURFACE_CURVE('',#11079,(#11083,#11090),.PCURVE_S1.);
#11079 = LINE('',#11080,#11081);
#11080 = CARTESIAN_POINT('',(-58.83531639735,-18.2290002431,-200.));
#11081 = VECTOR('',#11082,1.);
#11082 = DIRECTION('',(0.,0.,1.));
#11083 = PCURVE('',#975,#11084);
#11084 = DEFINITIONAL_REPRESENTATION('',(#11085),#11089);
#11085 = LINE('',#11086,#11087);
#11086 = CARTESIAN_POINT('',(0.,0.));
#11087 = VECTOR('',#11088,1.);
#11088 = DIRECTION('',(0.,-1.));
#11089 = ( GEOMETRIC_REPRESENTATION_CONTEXT(2) 
PARAMETRIC_REPRESENTATION_CONTEXT() REPRESENTATION_CONTEXT('2D SPACE',''
  ) );
#11090 = PCURVE('',#949,#11091);
#11091 = DEFINITIONAL_REPRESENTATION('',(#11092),#11096);
#11092 = LINE('',#11093,#11094);
#11093 = CARTESIAN_POINT('',(0.41396530148,0.));
#11094 = VECTOR('',#11095,1.);
#11095 = DIRECTION('',(0.,-1.));
#11096 = ( GEOMETRIC_REPRESENTATION_CONTEXT(2) 
PARAMETRIC_REPRESENTATION_CONTEXT() REPRESENTATION_CONTEXT('2D SPACE',''
  ) );
#11097 = ORIENTED_EDGE('',*,*,#960,.F.);
#11098 = ORIENTED_EDGE('',*,*,#11050,.F.);
#11099 = ADVANCED_FACE('',(#11100),#949,.F.);
#11100 = FACE_BOUND('',#11101,.F.);
#11101 = EDGE_LOOP('',(#11102,#11103,#11124,#11125));
#11102 = ORIENTED_EDGE('',*,*,#4018,.T.);
#11103 = ORIENTED_EDGE('',*,*,#11104,.T.);
#11104 = EDGE_CURVE('',#3998,#909,#11105,.T.);
#11105 = SURFACE_CURVE('',#11106,(#11110,#11117),.PCURVE_S1.);
#11106 = LINE('',#11107,#11108);
#11107 = CARTESIAN_POINT('',(-58.5967933014,-18.56734031393,-200.));
#11108 = VECTOR('',#11109,1.);
#11109 = DIRECTION('',(0.,0.,1.));
#11110 = PCURVE('',#949,#11111);
#11111 = DEFINITIONAL_REPRESENTATION('',(#11112),#11116);
#11112 = LINE('',#11113,#11114);
#11113 = CARTESIAN_POINT('',(0.,0.));
#11114 = VECTOR('',#11115,1.);
#11115 = DIRECTION('',(0.,-1.));
#11116 = ( GEOMETRIC_REPRESENTATION_CONTEXT(2) 
PARAMETRIC_REPRESENTATION_CONTEXT() REPRESENTATION_CONTEXT('2D SPACE',''
  ) );
#11117 = PCURVE('',#923,#11118);
#11118 = DEFINITIONAL_REPRESENTATION('',(#11119),#11123);
#11119 = LINE('',#11120,#11121);
#11120 = CARTESIAN_POINT('',(0.420313762585,0.));
#11121 = VECTOR('',#11122,1.);
#11122 = DIRECTION('',(0.,-1.));
#11123 = ( GEOMETRIC_REPRESENTATION_CONTEXT(2) 
PARAMETRIC_REPRESENTATION_CONTEXT() REPRESENTATION_CONTEXT('2D SPACE',''
  ) );
#11124 = ORIENTED_EDGE('',*,*,#934,.F.);
#11125 = ORIENTED_EDGE('',*,*,#11077,.F.);
#11126 = ADVANCED_FACE('',(#11127),#923,.F.);
#11127 = FACE_BOUND('',#11128,.F.);
#11128 = EDGE_LOOP('',(#11129,#11130,#11131,#11150));
#11129 = ORIENTED_EDGE('',*,*,#11104,.F.);
#11130 = ORIENTED_EDGE('',*,*,#3997,.T.);
#11131 = ORIENTED_EDGE('',*,*,#11132,.T.);
#11132 = EDGE_CURVE('',#3975,#881,#11133,.T.);
#11133 = SURFACE_CURVE('',#11134,(#11138,#11144),.PCURVE_S1.);
#11134 = LINE('',#11135,#11136);
#11135 = CARTESIAN_POINT('',(-58.5,-18.69855149623,-131.));
#11136 = VECTOR('',#11137,1.);
#11137 = DIRECTION('',(0.,0.,1.));
#11138 = PCURVE('',#923,#11139);
#11139 = DEFINITIONAL_REPRESENTATION('',(#11140),#11143);
#11140 = B_SPLINE_CURVE_WITH_KNOTS('',1,(#11141,#11142),.UNSPECIFIED.,
  .F.,.F.,(2,2),(69.,193.),.PIECEWISE_BEZIER_KNOTS.);
#11141 = CARTESIAN_POINT('',(0.257263716406,-138.));
#11142 = CARTESIAN_POINT('',(0.257263716406,-262.));
#11143 = ( GEOMETRIC_REPRESENTATION_CONTEXT(2) 
PARAMETRIC_REPRESENTATION_CONTEXT() REPRESENTATION_CONTEXT('2D SPACE',''
  ) );
#11144 = PCURVE('',#896,#11145);
#11145 = DEFINITIONAL_REPRESENTATION('',(#11146),#11149);
#11146 = B_SPLINE_CURVE_WITH_KNOTS('',1,(#11147,#11148),.UNSPECIFIED.,
  .F.,.F.,(2,2),(69.,193.),.PIECEWISE_BEZIER_KNOTS.);
#11147 = CARTESIAN_POINT('',(0.301448503763,0.));
#11148 = CARTESIAN_POINT('',(0.301448503763,-124.));
#11149 = ( GEOMETRIC_REPRESENTATION_CONTEXT(2) 
PARAMETRIC_REPRESENTATION_CONTEXT() REPRESENTATION_CONTEXT('2D SPACE',''
  ) );
#11150 = ORIENTED_EDGE('',*,*,#908,.F.);
#11151 = ADVANCED_FACE('',(#11152),#896,.F.);
#11152 = FACE_BOUND('',#11153,.F.);
#11153 = EDGE_LOOP('',(#11154,#11155,#11176,#11177));
#11154 = ORIENTED_EDGE('',*,*,#3974,.F.);
#11155 = ORIENTED_EDGE('',*,*,#11156,.T.);
#11156 = EDGE_CURVE('',#3952,#853,#11157,.T.);
#11157 = SURFACE_CURVE('',#11158,(#11162,#11169),.PCURVE_S1.);
#11158 = LINE('',#11159,#11160);
#11159 = CARTESIAN_POINT('',(-58.5,-19.,-62.));
#11160 = VECTOR('',#11161,1.);
#11161 = DIRECTION('',(0.,0.,1.));
#11162 = PCURVE('',#896,#11163);
#11163 = DEFINITIONAL_REPRESENTATION('',(#11164),#11168);
#11164 = LINE('',#11165,#11166);
#11165 = CARTESIAN_POINT('',(0.,0.));
#11166 = VECTOR('',#11167,1.);
#11167 = DIRECTION('',(0.,-1.));
#11168 = ( GEOMETRIC_REPRESENTATION_CONTEXT(2) 
PARAMETRIC_REPRESENTATION_CONTEXT() REPRESENTATION_CONTEXT('2D SPACE',''
  ) );
#11169 = PCURVE('',#868,#11170);
#11170 = DEFINITIONAL_REPRESENTATION('',(#11171),#11175);
#11171 = LINE('',#11172,#11173);
#11172 = CARTESIAN_POINT('',(15.432433379088,0.));
#11173 = VECTOR('',#11174,1.);
#11174 = DIRECTION('',(0.,-1.));
#11175 = ( GEOMETRIC_REPRESENTATION_CONTEXT(2) 
PARAMETRIC_REPRESENTATION_CONTEXT() REPRESENTATION_CONTEXT('2D SPACE',''
  ) );
#11176 = ORIENTED_EDGE('',*,*,#880,.T.);
#11177 = ORIENTED_EDGE('',*,*,#11132,.F.);
#11178 = ADVANCED_FACE('',(#11179),#868,.F.);
#11179 = FACE_BOUND('',#11180,.F.);
#11180 = EDGE_LOOP('',(#11181,#11182,#11201,#11202));
#11181 = ORIENTED_EDGE('',*,*,#3951,.F.);
#11182 = ORIENTED_EDGE('',*,*,#11183,.T.);
#11183 = EDGE_CURVE('',#3929,#825,#11184,.T.);
#11184 = SURFACE_CURVE('',#11185,(#11189,#11195),.PCURVE_S1.);
#11185 = LINE('',#11186,#11187);
#11186 = CARTESIAN_POINT('',(-66.1,-21.60273972602,-62.));
#11187 = VECTOR('',#11188,1.);
#11188 = DIRECTION('',(0.,-0.,1.));
#11189 = PCURVE('',#868,#11190);
#11190 = DEFINITIONAL_REPRESENTATION('',(#11191),#11194);
#11191 = B_SPLINE_CURVE_WITH_KNOTS('',1,(#11192,#11193),.UNSPECIFIED.,
  .F.,.F.,(2,2),(0.,124.),.PIECEWISE_BEZIER_KNOTS.);
#11192 = CARTESIAN_POINT('',(7.399111894083,0.));
#11193 = CARTESIAN_POINT('',(7.399111894083,-124.));
#11194 = ( GEOMETRIC_REPRESENTATION_CONTEXT(2) 
PARAMETRIC_REPRESENTATION_CONTEXT() REPRESENTATION_CONTEXT('2D SPACE',''
  ) );
#11195 = PCURVE('',#840,#11196);
#11196 = DEFINITIONAL_REPRESENTATION('',(#11197),#11200);
#11197 = B_SPLINE_CURVE_WITH_KNOTS('',1,(#11198,#11199),.UNSPECIFIED.,
  .F.,.F.,(2,2),(0.,124.),.PIECEWISE_BEZIER_KNOTS.);
#11198 = CARTESIAN_POINT('',(0.,-25.39726027397));
#11199 = CARTESIAN_POINT('',(124.,-25.39726027397));
#11200 = ( GEOMETRIC_REPRESENTATION_CONTEXT(2) 
PARAMETRIC_REPRESENTATION_CONTEXT() REPRESENTATION_CONTEXT('2D SPACE',''
  ) );
#11201 = ORIENTED_EDGE('',*,*,#852,.T.);
#11202 = ORIENTED_EDGE('',*,*,#11156,.F.);
#11203 = ADVANCED_FACE('',(#11204),#840,.T.);
#11204 = FACE_BOUND('',#11205,.T.);
#11205 = EDGE_LOOP('',(#11206,#11207,#11208,#11209));
#11206 = ORIENTED_EDGE('',*,*,#824,.F.);
#11207 = ORIENTED_EDGE('',*,*,#6196,.F.);
#11208 = ORIENTED_EDGE('',*,*,#3928,.T.);
#11209 = ORIENTED_EDGE('',*,*,#11183,.T.);
#11210 = ADVANCED_FACE('',(#11211),#3681,.T.);
#11211 = FACE_BOUND('',#11212,.T.);
#11212 = EDGE_LOOP('',(#11213,#11214,#11215,#11238));
#11213 = ORIENTED_EDGE('',*,*,#3665,.F.);
#11214 = ORIENTED_EDGE('',*,*,#8115,.T.);
#11215 = ORIENTED_EDGE('',*,*,#11216,.T.);
#11216 = EDGE_CURVE('',#8090,#11217,#11219,.T.);
#11217 = VERTEX_POINT('',#11218);
#11218 = CARTESIAN_POINT('',(-64.1,46.,37.));
#11219 = SURFACE_CURVE('',#11220,(#11224,#11231),.PCURVE_S1.);
#11220 = LINE('',#11221,#11222);
#11221 = CARTESIAN_POINT('',(-73.1,46.,37.));
#11222 = VECTOR('',#11223,1.);
#11223 = DIRECTION('',(1.,0.,0.));
#11224 = PCURVE('',#3681,#11225);
#11225 = DEFINITIONAL_REPRESENTATION('',(#11226),#11230);
#11226 = LINE('',#11227,#11228);
#11227 = CARTESIAN_POINT('',(0.,0.));
#11228 = VECTOR('',#11229,1.);
#11229 = DIRECTION('',(1.,0.));
#11230 = ( GEOMETRIC_REPRESENTATION_CONTEXT(2) 
PARAMETRIC_REPRESENTATION_CONTEXT() REPRESENTATION_CONTEXT('2D SPACE',''
  ) );
#11231 = PCURVE('',#8104,#11232);
#11232 = DEFINITIONAL_REPRESENTATION('',(#11233),#11237);
#11233 = LINE('',#11234,#11235);
#11234 = CARTESIAN_POINT('',(14.,0.));
#11235 = VECTOR('',#11236,1.);
#11236 = DIRECTION('',(0.,1.));
#11237 = ( GEOMETRIC_REPRESENTATION_CONTEXT(2) 
PARAMETRIC_REPRESENTATION_CONTEXT() REPRESENTATION_CONTEXT('2D SPACE',''
  ) );
#11238 = ORIENTED_EDGE('',*,*,#11239,.T.);
#11239 = EDGE_CURVE('',#11217,#3666,#11240,.T.);
#11240 = SURFACE_CURVE('',#11241,(#11245,#11252),.PCURVE_S1.);
#11241 = LINE('',#11242,#11243);
#11242 = CARTESIAN_POINT('',(-64.1,46.,37.));
#11243 = VECTOR('',#11244,1.);
#11244 = DIRECTION('',(0.,1.,0.));
#11245 = PCURVE('',#3681,#11246);
#11246 = DEFINITIONAL_REPRESENTATION('',(#11247),#11251);
#11247 = LINE('',#11248,#11249);
#11248 = CARTESIAN_POINT('',(9.,0.));
#11249 = VECTOR('',#11250,1.);
#11250 = DIRECTION('',(0.,1.));
#11251 = ( GEOMETRIC_REPRESENTATION_CONTEXT(2) 
PARAMETRIC_REPRESENTATION_CONTEXT() REPRESENTATION_CONTEXT('2D SPACE',''
  ) );
#11252 = PCURVE('',#3709,#11253);
#11253 = DEFINITIONAL_REPRESENTATION('',(#11254),#11258);
#11254 = LINE('',#11255,#11256);
#11255 = CARTESIAN_POINT('',(14.,0.));
#11256 = VECTOR('',#11257,1.);
#11257 = DIRECTION('',(0.,-1.));
#11258 = ( GEOMETRIC_REPRESENTATION_CONTEXT(2) 
PARAMETRIC_REPRESENTATION_CONTEXT() REPRESENTATION_CONTEXT('2D SPACE',''
  ) );
#11259 = ADVANCED_FACE('',(#11260),#3709,.T.);
#11260 = FACE_BOUND('',#11261,.T.);
#11261 = EDGE_LOOP('',(#11262,#11285,#11306,#11307));
#11262 = ORIENTED_EDGE('',*,*,#11263,.F.);
#11263 = EDGE_CURVE('',#11264,#11217,#11266,.T.);
#11264 = VERTEX_POINT('',#11265);
#11265 = CARTESIAN_POINT('',(-64.1,46.,23.));
#11266 = SURFACE_CURVE('',#11267,(#11271,#11278),.PCURVE_S1.);
#11267 = LINE('',#11268,#11269);
#11268 = CARTESIAN_POINT('',(-64.1,46.,23.));
#11269 = VECTOR('',#11270,1.);
#11270 = DIRECTION('',(0.,0.,1.));
#11271 = PCURVE('',#3709,#11272);
#11272 = DEFINITIONAL_REPRESENTATION('',(#11273),#11277);
#11273 = LINE('',#11274,#11275);
#11274 = CARTESIAN_POINT('',(0.,0.));
#11275 = VECTOR('',#11276,1.);
#11276 = DIRECTION('',(1.,0.));
#11277 = ( GEOMETRIC_REPRESENTATION_CONTEXT(2) 
PARAMETRIC_REPRESENTATION_CONTEXT() REPRESENTATION_CONTEXT('2D SPACE',''
  ) );
#11278 = PCURVE('',#8104,#11279);
#11279 = DEFINITIONAL_REPRESENTATION('',(#11280),#11284);
#11280 = LINE('',#11281,#11282);
#11281 = CARTESIAN_POINT('',(0.,9.));
#11282 = VECTOR('',#11283,1.);
#11283 = DIRECTION('',(1.,0.));
#11284 = ( GEOMETRIC_REPRESENTATION_CONTEXT(2) 
PARAMETRIC_REPRESENTATION_CONTEXT() REPRESENTATION_CONTEXT('2D SPACE',''
  ) );
#11285 = ORIENTED_EDGE('',*,*,#11286,.T.);
#11286 = EDGE_CURVE('',#11264,#3694,#11287,.T.);
#11287 = SURFACE_CURVE('',#11288,(#11292,#11299),.PCURVE_S1.);
#11288 = LINE('',#11289,#11290);
#11289 = CARTESIAN_POINT('',(-64.1,46.,23.));
#11290 = VECTOR('',#11291,1.);
#11291 = DIRECTION('',(0.,1.,0.));
#11292 = PCURVE('',#3709,#11293);
#11293 = DEFINITIONAL_REPRESENTATION('',(#11294),#11298);
#11294 = LINE('',#11295,#11296);
#11295 = CARTESIAN_POINT('',(0.,0.));
#11296 = VECTOR('',#11297,1.);
#11297 = DIRECTION('',(0.,-1.));
#11298 = ( GEOMETRIC_REPRESENTATION_CONTEXT(2) 
PARAMETRIC_REPRESENTATION_CONTEXT() REPRESENTATION_CONTEXT('2D SPACE',''
  ) );
#11299 = PCURVE('',#3737,#11300);
#11300 = DEFINITIONAL_REPRESENTATION('',(#11301),#11305);
#11301 = LINE('',#11302,#11303);
#11302 = CARTESIAN_POINT('',(9.,0.));
#11303 = VECTOR('',#11304,1.);
#11304 = DIRECTION('',(0.,1.));
#11305 = ( GEOMETRIC_REPRESENTATION_CONTEXT(2) 
PARAMETRIC_REPRESENTATION_CONTEXT() REPRESENTATION_CONTEXT('2D SPACE',''
  ) );
#11306 = ORIENTED_EDGE('',*,*,#3693,.T.);
#11307 = ORIENTED_EDGE('',*,*,#11239,.F.);
#11308 = ADVANCED_FACE('',(#11309),#3737,.F.);
#11309 = FACE_BOUND('',#11310,.F.);
#11310 = EDGE_LOOP('',(#11311,#11312,#11313,#11334));
#11311 = ORIENTED_EDGE('',*,*,#3721,.F.);
#11312 = ORIENTED_EDGE('',*,*,#8068,.T.);
#11313 = ORIENTED_EDGE('',*,*,#11314,.T.);
#11314 = EDGE_CURVE('',#8069,#11264,#11315,.T.);
#11315 = SURFACE_CURVE('',#11316,(#11320,#11327),.PCURVE_S1.);
#11316 = LINE('',#11317,#11318);
#11317 = CARTESIAN_POINT('',(-73.1,46.,23.));
#11318 = VECTOR('',#11319,1.);
#11319 = DIRECTION('',(1.,0.,0.));
#11320 = PCURVE('',#3737,#11321);
#11321 = DEFINITIONAL_REPRESENTATION('',(#11322),#11326);
#11322 = LINE('',#11323,#11324);
#11323 = CARTESIAN_POINT('',(0.,0.));
#11324 = VECTOR('',#11325,1.);
#11325 = DIRECTION('',(1.,0.));
#11326 = ( GEOMETRIC_REPRESENTATION_CONTEXT(2) 
PARAMETRIC_REPRESENTATION_CONTEXT() REPRESENTATION_CONTEXT('2D SPACE',''
  ) );
#11327 = PCURVE('',#8104,#11328);
#11328 = DEFINITIONAL_REPRESENTATION('',(#11329),#11333);
#11329 = LINE('',#11330,#11331);
#11330 = CARTESIAN_POINT('',(0.,0.));
#11331 = VECTOR('',#11332,1.);
#11332 = DIRECTION('',(0.,1.));
#11333 = ( GEOMETRIC_REPRESENTATION_CONTEXT(2) 
PARAMETRIC_REPRESENTATION_CONTEXT() REPRESENTATION_CONTEXT('2D SPACE',''
  ) );
#11334 = ORIENTED_EDGE('',*,*,#11286,.T.);
#11335 = ADVANCED_FACE('',(#11336),#3788,.T.);
#11336 = FACE_BOUND('',#11337,.T.);
#11337 = EDGE_LOOP('',(#11338,#11339,#11340,#11363));
#11338 = ORIENTED_EDGE('',*,*,#3772,.F.);
#11339 = ORIENTED_EDGE('',*,*,#8048,.T.);
#11340 = ORIENTED_EDGE('',*,*,#11341,.T.);
#11341 = EDGE_CURVE('',#8023,#11342,#11344,.T.);
#11342 = VERTEX_POINT('',#11343);
#11343 = CARTESIAN_POINT('',(-64.1,46.,-23.));
#11344 = SURFACE_CURVE('',#11345,(#11349,#11356),.PCURVE_S1.);
#11345 = LINE('',#11346,#11347);
#11346 = CARTESIAN_POINT('',(-73.1,46.,-23.));
#11347 = VECTOR('',#11348,1.);
#11348 = DIRECTION('',(1.,0.,0.));
#11349 = PCURVE('',#3788,#11350);
#11350 = DEFINITIONAL_REPRESENTATION('',(#11351),#11355);
#11351 = LINE('',#11352,#11353);
#11352 = CARTESIAN_POINT('',(0.,0.));
#11353 = VECTOR('',#11354,1.);
#11354 = DIRECTION('',(1.,0.));
#11355 = ( GEOMETRIC_REPRESENTATION_CONTEXT(2) 
PARAMETRIC_REPRESENTATION_CONTEXT() REPRESENTATION_CONTEXT('2D SPACE',''
  ) );
#11356 = PCURVE('',#8037,#11357);
#11357 = DEFINITIONAL_REPRESENTATION('',(#11358),#11362);
#11358 = LINE('',#11359,#11360);
#11359 = CARTESIAN_POINT('',(14.,0.));
#11360 = VECTOR('',#11361,1.);
#11361 = DIRECTION('',(0.,1.));
#11362 = ( GEOMETRIC_REPRESENTATION_CONTEXT(2) 
PARAMETRIC_REPRESENTATION_CONTEXT() REPRESENTATION_CONTEXT('2D SPACE',''
  ) );
#11363 = ORIENTED_EDGE('',*,*,#11364,.T.);
#11364 = EDGE_CURVE('',#11342,#3773,#11365,.T.);
#11365 = SURFACE_CURVE('',#11366,(#11370,#11377),.PCURVE_S1.);
#11366 = LINE('',#11367,#11368);
#11367 = CARTESIAN_POINT('',(-64.1,46.,-23.));
#11368 = VECTOR('',#11369,1.);
#11369 = DIRECTION('',(0.,1.,0.));
#11370 = PCURVE('',#3788,#11371);
#11371 = DEFINITIONAL_REPRESENTATION('',(#11372),#11376);
#11372 = LINE('',#11373,#11374);
#11373 = CARTESIAN_POINT('',(9.,0.));
#11374 = VECTOR('',#11375,1.);
#11375 = DIRECTION('',(0.,1.));
#11376 = ( GEOMETRIC_REPRESENTATION_CONTEXT(2) 
PARAMETRIC_REPRESENTATION_CONTEXT() REPRESENTATION_CONTEXT('2D SPACE',''
  ) );
#11377 = PCURVE('',#3816,#11378);
#11378 = DEFINITIONAL_REPRESENTATION('',(#11379),#11383);
#11379 = LINE('',#11380,#11381);
#11380 = CARTESIAN_POINT('',(14.,0.));
#11381 = VECTOR('',#11382,1.);
#11382 = DIRECTION('',(0.,-1.));
#11383 = ( GEOMETRIC_REPRESENTATION_CONTEXT(2) 
PARAMETRIC_REPRESENTATION_CONTEXT() REPRESENTATION_CONTEXT('2D SPACE',''
  ) );
#11384 = ADVANCED_FACE('',(#11385),#3816,.T.);
#11385 = FACE_BOUND('',#11386,.T.);
#11386 = EDGE_LOOP('',(#11387,#11410,#11431,#11432));
#11387 = ORIENTED_EDGE('',*,*,#11388,.F.);
#11388 = EDGE_CURVE('',#11389,#11342,#11391,.T.);
#11389 = VERTEX_POINT('',#11390);
#11390 = CARTESIAN_POINT('',(-64.1,46.,-37.));
#11391 = SURFACE_CURVE('',#11392,(#11396,#11403),.PCURVE_S1.);
#11392 = LINE('',#11393,#11394);
#11393 = CARTESIAN_POINT('',(-64.1,46.,-37.));
#11394 = VECTOR('',#11395,1.);
#11395 = DIRECTION('',(0.,0.,1.));
#11396 = PCURVE('',#3816,#11397);
#11397 = DEFINITIONAL_REPRESENTATION('',(#11398),#11402);
#11398 = LINE('',#11399,#11400);
#11399 = CARTESIAN_POINT('',(0.,0.));
#11400 = VECTOR('',#11401,1.);
#11401 = DIRECTION('',(1.,0.));
#11402 = ( GEOMETRIC_REPRESENTATION_CONTEXT(2) 
PARAMETRIC_REPRESENTATION_CONTEXT() REPRESENTATION_CONTEXT('2D SPACE',''
  ) );
#11403 = PCURVE('',#8037,#11404);
#11404 = DEFINITIONAL_REPRESENTATION('',(#11405),#11409);
#11405 = LINE('',#11406,#11407);
#11406 = CARTESIAN_POINT('',(0.,9.));
#11407 = VECTOR('',#11408,1.);
#11408 = DIRECTION('',(1.,0.));
#11409 = ( GEOMETRIC_REPRESENTATION_CONTEXT(2) 
PARAMETRIC_REPRESENTATION_CONTEXT() REPRESENTATION_CONTEXT('2D SPACE',''
  ) );
#11410 = ORIENTED_EDGE('',*,*,#11411,.T.);
#11411 = EDGE_CURVE('',#11389,#3801,#11412,.T.);
#11412 = SURFACE_CURVE('',#11413,(#11417,#11424),.PCURVE_S1.);
#11413 = LINE('',#11414,#11415);
#11414 = CARTESIAN_POINT('',(-64.1,46.,-37.));
#11415 = VECTOR('',#11416,1.);
#11416 = DIRECTION('',(0.,1.,0.));
#11417 = PCURVE('',#3816,#11418);
#11418 = DEFINITIONAL_REPRESENTATION('',(#11419),#11423);
#11419 = LINE('',#11420,#11421);
#11420 = CARTESIAN_POINT('',(0.,0.));
#11421 = VECTOR('',#11422,1.);
#11422 = DIRECTION('',(0.,-1.));
#11423 = ( GEOMETRIC_REPRESENTATION_CONTEXT(2) 
PARAMETRIC_REPRESENTATION_CONTEXT() REPRESENTATION_CONTEXT('2D SPACE',''
  ) );
#11424 = PCURVE('',#3844,#11425);
#11425 = DEFINITIONAL_REPRESENTATION('',(#11426),#11430);
#11426 = LINE('',#11427,#11428);
#11427 = CARTESIAN_POINT('',(9.,0.));
#11428 = VECTOR('',#11429,1.);
#11429 = DIRECTION('',(0.,1.));
#11430 = ( GEOMETRIC_REPRESENTATION_CONTEXT(2) 
PARAMETRIC_REPRESENTATION_CONTEXT() REPRESENTATION_CONTEXT('2D SPACE',''
  ) );
#11431 = ORIENTED_EDGE('',*,*,#3800,.T.);
#11432 = ORIENTED_EDGE('',*,*,#11364,.F.);
#11433 = ADVANCED_FACE('',(#11434),#3844,.F.);
#11434 = FACE_BOUND('',#11435,.F.);
#11435 = EDGE_LOOP('',(#11436,#11437,#11438,#11459));
#11436 = ORIENTED_EDGE('',*,*,#3828,.F.);
#11437 = ORIENTED_EDGE('',*,*,#8001,.T.);
#11438 = ORIENTED_EDGE('',*,*,#11439,.T.);
#11439 = EDGE_CURVE('',#8002,#11389,#11440,.T.);
#11440 = SURFACE_CURVE('',#11441,(#11445,#11452),.PCURVE_S1.);
#11441 = LINE('',#11442,#11443);
#11442 = CARTESIAN_POINT('',(-73.1,46.,-37.));
#11443 = VECTOR('',#11444,1.);
#11444 = DIRECTION('',(1.,0.,0.));
#11445 = PCURVE('',#3844,#11446);
#11446 = DEFINITIONAL_REPRESENTATION('',(#11447),#11451);
#11447 = LINE('',#11448,#11449);
#11448 = CARTESIAN_POINT('',(0.,0.));
#11449 = VECTOR('',#11450,1.);
#11450 = DIRECTION('',(1.,0.));
#11451 = ( GEOMETRIC_REPRESENTATION_CONTEXT(2) 
PARAMETRIC_REPRESENTATION_CONTEXT() REPRESENTATION_CONTEXT('2D SPACE',''
  ) );
#11452 = PCURVE('',#8037,#11453);
#11453 = DEFINITIONAL_REPRESENTATION('',(#11454),#11458);
#11454 = LINE('',#11455,#11456);
#11455 = CARTESIAN_POINT('',(0.,0.));
#11456 = VECTOR('',#11457,1.);
#11457 = DIRECTION('',(0.,1.));
#11458 = ( GEOMETRIC_REPRESENTATION_CONTEXT(2) 
PARAMETRIC_REPRESENTATION_CONTEXT() REPRESENTATION_CONTEXT('2D SPACE',''
  ) );
#11459 = ORIENTED_EDGE('',*,*,#11411,.T.);
#11460 = ADVANCED_FACE('',(#11461),#5062,.F.);
#11461 = FACE_BOUND('',#11462,.F.);
#11462 = EDGE_LOOP('',(#11463,#11464,#11465,#11466,#11494));
#11463 = ORIENTED_EDGE('',*,*,#9515,.F.);
#11464 = ORIENTED_EDGE('',*,*,#5047,.T.);
#11465 = ORIENTED_EDGE('',*,*,#9709,.T.);
#11466 = ORIENTED_EDGE('',*,*,#11467,.T.);
#11467 = EDGE_CURVE('',#9710,#11468,#11470,.T.);
#11468 = VERTEX_POINT('',#11469);
#11469 = CARTESIAN_POINT('',(-65.1,-5.510910596163E-16,-37.25));
#11470 = SURFACE_CURVE('',#11471,(#11476,#11487),.PCURVE_S1.);
#11471 = CIRCLE('',#11472,2.25);
#11472 = AXIS2_PLACEMENT_3D('',#11473,#11474,#11475);
#11473 = CARTESIAN_POINT('',(-65.1,0.,-35.));
#11474 = DIRECTION('',(1.,0.,1.110223024625E-16));
#11475 = DIRECTION('',(1.110223024625E-16,0.,-1.));
#11476 = PCURVE('',#5062,#11477);
#11477 = DEFINITIONAL_REPRESENTATION('',(#11478),#11486);
#11478 = ( BOUNDED_CURVE() B_SPLINE_CURVE(2,(#11479,#11480,#11481,#11482
    ,#11483,#11484,#11485),.UNSPECIFIED.,.T.,.F.) 
B_SPLINE_CURVE_WITH_KNOTS((1,2,2,2,2,1),(-2.094395102393,0.,
    2.094395102393,4.188790204786,6.28318530718,8.377580409573),
.UNSPECIFIED.) CURVE() GEOMETRIC_REPRESENTATION_ITEM() 
RATIONAL_B_SPLINE_CURVE((1.,0.5,1.,0.5,1.,0.5,1.)) REPRESENTATION_ITEM(
  '') );
#11479 = CARTESIAN_POINT('',(2.,-162.75));
#11480 = CARTESIAN_POINT('',(5.89711431703,-162.75));
#11481 = CARTESIAN_POINT('',(3.948557158515,-166.125));
#11482 = CARTESIAN_POINT('',(2.,-169.5));
#11483 = CARTESIAN_POINT('',(5.144284148501E-02,-166.125));
#11484 = CARTESIAN_POINT('',(-1.89711431703,-162.75));
#11485 = CARTESIAN_POINT('',(2.,-162.75));
#11486 = ( GEOMETRIC_REPRESENTATION_CONTEXT(2) 
PARAMETRIC_REPRESENTATION_CONTEXT() REPRESENTATION_CONTEXT('2D SPACE',''
  ) );
#11487 = PCURVE('',#9555,#11488);
#11488 = DEFINITIONAL_REPRESENTATION('',(#11489),#11493);
#11489 = LINE('',#11490,#11491);
#11490 = CARTESIAN_POINT('',(0.,9.));
#11491 = VECTOR('',#11492,1.);
#11492 = DIRECTION('',(1.,0.));
#11493 = ( GEOMETRIC_REPRESENTATION_CONTEXT(2) 
PARAMETRIC_REPRESENTATION_CONTEXT() REPRESENTATION_CONTEXT('2D SPACE',''
  ) );
#11494 = ORIENTED_EDGE('',*,*,#11495,.T.);
#11495 = EDGE_CURVE('',#11468,#9516,#11496,.T.);
#11496 = SURFACE_CURVE('',#11497,(#11502,#11513),.PCURVE_S1.);
#11497 = CIRCLE('',#11498,2.25);
#11498 = AXIS2_PLACEMENT_3D('',#11499,#11500,#11501);
#11499 = CARTESIAN_POINT('',(-65.1,0.,-35.));
#11500 = DIRECTION('',(1.,0.,1.110223024625E-16));
#11501 = DIRECTION('',(1.110223024625E-16,0.,-1.));
#11502 = PCURVE('',#5062,#11503);
#11503 = DEFINITIONAL_REPRESENTATION('',(#11504),#11512);
#11504 = ( BOUNDED_CURVE() B_SPLINE_CURVE(2,(#11505,#11506,#11507,#11508
    ,#11509,#11510,#11511),.UNSPECIFIED.,.T.,.F.) 
B_SPLINE_CURVE_WITH_KNOTS((1,2,2,2,2,1),(-2.094395102393,0.,
    2.094395102393,4.188790204786,6.28318530718,8.377580409573),
.UNSPECIFIED.) CURVE() GEOMETRIC_REPRESENTATION_ITEM() 
RATIONAL_B_SPLINE_CURVE((1.,0.5,1.,0.5,1.,0.5,1.)) REPRESENTATION_ITEM(
  '') );
#11505 = CARTESIAN_POINT('',(2.,-162.75));
#11506 = CARTESIAN_POINT('',(5.89711431703,-162.75));
#11507 = CARTESIAN_POINT('',(3.948557158515,-166.125));
#11508 = CARTESIAN_POINT('',(2.,-169.5));
#11509 = CARTESIAN_POINT('',(5.144284148501E-02,-166.125));
#11510 = CARTESIAN_POINT('',(-1.89711431703,-162.75));
#11511 = CARTESIAN_POINT('',(2.,-162.75));
#11512 = ( GEOMETRIC_REPRESENTATION_CONTEXT(2) 
PARAMETRIC_REPRESENTATION_CONTEXT() REPRESENTATION_CONTEXT('2D SPACE',''
  ) );
#11513 = PCURVE('',#9555,#11514);
#11514 = DEFINITIONAL_REPRESENTATION('',(#11515),#11519);
#11515 = LINE('',#11516,#11517);
#11516 = CARTESIAN_POINT('',(0.,9.));
#11517 = VECTOR('',#11518,1.);
#11518 = DIRECTION('',(1.,0.));
#11519 = ( GEOMETRIC_REPRESENTATION_CONTEXT(2) 
PARAMETRIC_REPRESENTATION_CONTEXT() REPRESENTATION_CONTEXT('2D SPACE',''
  ) );
#11520 = ADVANCED_FACE('',(#11521),#6331,.T.);
#11521 = FACE_BOUND('',#11522,.T.);
#11522 = EDGE_LOOP('',(#11523,#11524,#11525,#11526));
#11523 = ORIENTED_EDGE('',*,*,#6608,.F.);
#11524 = ORIENTED_EDGE('',*,*,#6551,.T.);
#11525 = ORIENTED_EDGE('',*,*,#6315,.T.);
#11526 = ORIENTED_EDGE('',*,*,#7306,.F.);
#11527 = ADVANCED_FACE('',(#11528),#6258,.T.);
#11528 = FACE_BOUND('',#11529,.T.);
#11529 = EDGE_LOOP('',(#11530,#11531,#11532,#11533));
#11530 = ORIENTED_EDGE('',*,*,#6418,.F.);
#11531 = ORIENTED_EDGE('',*,*,#6393,.T.);
#11532 = ORIENTED_EDGE('',*,*,#6242,.T.);
#11533 = ORIENTED_EDGE('',*,*,#6470,.F.);
#11534 = ADVANCED_FACE('',(#11535),#6511,.F.);
#11535 = FACE_BOUND('',#11536,.F.);
#11536 = EDGE_LOOP('',(#11537,#11538,#11561,#11588));
#11537 = ORIENTED_EDGE('',*,*,#6494,.F.);
#11538 = ORIENTED_EDGE('',*,*,#11539,.F.);
#11539 = EDGE_CURVE('',#11540,#6495,#11542,.T.);
#11540 = VERTEX_POINT('',#11541);
#11541 = CARTESIAN_POINT('',(-71.5,-52.5,-56.));
#11542 = SEAM_CURVE('',#11543,(#11547,#11554),.PCURVE_S1.);
#11543 = LINE('',#11544,#11545);
#11544 = CARTESIAN_POINT('',(-71.5,-52.5,-56.));
#11545 = VECTOR('',#11546,1.);
#11546 = DIRECTION('',(0.,0.,1.));
#11547 = PCURVE('',#6511,#11548);
#11548 = DEFINITIONAL_REPRESENTATION('',(#11549),#11553);
#11549 = LINE('',#11550,#11551);
#11550 = CARTESIAN_POINT('',(6.28318530718,-0.));
#11551 = VECTOR('',#11552,1.);
#11552 = DIRECTION('',(0.,1.));
#11553 = ( GEOMETRIC_REPRESENTATION_CONTEXT(2) 
PARAMETRIC_REPRESENTATION_CONTEXT() REPRESENTATION_CONTEXT('2D SPACE',''
  ) );
#11554 = PCURVE('',#6511,#11555);
#11555 = DEFINITIONAL_REPRESENTATION('',(#11556),#11560);
#11556 = LINE('',#11557,#11558);
#11557 = CARTESIAN_POINT('',(0.,-0.));
#11558 = VECTOR('',#11559,1.);
#11559 = DIRECTION('',(0.,1.));
#11560 = ( GEOMETRIC_REPRESENTATION_CONTEXT(2) 
PARAMETRIC_REPRESENTATION_CONTEXT() REPRESENTATION_CONTEXT('2D SPACE',''
  ) );
#11561 = ORIENTED_EDGE('',*,*,#11562,.T.);
#11562 = EDGE_CURVE('',#11540,#11540,#11563,.T.);
#11563 = SURFACE_CURVE('',#11564,(#11569,#11576),.PCURVE_S1.);
#11564 = CIRCLE('',#11565,1.6);
#11565 = AXIS2_PLACEMENT_3D('',#11566,#11567,#11568);
#11566 = CARTESIAN_POINT('',(-73.1,-52.5,-56.));
#11567 = DIRECTION('',(0.,0.,1.));
#11568 = DIRECTION('',(1.,0.,0.));
#11569 = PCURVE('',#6511,#11570);
#11570 = DEFINITIONAL_REPRESENTATION('',(#11571),#11575);
#11571 = LINE('',#11572,#11573);
#11572 = CARTESIAN_POINT('',(0.,0.));
#11573 = VECTOR('',#11574,1.);
#11574 = DIRECTION('',(1.,0.));
#11575 = ( GEOMETRIC_REPRESENTATION_CONTEXT(2) 
PARAMETRIC_REPRESENTATION_CONTEXT() REPRESENTATION_CONTEXT('2D SPACE',''
  ) );
#11576 = PCURVE('',#11577,#11582);
#11577 = PLANE('',#11578);
#11578 = AXIS2_PLACEMENT_3D('',#11579,#11580,#11581);
#11579 = CARTESIAN_POINT('',(-73.1,-52.5,-56.));
#11580 = DIRECTION('',(0.,0.,1.));
#11581 = DIRECTION('',(1.,0.,0.));
#11582 = DEFINITIONAL_REPRESENTATION('',(#11583),#11587);
#11583 = CIRCLE('',#11584,1.6);
#11584 = AXIS2_PLACEMENT_2D('',#11585,#11586);
#11585 = CARTESIAN_POINT('',(0.,0.));
#11586 = DIRECTION('',(1.,0.));
#11587 = ( GEOMETRIC_REPRESENTATION_CONTEXT(2) 
PARAMETRIC_REPRESENTATION_CONTEXT() REPRESENTATION_CONTEXT('2D SPACE',''
  ) );
#11588 = ORIENTED_EDGE('',*,*,#11539,.T.);
#11589 = ADVANCED_FACE('',(#11590,#11616,#11619),#6592,.F.);
#11590 = FACE_BOUND('',#11591,.F.);
#11591 = EDGE_LOOP('',(#11592,#11613,#11614,#11615));
#11592 = ORIENTED_EDGE('',*,*,#11593,.T.);
#11593 = EDGE_CURVE('',#6576,#7331,#11594,.T.);
#11594 = SEAM_CURVE('',#11595,(#11599,#11606),.PCURVE_S1.);
#11595 = LINE('',#11596,#11597);
#11596 = CARTESIAN_POINT('',(-71.5,-52.5,-56.));
#11597 = VECTOR('',#11598,1.);
#11598 = DIRECTION('',(0.,0.,1.));
#11599 = PCURVE('',#6592,#11600);
#11600 = DEFINITIONAL_REPRESENTATION('',(#11601),#11605);
#11601 = LINE('',#11602,#11603);
#11602 = CARTESIAN_POINT('',(6.28318530718,-0.));
#11603 = VECTOR('',#11604,1.);
#11604 = DIRECTION('',(0.,1.));
#11605 = ( GEOMETRIC_REPRESENTATION_CONTEXT(2) 
PARAMETRIC_REPRESENTATION_CONTEXT() REPRESENTATION_CONTEXT('2D SPACE',''
  ) );
#11606 = PCURVE('',#6592,#11607);
#11607 = DEFINITIONAL_REPRESENTATION('',(#11608),#11612);
#11608 = LINE('',#11609,#11610);
#11609 = CARTESIAN_POINT('',(0.,-0.));
#11610 = VECTOR('',#11611,1.);
#11611 = DIRECTION('',(0.,1.));
#11612 = ( GEOMETRIC_REPRESENTATION_CONTEXT(2) 
PARAMETRIC_REPRESENTATION_CONTEXT() REPRESENTATION_CONTEXT('2D SPACE',''
  ) );
#11613 = ORIENTED_EDGE('',*,*,#7330,.F.);
#11614 = ORIENTED_EDGE('',*,*,#11593,.F.);
#11615 = ORIENTED_EDGE('',*,*,#6575,.T.);
#11616 = FACE_BOUND('',#11617,.F.);
#11617 = EDGE_LOOP('',(#11618));
#11618 = ORIENTED_EDGE('',*,*,#6992,.F.);
#11619 = FACE_BOUND('',#11620,.F.);
#11620 = EDGE_LOOP('',(#11621));
#11621 = ORIENTED_EDGE('',*,*,#11622,.T.);
#11622 = EDGE_CURVE('',#11623,#11623,#11625,.T.);
#11623 = VERTEX_POINT('',#11624);
#11624 = CARTESIAN_POINT('',(-72.3,-53.88564064605,56.));
#11625 = SURFACE_CURVE('',#11626,(#11724,#11825),.PCURVE_S1.);
#11626 = B_SPLINE_CURVE_WITH_KNOTS('',6,(#11627,#11628,#11629,#11630,
    #11631,#11632,#11633,#11634,#11635,#11636,#11637,#11638,#11639,
    #11640,#11641,#11642,#11643,#11644,#11645,#11646,#11647,#11648,
    #11649,#11650,#11651,#11652,#11653,#11654,#11655,#11656,#11657,
    #11658,#11659,#11660,#11661,#11662,#11663,#11664,#11665,#11666,
    #11667,#11668,#11669,#11670,#11671,#11672,#11673,#11674,#11675,
    #11676,#11677,#11678,#11679,#11680,#11681,#11682,#11683,#11684,
    #11685,#11686,#11687,#11688,#11689,#11690,#11691,#11692,#11693,
    #11694,#11695,#11696,#11697,#11698,#11699,#11700,#11701,#11702,
    #11703,#11704,#11705,#11706,#11707,#11708,#11709,#11710,#11711,
    #11712,#11713,#11714,#11715,#11716,#11717,#11718,#11719,#11720,
    #11721,#11722,#11723),.UNSPECIFIED.,.T.,.F.,(7,5,5,5,5,5,5,5,5,5,5,5
    ,5,5,5,5,5,5,5,7),(0.,5.182273619729E-02,0.101551213808,
    0.154903683824,0.204365636995,0.249298259728,0.296593990565,
    0.344733451643,0.399943784471,0.449777518503,0.499975352761,
    0.552145549855,0.601877549014,0.680693641563,0.749502283735,
    0.796699447546,0.844738583215,0.899833854531,0.949563732191,1.),
  .UNSPECIFIED.);
#11627 = CARTESIAN_POINT('',(-72.3,-53.88564064605,56.));
#11628 = CARTESIAN_POINT('',(-72.3,-53.88564064605,55.957974460571));
#11629 = CARTESIAN_POINT('',(-72.30264927598,-53.88716986758,
    55.915971156317));
#11630 = CARTESIAN_POINT('',(-72.30794231769,-53.89022676402,
    55.874185883608));
#11631 = CARTESIAN_POINT('',(-72.3158577807,-53.89474513068,
    55.83282202961));
#11632 = CARTESIAN_POINT('',(-72.32635088013,-53.90060173435,
    55.792088783183));
#11633 = CARTESIAN_POINT('',(-72.35181553897,-53.91436236992,
    55.713921918925));
#11634 = CARTESIAN_POINT('',(-72.36659034015,-53.92217510957,
    55.676417191245));
#11635 = CARTESIAN_POINT('',(-72.38362295721,-53.93092172762,
    55.639814442804));
#11636 = CARTESIAN_POINT('',(-72.4028645168,-53.9404347904,
    55.604249525706));
#11637 = CARTESIAN_POINT('',(-72.42425784481,-53.95052864171,
    55.569864968495));
#11638 = CARTESIAN_POINT('',(-72.47291437784,-53.97225142048,
    55.50134629798));
#11639 = CARTESIAN_POINT('',(-72.50050885445,-53.98394634009,
    55.467388885776));
#11640 = CARTESIAN_POINT('',(-72.5304438854,-53.99585856946,
    55.43510750848));
#11641 = CARTESIAN_POINT('',(-72.56264308933,-54.00774523374,
    55.404677450844));
#11642 = CARTESIAN_POINT('',(-72.59701963411,-54.01936268874,
    55.376281908303));
#11643 = CARTESIAN_POINT('',(-72.66726586497,-54.04077555894,
    55.325854817096));
#11644 = CARTESIAN_POINT('',(-72.70286508559,-54.05064855608,
    55.303494992403));
#11645 = CARTESIAN_POINT('',(-72.74013719119,-54.05988616188,
    55.283232779791));
#11646 = CARTESIAN_POINT('',(-72.77893032601,-54.06829409568,
    55.265246249737));
#11647 = CARTESIAN_POINT('',(-72.81907540919,-54.07569898787,
    55.24969583122));
#11648 = CARTESIAN_POINT('',(-72.89791843016,-54.08764097001,
    55.224944941835));
#11649 = CARTESIAN_POINT('',(-72.93640262416,-54.09237716444,
    55.215296403776));
#11650 = CARTESIAN_POINT('',(-72.97562608408,-54.0960454503,
    55.207911302726));
#11651 = CARTESIAN_POINT('',(-73.01535982897,-54.09856128924,
    55.202877744143));
#11652 = CARTESIAN_POINT('',(-73.05536786055,-54.09987864868,
    55.200242705546));
#11653 = CARTESIAN_POINT('',(-73.13756656186,-54.10011424403,
    55.199771509042));
#11654 = CARTESIAN_POINT('',(-73.17971837749,-54.09890256426,
    55.202195274878));
#11655 = CARTESIAN_POINT('',(-73.22159377606,-54.09635744482,
    55.207282132654));
#11656 = CARTESIAN_POINT('',(-73.26291630359,-54.09252973277,
    55.214980468786));
#11657 = CARTESIAN_POINT('',(-73.30341793381,-54.08751773093,
    55.225187962184));
#11658 = CARTESIAN_POINT('',(-73.38298173992,-54.07529997861,
    55.250536504194));
#11659 = CARTESIAN_POINT('',(-73.42199936721,-54.06805751827,
    55.265760411359));
#11660 = CARTESIAN_POINT('',(-73.45973204586,-54.0598696448,
    55.283287506983));
#11661 = CARTESIAN_POINT('',(-73.49602422059,-54.050896348,
    55.302969571328));
#11662 = CARTESIAN_POINT('',(-73.5307357901,-54.04131637104,
    55.324642581742));
#11663 = CARTESIAN_POINT('',(-73.60160087931,-54.01985562631,
    55.375056015495));
#11664 = CARTESIAN_POINT('',(-73.63724087654,-54.00783644092,
    55.404383678835));
#11665 = CARTESIAN_POINT('',(-73.67055068276,-53.99552454684,
    55.435893023844));
#11666 = CARTESIAN_POINT('',(-73.70143405069,-53.98319014727,
    55.469381082524));
#11667 = CARTESIAN_POINT('',(-73.72980669723,-53.9711024768,
    55.504653907945));
#11668 = CARTESIAN_POINT('',(-73.77886443245,-53.94906660246,
    55.574803278638));
#11669 = CARTESIAN_POINT('',(-73.80004447122,-53.93901768407,
    55.609405938136));
#11670 = CARTESIAN_POINT('',(-73.81905814203,-53.92957002651,
    55.645180951536));
#11671 = CARTESIAN_POINT('',(-73.83584787844,-53.92090973833,
    55.681984202719));
#11672 = CARTESIAN_POINT('',(-73.85036473908,-53.9132038932,
    55.719678307406));
#11673 = CARTESIAN_POINT('',(-73.87484751259,-53.89993094138,
    55.796867791789));
#11674 = CARTESIAN_POINT('',(-73.88478000782,-53.89437929905,
    55.83637631344));
#11675 = CARTESIAN_POINT('',(-73.89229174697,-53.89009056868,
    55.876464203977));
#11676 = CARTESIAN_POINT('',(-73.89734258006,-53.8871746133,
    55.916941030365));
#11677 = CARTESIAN_POINT('',(-73.89991310368,-53.88569081552,
    55.957621413301));
#11678 = CARTESIAN_POINT('',(-73.90008674144,-53.885590566,
    56.040631130932));
#11679 = CARTESIAN_POINT('',(-73.89749060892,-53.88708907719,
    56.082918943129));
#11680 = CARTESIAN_POINT('',(-73.89221501732,-53.8901369415,
    56.124990184676));
#11681 = CARTESIAN_POINT('',(-73.88428140841,-53.89466742557,
    56.166637250273));
#11682 = CARTESIAN_POINT('',(-73.87373532171,-53.90055515245,
    56.207646609791));
#11683 = CARTESIAN_POINT('',(-73.84818446102,-53.91436236992,
    56.286078081075));
#11684 = CARTESIAN_POINT('',(-73.83340965984,-53.92217510957,
    56.323582808755));
#11685 = CARTESIAN_POINT('',(-73.81637704278,-53.93092172762,
    56.360185557195));
#11686 = CARTESIAN_POINT('',(-73.79713548319,-53.9404347904,
    56.395750474294));
#11687 = CARTESIAN_POINT('',(-73.77574215519,-53.95052864171,
    56.430135031505));
#11688 = CARTESIAN_POINT('',(-73.71506885216,-53.97761632463,
    56.515575851061));
#11689 = CARTESIAN_POINT('',(-73.67257359873,-53.99522524824,
    56.564723127119));
#11690 = CARTESIAN_POINT('',(-73.62501984181,-54.01307120932,
    56.610034056122));
#11691 = CARTESIAN_POINT('',(-73.57269714354,-54.03033652207,
    56.650902602929));
#11692 = CARTESIAN_POINT('',(-73.51596304408,-54.04623768416,
    56.686705974236));
#11693 = CARTESIAN_POINT('',(-73.40226035456,-54.07213010074,
    56.743059445314));
#11694 = CARTESIAN_POINT('',(-73.34616961587,-54.08263065951,
    56.765001989822));
#11695 = CARTESIAN_POINT('',(-73.28761107547,-54.09100200566,
    56.781994447728));
#11696 = CARTESIAN_POINT('',(-73.2273100354,-54.09680914375,
    56.793618207595));
#11697 = CARTESIAN_POINT('',(-73.16603976217,-54.09981729082,
    56.799634577223));
#11698 = CARTESIAN_POINT('',(-73.06243343813,-54.10011424403,
    56.800228490958));
#11699 = CARTESIAN_POINT('',(-73.0202816225,-54.09890256426,
    56.797804725122));
#11700 = CARTESIAN_POINT('',(-72.97840622393,-54.09635744482,
    56.792717867346));
#11701 = CARTESIAN_POINT('',(-72.9370836964,-54.09252973277,
    56.785019531214));
#11702 = CARTESIAN_POINT('',(-72.89658206618,-54.08751773093,
    56.774812037816));
#11703 = CARTESIAN_POINT('',(-72.81701826007,-54.07529997861,
    56.749463495806));
#11704 = CARTESIAN_POINT('',(-72.77800063278,-54.06805751827,
    56.734239588642));
#11705 = CARTESIAN_POINT('',(-72.74026795413,-54.0598696448,
    56.716712493018));
#11706 = CARTESIAN_POINT('',(-72.7039757794,-54.050896348,
    56.697030428672));
#11707 = CARTESIAN_POINT('',(-72.66926420989,-54.04131637104,
    56.675357418258));
#11708 = CARTESIAN_POINT('',(-72.59839912068,-54.01985562631,
    56.624943984505));
#11709 = CARTESIAN_POINT('',(-72.56275912345,-54.00783644092,
    56.595616321165));
#11710 = CARTESIAN_POINT('',(-72.52944931723,-53.99552454684,
    56.564106976156));
#11711 = CARTESIAN_POINT('',(-72.4985659493,-53.98319014727,
    56.530618917476));
#11712 = CARTESIAN_POINT('',(-72.47019330277,-53.9711024768,
    56.495346092055));
#11713 = CARTESIAN_POINT('',(-72.42113556754,-53.94906660246,
    56.425196721362));
#11714 = CARTESIAN_POINT('',(-72.39995552877,-53.93901768407,
    56.390594061864));
#11715 = CARTESIAN_POINT('',(-72.38094185796,-53.92957002651,
    56.354819048464));
#11716 = CARTESIAN_POINT('',(-72.36415212155,-53.92090973833,
    56.318015797281));
#11717 = CARTESIAN_POINT('',(-72.34963526091,-53.9132038932,
    56.280321692594));
#11718 = CARTESIAN_POINT('',(-72.32506835072,-53.899885328,
    56.202866941401));
#11719 = CARTESIAN_POINT('',(-72.31508397416,-53.8943032569,
    56.163082239581));
#11720 = CARTESIAN_POINT('',(-72.307554111,-53.89000255199,
    56.122711406086));
#11721 = CARTESIAN_POINT('',(-72.30251961872,-53.88709505409,
    56.081948972368));
#11722 = CARTESIAN_POINT('',(-72.3,-53.88564064605,56.040984306455));
#11723 = CARTESIAN_POINT('',(-72.3,-53.88564064605,56.));
#11724 = PCURVE('',#6592,#11725);
#11725 = DEFINITIONAL_REPRESENTATION('',(#11726),#11824);
#11726 = B_SPLINE_CURVE_WITH_KNOTS('',6,(#11727,#11728,#11729,#11730,
    #11731,#11732,#11733,#11734,#11735,#11736,#11737,#11738,#11739,
    #11740,#11741,#11742,#11743,#11744,#11745,#11746,#11747,#11748,
    #11749,#11750,#11751,#11752,#11753,#11754,#11755,#11756,#11757,
    #11758,#11759,#11760,#11761,#11762,#11763,#11764,#11765,#11766,
    #11767,#11768,#11769,#11770,#11771,#11772,#11773,#11774,#11775,
    #11776,#11777,#11778,#11779,#11780,#11781,#11782,#11783,#11784,
    #11785,#11786,#11787,#11788,#11789,#11790,#11791,#11792,#11793,
    #11794,#11795,#11796,#11797,#11798,#11799,#11800,#11801,#11802,
    #11803,#11804,#11805,#11806,#11807,#11808,#11809,#11810,#11811,
    #11812,#11813,#11814,#11815,#11816,#11817,#11818,#11819,#11820,
    #11821,#11822,#11823),.UNSPECIFIED.,.T.,.F.,(7,5,5,5,5,5,5,5,5,5,5,5
    ,5,5,5,5,5,5,5,7),(0.,5.182273619729E-02,0.101551213808,
    0.154903683824,0.204365636995,0.249298259728,0.296593990565,
    0.344733451643,0.399943784471,0.449777518503,0.499975352761,
    0.552145549855,0.601877549014,0.680693641563,0.749502283735,
    0.796699447546,0.844738583215,0.899833854531,0.949563732191,1.),
  .UNSPECIFIED.);
#11727 = CARTESIAN_POINT('',(5.235987755983,112.));
#11728 = CARTESIAN_POINT('',(5.235987755983,111.95797446057));
#11729 = CARTESIAN_POINT('',(5.23407595369,111.91597115631));
#11730 = CARTESIAN_POINT('',(5.230255604894,111.8741858836));
#11731 = CARTESIAN_POINT('',(5.224559398491,111.83282202961));
#11732 = CARTESIAN_POINT('',(5.217049520767,111.79208878318));
#11733 = CARTESIAN_POINT('',(5.198958993836,111.71392191892));
#11734 = CARTESIAN_POINT('',(5.188513606353,111.67641719124));
#11735 = CARTESIAN_POINT('',(5.176548062906,111.6398144428));
#11736 = CARTESIAN_POINT('',(5.163135404151,111.6042495257));
#11737 = CARTESIAN_POINT('',(5.148354275645,111.56986496849));
#11738 = CARTESIAN_POINT('',(5.115050880287,111.50134629798));
#11739 = CARTESIAN_POINT('',(5.096322720096,111.46738888577));
#11740 = CARTESIAN_POINT('',(5.076194348167,111.43510750848));
#11741 = CARTESIAN_POINT('',(5.054753691748,111.40467745084));
#11742 = CARTESIAN_POINT('',(5.032084871694,111.3762819083));
#11743 = CARTESIAN_POINT('',(4.986186529709,111.32585481709));
#11744 = CARTESIAN_POINT('',(4.963104562506,111.3034949924));
#11745 = CARTESIAN_POINT('',(4.939119063976,111.28323277979));
#11746 = CARTESIAN_POINT('',(4.914327611208,111.26524624973));
#11747 = CARTESIAN_POINT('',(4.888826854489,111.24969583122));
#11748 = CARTESIAN_POINT('',(4.838987922932,111.22494494183));
#11749 = CARTESIAN_POINT('',(4.814763228918,111.21529640377));
#11750 = CARTESIAN_POINT('',(4.790157704638,111.20791130272));
#11751 = CARTESIAN_POINT('',(4.765291428117,111.20287774414));
#11752 = CARTESIAN_POINT('',(4.740284174271,111.20024270554));
#11753 = CARTESIAN_POINT('',(4.68890977493,111.19977150904));
#11754 = CARTESIAN_POINT('',(4.662567199784,111.20219527487));
#11755 = CARTESIAN_POINT('',(4.636366750756,111.20728213265));
#11756 = CARTESIAN_POINT('',(4.610448465919,111.21498046878));
#11757 = CARTESIAN_POINT('',(4.584952745186,111.22518796218));
#11758 = CARTESIAN_POINT('',(4.534642486252,111.25053650419));
#11759 = CARTESIAN_POINT('',(4.509852005192,111.26576041135));
#11760 = CARTESIAN_POINT('',(4.485736045763,111.28328750698));
#11761 = CARTESIAN_POINT('',(4.462383655082,111.30296957132));
#11762 = CARTESIAN_POINT('',(4.439884717526,111.32464258174));
#11763 = CARTESIAN_POINT('',(4.393607595271,111.37505601549));
#11764 = CARTESIAN_POINT('',(4.370111522671,111.40438367883));
#11765 = CARTESIAN_POINT('',(4.347928890847,111.43589302384));
#11766 = CARTESIAN_POINT('',(4.32715299197,111.46938108252));
#11767 = CARTESIAN_POINT('',(4.307881447079,111.50465390794));
#11768 = CARTESIAN_POINT('',(4.274269221672,111.57480327863));
#11769 = CARTESIAN_POINT('',(4.259620534831,111.60940593813));
#11770 = CARTESIAN_POINT('',(4.24635355502,111.64518095153));
#11771 = CARTESIAN_POINT('',(4.234547606097,111.68198420271));
#11772 = CARTESIAN_POINT('',(4.224275922998,111.7196783074));
#11773 = CARTESIAN_POINT('',(4.206870178519,111.79686779178));
#11774 = CARTESIAN_POINT('',(4.199759039395,111.83637631344));
#11775 = CARTESIAN_POINT('',(4.194353089566,111.87646420397));
#11776 = CARTESIAN_POINT('',(4.190707905081,111.91694103036));
#11777 = CARTESIAN_POINT('',(4.188852916755,111.9576214133));
#11778 = CARTESIAN_POINT('',(4.188727604585,112.04063113093));
#11779 = CARTESIAN_POINT('',(4.190601043226,112.08291894312));
#11780 = CARTESIAN_POINT('',(4.194409130039,112.12499018467));
#11781 = CARTESIAN_POINT('',(4.200118938362,112.16663725027));
#11782 = CARTESIAN_POINT('',(4.207667200747,112.20764660979));
#11783 = CARTESIAN_POINT('',(4.225818966933,112.28607808107));
#11784 = CARTESIAN_POINT('',(4.236264354416,112.32358280875));
#11785 = CARTESIAN_POINT('',(4.248229897864,112.36018555719));
#11786 = CARTESIAN_POINT('',(4.261642556618,112.39575047429));
#11787 = CARTESIAN_POINT('',(4.276423685124,112.4301350315));
#11788 = CARTESIAN_POINT('',(4.317952065229,112.51557585106));
#11789 = CARTESIAN_POINT('',(4.346691002187,112.56472312711));
#11790 = CARTESIAN_POINT('',(4.378406954755,112.61003405612));
#11791 = CARTESIAN_POINT('',(4.412794309711,112.65090260292));
#11792 = CARTESIAN_POINT('',(4.449574670018,112.68670597423));
#11793 = CARTESIAN_POINT('',(4.522458135544,112.74305944531));
#11794 = CARTESIAN_POINT('',(4.558097005714,112.76500198982));
#11795 = CARTESIAN_POINT('',(4.595014608479,112.78199444772));
#11796 = CARTESIAN_POINT('',(4.632814767065,112.79361820759));
#11797 = CARTESIAN_POINT('',(4.67111396734,112.79963457722));
#11798 = CARTESIAN_POINT('',(4.735868185839,112.80022849095));
#11799 = CARTESIAN_POINT('',(4.762210760985,112.79780472512));
#11800 = CARTESIAN_POINT('',(4.788411210013,112.79271786734));
#11801 = CARTESIAN_POINT('',(4.81432949485,112.78501953121));
#11802 = CARTESIAN_POINT('',(4.839825215583,112.77481203781));
#11803 = CARTESIAN_POINT('',(4.890135474517,112.7494634958));
#11804 = CARTESIAN_POINT('',(4.914925955577,112.73423958864));
#11805 = CARTESIAN_POINT('',(4.939041915006,112.71671249301));
#11806 = CARTESIAN_POINT('',(4.962394305687,112.69703042867));
#11807 = CARTESIAN_POINT('',(4.984893243243,112.67535741825));
#11808 = CARTESIAN_POINT('',(5.031170365498,112.6249439845));
#11809 = CARTESIAN_POINT('',(5.054666438099,112.59561632116));
#11810 = CARTESIAN_POINT('',(5.076849069922,112.56410697615));
#11811 = CARTESIAN_POINT('',(5.097624968799,112.53061891747));
#11812 = CARTESIAN_POINT('',(5.11689651369,112.49534609205));
#11813 = CARTESIAN_POINT('',(5.150508739097,112.42519672136));
#11814 = CARTESIAN_POINT('',(5.165157425938,112.39059406186));
#11815 = CARTESIAN_POINT('',(5.178424405749,112.35481904846));
#11816 = CARTESIAN_POINT('',(5.190230354673,112.31801579728));
#11817 = CARTESIAN_POINT('',(5.200502037771,112.28032169259));
#11818 = CARTESIAN_POINT('',(5.217967598252,112.2028669414));
#11819 = CARTESIAN_POINT('',(5.225116309094,112.16308223958));
#11820 = CARTESIAN_POINT('',(5.230535805004,112.12271140608));
#11821 = CARTESIAN_POINT('',(5.234169506684,112.08194897236));
#11822 = CARTESIAN_POINT('',(5.235987755983,112.04098430645));
#11823 = CARTESIAN_POINT('',(5.235987755983,112.));
#11824 = ( GEOMETRIC_REPRESENTATION_CONTEXT(2) 
PARAMETRIC_REPRESENTATION_CONTEXT() REPRESENTATION_CONTEXT('2D SPACE',''
  ) );
#11825 = PCURVE('',#6857,#11826);
#11826 = DEFINITIONAL_REPRESENTATION('',(#11827),#11925);
#11827 = B_SPLINE_CURVE_WITH_KNOTS('',6,(#11828,#11829,#11830,#11831,
    #11832,#11833,#11834,#11835,#11836,#11837,#11838,#11839,#11840,
    #11841,#11842,#11843,#11844,#11845,#11846,#11847,#11848,#11849,
    #11850,#11851,#11852,#11853,#11854,#11855,#11856,#11857,#11858,
    #11859,#11860,#11861,#11862,#11863,#11864,#11865,#11866,#11867,
    #11868,#11869,#11870,#11871,#11872,#11873,#11874,#11875,#11876,
    #11877,#11878,#11879,#11880,#11881,#11882,#11883,#11884,#11885,
    #11886,#11887,#11888,#11889,#11890,#11891,#11892,#11893,#11894,
    #11895,#11896,#11897,#11898,#11899,#11900,#11901,#11902,#11903,
    #11904,#11905,#11906,#11907,#11908,#11909,#11910,#11911,#11912,
    #11913,#11914,#11915,#11916,#11917,#11918,#11919,#11920,#11921,
    #11922,#11923,#11924),.UNSPECIFIED.,.F.,.F.,(7,5,5,5,5,5,5,5,5,5,5,5
    ,5,5,5,5,5,5,5,7),(0.,5.182273619729E-02,0.101551213808,
    0.154903683824,0.204365636995,0.249298259728,0.296593990565,
    0.344733451643,0.399943784471,0.449777518503,0.499975352761,
    0.552145549855,0.601877549014,0.680693641563,0.749502283735,
    0.796699447546,0.844738583215,0.899833854531,0.949563732191,1.),
  .UNSPECIFIED.);
#11828 = CARTESIAN_POINT('',(0.,4.614359353945));
#11829 = CARTESIAN_POINT('',(5.253192428567E-02,4.614359353945));
#11830 = CARTESIAN_POINT('',(0.105036201202,4.612830132418));
#11831 = CARTESIAN_POINT('',(0.157528335202,4.609773235979));
#11832 = CARTESIAN_POINT('',(0.210014947981,4.605254869311));
#11833 = CARTESIAN_POINT('',(0.262489989624,4.599398265647));
#11834 = CARTESIAN_POINT('',(0.36525266766,4.585637630073));
#11835 = CARTESIAN_POINT('',(0.415548601715,4.577824890421));
#11836 = CARTESIAN_POINT('',(0.465875712242,4.569078272373));
#11837 = CARTESIAN_POINT('',(0.516282715226,4.559565209592));
#11838 = CARTESIAN_POINT('',(0.566809442203,4.549471358287));
#11839 = CARTESIAN_POINT('',(0.671856056975,4.527748579514));
#11840 = CARTESIAN_POINT('',(0.726435501044,4.516053659908));
#11841 = CARTESIAN_POINT('',(0.781290091517,4.504141430537));
#11842 = CARTESIAN_POINT('',(0.836486189244,4.492254766257));
#11843 = CARTESIAN_POINT('',(0.892092704289,4.480637311251));
#11844 = CARTESIAN_POINT('',(1.000182832176,4.459224441059));
#11845 = CARTESIAN_POINT('',(1.052631048157,4.449351443915));
#11846 = CARTESIAN_POINT('',(1.105502371667,4.440113838114));
#11847 = CARTESIAN_POINT('',(1.158786813807,4.431705904316));
#11848 = CARTESIAN_POINT('',(1.212486504317,4.424301012129));
#11849 = CARTESIAN_POINT('',(1.315782411792,4.41235902999));
#11850 = CARTESIAN_POINT('',(1.365291532207,4.407622835559));
#11851 = CARTESIAN_POINT('',(1.415049038366,4.4039545497));
#11852 = CARTESIAN_POINT('',(1.464977159063,4.401438710753));
#11853 = CARTESIAN_POINT('',(1.515005298631,4.400121351318));
#11854 = CARTESIAN_POINT('',(1.617755363447,4.399885755969));
#11855 = CARTESIAN_POINT('',(1.670426954164,4.401097435736));
#11856 = CARTESIAN_POINT('',(1.722997078897,4.403642555176));
#11857 = CARTESIAN_POINT('',(1.775383297717,4.407470267226));
#11858 = CARTESIAN_POINT('',(1.827494541308,4.412482269069));
#11859 = CARTESIAN_POINT('',(1.931874764417,4.424700021381));
#11860 = CARTESIAN_POINT('',(1.984122161607,4.431942481727));
#11861 = CARTESIAN_POINT('',(2.035975510392,4.440130355192));
#11862 = CARTESIAN_POINT('',(2.087436632359,4.449103651996));
#11863 = CARTESIAN_POINT('',(2.138496473618,4.45868362896));
#11864 = CARTESIAN_POINT('',(2.247206057858,4.48014437369));
#11865 = CARTESIAN_POINT('',(2.304758232853,4.49216355908));
#11866 = CARTESIAN_POINT('',(2.3618701958,4.50447545316));
#11867 = CARTESIAN_POINT('',(2.418618186054,4.516809852722));
#11868 = CARTESIAN_POINT('',(2.475075552036,4.528897523197));
#11869 = CARTESIAN_POINT('',(2.582077272191,4.55093339754));
#11870 = CARTESIAN_POINT('',(2.632695518727,4.56098231593));
#11871 = CARTESIAN_POINT('',(2.683198563218,4.57042997349));
#11872 = CARTESIAN_POINT('',(2.733625406652,4.579090261669));
#11873 = CARTESIAN_POINT('',(2.784024308728,4.586796106794));
#11874 = CARTESIAN_POINT('',(2.885248245945,4.600069058614));
#11875 = CARTESIAN_POINT('',(2.936076303774,4.605620700941));
#11876 = CARTESIAN_POINT('',(2.986916183074,4.609909431318));
#11877 = CARTESIAN_POINT('',(3.037762099152,4.612825386695));
#11878 = CARTESIAN_POINT('',(3.088619307374,4.614309184479));
#11879 = CARTESIAN_POINT('',(3.19238168142,4.614409433995));
#11880 = CARTESIAN_POINT('',(3.245234694693,4.61291092281));
#11881 = CARTESIAN_POINT('',(3.298075600047,4.6098630585));
#11882 = CARTESIAN_POINT('',(3.350911055902,4.605332574426));
#11883 = CARTESIAN_POINT('',(3.403734775522,4.599444847544));
#11884 = CARTESIAN_POINT('',(3.506845321249,4.585637630073));
#11885 = CARTESIAN_POINT('',(3.557141255305,4.577824890421));
#11886 = CARTESIAN_POINT('',(3.607468365831,4.569078272373));
#11887 = CARTESIAN_POINT('',(3.657875368815,4.559565209592));
#11888 = CARTESIAN_POINT('',(3.708402095792,4.549471358287));
#11889 = CARTESIAN_POINT('',(3.83939221557,4.522383675361));
#11890 = CARTESIAN_POINT('',(3.920237021874,4.504774751754));
#11891 = CARTESIAN_POINT('',(4.001765002764,4.486928790677));
#11892 = CARTESIAN_POINT('',(4.084144632257,4.469663477921));
#11893 = CARTESIAN_POINT('',(4.167560345545,4.453762315837));
#11894 = CARTESIAN_POINT('',(4.326187341721,4.427869899253));
#11895 = CARTESIAN_POINT('',(4.401188341589,4.417369340484));
#11896 = CARTESIAN_POINT('',(4.476933581647,4.408997994339));
#11897 = CARTESIAN_POINT('',(4.553208393494,4.403190856249));
#11898 = CARTESIAN_POINT('',(4.629837984155,4.400182709177));
#11899 = CARTESIAN_POINT('',(4.759348017036,4.399885755969));
#11900 = CARTESIAN_POINT('',(4.812019607753,4.401097435736));
#11901 = CARTESIAN_POINT('',(4.864589732487,4.403642555176));
#11902 = CARTESIAN_POINT('',(4.916975951306,4.407470267226));
#11903 = CARTESIAN_POINT('',(4.969087194897,4.412482269069));
#11904 = CARTESIAN_POINT('',(5.073467418006,4.424700021381));
#11905 = CARTESIAN_POINT('',(5.125714815196,4.431942481727));
#11906 = CARTESIAN_POINT('',(5.177568163982,4.440130355192));
#11907 = CARTESIAN_POINT('',(5.229029285948,4.449103651996));
#11908 = CARTESIAN_POINT('',(5.280089127208,4.458683628959));
#11909 = CARTESIAN_POINT('',(5.388798711448,4.480144373689));
#11910 = CARTESIAN_POINT('',(5.446350886442,4.49216355908));
#11911 = CARTESIAN_POINT('',(5.503462849389,4.50447545316));
#11912 = CARTESIAN_POINT('',(5.560210839644,4.516809852721));
#11913 = CARTESIAN_POINT('',(5.616668205625,4.528897523197));
#11914 = CARTESIAN_POINT('',(5.72366992578,4.55093339754));
#11915 = CARTESIAN_POINT('',(5.774288172316,4.56098231593));
#11916 = CARTESIAN_POINT('',(5.824791216808,4.57042997349));
#11917 = CARTESIAN_POINT('',(5.875218060241,4.579090261669));
#11918 = CARTESIAN_POINT('',(5.925616962318,4.586796106794));
#11919 = CARTESIAN_POINT('',(6.027188762345,4.600114671997));
#11920 = CARTESIAN_POINT('',(6.078365492452,4.605696743093));
#11921 = CARTESIAN_POINT('',(6.129554240104,4.609997448009));
#11922 = CARTESIAN_POINT('',(6.180748967738,4.612904945905));
#11923 = CARTESIAN_POINT('',(6.231954924111,4.614359353945));
#11924 = CARTESIAN_POINT('',(6.28318530718,4.614359353945));
#11925 = ( GEOMETRIC_REPRESENTATION_CONTEXT(2) 
PARAMETRIC_REPRESENTATION_CONTEXT() REPRESENTATION_CONTEXT('2D SPACE',''
  ) );
#11926 = ADVANCED_FACE('',(#11927),#6857,.F.);
#11927 = FACE_BOUND('',#11928,.F.);
#11928 = EDGE_LOOP('',(#11929,#11930,#11951,#11952));
#11929 = ORIENTED_EDGE('',*,*,#11622,.F.);
#11930 = ORIENTED_EDGE('',*,*,#11931,.F.);
#11931 = EDGE_CURVE('',#6748,#11623,#11932,.T.);
#11932 = SEAM_CURVE('',#11933,(#11937,#11944),.PCURVE_S1.);
#11933 = LINE('',#11934,#11935);
#11934 = CARTESIAN_POINT('',(-72.3,-58.5,56.));
#11935 = VECTOR('',#11936,1.);
#11936 = DIRECTION('',(0.,1.,1.110223024625E-16));
#11937 = PCURVE('',#6857,#11938);
#11938 = DEFINITIONAL_REPRESENTATION('',(#11939),#11943);
#11939 = LINE('',#11940,#11941);
#11940 = CARTESIAN_POINT('',(6.28318530718,-0.));
#11941 = VECTOR('',#11942,1.);
#11942 = DIRECTION('',(0.,1.));
#11943 = ( GEOMETRIC_REPRESENTATION_CONTEXT(2) 
PARAMETRIC_REPRESENTATION_CONTEXT() REPRESENTATION_CONTEXT('2D SPACE',''
  ) );
#11944 = PCURVE('',#6857,#11945);
#11945 = DEFINITIONAL_REPRESENTATION('',(#11946),#11950);
#11946 = LINE('',#11947,#11948);
#11947 = CARTESIAN_POINT('',(0.,-0.));
#11948 = VECTOR('',#11949,1.);
#11949 = DIRECTION('',(0.,1.));
#11950 = ( GEOMETRIC_REPRESENTATION_CONTEXT(2) 
PARAMETRIC_REPRESENTATION_CONTEXT() REPRESENTATION_CONTEXT('2D SPACE',''
  ) );
#11951 = ORIENTED_EDGE('',*,*,#6747,.T.);
#11952 = ORIENTED_EDGE('',*,*,#11931,.T.);
#11953 = ADVANCED_FACE('',(#11954),#7395,.F.);
#11954 = FACE_BOUND('',#11955,.F.);
#11955 = EDGE_LOOP('',(#11956));
#11956 = ORIENTED_EDGE('',*,*,#7380,.T.);
#11957 = ADVANCED_FACE('',(#11958),#7450,.F.);
#11958 = FACE_BOUND('',#11959,.F.);
#11959 = EDGE_LOOP('',(#11960));
#11960 = ORIENTED_EDGE('',*,*,#7435,.T.);
#11961 = ADVANCED_FACE('',(#11962,#11965),#7505,.F.);
#11962 = FACE_BOUND('',#11963,.F.);
#11963 = EDGE_LOOP('',(#11964));
#11964 = ORIENTED_EDGE('',*,*,#7490,.T.);
#11965 = FACE_BOUND('',#11966,.F.);
#11966 = EDGE_LOOP('',(#11967));
#11967 = ORIENTED_EDGE('',*,*,#11968,.F.);
#11968 = EDGE_CURVE('',#11969,#11969,#11971,.T.);
#11969 = VERTEX_POINT('',#11970);
#11970 = CARTESIAN_POINT('',(-68.6,-5.510910596163E-16,-37.25));
#11971 = SURFACE_CURVE('',#11972,(#11977,#11984),.PCURVE_S1.);
#11972 = CIRCLE('',#11973,2.25);
#11973 = AXIS2_PLACEMENT_3D('',#11974,#11975,#11976);
#11974 = CARTESIAN_POINT('',(-68.6,0.,-35.));
#11975 = DIRECTION('',(1.,0.,1.110223024625E-16));
#11976 = DIRECTION('',(1.110223024625E-16,0.,-1.));
#11977 = PCURVE('',#7505,#11978);
#11978 = DEFINITIONAL_REPRESENTATION('',(#11979),#11983);
#11979 = CIRCLE('',#11980,2.25);
#11980 = AXIS2_PLACEMENT_2D('',#11981,#11982);
#11981 = CARTESIAN_POINT('',(0.,0.));
#11982 = DIRECTION('',(1.,0.));
#11983 = ( GEOMETRIC_REPRESENTATION_CONTEXT(2) 
PARAMETRIC_REPRESENTATION_CONTEXT() REPRESENTATION_CONTEXT('2D SPACE',''
  ) );
#11984 = PCURVE('',#9555,#11985);
#11985 = DEFINITIONAL_REPRESENTATION('',(#11986),#11990);
#11986 = LINE('',#11987,#11988);
#11987 = CARTESIAN_POINT('',(0.,5.5));
#11988 = VECTOR('',#11989,1.);
#11989 = DIRECTION('',(1.,0.));
#11990 = ( GEOMETRIC_REPRESENTATION_CONTEXT(2) 
PARAMETRIC_REPRESENTATION_CONTEXT() REPRESENTATION_CONTEXT('2D SPACE',''
  ) );
#11991 = ADVANCED_FACE('',(#11992),#7583,.F.);
#11992 = FACE_BOUND('',#11993,.F.);
#11993 = EDGE_LOOP('',(#11994,#11995,#11996,#11997));
#11994 = ORIENTED_EDGE('',*,*,#7569,.F.);
#11995 = ORIENTED_EDGE('',*,*,#7649,.T.);
#11996 = ORIENTED_EDGE('',*,*,#7699,.T.);
#11997 = ORIENTED_EDGE('',*,*,#7600,.F.);
#11998 = ADVANCED_FACE('',(#11999,#12002),#7761,.F.);
#11999 = FACE_BOUND('',#12000,.F.);
#12000 = EDGE_LOOP('',(#12001));
#12001 = ORIENTED_EDGE('',*,*,#7746,.T.);
#12002 = FACE_BOUND('',#12003,.F.);
#12003 = EDGE_LOOP('',(#12004));
#12004 = ORIENTED_EDGE('',*,*,#12005,.F.);
#12005 = EDGE_CURVE('',#12006,#12006,#12008,.T.);
#12006 = VERTEX_POINT('',#12007);
#12007 = CARTESIAN_POINT('',(-68.6,-5.510910596163E-16,32.75));
#12008 = SURFACE_CURVE('',#12009,(#12014,#12021),.PCURVE_S1.);
#12009 = CIRCLE('',#12010,2.25);
#12010 = AXIS2_PLACEMENT_3D('',#12011,#12012,#12013);
#12011 = CARTESIAN_POINT('',(-68.6,0.,35.));
#12012 = DIRECTION('',(1.,0.,1.110223024625E-16));
#12013 = DIRECTION('',(1.110223024625E-16,0.,-1.));
#12014 = PCURVE('',#7761,#12015);
#12015 = DEFINITIONAL_REPRESENTATION('',(#12016),#12020);
#12016 = CIRCLE('',#12017,2.25);
#12017 = AXIS2_PLACEMENT_2D('',#12018,#12019);
#12018 = CARTESIAN_POINT('',(0.,0.));
#12019 = DIRECTION('',(1.,0.));
#12020 = ( GEOMETRIC_REPRESENTATION_CONTEXT(2) 
PARAMETRIC_REPRESENTATION_CONTEXT() REPRESENTATION_CONTEXT('2D SPACE',''
  ) );
#12021 = PCURVE('',#9615,#12022);
#12022 = DEFINITIONAL_REPRESENTATION('',(#12023),#12027);
#12023 = LINE('',#12024,#12025);
#12024 = CARTESIAN_POINT('',(0.,5.5));
#12025 = VECTOR('',#12026,1.);
#12026 = DIRECTION('',(1.,0.));
#12027 = ( GEOMETRIC_REPRESENTATION_CONTEXT(2) 
PARAMETRIC_REPRESENTATION_CONTEXT() REPRESENTATION_CONTEXT('2D SPACE',''
  ) );
#12028 = ADVANCED_FACE('',(#12029),#7839,.F.);
#12029 = FACE_BOUND('',#12030,.F.);
#12030 = EDGE_LOOP('',(#12031,#12032,#12033,#12034));
#12031 = ORIENTED_EDGE('',*,*,#7825,.F.);
#12032 = ORIENTED_EDGE('',*,*,#7905,.T.);
#12033 = ORIENTED_EDGE('',*,*,#7955,.T.);
#12034 = ORIENTED_EDGE('',*,*,#7856,.F.);
#12035 = ADVANCED_FACE('',(#12036),#8104,.F.);
#12036 = FACE_BOUND('',#12037,.F.);
#12037 = EDGE_LOOP('',(#12038,#12039,#12040,#12041));
#12038 = ORIENTED_EDGE('',*,*,#11314,.F.);
#12039 = ORIENTED_EDGE('',*,*,#8089,.T.);
#12040 = ORIENTED_EDGE('',*,*,#11216,.T.);
#12041 = ORIENTED_EDGE('',*,*,#11263,.F.);
#12042 = ADVANCED_FACE('',(#12043),#8037,.F.);
#12043 = FACE_BOUND('',#12044,.F.);
#12044 = EDGE_LOOP('',(#12045,#12046,#12047,#12048));
#12045 = ORIENTED_EDGE('',*,*,#11439,.F.);
#12046 = ORIENTED_EDGE('',*,*,#8022,.T.);
#12047 = ORIENTED_EDGE('',*,*,#11341,.T.);
#12048 = ORIENTED_EDGE('',*,*,#11388,.F.);
#12049 = ADVANCED_FACE('',(#12050),#9615,.F.);
#12050 = FACE_BOUND('',#12051,.F.);
#12051 = EDGE_LOOP('',(#12052,#12075,#12101,#12102,#12103,#12104,#12130,
    #12131));
#12052 = ORIENTED_EDGE('',*,*,#12053,.T.);
#12053 = EDGE_CURVE('',#12006,#12054,#12056,.T.);
#12054 = VERTEX_POINT('',#12055);
#12055 = CARTESIAN_POINT('',(-65.1,-5.510910596163E-16,32.75));
#12056 = SEAM_CURVE('',#12057,(#12061,#12068),.PCURVE_S1.);
#12057 = LINE('',#12058,#12059);
#12058 = CARTESIAN_POINT('',(-74.1,-5.510910596163E-16,32.75));
#12059 = VECTOR('',#12060,1.);
#12060 = DIRECTION('',(1.,0.,1.110223024625E-16));
#12061 = PCURVE('',#9615,#12062);
#12062 = DEFINITIONAL_REPRESENTATION('',(#12063),#12067);
#12063 = LINE('',#12064,#12065);
#12064 = CARTESIAN_POINT('',(6.28318530718,-0.));
#12065 = VECTOR('',#12066,1.);
#12066 = DIRECTION('',(0.,1.));
#12067 = ( GEOMETRIC_REPRESENTATION_CONTEXT(2) 
PARAMETRIC_REPRESENTATION_CONTEXT() REPRESENTATION_CONTEXT('2D SPACE',''
  ) );
#12068 = PCURVE('',#9615,#12069);
#12069 = DEFINITIONAL_REPRESENTATION('',(#12070),#12074);
#12070 = LINE('',#12071,#12072);
#12071 = CARTESIAN_POINT('',(0.,-0.));
#12072 = VECTOR('',#12073,1.);
#12073 = DIRECTION('',(0.,1.));
#12074 = ( GEOMETRIC_REPRESENTATION_CONTEXT(2) 
PARAMETRIC_REPRESENTATION_CONTEXT() REPRESENTATION_CONTEXT('2D SPACE',''
  ) );
#12075 = ORIENTED_EDGE('',*,*,#12076,.F.);
#12076 = EDGE_CURVE('',#9757,#12054,#12077,.T.);
#12077 = SURFACE_CURVE('',#12078,(#12083,#12090),.PCURVE_S1.);
#12078 = CIRCLE('',#12079,2.25);
#12079 = AXIS2_PLACEMENT_3D('',#12080,#12081,#12082);
#12080 = CARTESIAN_POINT('',(-65.1,0.,35.));
#12081 = DIRECTION('',(1.,0.,1.110223024625E-16));
#12082 = DIRECTION('',(1.110223024625E-16,0.,-1.));
#12083 = PCURVE('',#9615,#12084);
#12084 = DEFINITIONAL_REPRESENTATION('',(#12085),#12089);
#12085 = LINE('',#12086,#12087);
#12086 = CARTESIAN_POINT('',(0.,9.));
#12087 = VECTOR('',#12088,1.);
#12088 = DIRECTION('',(1.,0.));
#12089 = ( GEOMETRIC_REPRESENTATION_CONTEXT(2) 
PARAMETRIC_REPRESENTATION_CONTEXT() REPRESENTATION_CONTEXT('2D SPACE',''
  ) );
#12090 = PCURVE('',#9586,#12091);
#12091 = DEFINITIONAL_REPRESENTATION('',(#12092),#12100);
#12092 = ( BOUNDED_CURVE() B_SPLINE_CURVE(2,(#12093,#12094,#12095,#12096
    ,#12097,#12098,#12099),.UNSPECIFIED.,.T.,.F.) 
B_SPLINE_CURVE_WITH_KNOTS((1,2,2,2,2,1),(-2.094395102393,0.,
    2.094395102393,4.188790204786,6.28318530718,8.377580409573),
.UNSPECIFIED.) CURVE() GEOMETRIC_REPRESENTATION_ITEM() 
RATIONAL_B_SPLINE_CURVE((1.,0.5,1.,0.5,1.,0.5,1.)) REPRESENTATION_ITEM(
  '') );
#12093 = CARTESIAN_POINT('',(2.,-232.75));
#12094 = CARTESIAN_POINT('',(5.89711431703,-232.75));
#12095 = CARTESIAN_POINT('',(3.948557158515,-236.125));
#12096 = CARTESIAN_POINT('',(2.,-239.5));
#12097 = CARTESIAN_POINT('',(5.144284148501E-02,-236.125));
#12098 = CARTESIAN_POINT('',(-1.89711431703,-232.75));
#12099 = CARTESIAN_POINT('',(2.,-232.75));
#12100 = ( GEOMETRIC_REPRESENTATION_CONTEXT(2) 
PARAMETRIC_REPRESENTATION_CONTEXT() REPRESENTATION_CONTEXT('2D SPACE',''
  ) );
#12101 = ORIENTED_EDGE('',*,*,#9756,.T.);
#12102 = ORIENTED_EDGE('',*,*,#9656,.F.);
#12103 = ORIENTED_EDGE('',*,*,#9598,.T.);
#12104 = ORIENTED_EDGE('',*,*,#12105,.F.);
#12105 = EDGE_CURVE('',#12054,#9571,#12106,.T.);
#12106 = SURFACE_CURVE('',#12107,(#12112,#12119),.PCURVE_S1.);
#12107 = CIRCLE('',#12108,2.25);
#12108 = AXIS2_PLACEMENT_3D('',#12109,#12110,#12111);
#12109 = CARTESIAN_POINT('',(-65.1,0.,35.));
#12110 = DIRECTION('',(1.,0.,1.110223024625E-16));
#12111 = DIRECTION('',(1.110223024625E-16,0.,-1.));
#12112 = PCURVE('',#9615,#12113);
#12113 = DEFINITIONAL_REPRESENTATION('',(#12114),#12118);
#12114 = LINE('',#12115,#12116);
#12115 = CARTESIAN_POINT('',(0.,9.));
#12116 = VECTOR('',#12117,1.);
#12117 = DIRECTION('',(1.,0.));
#12118 = ( GEOMETRIC_REPRESENTATION_CONTEXT(2) 
PARAMETRIC_REPRESENTATION_CONTEXT() REPRESENTATION_CONTEXT('2D SPACE',''
  ) );
#12119 = PCURVE('',#9586,#12120);
#12120 = DEFINITIONAL_REPRESENTATION('',(#12121),#12129);
#12121 = ( BOUNDED_CURVE() B_SPLINE_CURVE(2,(#12122,#12123,#12124,#12125
    ,#12126,#12127,#12128),.UNSPECIFIED.,.T.,.F.) 
B_SPLINE_CURVE_WITH_KNOTS((1,2,2,2,2,1),(-2.094395102393,0.,
    2.094395102393,4.188790204786,6.28318530718,8.377580409573),
.UNSPECIFIED.) CURVE() GEOMETRIC_REPRESENTATION_ITEM() 
RATIONAL_B_SPLINE_CURVE((1.,0.5,1.,0.5,1.,0.5,1.)) REPRESENTATION_ITEM(
  '') );
#12122 = CARTESIAN_POINT('',(2.,-232.75));
#12123 = CARTESIAN_POINT('',(5.89711431703,-232.75));
#12124 = CARTESIAN_POINT('',(3.948557158515,-236.125));
#12125 = CARTESIAN_POINT('',(2.,-239.5));
#12126 = CARTESIAN_POINT('',(5.144284148501E-02,-236.125));
#12127 = CARTESIAN_POINT('',(-1.89711431703,-232.75));
#12128 = CARTESIAN_POINT('',(2.,-232.75));
#12129 = ( GEOMETRIC_REPRESENTATION_CONTEXT(2) 
PARAMETRIC_REPRESENTATION_CONTEXT() REPRESENTATION_CONTEXT('2D SPACE',''
  ) );
#12130 = ORIENTED_EDGE('',*,*,#12053,.F.);
#12131 = ORIENTED_EDGE('',*,*,#12005,.T.);
#12132 = ADVANCED_FACE('',(#12133),#9586,.F.);
#12133 = FACE_BOUND('',#12134,.F.);
#12134 = EDGE_LOOP('',(#12135,#12136,#12162,#12163,#12164));
#12135 = ORIENTED_EDGE('',*,*,#9570,.F.);
#12136 = ORIENTED_EDGE('',*,*,#12137,.T.);
#12137 = EDGE_CURVE('',#9539,#9784,#12138,.T.);
#12138 = SURFACE_CURVE('',#12139,(#12144,#12155),.PCURVE_S1.);
#12139 = CIRCLE('',#12140,2.25);
#12140 = AXIS2_PLACEMENT_3D('',#12141,#12142,#12143);
#12141 = CARTESIAN_POINT('',(-65.1,0.,-35.));
#12142 = DIRECTION('',(1.,0.,1.110223024625E-16));
#12143 = DIRECTION('',(1.110223024625E-16,0.,-1.));
#12144 = PCURVE('',#9586,#12145);
#12145 = DEFINITIONAL_REPRESENTATION('',(#12146),#12154);
#12146 = ( BOUNDED_CURVE() B_SPLINE_CURVE(2,(#12147,#12148,#12149,#12150
    ,#12151,#12152,#12153),.UNSPECIFIED.,.T.,.F.) 
B_SPLINE_CURVE_WITH_KNOTS((1,2,2,2,2,1),(-2.094395102393,0.,
    2.094395102393,4.188790204786,6.28318530718,8.377580409573),
.UNSPECIFIED.) CURVE() GEOMETRIC_REPRESENTATION_ITEM() 
RATIONAL_B_SPLINE_CURVE((1.,0.5,1.,0.5,1.,0.5,1.)) REPRESENTATION_ITEM(
  '') );
#12147 = CARTESIAN_POINT('',(2.,-162.75));
#12148 = CARTESIAN_POINT('',(5.89711431703,-162.75));
#12149 = CARTESIAN_POINT('',(3.948557158515,-166.125));
#12150 = CARTESIAN_POINT('',(2.,-169.5));
#12151 = CARTESIAN_POINT('',(5.144284148501E-02,-166.125));
#12152 = CARTESIAN_POINT('',(-1.89711431703,-162.75));
#12153 = CARTESIAN_POINT('',(2.,-162.75));
#12154 = ( GEOMETRIC_REPRESENTATION_CONTEXT(2) 
PARAMETRIC_REPRESENTATION_CONTEXT() REPRESENTATION_CONTEXT('2D SPACE',''
  ) );
#12155 = PCURVE('',#9555,#12156);
#12156 = DEFINITIONAL_REPRESENTATION('',(#12157),#12161);
#12157 = LINE('',#12158,#12159);
#12158 = CARTESIAN_POINT('',(0.,9.));
#12159 = VECTOR('',#12160,1.);
#12160 = DIRECTION('',(1.,0.));
#12161 = ( GEOMETRIC_REPRESENTATION_CONTEXT(2) 
PARAMETRIC_REPRESENTATION_CONTEXT() REPRESENTATION_CONTEXT('2D SPACE',''
  ) );
#12162 = ORIENTED_EDGE('',*,*,#9783,.T.);
#12163 = ORIENTED_EDGE('',*,*,#12076,.T.);
#12164 = ORIENTED_EDGE('',*,*,#12105,.T.);
#12165 = ADVANCED_FACE('',(#12166),#9555,.F.);
#12166 = FACE_BOUND('',#12167,.F.);
#12167 = EDGE_LOOP('',(#12168,#12189,#12190,#12191,#12192,#12193,#12194,
    #12195));
#12168 = ORIENTED_EDGE('',*,*,#12169,.T.);
#12169 = EDGE_CURVE('',#11969,#11468,#12170,.T.);
#12170 = SEAM_CURVE('',#12171,(#12175,#12182),.PCURVE_S1.);
#12171 = LINE('',#12172,#12173);
#12172 = CARTESIAN_POINT('',(-74.1,-5.510910596163E-16,-37.25));
#12173 = VECTOR('',#12174,1.);
#12174 = DIRECTION('',(1.,0.,1.110223024625E-16));
#12175 = PCURVE('',#9555,#12176);
#12176 = DEFINITIONAL_REPRESENTATION('',(#12177),#12181);
#12177 = LINE('',#12178,#12179);
#12178 = CARTESIAN_POINT('',(6.28318530718,-0.));
#12179 = VECTOR('',#12180,1.);
#12180 = DIRECTION('',(0.,1.));
#12181 = ( GEOMETRIC_REPRESENTATION_CONTEXT(2) 
PARAMETRIC_REPRESENTATION_CONTEXT() REPRESENTATION_CONTEXT('2D SPACE',''
  ) );
#12182 = PCURVE('',#9555,#12183);
#12183 = DEFINITIONAL_REPRESENTATION('',(#12184),#12188);
#12184 = LINE('',#12185,#12186);
#12185 = CARTESIAN_POINT('',(0.,-0.));
#12186 = VECTOR('',#12187,1.);
#12187 = DIRECTION('',(0.,1.));
#12188 = ( GEOMETRIC_REPRESENTATION_CONTEXT(2) 
PARAMETRIC_REPRESENTATION_CONTEXT() REPRESENTATION_CONTEXT('2D SPACE',''
  ) );
#12189 = ORIENTED_EDGE('',*,*,#11467,.F.);
#12190 = ORIENTED_EDGE('',*,*,#9806,.T.);
#12191 = ORIENTED_EDGE('',*,*,#12137,.F.);
#12192 = ORIENTED_EDGE('',*,*,#9538,.T.);
#12193 = ORIENTED_EDGE('',*,*,#11495,.F.);
#12194 = ORIENTED_EDGE('',*,*,#12169,.F.);
#12195 = ORIENTED_EDGE('',*,*,#11968,.T.);
#12196 = ADVANCED_FACE('',(#12197),#11577,.T.);
#12197 = FACE_BOUND('',#12198,.F.);
#12198 = EDGE_LOOP('',(#12199));
#12199 = ORIENTED_EDGE('',*,*,#11562,.F.);
#12200 = ( GEOMETRIC_REPRESENTATION_CONTEXT(3) 
GLOBAL_UNCERTAINTY_ASSIGNED_CONTEXT((#12204)) 
GLOBAL_UNIT_ASSIGNED_CONTEXT((#12201,#12202,#12203)) 
REPRESENTATION_CONTEXT('Context #1',
  '3D Context with UNIT and UNCERTAINTY') );
#12201 = ( LENGTH_UNIT() NAMED_UNIT(*) SI_UNIT(.MILLI.,.METRE.) );
#12202 = ( NAMED_UNIT(*) PLANE_ANGLE_UNIT() SI_UNIT($,.RADIAN.) );
#12203 = ( NAMED_UNIT(*) SI_UNIT($,.STERADIAN.) SOLID_ANGLE_UNIT() );
#12204 = UNCERTAINTY_MEASURE_WITH_UNIT(LENGTH_MEASURE(1.E-07),#12201,
  'distance_accuracy_value','confusion accuracy');
#12205 = PRODUCT_RELATED_PRODUCT_CATEGORY('part',$,(#7));
ENDSEC;
END-ISO-10303-21;
