ISO-10303-21;
HEADER;
/* Generated by software containing ST-Developer
 * from STEP Tools, Inc. (www.steptools.com) 
 */

FILE_DESCRIPTION(
/* description */ (''),
/* implementation_level */ '2;1');

FILE_NAME(
/* name */ 'Mast.step',
/* time_stamp */ '2026-08-31T19:48:26+02:00',
/* author */ (''),
/* organization */ (''),
/* preprocessor_version */ 'ST-DEVELOPER v20.1',
/* originating_system */ 'Autodesk Translation Framework v15.8.0.0',
/* authorisation */ '');

FILE_SCHEMA (('AUTOMOTIVE_DESIGN { 1 0 10303 214 3 1 1 }'));
ENDSEC;

DATA;
#10=MECHANICAL_DESIGN_GEOMETRIC_PRESENTATION_REPRESENTATION('',(#13),#4203);
#11=SHAPE_REPRESENTATION_RELATIONSHIP('SRR','None',#4210,#12);
#12=ADVANCED_BREP_SHAPE_REPRESENTATION('',(#14),#4202);
#13=STYLED_ITEM('',(#4219),#14);
#14=MANIFOLD_SOLID_BREP('Body1',#1322);
#15=FACE_BOUND('',#246,.T.);
#16=(
BOUNDED_SURFACE()
B_SPLINE_SURFACE(5,1,((#2034,#2035),(#2036,#2037),(#2038,#2039),(#2040,
#2041),(#2042,#2043),(#2044,#2045),(#2046,#2047),(#2048,#2049),(#2050,#2051),
(#2052,#2053),(#2054,#2055),(#2056,#2057),(#2058,#2059),(#2060,#2061),(#2062,
#2063),(#2064,#2065),(#2066,#2067),(#2068,#2069),(#2070,#2071),(#2072,#2073),
(#2074,#2075),(#2076,#2077),(#2078,#2079),(#2080,#2081),(#2082,#2083),(#2084,
#2085),(#2086,#2087),(#2088,#2089),(#2090,#2091),(#2092,#2093),(#2094,#2095),
(#2096,#2097),(#2098,#2099),(#2100,#2101),(#2102,#2103),(#2104,#2105),(#2106,
#2107),(#2108,#2109),(#2110,#2111),(#2112,#2113),(#2114,#2115),(#2116,#2117),
(#2118,#2119),(#2120,#2121),(#2122,#2123),(#2124,#2125),(#2126,#2127),(#2128,
#2129),(#2130,#2131),(#2132,#2133)),.UNSPECIFIED.,.F.,.F.,.F.)
B_SPLINE_SURFACE_WITH_KNOTS((6,1,1,1,1,1,1,1,1,1,1,1,1,1,1,1,1,1,1,1,1,
1,1,1,1,1,1,1,1,1,1,1,1,1,1,1,1,1,1,1,1,1,1,1,1,6),(2,2),(-1.,-0.977777777777778,
-0.955555555555556,-0.933333333333334,-0.911111111111111,-0.888888888888889,
-0.866666666666667,-0.844444444444445,-0.822222222222222,-0.8,-0.777777777777778,
-0.755555555555556,-0.733333333333333,-0.711111111111111,-0.688888888888889,
-0.666666666666667,-0.644444444444444,-0.622222222222222,-0.6,-0.577777777777778,
-0.555555555555555,-0.533333333333333,-0.511111111111111,-0.488888888888889,
-0.466666666666666,-0.444444444444444,-0.422222222222222,-0.4,-0.377777777777778,
-0.355555555555555,-0.333333333333333,-0.311111111111111,-0.288888888888889,
-0.266666666666667,-0.244444444444444,-0.222222222222222,-0.2,-0.177777777777778,
-0.155555555555556,-0.133333333333333,-0.111111111111111,-0.0888888888888889,
-0.0666666666666667,-0.0444444444444444,-0.0222222222222222,0.),(0.,50.),
 .UNSPECIFIED.)
GEOMETRIC_REPRESENTATION_ITEM()
RATIONAL_B_SPLINE_SURFACE(((1.,1.),(1.,1.),(1.,1.),(1.,1.),(1.,1.),(1.,
1.),(1.,1.),(1.,1.),(1.,1.),(1.,1.),(1.,1.),(1.,1.),(1.,1.),(1.,1.),(1.,
1.),(1.,1.),(1.,1.),(1.,1.),(1.,1.),(1.,1.),(1.,1.),(1.,1.),(1.,1.),(1.,
1.),(1.,1.),(1.,1.),(1.,1.),(1.,1.),(1.,1.),(1.,1.),(1.,1.),(1.,1.),(1.,
1.),(1.,1.),(1.,1.),(1.,1.),(1.,1.),(1.,1.),(1.,1.),(1.,1.),(1.,1.),(1.,
1.),(1.,1.),(1.,1.),(1.,1.),(1.,1.),(1.,1.),(1.,1.),(1.,1.),(1.,1.)))
REPRESENTATION_ITEM('')
SURFACE()
);
#17=(
BOUNDED_SURFACE()
B_SPLINE_SURFACE(5,1,((#2281,#2282),(#2283,#2284),(#2285,#2286),(#2287,
#2288),(#2289,#2290),(#2291,#2292),(#2293,#2294),(#2295,#2296),(#2297,#2298),
(#2299,#2300),(#2301,#2302),(#2303,#2304),(#2305,#2306),(#2307,#2308),(#2309,
#2310),(#2311,#2312),(#2313,#2314),(#2315,#2316),(#2317,#2318),(#2319,#2320),
(#2321,#2322),(#2323,#2324),(#2325,#2326),(#2327,#2328),(#2329,#2330)),
 .UNSPECIFIED.,.F.,.F.,.F.)
B_SPLINE_SURFACE_WITH_KNOTS((6,1,1,1,1,1,1,1,1,1,1,1,1,1,1,1,1,1,1,1,6),
(2,2),(0.,0.05,0.1,0.15,0.2,0.25,0.3,0.35,0.4,0.45,0.5,0.55,0.6,0.65,0.7,
0.75,0.8,0.85,0.9,0.95,1.),(0.,50.),.UNSPECIFIED.)
GEOMETRIC_REPRESENTATION_ITEM()
RATIONAL_B_SPLINE_SURFACE(((1.,1.),(1.,1.),(1.,1.),(1.,1.),(1.,1.),(1.,
1.),(1.,1.),(1.,1.),(1.,1.),(1.,1.),(1.,1.),(1.,1.),(1.,1.),(1.,1.),(1.,
1.),(1.,1.),(1.,1.),(1.,1.),(1.,1.),(1.,1.),(1.,1.),(1.,1.),(1.,1.),(1.,
1.),(1.,1.)))
REPRESENTATION_ITEM('')
SURFACE()
);
#18=(
BOUNDED_SURFACE()
B_SPLINE_SURFACE(5,1,((#2700,#2701),(#2702,#2703),(#2704,#2705),(#2706,
#2707),(#2708,#2709),(#2710,#2711),(#2712,#2713),(#2714,#2715),(#2716,#2717),
(#2718,#2719),(#2720,#2721),(#2722,#2723),(#2724,#2725),(#2726,#2727),(#2728,
#2729),(#2730,#2731),(#2732,#2733),(#2734,#2735),(#2736,#2737),(#2738,#2739),
(#2740,#2741),(#2742,#2743),(#2744,#2745),(#2746,#2747),(#2748,#2749),(#2750,
#2751),(#2752,#2753),(#2754,#2755),(#2756,#2757),(#2758,#2759),(#2760,#2761),
(#2762,#2763),(#2764,#2765),(#2766,#2767),(#2768,#2769)),.UNSPECIFIED.,
 .F.,.F.,.F.)
B_SPLINE_SURFACE_WITH_KNOTS((6,1,1,1,1,1,1,1,1,1,1,1,1,1,1,1,1,1,1,1,1,
1,1,1,1,1,1,1,1,1,6),(2,2),(-1.,-0.966666666666667,-0.933333333333333,-0.9,
-0.866666666666667,-0.833333333333333,-0.8,-0.766666666666667,-0.733333333333333,
-0.7,-0.666666666666667,-0.633333333333333,-0.6,-0.566666666666667,-0.533333333333333,
-0.5,-0.466666666666667,-0.433333333333333,-0.4,-0.366666666666667,-0.333333333333333,
-0.3,-0.266666666666667,-0.233333333333333,-0.2,-0.166666666666667,-0.133333333333333,
-0.1,-0.0666666666666667,-0.0333333333333333,-0.00507934236508197),(0.,
50.),.UNSPECIFIED.)
GEOMETRIC_REPRESENTATION_ITEM()
RATIONAL_B_SPLINE_SURFACE(((1.,1.),(1.,1.),(1.,1.),(1.,1.),(1.,1.),(1.,
1.),(1.,1.),(1.,1.),(1.,1.),(1.,1.),(1.,1.),(1.,1.),(1.,1.),(1.,1.),(1.,
1.),(1.,1.),(1.,1.),(1.,1.),(1.,1.),(1.,1.),(1.,1.),(1.,1.),(1.,1.),(1.,
1.),(1.,1.),(1.,1.),(1.,1.),(1.,1.),(1.,1.),(1.,1.),(1.,1.),(1.,1.),(1.,
1.),(1.,1.),(1.,1.)))
REPRESENTATION_ITEM('')
SURFACE()
);
#19=(
BOUNDED_SURFACE()
B_SPLINE_SURFACE(5,1,((#2930,#2931),(#2932,#2933),(#2934,#2935),(#2936,
#2937),(#2938,#2939),(#2940,#2941),(#2942,#2943),(#2944,#2945),(#2946,#2947),
(#2948,#2949),(#2950,#2951),(#2952,#2953),(#2954,#2955),(#2956,#2957),(#2958,
#2959),(#2960,#2961),(#2962,#2963),(#2964,#2965),(#2966,#2967),(#2968,#2969),
(#2970,#2971),(#2972,#2973),(#2974,#2975),(#2976,#2977),(#2978,#2979),(#2980,
#2981),(#2982,#2983),(#2984,#2985),(#2986,#2987),(#2988,#2989),(#2990,#2991),
(#2992,#2993),(#2994,#2995),(#2996,#2997),(#2998,#2999)),.UNSPECIFIED.,
 .F.,.F.,.F.)
B_SPLINE_SURFACE_WITH_KNOTS((6,1,1,1,1,1,1,1,1,1,1,1,1,1,1,1,1,1,1,1,1,
1,1,1,1,1,1,1,1,1,6),(2,2),(0.00507934236508197,0.0333333333333333,0.0666666666666667,
0.1,0.133333333333333,0.166666666666667,0.2,0.233333333333333,0.266666666666667,
0.3,0.333333333333333,0.366666666666667,0.4,0.433333333333333,0.466666666666667,
0.5,0.533333333333333,0.566666666666667,0.6,0.633333333333333,0.666666666666667,
0.7,0.733333333333333,0.766666666666667,0.8,0.833333333333333,0.866666666666667,
0.9,0.933333333333333,0.966666666666667,1.),(0.,50.),.UNSPECIFIED.)
GEOMETRIC_REPRESENTATION_ITEM()
RATIONAL_B_SPLINE_SURFACE(((1.,1.),(1.,1.),(1.,1.),(1.,1.),(1.,1.),(1.,
1.),(1.,1.),(1.,1.),(1.,1.),(1.,1.),(1.,1.),(1.,1.),(1.,1.),(1.,1.),(1.,
1.),(1.,1.),(1.,1.),(1.,1.),(1.,1.),(1.,1.),(1.,1.),(1.,1.),(1.,1.),(1.,
1.),(1.,1.),(1.,1.),(1.,1.),(1.,1.),(1.,1.),(1.,1.),(1.,1.),(1.,1.),(1.,
1.),(1.,1.),(1.,1.)))
REPRESENTATION_ITEM('')
SURFACE()
);
#20=(
BOUNDED_SURFACE()
B_SPLINE_SURFACE(5,1,((#3195,#3196),(#3197,#3198),(#3199,#3200),(#3201,
#3202),(#3203,#3204),(#3205,#3206),(#3207,#3208),(#3209,#3210),(#3211,#3212),
(#3213,#3214),(#3215,#3216),(#3217,#3218),(#3219,#3220),(#3221,#3222),(#3223,
#3224),(#3225,#3226),(#3227,#3228),(#3229,#3230),(#3231,#3232),(#3233,#3234),
(#3235,#3236),(#3237,#3238),(#3239,#3240),(#3241,#3242),(#3243,#3244)),
 .UNSPECIFIED.,.F.,.F.,.F.)
B_SPLINE_SURFACE_WITH_KNOTS((6,1,1,1,1,1,1,1,1,1,1,1,1,1,1,1,1,1,1,1,6),
(2,2),(0.,0.05,0.1,0.15,0.2,0.25,0.3,0.35,0.4,0.45,0.5,0.55,0.6,0.65,0.7,
0.75,0.8,0.85,0.9,0.95,1.),(0.,50.),.UNSPECIFIED.)
GEOMETRIC_REPRESENTATION_ITEM()
RATIONAL_B_SPLINE_SURFACE(((1.,1.),(1.,1.),(1.,1.),(1.,1.),(1.,1.),(1.,
1.),(1.,1.),(1.,1.),(1.,1.),(1.,1.),(1.,1.),(1.,1.),(1.,1.),(1.,1.),(1.,
1.),(1.,1.),(1.,1.),(1.,1.),(1.,1.),(1.,1.),(1.,1.),(1.,1.),(1.,1.),(1.,
1.),(1.,1.)))
REPRESENTATION_ITEM('')
SURFACE()
);
#21=(
BOUNDED_SURFACE()
B_SPLINE_SURFACE(5,1,((#3307,#3308),(#3309,#3310),(#3311,#3312),(#3313,
#3314),(#3315,#3316),(#3317,#3318),(#3319,#3320),(#3321,#3322),(#3323,#3324),
(#3325,#3326),(#3327,#3328),(#3329,#3330),(#3331,#3332),(#3333,#3334),(#3335,
#3336),(#3337,#3338),(#3339,#3340),(#3341,#3342),(#3343,#3344),(#3345,#3346),
(#3347,#3348),(#3349,#3350),(#3351,#3352),(#3353,#3354),(#3355,#3356)),
 .UNSPECIFIED.,.F.,.F.,.F.)
B_SPLINE_SURFACE_WITH_KNOTS((6,1,1,1,1,1,1,1,1,1,1,1,1,1,1,1,1,1,1,1,6),
(2,2),(-1.,-0.95,-0.9,-0.85,-0.8,-0.75,-0.7,-0.65,-0.6,-0.55,-0.5,-0.45,
-0.4,-0.35,-0.3,-0.25,-0.2,-0.15,-0.1,-0.05,0.),(0.,50.),.UNSPECIFIED.)
GEOMETRIC_REPRESENTATION_ITEM()
RATIONAL_B_SPLINE_SURFACE(((1.,1.),(1.,1.),(1.,1.),(1.,1.),(1.,1.),(1.,
1.),(1.,1.),(1.,1.),(1.,1.),(1.,1.),(1.,1.),(1.,1.),(1.,1.),(1.,1.),(1.,
1.),(1.,1.),(1.,1.),(1.,1.),(1.,1.),(1.,1.),(1.,1.),(1.,1.),(1.,1.),(1.,
1.),(1.,1.)))
REPRESENTATION_ITEM('')
SURFACE()
);
#22=(
BOUNDED_SURFACE()
B_SPLINE_SURFACE(5,1,((#3472,#3473),(#3474,#3475),(#3476,#3477),(#3478,
#3479),(#3480,#3481),(#3482,#3483),(#3484,#3485),(#3486,#3487),(#3488,#3489),
(#3490,#3491),(#3492,#3493),(#3494,#3495),(#3496,#3497),(#3498,#3499),(#3500,
#3501),(#3502,#3503),(#3504,#3505),(#3506,#3507),(#3508,#3509),(#3510,#3511),
(#3512,#3513),(#3514,#3515),(#3516,#3517),(#3518,#3519),(#3520,#3521),(#3522,
#3523),(#3524,#3525),(#3526,#3527),(#3528,#3529),(#3530,#3531),(#3532,#3533),
(#3534,#3535),(#3536,#3537),(#3538,#3539),(#3540,#3541),(#3542,#3543),(#3544,
#3545),(#3546,#3547),(#3548,#3549),(#3550,#3551),(#3552,#3553),(#3554,#3555),
(#3556,#3557),(#3558,#3559),(#3560,#3561),(#3562,#3563),(#3564,#3565),(#3566,
#3567),(#3568,#3569),(#3570,#3571)),.UNSPECIFIED.,.F.,.F.,.F.)
B_SPLINE_SURFACE_WITH_KNOTS((6,1,1,1,1,1,1,1,1,1,1,1,1,1,1,1,1,1,1,1,1,
1,1,1,1,1,1,1,1,1,1,1,1,1,1,1,1,1,1,1,1,1,1,1,1,6),(2,2),(0.,0.0222222222222222,
0.0444444444444444,0.0666666666666667,0.0888888888888889,0.111111111111111,
0.133333333333333,0.155555555555556,0.177777777777778,0.2,0.222222222222222,
0.244444444444444,0.266666666666667,0.288888888888889,0.311111111111111,
0.333333333333333,0.355555555555555,0.377777777777778,0.4,0.422222222222222,
0.444444444444444,0.466666666666666,0.488888888888889,0.511111111111111,
0.533333333333333,0.555555555555555,0.577777777777778,0.6,0.622222222222222,
0.644444444444444,0.666666666666667,0.688888888888889,0.711111111111111,
0.733333333333333,0.755555555555556,0.777777777777778,0.8,0.822222222222222,
0.844444444444445,0.866666666666667,0.888888888888889,0.911111111111111,
0.933333333333334,0.955555555555556,0.977777777777778,1.),(0.,50.),
 .UNSPECIFIED.)
GEOMETRIC_REPRESENTATION_ITEM()
RATIONAL_B_SPLINE_SURFACE(((1.,1.),(1.,1.),(1.,1.),(1.,1.),(1.,1.),(1.,
1.),(1.,1.),(1.,1.),(1.,1.),(1.,1.),(1.,1.),(1.,1.),(1.,1.),(1.,1.),(1.,
1.),(1.,1.),(1.,1.),(1.,1.),(1.,1.),(1.,1.),(1.,1.),(1.,1.),(1.,1.),(1.,
1.),(1.,1.),(1.,1.),(1.,1.),(1.,1.),(1.,1.),(1.,1.),(1.,1.),(1.,1.),(1.,
1.),(1.,1.),(1.,1.),(1.,1.),(1.,1.),(1.,1.),(1.,1.),(1.,1.),(1.,1.),(1.,
1.),(1.,1.),(1.,1.),(1.,1.),(1.,1.),(1.,1.),(1.,1.),(1.,1.),(1.,1.)))
REPRESENTATION_ITEM('')
SURFACE()
);
#23=(
BOUNDED_SURFACE()
B_SPLINE_SURFACE(5,1,((#3646,#3647),(#3648,#3649),(#3650,#3651),(#3652,
#3653),(#3654,#3655),(#3656,#3657),(#3658,#3659),(#3660,#3661),(#3662,#3663),
(#3664,#3665),(#3666,#3667),(#3668,#3669),(#3670,#3671),(#3672,#3673),(#3674,
#3675),(#3676,#3677),(#3678,#3679),(#3680,#3681),(#3682,#3683),(#3684,#3685),
(#3686,#3687),(#3688,#3689),(#3690,#3691),(#3692,#3693),(#3694,#3695)),
 .UNSPECIFIED.,.F.,.F.,.F.)
B_SPLINE_SURFACE_WITH_KNOTS((6,1,1,1,1,1,1,1,1,1,1,1,1,1,1,1,1,1,1,1,6),
(2,2),(-1.,-0.95,-0.9,-0.85,-0.8,-0.75,-0.7,-0.65,-0.6,-0.55,-0.5,-0.45,
-0.4,-0.35,-0.3,-0.25,-0.2,-0.15,-0.1,-0.05,0.),(0.,50.),.UNSPECIFIED.)
GEOMETRIC_REPRESENTATION_ITEM()
RATIONAL_B_SPLINE_SURFACE(((1.,1.),(1.,1.),(1.,1.),(1.,1.),(1.,1.),(1.,
1.),(1.,1.),(1.,1.),(1.,1.),(1.,1.),(1.,1.),(1.,1.),(1.,1.),(1.,1.),(1.,
1.),(1.,1.),(1.,1.),(1.,1.),(1.,1.),(1.,1.),(1.,1.),(1.,1.),(1.,1.),(1.,
1.),(1.,1.)))
REPRESENTATION_ITEM('')
SURFACE()
);
#24=(
BOUNDED_SURFACE()
B_SPLINE_SURFACE(5,1,((#3729,#3730),(#3731,#3732),(#3733,#3734),(#3735,
#3736),(#3737,#3738),(#3739,#3740),(#3741,#3742),(#3743,#3744),(#3745,#3746),
(#3747,#3748),(#3749,#3750),(#3751,#3752),(#3753,#3754),(#3755,#3756),(#3757,
#3758),(#3759,#3760),(#3761,#3762),(#3763,#3764),(#3765,#3766),(#3767,#3768),
(#3769,#3770),(#3771,#3772),(#3773,#3774),(#3775,#3776),(#3777,#3778)),
 .UNSPECIFIED.,.F.,.F.,.F.)
B_SPLINE_SURFACE_WITH_KNOTS((6,1,1,1,1,1,1,1,1,1,1,1,1,1,1,1,1,1,1,1,6),
(2,2),(0.,0.05,0.1,0.15,0.2,0.25,0.3,0.35,0.4,0.45,0.5,0.55,0.6,0.65,0.7,
0.75,0.8,0.85,0.9,0.95,1.),(0.,50.),.UNSPECIFIED.)
GEOMETRIC_REPRESENTATION_ITEM()
RATIONAL_B_SPLINE_SURFACE(((1.,1.),(1.,1.),(1.,1.),(1.,1.),(1.,1.),(1.,
1.),(1.,1.),(1.,1.),(1.,1.),(1.,1.),(1.,1.),(1.,1.),(1.,1.),(1.,1.),(1.,
1.),(1.,1.),(1.,1.),(1.,1.),(1.,1.),(1.,1.),(1.,1.),(1.,1.),(1.,1.),(1.,
1.),(1.,1.)))
REPRESENTATION_ITEM('')
SURFACE()
);
#25=(
BOUNDED_SURFACE()
B_SPLINE_SURFACE(1,2,((#3821,#3822,#3823,#3824,#3825),(#3826,#3827,#3828,
#3829,#3830)),.UNSPECIFIED.,.F.,.F.,.F.)
B_SPLINE_SURFACE_WITH_KNOTS((2,2),(3,2,3),(0.,45.45454477722),(-1.25784394913365,
0.,1.25784394913365),.UNSPECIFIED.)
GEOMETRIC_REPRESENTATION_ITEM()
RATIONAL_B_SPLINE_SURFACE(((1.,0.808662151701992,1.,0.808662151701992,1.),
(1.,0.808662151701992,1.,0.808662151701992,1.)))
REPRESENTATION_ITEM('')
SURFACE()
);
#26=(
BOUNDED_SURFACE()
B_SPLINE_SURFACE(5,1,((#3856,#3857),(#3858,#3859),(#3860,#3861),(#3862,
#3863),(#3864,#3865),(#3866,#3867),(#3868,#3869),(#3870,#3871),(#3872,#3873),
(#3874,#3875),(#3876,#3877),(#3878,#3879),(#3880,#3881),(#3882,#3883),(#3884,
#3885),(#3886,#3887),(#3888,#3889),(#3890,#3891),(#3892,#3893),(#3894,#3895),
(#3896,#3897),(#3898,#3899),(#3900,#3901),(#3902,#3903),(#3904,#3905),(#3906,
#3907),(#3908,#3909),(#3910,#3911),(#3912,#3913),(#3914,#3915),(#3916,#3917),
(#3918,#3919),(#3920,#3921),(#3922,#3923),(#3924,#3925)),.UNSPECIFIED.,
 .F.,.F.,.F.)
B_SPLINE_SURFACE_WITH_KNOTS((6,1,1,1,1,1,1,1,1,1,1,1,1,1,1,1,1,1,1,1,1,
1,1,1,1,1,1,1,1,1,6),(2,2),(0.,0.0333333333333333,0.0666666666666667,0.1,
0.133333333333333,0.166666666666667,0.2,0.233333333333333,0.266666666666667,
0.3,0.333333333333333,0.366666666666667,0.4,0.433333333333333,0.466666666666667,
0.5,0.533333333333333,0.566666666666667,0.6,0.633333333333333,0.666666666666667,
0.7,0.733333333333333,0.766666666666667,0.8,0.833333333333333,0.866666666666667,
0.9,0.933333333333333,0.966666666666667,1.),(0.,50.),.UNSPECIFIED.)
GEOMETRIC_REPRESENTATION_ITEM()
RATIONAL_B_SPLINE_SURFACE(((1.,1.),(1.,1.),(1.,1.),(1.,1.),(1.,1.),(1.,
1.),(1.,1.),(1.,1.),(1.,1.),(1.,1.),(1.,1.),(1.,1.),(1.,1.),(1.,1.),(1.,
1.),(1.,1.),(1.,1.),(1.,1.),(1.,1.),(1.,1.),(1.,1.),(1.,1.),(1.,1.),(1.,
1.),(1.,1.),(1.,1.),(1.,1.),(1.,1.),(1.,1.),(1.,1.),(1.,1.),(1.,1.),(1.,
1.),(1.,1.),(1.,1.)))
REPRESENTATION_ITEM('')
SURFACE()
);
#27=(
BOUNDED_SURFACE()
B_SPLINE_SURFACE(5,1,((#3963,#3964),(#3965,#3966),(#3967,#3968),(#3969,
#3970),(#3971,#3972),(#3973,#3974),(#3975,#3976),(#3977,#3978),(#3979,#3980),
(#3981,#3982),(#3983,#3984),(#3985,#3986),(#3987,#3988),(#3989,#3990),(#3991,
#3992),(#3993,#3994),(#3995,#3996),(#3997,#3998),(#3999,#4000),(#4001,#4002),
(#4003,#4004),(#4005,#4006),(#4007,#4008),(#4009,#4010),(#4011,#4012)),
 .UNSPECIFIED.,.F.,.F.,.F.)
B_SPLINE_SURFACE_WITH_KNOTS((6,1,1,1,1,1,1,1,1,1,1,1,1,1,1,1,1,1,1,1,6),
(2,2),(-1.,-0.95,-0.9,-0.85,-0.8,-0.75,-0.7,-0.65,-0.6,-0.55,-0.5,-0.45,
-0.4,-0.35,-0.3,-0.25,-0.2,-0.15,-0.1,-0.05,0.),(0.,50.),.UNSPECIFIED.)
GEOMETRIC_REPRESENTATION_ITEM()
RATIONAL_B_SPLINE_SURFACE(((1.,1.),(1.,1.),(1.,1.),(1.,1.),(1.,1.),(1.,
1.),(1.,1.),(1.,1.),(1.,1.),(1.,1.),(1.,1.),(1.,1.),(1.,1.),(1.,1.),(1.,
1.),(1.,1.),(1.,1.),(1.,1.),(1.,1.),(1.,1.),(1.,1.),(1.,1.),(1.,1.),(1.,
1.),(1.,1.)))
REPRESENTATION_ITEM('')
SURFACE()
);
#28=(
BOUNDED_SURFACE()
B_SPLINE_SURFACE(5,1,((#4056,#4057),(#4058,#4059),(#4060,#4061),(#4062,
#4063),(#4064,#4065),(#4066,#4067),(#4068,#4069),(#4070,#4071),(#4072,#4073),
(#4074,#4075),(#4076,#4077),(#4078,#4079),(#4080,#4081),(#4082,#4083),(#4084,
#4085),(#4086,#4087),(#4088,#4089),(#4090,#4091),(#4092,#4093),(#4094,#4095),
(#4096,#4097),(#4098,#4099),(#4100,#4101),(#4102,#4103),(#4104,#4105),(#4106,
#4107),(#4108,#4109),(#4110,#4111),(#4112,#4113),(#4114,#4115),(#4116,#4117),
(#4118,#4119),(#4120,#4121),(#4122,#4123),(#4124,#4125)),.UNSPECIFIED.,
 .F.,.F.,.F.)
B_SPLINE_SURFACE_WITH_KNOTS((6,1,1,1,1,1,1,1,1,1,1,1,1,1,1,1,1,1,1,1,1,
1,1,1,1,1,1,1,1,1,6),(2,2),(-1.,-0.966666666666667,-0.933333333333333,-0.9,
-0.866666666666667,-0.833333333333333,-0.8,-0.766666666666667,-0.733333333333333,
-0.7,-0.666666666666667,-0.633333333333333,-0.6,-0.566666666666667,-0.533333333333333,
-0.5,-0.466666666666667,-0.433333333333333,-0.4,-0.366666666666667,-0.333333333333333,
-0.3,-0.266666666666667,-0.233333333333333,-0.2,-0.166666666666667,-0.133333333333333,
-0.1,-0.0666666666666667,-0.0333333333333333,0.),(0.,50.),.UNSPECIFIED.)
GEOMETRIC_REPRESENTATION_ITEM()
RATIONAL_B_SPLINE_SURFACE(((1.,1.),(1.,1.),(1.,1.),(1.,1.),(1.,1.),(1.,
1.),(1.,1.),(1.,1.),(1.,1.),(1.,1.),(1.,1.),(1.,1.),(1.,1.),(1.,1.),(1.,
1.),(1.,1.),(1.,1.),(1.,1.),(1.,1.),(1.,1.),(1.,1.),(1.,1.),(1.,1.),(1.,
1.),(1.,1.),(1.,1.),(1.,1.),(1.,1.),(1.,1.),(1.,1.),(1.,1.),(1.,1.),(1.,
1.),(1.,1.),(1.,1.)))
REPRESENTATION_ITEM('')
SURFACE()
);
#29=(
BOUNDED_CURVE()
B_SPLINE_CURVE(5,(#1768,#1769,#1770,#1771,#1772,#1773,#1774,#1775,#1776,
#1777,#1778,#1779,#1780,#1781,#1782,#1783,#1784,#1785,#1786,#1787,#1788,
#1789,#1790),.UNSPECIFIED.,.F.,.F.)
B_SPLINE_CURVE_WITH_KNOTS((6,1,1,1,1,1,1,1,1,1,1,1,1,1,1,1,1,1,6),(0.00507934236508197,
0.0333333333333333,0.0666666666666667,0.1,0.133333333333333,0.166666666666667,
0.2,0.233333333333333,0.266666666666667,0.3,0.333333333333333,0.366666666666667,
0.4,0.433333333333333,0.466666666666667,0.5,0.533333333333333,0.566666666666667,
0.570688173724275),.UNSPECIFIED.)
CURVE()
GEOMETRIC_REPRESENTATION_ITEM()
RATIONAL_B_SPLINE_CURVE((1.,1.,1.,1.,1.,1.,1.,1.,1.,1.,1.,1.,1.,1.,1.,1.,
1.,1.,1.,1.,1.,1.,1.))
REPRESENTATION_ITEM('')
);
#30=(
BOUNDED_CURVE()
B_SPLINE_CURVE(5,(#1796,#1797,#1798,#1799,#1800,#1801,#1802,#1803),
 .UNSPECIFIED.,.F.,.F.)
B_SPLINE_CURVE_WITH_KNOTS((6,1,1,6),(0.,0.05,0.1,0.103846206620311),
 .UNSPECIFIED.)
CURVE()
GEOMETRIC_REPRESENTATION_ITEM()
RATIONAL_B_SPLINE_CURVE((1.,1.,1.,1.,1.,1.,1.,1.))
REPRESENTATION_ITEM('')
);
#31=(
BOUNDED_CURVE()
B_SPLINE_CURVE(5,(#1805,#1806,#1807,#1808,#1809,#1810,#1811,#1812,#1813,
#1814,#1815,#1816,#1817,#1818,#1819,#1820,#1821,#1822,#1823,#1824,#1825,
#1826,#1827,#1828,#1829),.UNSPECIFIED.,.F.,.F.)
B_SPLINE_CURVE_WITH_KNOTS((6,1,1,1,1,1,1,1,1,1,1,1,1,1,1,1,1,1,1,1,6),(-1.,
-0.95,-0.9,-0.85,-0.8,-0.75,-0.7,-0.65,-0.6,-0.55,-0.5,-0.45,-0.4,-0.35,
-0.3,-0.25,-0.2,-0.15,-0.1,-0.05,0.),.UNSPECIFIED.)
CURVE()
GEOMETRIC_REPRESENTATION_ITEM()
RATIONAL_B_SPLINE_CURVE((1.,1.,1.,1.,1.,1.,1.,1.,1.,1.,1.,1.,1.,1.,1.,1.,
1.,1.,1.,1.,1.,1.,1.,1.,1.))
REPRESENTATION_ITEM('')
);
#32=(
BOUNDED_CURVE()
B_SPLINE_CURVE(5,(#2135,#2136,#2137,#2138,#2139,#2140,#2141,#2142,#2143,
#2144,#2145,#2146,#2147,#2148),.UNSPECIFIED.,.F.,.F.)
B_SPLINE_CURVE_WITH_KNOTS((6,1,1,1,1,1,1,1,1,6),(-0.847142648841378,-0.844444444444445,
-0.822222222222222,-0.8,-0.777777777777778,-0.755555555555556,-0.733333333333333,
-0.711111111111111,-0.688888888888889,-0.685709744576032),.UNSPECIFIED.)
CURVE()
GEOMETRIC_REPRESENTATION_ITEM()
RATIONAL_B_SPLINE_CURVE((1.,1.,1.,1.,1.,1.,1.,1.,1.,1.,1.,1.,1.,1.))
REPRESENTATION_ITEM('')
);
#33=(
BOUNDED_CURVE()
B_SPLINE_CURVE(5,(#2183,#2184,#2185,#2186,#2187,#2188,#2189,#2190,#2191,
#2192,#2193,#2194,#2195,#2196,#2197,#2198,#2199,#2200,#2201,#2202,#2203,
#2204,#2205,#2206,#2207,#2208,#2209,#2210,#2211,#2212,#2213,#2214,#2215),
 .UNSPECIFIED.,.F.,.F.)
B_SPLINE_CURVE_WITH_KNOTS((6,1,1,1,1,1,1,1,1,1,1,1,1,1,1,1,1,1,1,1,1,1,
1,1,1,1,1,1,6),(-0.606766802866724,-0.6,-0.577777777777778,-0.555555555555555,
-0.533333333333333,-0.511111111111111,-0.488888888888889,-0.466666666666666,
-0.444444444444444,-0.422222222222222,-0.4,-0.377777777777778,-0.355555555555555,
-0.333333333333333,-0.311111111111111,-0.288888888888889,-0.266666666666667,
-0.244444444444444,-0.222222222222222,-0.2,-0.177777777777778,-0.155555555555556,
-0.133333333333333,-0.111111111111111,-0.0888888888888889,-0.0666666666666667,
-0.0444444444444444,-0.0222222222222222,0.),.UNSPECIFIED.)
CURVE()
GEOMETRIC_REPRESENTATION_ITEM()
RATIONAL_B_SPLINE_CURVE((1.,1.,1.,1.,1.,1.,1.,1.,1.,1.,1.,1.,1.,1.,1.,1.,
1.,1.,1.,1.,1.,1.,1.,1.,1.,1.,1.,1.,1.,1.,1.,1.,1.))
REPRESENTATION_ITEM('')
);
#34=(
BOUNDED_CURVE()
B_SPLINE_CURVE(5,(#2219,#2220,#2221,#2222,#2223,#2224,#2225,#2226,#2227,
#2228,#2229,#2230,#2231,#2232,#2233,#2234,#2235,#2236,#2237,#2238,#2239,
#2240,#2241,#2242,#2243,#2244,#2245,#2246,#2247,#2248,#2249,#2250,#2251,
#2252,#2253,#2254,#2255,#2256,#2257,#2258,#2259,#2260,#2261,#2262,#2263,
#2264,#2265,#2266,#2267,#2268),.UNSPECIFIED.,.F.,.F.)
B_SPLINE_CURVE_WITH_KNOTS((6,1,1,1,1,1,1,1,1,1,1,1,1,1,1,1,1,1,1,1,1,1,
1,1,1,1,1,1,1,1,1,1,1,1,1,1,1,1,1,1,1,1,1,1,1,6),(-1.,-0.977777777777778,
-0.955555555555556,-0.933333333333334,-0.911111111111111,-0.888888888888889,
-0.866666666666667,-0.844444444444445,-0.822222222222222,-0.8,-0.777777777777778,
-0.755555555555556,-0.733333333333333,-0.711111111111111,-0.688888888888889,
-0.666666666666667,-0.644444444444444,-0.622222222222222,-0.6,-0.577777777777778,
-0.555555555555555,-0.533333333333333,-0.511111111111111,-0.488888888888889,
-0.466666666666666,-0.444444444444444,-0.422222222222222,-0.4,-0.377777777777778,
-0.355555555555555,-0.333333333333333,-0.311111111111111,-0.288888888888889,
-0.266666666666667,-0.244444444444444,-0.222222222222222,-0.2,-0.177777777777778,
-0.155555555555556,-0.133333333333333,-0.111111111111111,-0.0888888888888889,
-0.0666666666666667,-0.0444444444444444,-0.0222222222222222,0.),
 .UNSPECIFIED.)
CURVE()
GEOMETRIC_REPRESENTATION_ITEM()
RATIONAL_B_SPLINE_CURVE((1.,1.,1.,1.,1.,1.,1.,1.,1.,1.,1.,1.,1.,1.,1.,1.,
1.,1.,1.,1.,1.,1.,1.,1.,1.,1.,1.,1.,1.,1.,1.,1.,1.,1.,1.,1.,1.,1.,1.,1.,
1.,1.,1.,1.,1.,1.,1.,1.,1.,1.))
REPRESENTATION_ITEM('')
);
#35=(
BOUNDED_CURVE()
B_SPLINE_CURVE(5,(#2271,#2272,#2273,#2274,#2275,#2276,#2277,#2278,#2279,
#2280),.UNSPECIFIED.,.F.,.F.)
B_SPLINE_CURVE_WITH_KNOTS((6,1,1,1,1,6),(-1.,-0.977777777777778,-0.955555555555556,
-0.933333333333334,-0.911111111111111,-0.909955416894143),.UNSPECIFIED.)
CURVE()
GEOMETRIC_REPRESENTATION_ITEM()
RATIONAL_B_SPLINE_CURVE((1.,1.,1.,1.,1.,1.,1.,1.,1.,1.))
REPRESENTATION_ITEM('')
);
#36=(
BOUNDED_CURVE()
B_SPLINE_CURVE(5,(#2332,#2333,#2334,#2335,#2336,#2337,#2338),
 .UNSPECIFIED.,.F.,.F.)
B_SPLINE_CURVE_WITH_KNOTS((6,1,6),(0.934844157476659,0.95,1.),
 .UNSPECIFIED.)
CURVE()
GEOMETRIC_REPRESENTATION_ITEM()
RATIONAL_B_SPLINE_CURVE((1.,1.,1.,1.,1.,1.,1.))
REPRESENTATION_ITEM('')
);
#37=(
BOUNDED_CURVE()
B_SPLINE_CURVE(5,(#2342,#2343,#2344,#2345,#2346,#2347,#2348,#2349,#2350,
#2351,#2352,#2353,#2354,#2355,#2356,#2357,#2358,#2359,#2360,#2361,#2362,
#2363,#2364,#2365,#2366),.UNSPECIFIED.,.F.,.F.)
B_SPLINE_CURVE_WITH_KNOTS((6,1,1,1,1,1,1,1,1,1,1,1,1,1,1,1,1,1,1,1,6),(0.,
0.05,0.1,0.15,0.2,0.25,0.3,0.35,0.4,0.45,0.5,0.55,0.6,0.65,0.7,0.75,0.8,
0.85,0.9,0.95,1.),.UNSPECIFIED.)
CURVE()
GEOMETRIC_REPRESENTATION_ITEM()
RATIONAL_B_SPLINE_CURVE((1.,1.,1.,1.,1.,1.,1.,1.,1.,1.,1.,1.,1.,1.,1.,1.,
1.,1.,1.,1.,1.,1.,1.,1.,1.))
REPRESENTATION_ITEM('')
);
#38=(
BOUNDED_CURVE()
B_SPLINE_CURVE(5,(#2370,#2371,#2372,#2373,#2374,#2375,#2376,#2377,#2378,
#2379,#2380,#2381,#2382,#2383,#2384,#2385,#2386,#2387,#2388,#2389),
 .UNSPECIFIED.,.F.,.F.)
B_SPLINE_CURVE_WITH_KNOTS((6,1,1,1,1,1,1,1,1,1,1,1,1,1,1,6),(0.,0.05,0.1,
0.15,0.2,0.25,0.3,0.35,0.4,0.45,0.5,0.55,0.6,0.65,0.7,0.711971699161531),
 .UNSPECIFIED.)
CURVE()
GEOMETRIC_REPRESENTATION_ITEM()
RATIONAL_B_SPLINE_CURVE((1.,1.,1.,1.,1.,1.,1.,1.,1.,1.,1.,1.,1.,1.,1.,1.,
1.,1.,1.,1.))
REPRESENTATION_ITEM('')
);
#39=(
BOUNDED_CURVE()
B_SPLINE_CURVE(5,(#2421,#2422,#2423,#2424,#2425,#2426,#2427,#2428),
 .UNSPECIFIED.,.F.,.F.)
B_SPLINE_CURVE_WITH_KNOTS((6,1,1,6),(0.762380999818248,0.8,0.85,0.865818404882933),
 .UNSPECIFIED.)
CURVE()
GEOMETRIC_REPRESENTATION_ITEM()
RATIONAL_B_SPLINE_CURVE((1.,1.,1.,1.,1.,1.,1.,1.))
REPRESENTATION_ITEM('')
);
#40=(
BOUNDED_CURVE()
B_SPLINE_CURVE(5,(#2454,#2455,#2456,#2457,#2458,#2459,#2460),
 .UNSPECIFIED.,.F.,.F.)
B_SPLINE_CURVE_WITH_KNOTS((6,1,6),(0.934844157476661,0.95,1.),
 .UNSPECIFIED.)
CURVE()
GEOMETRIC_REPRESENTATION_ITEM()
RATIONAL_B_SPLINE_CURVE((1.,1.,1.,1.,1.,1.,1.))
REPRESENTATION_ITEM('')
);
#41=(
BOUNDED_CURVE()
B_SPLINE_CURVE(5,(#2463,#2464,#2465,#2466,#2467,#2468,#2469,#2470,#2471,
#2472,#2473,#2474,#2475,#2476),.UNSPECIFIED.,.F.,.F.)
B_SPLINE_CURVE_WITH_KNOTS((6,1,1,1,1,1,1,1,1,6),(0.685709744576032,0.688888888888889,
0.711111111111111,0.733333333333333,0.755555555555556,0.777777777777778,
0.8,0.822222222222222,0.844444444444445,0.847142648841378),
 .UNSPECIFIED.)
CURVE()
GEOMETRIC_REPRESENTATION_ITEM()
RATIONAL_B_SPLINE_CURVE((1.,1.,1.,1.,1.,1.,1.,1.,1.,1.,1.,1.,1.,1.))
REPRESENTATION_ITEM('')
);
#42=(
BOUNDED_CURVE()
B_SPLINE_CURVE(5,(#2479,#2480,#2481,#2482,#2483,#2484,#2485,#2486),
 .UNSPECIFIED.,.F.,.F.)
B_SPLINE_CURVE_WITH_KNOTS((6,1,1,6),(0.762380999818248,0.8,0.85,0.865818404882933),
 .UNSPECIFIED.)
CURVE()
GEOMETRIC_REPRESENTATION_ITEM()
RATIONAL_B_SPLINE_CURVE((1.,1.,1.,1.,1.,1.,1.,1.))
REPRESENTATION_ITEM('')
);
#43=(
BOUNDED_CURVE()
B_SPLINE_CURVE(5,(#2557,#2558,#2559,#2560,#2561,#2562,#2563),
 .UNSPECIFIED.,.F.,.F.)
B_SPLINE_CURVE_WITH_KNOTS((6,1,6),(0.183798105401816,0.2,0.202619536165172),
 .UNSPECIFIED.)
CURVE()
GEOMETRIC_REPRESENTATION_ITEM()
RATIONAL_B_SPLINE_CURVE((1.,1.,1.,1.,1.,1.,1.))
REPRESENTATION_ITEM('')
);
#44=(
BOUNDED_CURVE()
B_SPLINE_CURVE(5,(#2566,#2567,#2568,#2569,#2570,#2571),.UNSPECIFIED.,.F.,
 .F.)
B_SPLINE_CURVE_WITH_KNOTS((6,6),(0.691878040587794,0.694776501394837),
 .UNSPECIFIED.)
CURVE()
GEOMETRIC_REPRESENTATION_ITEM()
RATIONAL_B_SPLINE_CURVE((1.,1.,1.,1.,1.,1.))
REPRESENTATION_ITEM('')
);
#45=(
BOUNDED_CURVE()
B_SPLINE_CURVE(5,(#2574,#2575,#2576,#2577,#2578,#2579,#2580,#2581,#2582,
#2583,#2584),.UNSPECIFIED.,.F.,.F.)
B_SPLINE_CURVE_WITH_KNOTS((6,1,1,1,1,1,6),(0.816390134469959,0.833333333333333,
0.866666666666667,0.9,0.933333333333333,0.966666666666667,1.),
 .UNSPECIFIED.)
CURVE()
GEOMETRIC_REPRESENTATION_ITEM()
RATIONAL_B_SPLINE_CURVE((1.,1.,1.,1.,1.,1.,1.,1.,1.,1.,1.))
REPRESENTATION_ITEM('')
);
#46=(
BOUNDED_CURVE()
B_SPLINE_CURVE(5,(#2586,#2587,#2588,#2589,#2590,#2591,#2592,#2593,#2594,
#2595,#2596,#2597,#2598,#2599,#2600,#2601,#2602,#2603,#2604,#2605,#2606,
#2607,#2608,#2609,#2610,#2611,#2612,#2613,#2614,#2615,#2616,#2617,#2618,
#2619,#2620),.UNSPECIFIED.,.F.,.F.)
B_SPLINE_CURVE_WITH_KNOTS((6,1,1,1,1,1,1,1,1,1,1,1,1,1,1,1,1,1,1,1,1,1,
1,1,1,1,1,1,1,1,6),(0.,0.0333333333333333,0.0666666666666667,0.1,0.133333333333333,
0.166666666666667,0.2,0.233333333333333,0.266666666666667,0.3,0.333333333333333,
0.366666666666667,0.4,0.433333333333333,0.466666666666667,0.5,0.533333333333333,
0.566666666666667,0.6,0.633333333333333,0.666666666666667,0.7,0.733333333333333,
0.766666666666667,0.8,0.833333333333333,0.866666666666667,0.9,0.933333333333333,
0.966666666666667,1.),.UNSPECIFIED.)
CURVE()
GEOMETRIC_REPRESENTATION_ITEM()
RATIONAL_B_SPLINE_CURVE((1.,1.,1.,1.,1.,1.,1.,1.,1.,1.,1.,1.,1.,1.,1.,1.,
1.,1.,1.,1.,1.,1.,1.,1.,1.,1.,1.,1.,1.,1.,1.,1.,1.,1.,1.))
REPRESENTATION_ITEM('')
);
#47=(
BOUNDED_CURVE()
B_SPLINE_CURVE(5,(#2622,#2623,#2624,#2625,#2626,#2627,#2628,#2629,#2630,
#2631,#2632,#2633,#2634,#2635,#2636,#2637,#2638,#2639,#2640,#2641),
 .UNSPECIFIED.,.F.,.F.)
B_SPLINE_CURVE_WITH_KNOTS((6,1,1,1,1,1,1,1,1,1,1,1,1,1,1,6),(0.,0.05,0.1,
0.15,0.2,0.25,0.3,0.35,0.4,0.45,0.5,0.55,0.6,0.65,0.7,0.711971699161531),
 .UNSPECIFIED.)
CURVE()
GEOMETRIC_REPRESENTATION_ITEM()
RATIONAL_B_SPLINE_CURVE((1.,1.,1.,1.,1.,1.,1.,1.,1.,1.,1.,1.,1.,1.,1.,1.,
1.,1.,1.,1.))
REPRESENTATION_ITEM('')
);
#48=(
BOUNDED_CURVE()
B_SPLINE_CURVE(5,(#2645,#2646,#2647,#2648,#2649,#2650,#2651,#2652,#2653,
#2654,#2655,#2656,#2657,#2658,#2659,#2660,#2661,#2662,#2663,#2664,#2665,
#2666,#2667,#2668,#2669,#2670,#2671,#2672,#2673,#2674,#2675,#2676,#2677),
 .UNSPECIFIED.,.F.,.F.)
B_SPLINE_CURVE_WITH_KNOTS((6,1,1,1,1,1,1,1,1,1,1,1,1,1,1,1,1,1,1,1,1,1,
1,1,1,1,1,1,6),(0.,0.0222222222222222,0.0444444444444444,0.0666666666666667,
0.0888888888888889,0.111111111111111,0.133333333333333,0.155555555555556,
0.177777777777778,0.2,0.222222222222222,0.244444444444444,0.266666666666667,
0.288888888888889,0.311111111111111,0.333333333333333,0.355555555555555,
0.377777777777778,0.4,0.422222222222222,0.444444444444444,0.466666666666666,
0.488888888888889,0.511111111111111,0.533333333333333,0.555555555555555,
0.577777777777778,0.6,0.606766802866724),.UNSPECIFIED.)
CURVE()
GEOMETRIC_REPRESENTATION_ITEM()
RATIONAL_B_SPLINE_CURVE((1.,1.,1.,1.,1.,1.,1.,1.,1.,1.,1.,1.,1.,1.,1.,1.,
1.,1.,1.,1.,1.,1.,1.,1.,1.,1.,1.,1.,1.,1.,1.,1.,1.))
REPRESENTATION_ITEM('')
);
#49=(
BOUNDED_CURVE()
B_SPLINE_CURVE(5,(#2680,#2681,#2682,#2683,#2684,#2685,#2686,#2687,#2688,
#2689,#2690,#2691,#2692,#2693,#2694,#2695,#2696,#2697,#2698,#2699),
 .UNSPECIFIED.,.F.,.F.)
B_SPLINE_CURVE_WITH_KNOTS((6,1,1,1,1,1,1,1,1,1,1,1,1,1,1,6),(0.299569143854501,
0.3,0.35,0.4,0.45,0.5,0.55,0.6,0.65,0.7,0.75,0.8,0.85,0.9,0.95,1.),
 .UNSPECIFIED.)
CURVE()
GEOMETRIC_REPRESENTATION_ITEM()
RATIONAL_B_SPLINE_CURVE((1.,1.,1.,1.,1.,1.,1.,1.,1.,1.,1.,1.,1.,1.,1.,1.,
1.,1.,1.,1.))
REPRESENTATION_ITEM('')
);
#50=(
BOUNDED_CURVE()
B_SPLINE_CURVE(5,(#2853,#2854,#2855,#2856,#2857,#2858,#2859,#2860,#2861,
#2862,#2863,#2864,#2865,#2866,#2867,#2868,#2869,#2870,#2871,#2872,#2873,
#2874,#2875,#2876,#2877,#2878,#2879,#2880,#2881,#2882,#2883,#2884,#2885,
#2886,#2887),.UNSPECIFIED.,.F.,.F.)
B_SPLINE_CURVE_WITH_KNOTS((6,1,1,1,1,1,1,1,1,1,1,1,1,1,1,1,1,1,1,1,1,1,
1,1,1,1,1,1,1,1,6),(-1.,-0.966666666666667,-0.933333333333333,-0.9,-0.866666666666667,
-0.833333333333333,-0.8,-0.766666666666667,-0.733333333333333,-0.7,-0.666666666666667,
-0.633333333333333,-0.6,-0.566666666666667,-0.533333333333333,-0.5,-0.466666666666667,
-0.433333333333333,-0.4,-0.366666666666667,-0.333333333333333,-0.3,-0.266666666666667,
-0.233333333333333,-0.2,-0.166666666666667,-0.133333333333333,-0.1,-0.0666666666666667,
-0.0333333333333333,-0.00507934236508197),.UNSPECIFIED.)
CURVE()
GEOMETRIC_REPRESENTATION_ITEM()
RATIONAL_B_SPLINE_CURVE((1.,1.,1.,1.,1.,1.,1.,1.,1.,1.,1.,1.,1.,1.,1.,1.,
1.,1.,1.,1.,1.,1.,1.,1.,1.,1.,1.,1.,1.,1.,1.,1.,1.,1.,1.))
REPRESENTATION_ITEM('')
);
#51=(
BOUNDED_CURVE()
B_SPLINE_CURVE(5,(#3001,#3002,#3003,#3004,#3005,#3006,#3007,#3008,#3009,
#3010,#3011),.UNSPECIFIED.,.F.,.F.)
B_SPLINE_CURVE_WITH_KNOTS((6,1,1,1,1,1,6),(0.816390134469959,0.833333333333333,
0.866666666666667,0.9,0.933333333333333,0.966666666666667,1.),
 .UNSPECIFIED.)
CURVE()
GEOMETRIC_REPRESENTATION_ITEM()
RATIONAL_B_SPLINE_CURVE((1.,1.,1.,1.,1.,1.,1.,1.,1.,1.,1.))
REPRESENTATION_ITEM('')
);
#52=(
BOUNDED_CURVE()
B_SPLINE_CURVE(5,(#3015,#3016,#3017,#3018,#3019,#3020,#3021,#3022,#3023,
#3024,#3025,#3026,#3027,#3028,#3029,#3030,#3031,#3032,#3033,#3034,#3035,
#3036,#3037,#3038,#3039,#3040,#3041,#3042,#3043,#3044,#3045,#3046,#3047,
#3048,#3049),.UNSPECIFIED.,.F.,.F.)
B_SPLINE_CURVE_WITH_KNOTS((6,1,1,1,1,1,1,1,1,1,1,1,1,1,1,1,1,1,1,1,1,1,
1,1,1,1,1,1,1,1,6),(0.00507934236508197,0.0333333333333333,0.0666666666666667,
0.1,0.133333333333333,0.166666666666667,0.2,0.233333333333333,0.266666666666667,
0.3,0.333333333333333,0.366666666666667,0.4,0.433333333333333,0.466666666666667,
0.5,0.533333333333333,0.566666666666667,0.6,0.633333333333333,0.666666666666667,
0.7,0.733333333333333,0.766666666666667,0.8,0.833333333333333,0.866666666666667,
0.9,0.933333333333333,0.966666666666667,1.),.UNSPECIFIED.)
CURVE()
GEOMETRIC_REPRESENTATION_ITEM()
RATIONAL_B_SPLINE_CURVE((1.,1.,1.,1.,1.,1.,1.,1.,1.,1.,1.,1.,1.,1.,1.,1.,
1.,1.,1.,1.,1.,1.,1.,1.,1.,1.,1.,1.,1.,1.,1.,1.,1.,1.,1.))
REPRESENTATION_ITEM('')
);
#53=(
BOUNDED_CURVE()
B_SPLINE_CURVE(5,(#3053,#3054,#3055,#3056,#3057,#3058,#3059,#3060,#3061,
#3062,#3063,#3064,#3065,#3066,#3067,#3068,#3069,#3070,#3071,#3072,#3073,
#3074,#3075),.UNSPECIFIED.,.F.,.F.)
B_SPLINE_CURVE_WITH_KNOTS((6,1,1,1,1,1,1,1,1,1,1,1,1,1,1,1,1,1,6),(0.00507934236508197,
0.0333333333333333,0.0666666666666667,0.1,0.133333333333333,0.166666666666667,
0.2,0.233333333333333,0.266666666666667,0.3,0.333333333333333,0.366666666666667,
0.4,0.433333333333333,0.466666666666667,0.5,0.533333333333333,0.566666666666667,
0.591699155449388),.UNSPECIFIED.)
CURVE()
GEOMETRIC_REPRESENTATION_ITEM()
RATIONAL_B_SPLINE_CURVE((1.,1.,1.,1.,1.,1.,1.,1.,1.,1.,1.,1.,1.,1.,1.,1.,
1.,1.,1.,1.,1.,1.,1.))
REPRESENTATION_ITEM('')
);
#54=(
BOUNDED_CURVE()
B_SPLINE_CURVE(5,(#3109,#3110,#3111,#3112,#3113,#3114,#3115,#3116,#3117),
 .UNSPECIFIED.,.F.,.F.)
B_SPLINE_CURVE_WITH_KNOTS((6,1,1,1,6),(0.691878040587794,0.7,0.733333333333333,
0.766666666666667,0.780064699187512),.UNSPECIFIED.)
CURVE()
GEOMETRIC_REPRESENTATION_ITEM()
RATIONAL_B_SPLINE_CURVE((1.,1.,1.,1.,1.,1.,1.,1.,1.))
REPRESENTATION_ITEM('')
);
#55=(
BOUNDED_CURVE()
B_SPLINE_CURVE(5,(#3126,#3127,#3128,#3129,#3130,#3131,#3132,#3133,#3134,
#3135,#3136,#3137,#3138,#3139,#3140,#3141,#3142,#3143,#3144,#3145,#3146,
#3147,#3148,#3149,#3150),.UNSPECIFIED.,.F.,.F.)
B_SPLINE_CURVE_WITH_KNOTS((6,1,1,1,1,1,1,1,1,1,1,1,1,1,1,1,1,1,1,1,6),(0.,
0.05,0.1,0.15,0.2,0.25,0.3,0.35,0.4,0.45,0.5,0.55,0.6,0.65,0.7,0.75,0.8,
0.85,0.9,0.95,1.),.UNSPECIFIED.)
CURVE()
GEOMETRIC_REPRESENTATION_ITEM()
RATIONAL_B_SPLINE_CURVE((1.,1.,1.,1.,1.,1.,1.,1.,1.,1.,1.,1.,1.,1.,1.,1.,
1.,1.,1.,1.,1.,1.,1.,1.,1.))
REPRESENTATION_ITEM('')
);
#56=(
BOUNDED_CURVE()
B_SPLINE_CURVE(5,(#3152,#3153,#3154,#3155,#3156,#3157,#3158,#3159),
 .UNSPECIFIED.,.F.,.F.)
B_SPLINE_CURVE_WITH_KNOTS((6,1,1,6),(-0.103846206620312,-0.1,-0.05,0.),
 .UNSPECIFIED.)
CURVE()
GEOMETRIC_REPRESENTATION_ITEM()
RATIONAL_B_SPLINE_CURVE((1.,1.,1.,1.,1.,1.,1.,1.))
REPRESENTATION_ITEM('')
);
#57=(
BOUNDED_CURVE()
B_SPLINE_CURVE(5,(#3248,#3249,#3250,#3251,#3252,#3253,#3254,#3255,#3256,
#3257,#3258,#3259,#3260,#3261,#3262,#3263,#3264,#3265,#3266,#3267,#3268,
#3269,#3270,#3271,#3272),.UNSPECIFIED.,.F.,.F.)
B_SPLINE_CURVE_WITH_KNOTS((6,1,1,1,1,1,1,1,1,1,1,1,1,1,1,1,1,1,1,1,6),(0.,
0.05,0.1,0.15,0.2,0.25,0.3,0.35,0.4,0.45,0.5,0.55,0.6,0.65,0.7,0.75,0.8,
0.85,0.9,0.95,1.),.UNSPECIFIED.)
CURVE()
GEOMETRIC_REPRESENTATION_ITEM()
RATIONAL_B_SPLINE_CURVE((1.,1.,1.,1.,1.,1.,1.,1.,1.,1.,1.,1.,1.,1.,1.,1.,
1.,1.,1.,1.,1.,1.,1.,1.,1.))
REPRESENTATION_ITEM('')
);
#58=(
BOUNDED_CURVE()
B_SPLINE_CURVE(5,(#3360,#3361,#3362,#3363,#3364,#3365,#3366,#3367,#3368,
#3369,#3370,#3371,#3372,#3373,#3374,#3375,#3376,#3377,#3378,#3379,#3380,
#3381,#3382,#3383,#3384),.UNSPECIFIED.,.F.,.F.)
B_SPLINE_CURVE_WITH_KNOTS((6,1,1,1,1,1,1,1,1,1,1,1,1,1,1,1,1,1,1,1,6),(-1.,
-0.95,-0.9,-0.85,-0.8,-0.75,-0.7,-0.65,-0.6,-0.55,-0.5,-0.45,-0.4,-0.35,
-0.3,-0.25,-0.2,-0.15,-0.1,-0.05,0.),.UNSPECIFIED.)
CURVE()
GEOMETRIC_REPRESENTATION_ITEM()
RATIONAL_B_SPLINE_CURVE((1.,1.,1.,1.,1.,1.,1.,1.,1.,1.,1.,1.,1.,1.,1.,1.,
1.,1.,1.,1.,1.,1.,1.,1.,1.))
REPRESENTATION_ITEM('')
);
#59=(
BOUNDED_CURVE()
B_SPLINE_CURVE(5,(#3387,#3388,#3389,#3390,#3391,#3392,#3393,#3394,#3395,
#3396,#3397,#3398,#3399,#3400,#3401,#3402,#3403,#3404,#3405,#3406,#3407,
#3408),.UNSPECIFIED.,.F.,.F.)
B_SPLINE_CURVE_WITH_KNOTS((6,1,1,1,1,1,1,1,1,1,1,1,1,1,1,1,1,6),(-1.,-0.95,
-0.9,-0.85,-0.8,-0.75,-0.7,-0.65,-0.6,-0.55,-0.5,-0.45,-0.4,-0.35,-0.3,
-0.25,-0.2,-0.183798105401818),.UNSPECIFIED.)
CURVE()
GEOMETRIC_REPRESENTATION_ITEM()
RATIONAL_B_SPLINE_CURVE((1.,1.,1.,1.,1.,1.,1.,1.,1.,1.,1.,1.,1.,1.,1.,1.,
1.,1.,1.,1.,1.,1.))
REPRESENTATION_ITEM('')
);
#60=(
BOUNDED_CURVE()
B_SPLINE_CURVE(5,(#3573,#3574,#3575,#3576,#3577,#3578,#3579,#3580,#3581,
#3582),.UNSPECIFIED.,.F.,.F.)
B_SPLINE_CURVE_WITH_KNOTS((6,1,1,1,1,6),(0.909955416894143,0.911111111111111,
0.933333333333334,0.955555555555556,0.977777777777778,1.),.UNSPECIFIED.)
CURVE()
GEOMETRIC_REPRESENTATION_ITEM()
RATIONAL_B_SPLINE_CURVE((1.,1.,1.,1.,1.,1.,1.,1.,1.,1.))
REPRESENTATION_ITEM('')
);
#61=(
BOUNDED_CURVE()
B_SPLINE_CURVE(5,(#3586,#3587,#3588,#3589,#3590,#3591,#3592,#3593,#3594,
#3595,#3596,#3597,#3598,#3599,#3600,#3601,#3602,#3603,#3604,#3605,#3606,
#3607,#3608,#3609,#3610,#3611,#3612,#3613,#3614,#3615,#3616,#3617,#3618,
#3619,#3620,#3621,#3622,#3623,#3624,#3625,#3626,#3627,#3628,#3629,#3630,
#3631,#3632,#3633,#3634,#3635),.UNSPECIFIED.,.F.,.F.)
B_SPLINE_CURVE_WITH_KNOTS((6,1,1,1,1,1,1,1,1,1,1,1,1,1,1,1,1,1,1,1,1,1,
1,1,1,1,1,1,1,1,1,1,1,1,1,1,1,1,1,1,1,1,1,1,1,6),(0.,0.0222222222222222,
0.0444444444444444,0.0666666666666667,0.0888888888888889,0.111111111111111,
0.133333333333333,0.155555555555556,0.177777777777778,0.2,0.222222222222222,
0.244444444444444,0.266666666666667,0.288888888888889,0.311111111111111,
0.333333333333333,0.355555555555555,0.377777777777778,0.4,0.422222222222222,
0.444444444444444,0.466666666666666,0.488888888888889,0.511111111111111,
0.533333333333333,0.555555555555555,0.577777777777778,0.6,0.622222222222222,
0.644444444444444,0.666666666666667,0.688888888888889,0.711111111111111,
0.733333333333333,0.755555555555556,0.777777777777778,0.8,0.822222222222222,
0.844444444444445,0.866666666666667,0.888888888888889,0.911111111111111,
0.933333333333334,0.955555555555556,0.977777777777778,1.),.UNSPECIFIED.)
CURVE()
GEOMETRIC_REPRESENTATION_ITEM()
RATIONAL_B_SPLINE_CURVE((1.,1.,1.,1.,1.,1.,1.,1.,1.,1.,1.,1.,1.,1.,1.,1.,
1.,1.,1.,1.,1.,1.,1.,1.,1.,1.,1.,1.,1.,1.,1.,1.,1.,1.,1.,1.,1.,1.,1.,1.,
1.,1.,1.,1.,1.,1.,1.,1.,1.,1.))
REPRESENTATION_ITEM('')
);
#62=(
BOUNDED_CURVE()
B_SPLINE_CURVE(5,(#3697,#3698,#3699,#3700,#3701,#3702,#3703,#3704,#3705,
#3706,#3707,#3708,#3709,#3710,#3711,#3712,#3713,#3714,#3715,#3716,#3717,
#3718,#3719,#3720,#3721),.UNSPECIFIED.,.F.,.F.)
B_SPLINE_CURVE_WITH_KNOTS((6,1,1,1,1,1,1,1,1,1,1,1,1,1,1,1,1,1,1,1,6),(-1.,
-0.95,-0.9,-0.85,-0.8,-0.75,-0.7,-0.65,-0.6,-0.55,-0.5,-0.45,-0.4,-0.35,
-0.3,-0.25,-0.2,-0.15,-0.1,-0.05,0.),.UNSPECIFIED.)
CURVE()
GEOMETRIC_REPRESENTATION_ITEM()
RATIONAL_B_SPLINE_CURVE((1.,1.,1.,1.,1.,1.,1.,1.,1.,1.,1.,1.,1.,1.,1.,1.,
1.,1.,1.,1.,1.,1.,1.,1.,1.))
REPRESENTATION_ITEM('')
);
#63=(
BOUNDED_CURVE()
B_SPLINE_CURVE(5,(#3779,#3780,#3781,#3782,#3783,#3784,#3785,#3786,#3787,
#3788,#3789,#3790,#3791,#3792,#3793,#3794,#3795,#3796,#3797,#3798,#3799,
#3800,#3801,#3802,#3803),.UNSPECIFIED.,.F.,.F.)
B_SPLINE_CURVE_WITH_KNOTS((6,1,1,1,1,1,1,1,1,1,1,1,1,1,1,1,1,1,1,1,6),(0.,
0.05,0.1,0.15,0.2,0.25,0.3,0.35,0.4,0.45,0.5,0.55,0.6,0.65,0.7,0.75,0.8,
0.85,0.9,0.95,1.),.UNSPECIFIED.)
CURVE()
GEOMETRIC_REPRESENTATION_ITEM()
RATIONAL_B_SPLINE_CURVE((1.,1.,1.,1.,1.,1.,1.,1.,1.,1.,1.,1.,1.,1.,1.,1.,
1.,1.,1.,1.,1.,1.,1.,1.,1.))
REPRESENTATION_ITEM('')
);
#64=(
BOUNDED_CURVE()
B_SPLINE_CURVE(5,(#3927,#3928,#3929,#3930,#3931,#3932,#3933,#3934,#3935,
#3936,#3937,#3938,#3939,#3940,#3941,#3942,#3943,#3944,#3945,#3946,#3947,
#3948,#3949,#3950,#3951,#3952,#3953,#3954,#3955,#3956,#3957,#3958,#3959,
#3960,#3961),.UNSPECIFIED.,.F.,.F.)
B_SPLINE_CURVE_WITH_KNOTS((6,1,1,1,1,1,1,1,1,1,1,1,1,1,1,1,1,1,1,1,1,1,
1,1,1,1,1,1,1,1,6),(0.,0.0333333333333333,0.0666666666666667,0.1,0.133333333333333,
0.166666666666667,0.2,0.233333333333333,0.266666666666667,0.3,0.333333333333333,
0.366666666666667,0.4,0.433333333333333,0.466666666666667,0.5,0.533333333333333,
0.566666666666667,0.6,0.633333333333333,0.666666666666667,0.7,0.733333333333333,
0.766666666666667,0.8,0.833333333333333,0.866666666666667,0.9,0.933333333333333,
0.966666666666667,1.),.UNSPECIFIED.)
CURVE()
GEOMETRIC_REPRESENTATION_ITEM()
RATIONAL_B_SPLINE_CURVE((1.,1.,1.,1.,1.,1.,1.,1.,1.,1.,1.,1.,1.,1.,1.,1.,
1.,1.,1.,1.,1.,1.,1.,1.,1.,1.,1.,1.,1.,1.,1.,1.,1.,1.,1.))
REPRESENTATION_ITEM('')
);
#65=(
BOUNDED_CURVE()
B_SPLINE_CURVE(5,(#4013,#4014,#4015,#4016,#4017,#4018,#4019,#4020,#4021,
#4022,#4023,#4024,#4025,#4026,#4027,#4028,#4029,#4030,#4031,#4032,#4033,
#4034,#4035,#4036,#4037),.UNSPECIFIED.,.F.,.F.)
B_SPLINE_CURVE_WITH_KNOTS((6,1,1,1,1,1,1,1,1,1,1,1,1,1,1,1,1,1,1,1,6),(-1.,
-0.95,-0.9,-0.85,-0.8,-0.75,-0.7,-0.65,-0.6,-0.55,-0.5,-0.45,-0.4,-0.35,
-0.3,-0.25,-0.2,-0.15,-0.1,-0.05,0.),.UNSPECIFIED.)
CURVE()
GEOMETRIC_REPRESENTATION_ITEM()
RATIONAL_B_SPLINE_CURVE((1.,1.,1.,1.,1.,1.,1.,1.,1.,1.,1.,1.,1.,1.,1.,1.,
1.,1.,1.,1.,1.,1.,1.,1.,1.))
REPRESENTATION_ITEM('')
);
#66=(
BOUNDED_CURVE()
B_SPLINE_CURVE(5,(#4126,#4127,#4128,#4129,#4130,#4131,#4132,#4133,#4134,
#4135,#4136,#4137,#4138,#4139,#4140,#4141,#4142,#4143,#4144,#4145,#4146,
#4147,#4148,#4149,#4150,#4151,#4152,#4153,#4154,#4155,#4156,#4157,#4158,
#4159,#4160),.UNSPECIFIED.,.F.,.F.)
B_SPLINE_CURVE_WITH_KNOTS((6,1,1,1,1,1,1,1,1,1,1,1,1,1,1,1,1,1,1,1,1,1,
1,1,1,1,1,1,1,1,6),(0.,0.0333333333333333,0.0666666666666667,0.1,0.133333333333333,
0.166666666666667,0.2,0.233333333333333,0.266666666666667,0.3,0.333333333333333,
0.366666666666667,0.4,0.433333333333333,0.466666666666667,0.5,0.533333333333333,
0.566666666666667,0.6,0.633333333333333,0.666666666666667,0.7,0.733333333333333,
0.766666666666667,0.8,0.833333333333333,0.866666666666667,0.9,0.933333333333333,
0.966666666666667,1.),.UNSPECIFIED.)
CURVE()
GEOMETRIC_REPRESENTATION_ITEM()
RATIONAL_B_SPLINE_CURVE((1.,1.,1.,1.,1.,1.,1.,1.,1.,1.,1.,1.,1.,1.,1.,1.,
1.,1.,1.,1.,1.,1.,1.,1.,1.,1.,1.,1.,1.,1.,1.,1.,1.,1.,1.))
REPRESENTATION_ITEM('')
);
#67=(
BOUNDED_CURVE()
B_SPLINE_CURVE(5,(#4161,#4162,#4163,#4164,#4165,#4166,#4167,#4168,#4169,
#4170,#4171,#4172,#4173,#4174,#4175,#4176,#4177,#4178,#4179,#4180,#4181,
#4182,#4183,#4184,#4185,#4186,#4187,#4188,#4189,#4190,#4191,#4192,#4193,
#4194,#4195),.UNSPECIFIED.,.F.,.F.)
B_SPLINE_CURVE_WITH_KNOTS((6,1,1,1,1,1,1,1,1,1,1,1,1,1,1,1,1,1,1,1,1,1,
1,1,1,1,1,1,1,1,6),(-1.,-0.966666666666667,-0.933333333333333,-0.9,-0.866666666666667,
-0.833333333333333,-0.8,-0.766666666666667,-0.733333333333333,-0.7,-0.666666666666667,
-0.633333333333333,-0.6,-0.566666666666667,-0.533333333333333,-0.5,-0.466666666666667,
-0.433333333333333,-0.4,-0.366666666666667,-0.333333333333333,-0.3,-0.266666666666667,
-0.233333333333333,-0.2,-0.166666666666667,-0.133333333333333,-0.1,-0.0666666666666667,
-0.0333333333333333,0.),.UNSPECIFIED.)
CURVE()
GEOMETRIC_REPRESENTATION_ITEM()
RATIONAL_B_SPLINE_CURVE((1.,1.,1.,1.,1.,1.,1.,1.,1.,1.,1.,1.,1.,1.,1.,1.,
1.,1.,1.,1.,1.,1.,1.,1.,1.,1.,1.,1.,1.,1.,1.,1.,1.,1.,1.))
REPRESENTATION_ITEM('')
);
#68=ELLIPSE('',#1344,11.0000001639128,10.510508447317);
#69=ELLIPSE('',#1354,1.94026665768061,1.6);
#70=ELLIPSE('',#1359,1.94026665768061,1.6);
#71=ELLIPSE('',#1397,11.0000001639128,10.510508447317);
#72=PLANE('',#1340);
#73=PLANE('',#1341);
#74=PLANE('',#1342);
#75=PLANE('',#1343);
#76=PLANE('',#1347);
#77=PLANE('',#1349);
#78=PLANE('',#1356);
#79=PLANE('',#1361);
#80=PLANE('',#1362);
#81=PLANE('',#1363);
#82=PLANE('',#1364);
#83=PLANE('',#1365);
#84=PLANE('',#1366);
#85=PLANE('',#1367);
#86=PLANE('',#1368);
#87=PLANE('',#1371);
#88=PLANE('',#1372);
#89=PLANE('',#1373);
#90=PLANE('',#1374);
#91=PLANE('',#1377);
#92=PLANE('',#1381);
#93=PLANE('',#1385);
#94=PLANE('',#1387);
#95=PLANE('',#1388);
#96=PLANE('',#1391);
#97=PLANE('',#1392);
#98=PLANE('',#1393);
#99=PLANE('',#1394);
#100=PLANE('',#1398);
#101=PLANE('',#1399);
#102=PLANE('',#1402);
#103=PLANE('',#1403);
#104=PLANE('',#1404);
#105=PLANE('',#1405);
#106=PLANE('',#1406);
#107=PLANE('',#1407);
#108=PLANE('',#1408);
#109=PLANE('',#1409);
#110=PLANE('',#1410);
#111=PLANE('',#1411);
#112=PLANE('',#1412);
#113=FACE_OUTER_BOUND('',#180,.T.);
#114=FACE_OUTER_BOUND('',#181,.T.);
#115=FACE_OUTER_BOUND('',#182,.T.);
#116=FACE_OUTER_BOUND('',#183,.T.);
#117=FACE_OUTER_BOUND('',#184,.T.);
#118=FACE_OUTER_BOUND('',#185,.T.);
#119=FACE_OUTER_BOUND('',#186,.T.);
#120=FACE_OUTER_BOUND('',#187,.T.);
#121=FACE_OUTER_BOUND('',#188,.T.);
#122=FACE_OUTER_BOUND('',#189,.T.);
#123=FACE_OUTER_BOUND('',#190,.T.);
#124=FACE_OUTER_BOUND('',#191,.T.);
#125=FACE_OUTER_BOUND('',#192,.T.);
#126=FACE_OUTER_BOUND('',#193,.T.);
#127=FACE_OUTER_BOUND('',#194,.T.);
#128=FACE_OUTER_BOUND('',#195,.T.);
#129=FACE_OUTER_BOUND('',#196,.T.);
#130=FACE_OUTER_BOUND('',#197,.T.);
#131=FACE_OUTER_BOUND('',#198,.T.);
#132=FACE_OUTER_BOUND('',#199,.T.);
#133=FACE_OUTER_BOUND('',#200,.T.);
#134=FACE_OUTER_BOUND('',#201,.T.);
#135=FACE_OUTER_BOUND('',#202,.T.);
#136=FACE_OUTER_BOUND('',#203,.T.);
#137=FACE_OUTER_BOUND('',#204,.T.);
#138=FACE_OUTER_BOUND('',#205,.T.);
#139=FACE_OUTER_BOUND('',#206,.T.);
#140=FACE_OUTER_BOUND('',#207,.T.);
#141=FACE_OUTER_BOUND('',#208,.T.);
#142=FACE_OUTER_BOUND('',#209,.T.);
#143=FACE_OUTER_BOUND('',#210,.T.);
#144=FACE_OUTER_BOUND('',#211,.T.);
#145=FACE_OUTER_BOUND('',#212,.T.);
#146=FACE_OUTER_BOUND('',#213,.T.);
#147=FACE_OUTER_BOUND('',#214,.T.);
#148=FACE_OUTER_BOUND('',#215,.T.);
#149=FACE_OUTER_BOUND('',#216,.T.);
#150=FACE_OUTER_BOUND('',#217,.T.);
#151=FACE_OUTER_BOUND('',#218,.T.);
#152=FACE_OUTER_BOUND('',#219,.T.);
#153=FACE_OUTER_BOUND('',#220,.T.);
#154=FACE_OUTER_BOUND('',#221,.T.);
#155=FACE_OUTER_BOUND('',#222,.T.);
#156=FACE_OUTER_BOUND('',#223,.T.);
#157=FACE_OUTER_BOUND('',#224,.T.);
#158=FACE_OUTER_BOUND('',#225,.T.);
#159=FACE_OUTER_BOUND('',#226,.T.);
#160=FACE_OUTER_BOUND('',#227,.T.);
#161=FACE_OUTER_BOUND('',#228,.T.);
#162=FACE_OUTER_BOUND('',#229,.T.);
#163=FACE_OUTER_BOUND('',#230,.T.);
#164=FACE_OUTER_BOUND('',#231,.T.);
#165=FACE_OUTER_BOUND('',#232,.T.);
#166=FACE_OUTER_BOUND('',#233,.T.);
#167=FACE_OUTER_BOUND('',#234,.T.);
#168=FACE_OUTER_BOUND('',#235,.T.);
#169=FACE_OUTER_BOUND('',#236,.T.);
#170=FACE_OUTER_BOUND('',#237,.T.);
#171=FACE_OUTER_BOUND('',#238,.T.);
#172=FACE_OUTER_BOUND('',#239,.T.);
#173=FACE_OUTER_BOUND('',#240,.T.);
#174=FACE_OUTER_BOUND('',#241,.T.);
#175=FACE_OUTER_BOUND('',#242,.T.);
#176=FACE_OUTER_BOUND('',#243,.T.);
#177=FACE_OUTER_BOUND('',#244,.T.);
#178=FACE_OUTER_BOUND('',#245,.T.);
#179=FACE_OUTER_BOUND('',#247,.T.);
#180=EDGE_LOOP('',(#846,#847,#848,#849,#850,#851,#852,#853,#854,#855));
#181=EDGE_LOOP('',(#856,#857,#858,#859,#860,#861));
#182=EDGE_LOOP('',(#862,#863,#864,#865,#866));
#183=EDGE_LOOP('',(#867,#868,#869,#870));
#184=EDGE_LOOP('',(#871,#872,#873,#874,#875,#876,#877,#878,#879,#880,#881,
#882,#883,#884,#885,#886,#887));
#185=EDGE_LOOP('',(#888,#889));
#186=EDGE_LOOP('',(#890,#891,#892));
#187=EDGE_LOOP('',(#893,#894,#895,#896,#897,#898,#899,#900,#901,#902));
#188=EDGE_LOOP('',(#903,#904,#905));
#189=EDGE_LOOP('',(#906,#907,#908,#909,#910,#911,#912,#913,#914,#915));
#190=EDGE_LOOP('',(#916,#917,#918,#919,#920,#921,#922,#923));
#191=EDGE_LOOP('',(#924,#925,#926,#927,#928,#929,#930,#931,#932));
#192=EDGE_LOOP('',(#933,#934,#935,#936,#937));
#193=EDGE_LOOP('',(#938,#939,#940,#941));
#194=EDGE_LOOP('',(#942,#943,#944,#945));
#195=EDGE_LOOP('',(#946,#947,#948,#949,#950));
#196=EDGE_LOOP('',(#951,#952,#953,#954,#955));
#197=EDGE_LOOP('',(#956,#957,#958));
#198=EDGE_LOOP('',(#959,#960,#961,#962,#963));
#199=EDGE_LOOP('',(#964,#965,#966));
#200=EDGE_LOOP('',(#967,#968,#969,#970,#971));
#201=EDGE_LOOP('',(#972,#973,#974));
#202=EDGE_LOOP('',(#975,#976,#977,#978,#979));
#203=EDGE_LOOP('',(#980,#981,#982,#983,#984,#985,#986,#987));
#204=EDGE_LOOP('',(#988,#989,#990,#991,#992,#993,#994,#995,#996,#997));
#205=EDGE_LOOP('',(#998,#999,#1000));
#206=EDGE_LOOP('',(#1001,#1002,#1003));
#207=EDGE_LOOP('',(#1004,#1005,#1006,#1007,#1008,#1009,#1010,#1011,#1012));
#208=EDGE_LOOP('',(#1013,#1014,#1015,#1016));
#209=EDGE_LOOP('',(#1017,#1018,#1019));
#210=EDGE_LOOP('',(#1020,#1021,#1022,#1023,#1024,#1025,#1026,#1027));
#211=EDGE_LOOP('',(#1028,#1029,#1030,#1031,#1032,#1033));
#212=EDGE_LOOP('',(#1034,#1035,#1036,#1037,#1038,#1039,#1040,#1041,#1042));
#213=EDGE_LOOP('',(#1043,#1044,#1045,#1046));
#214=EDGE_LOOP('',(#1047,#1048,#1049,#1050,#1051,#1052));
#215=EDGE_LOOP('',(#1053,#1054,#1055,#1056));
#216=EDGE_LOOP('',(#1057,#1058,#1059,#1060,#1061,#1062,#1063,#1064));
#217=EDGE_LOOP('',(#1065,#1066,#1067,#1068,#1069,#1070,#1071,#1072));
#218=EDGE_LOOP('',(#1073,#1074,#1075,#1076));
#219=EDGE_LOOP('',(#1077,#1078,#1079,#1080));
#220=EDGE_LOOP('',(#1081,#1082,#1083,#1084));
#221=EDGE_LOOP('',(#1085,#1086,#1087,#1088));
#222=EDGE_LOOP('',(#1089,#1090,#1091,#1092));
#223=EDGE_LOOP('',(#1093,#1094,#1095,#1096));
#224=EDGE_LOOP('',(#1097,#1098,#1099,#1100));
#225=EDGE_LOOP('',(#1101,#1102,#1103,#1104));
#226=EDGE_LOOP('',(#1105,#1106,#1107,#1108,#1109));
#227=EDGE_LOOP('',(#1110,#1111,#1112,#1113));
#228=EDGE_LOOP('',(#1114,#1115,#1116,#1117,#1118,#1119));
#229=EDGE_LOOP('',(#1120,#1121,#1122,#1123));
#230=EDGE_LOOP('',(#1124,#1125,#1126,#1127));
#231=EDGE_LOOP('',(#1128,#1129,#1130,#1131));
#232=EDGE_LOOP('',(#1132,#1133,#1134,#1135));
#233=EDGE_LOOP('',(#1136,#1137,#1138,#1139));
#234=EDGE_LOOP('',(#1140,#1141,#1142,#1143));
#235=EDGE_LOOP('',(#1144,#1145,#1146,#1147));
#236=EDGE_LOOP('',(#1148,#1149,#1150,#1151));
#237=EDGE_LOOP('',(#1152,#1153,#1154,#1155,#1156,#1157,#1158,#1159,#1160));
#238=EDGE_LOOP('',(#1161,#1162,#1163,#1164));
#239=EDGE_LOOP('',(#1165,#1166,#1167,#1168,#1169));
#240=EDGE_LOOP('',(#1170,#1171,#1172,#1173));
#241=EDGE_LOOP('',(#1174,#1175,#1176,#1177));
#242=EDGE_LOOP('',(#1178,#1179,#1180,#1181,#1182));
#243=EDGE_LOOP('',(#1183,#1184,#1185,#1186));
#244=EDGE_LOOP('',(#1187,#1188,#1189,#1190));
#245=EDGE_LOOP('',(#1191,#1192,#1193,#1194,#1195,#1196,#1197,#1198,#1199,
#1200,#1201,#1202,#1203,#1204,#1205,#1206,#1207,#1208,#1209,#1210,#1211,
#1212,#1213,#1214,#1215,#1216,#1217,#1218));
#246=EDGE_LOOP('',(#1219,#1220,#1221,#1222,#1223,#1224,#1225,#1226,#1227,
#1228,#1229,#1230));
#247=EDGE_LOOP('',(#1231,#1232,#1233,#1234,#1235,#1236,#1237,#1238,#1239,
#1240,#1241));
#248=CIRCLE('',#1337,1.6);
#249=CIRCLE('',#1338,1.6);
#250=CIRCLE('',#1339,1.6);
#251=CIRCLE('',#1345,1.78563658381612);
#252=CIRCLE('',#1346,12.2965164003523);
#253=CIRCLE('',#1348,1.78563658381612);
#254=CIRCLE('',#1350,1.6);
#255=CIRCLE('',#1352,1.6);
#256=CIRCLE('',#1353,1.6);
#257=CIRCLE('',#1355,1.6);
#258=CIRCLE('',#1358,1.6);
#259=CIRCLE('',#1360,1.6);
#260=CIRCLE('',#1370,2.3);
#261=CIRCLE('',#1375,2.3);
#262=CIRCLE('',#1378,2.3);
#263=CIRCLE('',#1379,1.6);
#264=CIRCLE('',#1390,12.2965164003523);
#265=CIRCLE('',#1396,1.78563658381612);
#266=CIRCLE('',#1401,1.78563658381612);
#267=B_SPLINE_CURVE_WITH_KNOTS('',3,(#1688,#1689,#1690,#1691,#1692,#1693,
#1694,#1695),.UNSPECIFIED.,.F.,.F.,(4,2,2,4),(1.33784071399894,1.34715194830823,
1.39566524013787,1.44417853196752),.UNSPECIFIED.);
#268=B_SPLINE_CURVE_WITH_KNOTS('',3,(#1710,#1711,#1712,#1713,#1714,#1715,
#1716,#1717,#1718,#1719,#1720,#1721,#1722,#1723,#1724,#1725,#1726,#1727,
#1728,#1729),.UNSPECIFIED.,.F.,.F.,(4,2,2,2,2,2,2,2,2,4),(0.481392843989172,
0.529906135818813,0.578419427648454,0.626883128199572,0.675346828750691,
0.723734887586265,0.772122946421839,0.867454317200091,0.915120002589218,
0.935015027159201),.UNSPECIFIED.);
#269=B_SPLINE_CURVE_WITH_KNOTS('',3,(#1841,#1842,#1843,#1844),
 .UNSPECIFIED.,.F.,.F.,(4,4),(-0.21,-0.0898533532629462),.UNSPECIFIED.);
#270=B_SPLINE_CURVE_WITH_KNOTS('',3,(#1852,#1853,#1854,#1855,#1856,#1857,
#1858,#1859,#1860,#1861,#1862,#1863,#1864,#1865,#1866,#1867,#1868,#1869,
#1870,#1871,#1872,#1873),.UNSPECIFIED.,.F.,.F.,(4,2,2,2,2,2,2,2,2,2,4),
(-0.563199731089109,-0.560903297951946,-0.558301441284299,-0.552650175003053,
-0.534164939313674,-0.507324525300227,-0.469626961554346,-0.411370147251286,
-0.307114685949823,-0.112788957988184,0.),.UNSPECIFIED.);
#271=B_SPLINE_CURVE_WITH_KNOTS('',3,(#1886,#1887,#1888,#1889,#1890,#1891,
#1892,#1893,#1894,#1895,#1896,#1897,#1898,#1899,#1900,#1901,#1902,#1903,
#1904,#1905,#1906,#1907,#1908,#1909,#1910,#1911,#1912,#1913,#1914,#1915,
#1916,#1917),.UNSPECIFIED.,.F.,.F.,(4,2,2,2,2,2,2,2,2,2,2,2,2,2,2,4),(-0.260610711497975,
-0.25924401908722,-0.25754961340804,-0.253722143826757,-0.231631776467941,
-0.207875567497431,-0.183636961983332,-0.146661671070757,-0.119665818782473,
-0.0959708925846451,-0.0715304638375192,-0.0460276566902645,-0.0120006224870808,
-0.004852244617761,-0.00199567878470373,0.),.UNSPECIFIED.);
#272=B_SPLINE_CURVE_WITH_KNOTS('',3,(#1921,#1922,#1923,#1924),
 .UNSPECIFIED.,.F.,.F.,(4,4),(-0.120146646737041,0.),.UNSPECIFIED.);
#273=B_SPLINE_CURVE_WITH_KNOTS('',3,(#1929,#1930,#1931,#1932,#1933,#1934,
#1935,#1936,#1937,#1938,#1939,#1940,#1941,#1942,#1943,#1944,#1945,#1946,
#1947,#1948,#1949,#1950,#1951,#1952,#1953,#1954,#1955,#1956,#1957,#1958,
#1959,#1960),.UNSPECIFIED.,.F.,.F.,(4,2,2,2,2,2,2,2,2,2,2,2,2,2,2,4),(-0.245284053260951,
-0.243468361444674,-0.241178297304622,-0.23598864525695,-0.205423606850618,
-0.182385524813437,-0.157592228346988,-0.133665607461119,-0.105935336415685,
-0.0733573024199883,-0.0465679582159067,-0.0261155646881455,-0.0088689766657533,
-0.00355957298191502,-0.00146226986992444,0.),.UNSPECIFIED.);
#274=B_SPLINE_CURVE_WITH_KNOTS('',3,(#1973,#1974,#1975,#1976,#1977,#1978,
#1979,#1980,#1981,#1982,#1983,#1984,#1985,#1986,#1987,#1988,#1989,#1990,
#1991,#1992,#1993,#1994,#1995,#1996,#1997,#1998,#1999,#2000,#2001,#2002,
#2003,#2004,#2005,#2006,#2007,#2008,#2009,#2010,#2011,#2012,#2013,#2014,
#2015,#2016,#2017,#2018,#2019,#2020,#2021,#2022,#2023,#2024,#2025,#2026,
#2027,#2028,#2029,#2030,#2031,#2032,#2033),.UNSPECIFIED.,.F.,.F.,(4,3,3,
3,3,3,3,3,3,3,3,3,3,3,3,3,3,3,3,3,4),(-0.630292844921553,-0.570593340299953,
-0.522975626635044,-0.476997582764094,-0.440437972456702,-0.403887640304117,
-0.367014566380872,-0.343094718223733,-0.303667770107901,-0.262131366695419,
-0.216346460399704,-0.172707562880102,-0.1463905826551,-0.118959311978063,
-0.0915280413010258,-0.0694642915693001,-0.0517402485288474,-0.0282890395538588,
-0.0110375141243487,-0.00451208688377515,0.),.UNSPECIFIED.);
#275=B_SPLINE_CURVE_WITH_KNOTS('',3,(#2150,#2151,#2152,#2153,#2154,#2155,
#2156,#2157,#2158,#2159,#2160,#2161,#2162,#2163,#2164,#2165,#2166,#2167,
#2168,#2169,#2170,#2171,#2172,#2173,#2174,#2175,#2176,#2177,#2178,#2179,
#2180,#2181),.UNSPECIFIED.,.F.,.F.,(4,2,2,2,2,2,2,2,2,2,2,2,2,2,2,4),(-0.627593962833748,
-0.62422089259429,-0.620454615904138,-0.612546792046869,-0.589762562497565,
-0.545404532850442,-0.497733250071613,-0.431552957543777,-0.320285627279573,
-0.214094119809164,-0.141480558353556,-0.0894860486289152,-0.0343781918727253,
-0.0138889997427815,-0.00571183501464274,0.),.UNSPECIFIED.);
#276=B_SPLINE_CURVE_WITH_KNOTS('',3,(#2391,#2392,#2393,#2394,#2395,#2396,
#2397,#2398,#2399,#2400,#2401,#2402,#2403,#2404,#2405,#2406,#2407,#2408,
#2409,#2410,#2411,#2412,#2413,#2414,#2415,#2416,#2417,#2418,#2419,#2420),
 .UNSPECIFIED.,.F.,.F.,(4,2,2,2,2,2,2,2,2,2,2,2,2,2,4),(-0.585413801327224,
-0.579465752855433,-0.572720887420513,-0.558112623765952,-0.514722809871019,
-0.462669254734764,-0.407467513834713,-0.318318588890165,-0.217525422038861,
-0.142016930298433,-0.0882202377029655,-0.0484886839366054,-0.019613826503093,
-0.00806693144334159,0.),.UNSPECIFIED.);
#277=B_SPLINE_CURVE_WITH_KNOTS('',3,(#2492,#2493,#2494,#2495,#2496,#2497,
#2498,#2499,#2500,#2501,#2502,#2503,#2504,#2505,#2506,#2507,#2508,#2509,
#2510,#2511),.UNSPECIFIED.,.F.,.F.,(4,2,2,2,2,2,2,2,2,4),(-0.618795521309162,
-0.515718223801322,-0.424090538583924,-0.303296537634714,-0.207478502241765,
-0.132444253062809,-0.0485810630580242,-0.0196382278685779,-0.00807683683792446,
0.),.UNSPECIFIED.);
#278=B_SPLINE_CURVE_WITH_KNOTS('',3,(#2517,#2518,#2519,#2520,#2521,#2522,
#2523,#2524,#2525,#2526,#2527,#2528,#2529,#2530,#2531,#2532,#2533,#2534,
#2535,#2536,#2537,#2538,#2539,#2540,#2541,#2542,#2543,#2544,#2545,#2546),
 .UNSPECIFIED.,.F.,.F.,(4,2,2,2,2,2,2,2,2,2,2,2,2,2,4),(-0.803660930108736,
-0.79688010436923,-0.788543208200294,-0.769891314420623,-0.689616488290975,
-0.62178075021619,-0.538959978184655,-0.412233588004229,-0.290700698219851,
-0.195712222691124,-0.122489331277482,-0.0404723454604131,-0.0162796249650234,
-0.00669005549894216,0.),.UNSPECIFIED.);
#279=B_SPLINE_CURVE_WITH_KNOTS('',3,(#2550,#2551,#2552,#2553),
 .UNSPECIFIED.,.F.,.F.,(4,4),(-0.28,-0.119232936659541),.UNSPECIFIED.);
#280=B_SPLINE_CURVE_WITH_KNOTS('',3,(#2771,#2772,#2773,#2774,#2775,#2776,
#2777,#2778,#2779,#2780,#2781,#2782,#2783,#2784,#2785,#2786,#2787,#2788,
#2789,#2790,#2791,#2792,#2793,#2794,#2795,#2796,#2797,#2798,#2799,#2800,
#2801,#2802,#2803,#2804,#2805,#2806,#2807,#2808,#2809,#2810,#2811,#2812,
#2813,#2814,#2815,#2816,#2817,#2818,#2819,#2820,#2821,#2822),
 .UNSPECIFIED.,.F.,.F.,(4,3,3,3,3,3,3,3,3,3,3,3,3,3,3,3,3,4),(-0.559235444671055,
-0.556281487143959,-0.552949981696604,-0.545824145598751,-0.524371694565081,
-0.492056714192242,-0.474103853172126,-0.432666070016217,-0.427735430334147,
-0.395424617900354,-0.366592961030917,-0.335124414948778,-0.304295237583483,
-0.275884626922738,-0.245772574337927,-0.21450408905612,-0.194347285859172,
-0.182400704501715),.UNSPECIFIED.);
#281=B_SPLINE_CURVE_WITH_KNOTS('',3,(#2824,#2825,#2826,#2827,#2828,#2829,
#2830,#2831,#2832,#2833,#2834,#2835,#2836,#2837,#2838,#2839,#2840,#2841,
#2842,#2843,#2844,#2845),.UNSPECIFIED.,.F.,.F.,(4,3,3,3,3,3,3,4),(-0.200387734018403,
-0.191550285744023,-0.153969330079464,-0.117764947323609,-0.0813452952260334,
-0.0451055116140972,-0.00833965297820682,0.),.UNSPECIFIED.);
#282=B_SPLINE_CURVE_WITH_KNOTS('',3,(#2846,#2847,#2848,#2849),
 .UNSPECIFIED.,.F.,.F.,(4,4),(-0.22677436027211,0.),.UNSPECIFIED.);
#283=B_SPLINE_CURVE_WITH_KNOTS('',3,(#2895,#2896,#2897,#2898),
 .UNSPECIFIED.,.F.,.F.,(4,4),(-0.28,-0.0660569647242762),.UNSPECIFIED.);
#284=B_SPLINE_CURVE_WITH_KNOTS('',3,(#2902,#2903,#2904,#2905,#2906,#2907,
#2908,#2909,#2910,#2911,#2912,#2913,#2914,#2915,#2916,#2917,#2918,#2919,
#2920,#2921,#2922,#2923,#2924,#2925,#2926,#2927,#2928,#2929),
 .UNSPECIFIED.,.F.,.F.,(4,3,3,3,3,3,3,3,3,4),(-0.296652691738259,-0.250972870052479,
-0.205968165634317,-0.153393665729263,-0.131572140784912,-0.0866446710067266,
-0.0476928720162863,-0.0192869707992552,-0.00793290214499878,0.),
 .UNSPECIFIED.);
#285=B_SPLINE_CURVE_WITH_KNOTS('',3,(#3077,#3078,#3079,#3080,#3081,#3082,
#3083,#3084,#3085,#3086,#3087,#3088,#3089,#3090,#3091,#3092,#3093,#3094,
#3095,#3096,#3097,#3098,#3099,#3100,#3101,#3102,#3103,#3104,#3105,#3106,
#3107,#3108),.UNSPECIFIED.,.F.,.F.,(4,2,2,2,2,2,2,2,2,2,2,2,2,2,2,4),(-0.559278963531386,
-0.556694953658954,-0.553771529006918,-0.547480107433221,-0.528080958989347,
-0.477705784926996,-0.431715468548703,-0.3705240447781,-0.280183460443013,
-0.199347176258531,-0.135109528957783,-0.0849009355268139,-0.0279571202692973,
-0.0112695785116966,-0.00463282323212798,0.),.UNSPECIFIED.);
#286=B_SPLINE_CURVE_WITH_KNOTS('',3,(#3165,#3166,#3167,#3168,#3169,#3170,
#3171,#3172,#3173,#3174,#3175,#3176,#3177,#3178,#3179,#3180,#3181,#3182,
#3183,#3184,#3185,#3186,#3187,#3188,#3189,#3190,#3191,#3192,#3193,#3194),
 .UNSPECIFIED.,.F.,.F.,(4,2,2,2,2,2,2,2,2,2,2,2,2,2,4),(-0.563424833546034,
-0.559047795814475,-0.553770539307633,-0.54198385871883,-0.489017568371043,
-0.441842760757441,-0.385684076048847,-0.295399779902043,-0.209691838011758,
-0.142337800339026,-0.0902869662850475,-0.0326727059206498,-0.0131874271867796,
-0.00542237949370942,0.),.UNSPECIFIED.);
#287=B_SPLINE_CURVE_WITH_KNOTS('',3,(#3276,#3277,#3278,#3279,#3280,#3281,
#3282,#3283,#3284,#3285,#3286,#3287,#3288,#3289,#3290,#3291,#3292,#3293,
#3294,#3295,#3296,#3297,#3298,#3299,#3300,#3301,#3302,#3303,#3304,#3305),
 .UNSPECIFIED.,.F.,.F.,(4,2,2,2,2,2,2,2,2,2,2,2,2,2,4),(-0.563403329545004,
-0.559019884011848,-0.553735855868189,-0.541935693383333,-0.489028158465789,
-0.441845108717528,-0.385786285462412,-0.295931645401255,-0.209878675314126,
-0.14223511633315,-0.0901269089383687,-0.0326148634911275,-0.0131615491256376,
-0.00541156789301593,0.),.UNSPECIFIED.);
#288=B_SPLINE_CURVE_WITH_KNOTS('',3,(#3410,#3411,#3412,#3413,#3414,#3415,
#3416,#3417,#3418,#3419,#3420,#3421,#3422,#3423,#3424,#3425,#3426,#3427,
#3428,#3429,#3430,#3431,#3432,#3433,#3434,#3435,#3436,#3437,#3438,#3439),
 .UNSPECIFIED.,.F.,.F.,(4,2,2,2,2,2,2,2,2,2,2,2,2,2,4),(-0.585876816032601,
-0.580466290381132,-0.574289239643145,-0.560719183773761,-0.517674000429837,
-0.466508063308643,-0.409816890967859,-0.316974564161365,-0.222121777074902,
-0.150276457948431,-0.0960940301439212,-0.0538521823246077,-0.0220724559541384,
-0.00909905255481674,0.),.UNSPECIFIED.);
#289=B_SPLINE_CURVE_WITH_KNOTS('',3,(#3440,#3441,#3442,#3443,#3444,#3445,
#3446,#3447,#3448,#3449,#3450,#3451,#3452,#3453,#3454,#3455,#3456,#3457,
#3458,#3459,#3460,#3461,#3462,#3463,#3464,#3465,#3466,#3467,#3468,#3469,
#3470,#3471),.UNSPECIFIED.,.F.,.F.,(4,2,2,2,2,2,2,2,2,2,2,2,2,2,2,4),(-0.627251331075508,
-0.623310291161904,-0.618778625997553,-0.608705152177254,-0.575022622270149,
-0.528600639848187,-0.480562412083062,-0.405652790562966,-0.275944171100366,
-0.174239271683623,-0.108137877518312,-0.0641523873545965,-0.0337005892059036,
-0.0135190122697273,-0.00555304869678851,0.),.UNSPECIFIED.);
#290=LINE('',#1686,#403);
#291=LINE('',#1697,#404);
#292=LINE('',#1701,#405);
#293=LINE('',#1705,#406);
#294=LINE('',#1709,#407);
#295=LINE('',#1732,#408);
#296=LINE('',#1734,#409);
#297=LINE('',#1736,#410);
#298=LINE('',#1738,#411);
#299=LINE('',#1739,#412);
#300=LINE('',#1742,#413);
#301=LINE('',#1744,#414);
#302=LINE('',#1746,#415);
#303=LINE('',#1747,#416);
#304=LINE('',#1750,#417);
#305=LINE('',#1751,#418);
#306=LINE('',#1756,#419);
#307=LINE('',#1758,#420);
#308=LINE('',#1762,#421);
#309=LINE('',#1764,#422);
#310=LINE('',#1766,#423);
#311=LINE('',#1792,#424);
#312=LINE('',#1794,#425);
#313=LINE('',#1831,#426);
#314=LINE('',#1838,#427);
#315=LINE('',#1848,#428);
#316=LINE('',#1875,#429);
#317=LINE('',#1881,#430);
#318=LINE('',#1885,#431);
#319=LINE('',#1920,#432);
#320=LINE('',#1927,#433);
#321=LINE('',#1962,#434);
#322=LINE('',#1966,#435);
#323=LINE('',#1972,#436);
#324=LINE('',#2217,#437);
#325=LINE('',#2270,#438);
#326=LINE('',#2340,#439);
#327=LINE('',#2368,#440);
#328=LINE('',#2431,#441);
#329=LINE('',#2433,#442);
#330=LINE('',#2435,#443);
#331=LINE('',#2436,#444);
#332=LINE('',#2439,#445);
#333=LINE('',#2440,#446);
#334=LINE('',#2443,#447);
#335=LINE('',#2444,#448);
#336=LINE('',#2447,#449);
#337=LINE('',#2449,#450);
#338=LINE('',#2450,#451);
#339=LINE('',#2452,#452);
#340=LINE('',#2478,#453);
#341=LINE('',#2488,#454);
#342=LINE('',#2515,#455);
#343=LINE('',#2547,#456);
#344=LINE('',#2554,#457);
#345=LINE('',#2565,#458);
#346=LINE('',#2643,#459);
#347=LINE('',#2679,#460);
#348=LINE('',#2851,#461);
#349=LINE('',#2888,#462);
#350=LINE('',#2892,#463);
#351=LINE('',#2901,#464);
#352=LINE('',#3013,#465);
#353=LINE('',#3051,#466);
#354=LINE('',#3123,#467);
#355=LINE('',#3160,#468);
#356=LINE('',#3162,#469);
#357=LINE('',#3163,#470);
#358=LINE('',#3246,#471);
#359=LINE('',#3273,#472);
#360=LINE('',#3306,#473);
#361=LINE('',#3358,#474);
#362=LINE('',#3386,#475);
#363=LINE('',#3584,#476);
#364=LINE('',#3636,#477);
#365=LINE('',#3638,#478);
#366=LINE('',#3640,#479);
#367=LINE('',#3641,#480);
#368=LINE('',#3643,#481);
#369=LINE('',#3645,#482);
#370=LINE('',#3722,#483);
#371=LINE('',#3725,#484);
#372=LINE('',#3726,#485);
#373=LINE('',#3805,#486);
#374=LINE('',#3806,#487);
#375=LINE('',#3808,#488);
#376=LINE('',#3811,#489);
#377=LINE('',#3813,#490);
#378=LINE('',#3814,#491);
#379=LINE('',#3817,#492);
#380=LINE('',#3818,#493);
#381=LINE('',#3833,#494);
#382=LINE('',#3836,#495);
#383=LINE('',#3837,#496);
#384=LINE('',#3840,#497);
#385=LINE('',#3841,#498);
#386=LINE('',#3845,#499);
#387=LINE('',#3848,#500);
#388=LINE('',#3849,#501);
#389=LINE('',#3852,#502);
#390=LINE('',#3853,#503);
#391=LINE('',#3855,#504);
#392=LINE('',#3962,#505);
#393=LINE('',#4040,#506);
#394=LINE('',#4041,#507);
#395=LINE('',#4044,#508);
#396=LINE('',#4045,#509);
#397=LINE('',#4048,#510);
#398=LINE('',#4049,#511);
#399=LINE('',#4052,#512);
#400=LINE('',#4053,#513);
#401=LINE('',#4055,#514);
#402=LINE('',#4197,#515);
#403=VECTOR('',#1417,10.);
#404=VECTOR('',#1418,10.);
#405=VECTOR('',#1421,10.);
#406=VECTOR('',#1424,10.);
#407=VECTOR('',#1427,10.);
#408=VECTOR('',#1430,10.);
#409=VECTOR('',#1431,10.);
#410=VECTOR('',#1432,10.);
#411=VECTOR('',#1433,10.);
#412=VECTOR('',#1434,10.);
#413=VECTOR('',#1437,10.);
#414=VECTOR('',#1438,10.);
#415=VECTOR('',#1439,10.);
#416=VECTOR('',#1440,10.);
#417=VECTOR('',#1443,10.);
#418=VECTOR('',#1444,10.);
#419=VECTOR('',#1449,10.);
#420=VECTOR('',#1450,10.);
#421=VECTOR('',#1453,10.);
#422=VECTOR('',#1454,10.);
#423=VECTOR('',#1455,10.);
#424=VECTOR('',#1456,10.);
#425=VECTOR('',#1457,10.);
#426=VECTOR('',#1458,10.);
#427=VECTOR('',#1467,10.);
#428=VECTOR('',#1472,10.);
#429=VECTOR('',#1475,10.);
#430=VECTOR('',#1480,10.);
#431=VECTOR('',#1483,10.);
#432=VECTOR('',#1486,10.);
#433=VECTOR('',#1489,10.);
#434=VECTOR('',#1490,10.);
#435=VECTOR('',#1493,10.);
#436=VECTOR('',#1498,10.);
#437=VECTOR('',#1499,10.);
#438=VECTOR('',#1500,10.);
#439=VECTOR('',#1501,10.);
#440=VECTOR('',#1502,10.);
#441=VECTOR('',#1505,10.);
#442=VECTOR('',#1506,10.);
#443=VECTOR('',#1507,10.);
#444=VECTOR('',#1508,10.);
#445=VECTOR('',#1511,10.);
#446=VECTOR('',#1512,10.);
#447=VECTOR('',#1515,10.);
#448=VECTOR('',#1516,10.);
#449=VECTOR('',#1519,10.);
#450=VECTOR('',#1520,10.);
#451=VECTOR('',#1521,10.);
#452=VECTOR('',#1524,10.);
#453=VECTOR('',#1529,10.);
#454=VECTOR('',#1532,10.);
#455=VECTOR('',#1537,10.);
#456=VECTOR('',#1538,10.);
#457=VECTOR('',#1541,10.);
#458=VECTOR('',#1544,10.);
#459=VECTOR('',#1547,10.);
#460=VECTOR('',#1548,10.);
#461=VECTOR('',#1549,10.);
#462=VECTOR('',#1550,10.);
#463=VECTOR('',#1553,10.);
#464=VECTOR('',#1558,10.);
#465=VECTOR('',#1559,10.);
#466=VECTOR('',#1560,10.);
#467=VECTOR('',#1569,10.);
#468=VECTOR('',#1572,10.);
#469=VECTOR('',#1573,10.);
#470=VECTOR('',#1574,10.);
#471=VECTOR('',#1577,10.);
#472=VECTOR('',#1578,10.);
#473=VECTOR('',#1581,10.);
#474=VECTOR('',#1582,10.);
#475=VECTOR('',#1583,10.);
#476=VECTOR('',#1586,10.);
#477=VECTOR('',#1587,10.);
#478=VECTOR('',#1590,10.);
#479=VECTOR('',#1591,10.);
#480=VECTOR('',#1592,10.);
#481=VECTOR('',#1595,10.);
#482=VECTOR('',#1598,10.);
#483=VECTOR('',#1599,10.);
#484=VECTOR('',#1602,10.);
#485=VECTOR('',#1603,10.);
#486=VECTOR('',#1610,10.);
#487=VECTOR('',#1611,10.);
#488=VECTOR('',#1614,10.);
#489=VECTOR('',#1617,10.);
#490=VECTOR('',#1618,10.);
#491=VECTOR('',#1619,10.);
#492=VECTOR('',#1622,10.);
#493=VECTOR('',#1623,10.);
#494=VECTOR('',#1630,10.);
#495=VECTOR('',#1633,10.);
#496=VECTOR('',#1634,10.);
#497=VECTOR('',#1637,10.);
#498=VECTOR('',#1638,10.);
#499=VECTOR('',#1643,10.);
#500=VECTOR('',#1646,10.);
#501=VECTOR('',#1647,10.);
#502=VECTOR('',#1650,10.);
#503=VECTOR('',#1651,10.);
#504=VECTOR('',#1654,10.);
#505=VECTOR('',#1655,10.);
#506=VECTOR('',#1658,10.);
#507=VECTOR('',#1659,10.);
#508=VECTOR('',#1662,10.);
#509=VECTOR('',#1663,10.);
#510=VECTOR('',#1666,10.);
#511=VECTOR('',#1667,10.);
#512=VECTOR('',#1670,10.);
#513=VECTOR('',#1671,10.);
#514=VECTOR('',#1674,10.);
#515=VECTOR('',#1677,10.);
#516=VERTEX_POINT('',#1684);
#517=VERTEX_POINT('',#1685);
#518=VERTEX_POINT('',#1687);
#519=VERTEX_POINT('',#1696);
#520=VERTEX_POINT('',#1698);
#521=VERTEX_POINT('',#1700);
#522=VERTEX_POINT('',#1702);
#523=VERTEX_POINT('',#1704);
#524=VERTEX_POINT('',#1706);
#525=VERTEX_POINT('',#1708);
#526=VERTEX_POINT('',#1731);
#527=VERTEX_POINT('',#1733);
#528=VERTEX_POINT('',#1735);
#529=VERTEX_POINT('',#1737);
#530=VERTEX_POINT('',#1741);
#531=VERTEX_POINT('',#1743);
#532=VERTEX_POINT('',#1745);
#533=VERTEX_POINT('',#1749);
#534=VERTEX_POINT('',#1753);
#535=VERTEX_POINT('',#1755);
#536=VERTEX_POINT('',#1757);
#537=VERTEX_POINT('',#1759);
#538=VERTEX_POINT('',#1761);
#539=VERTEX_POINT('',#1763);
#540=VERTEX_POINT('',#1765);
#541=VERTEX_POINT('',#1767);
#542=VERTEX_POINT('',#1791);
#543=VERTEX_POINT('',#1793);
#544=VERTEX_POINT('',#1795);
#545=VERTEX_POINT('',#1804);
#546=VERTEX_POINT('',#1830);
#547=VERTEX_POINT('',#1836);
#548=VERTEX_POINT('',#1837);
#549=VERTEX_POINT('',#1839);
#550=VERTEX_POINT('',#1846);
#551=VERTEX_POINT('',#1847);
#552=VERTEX_POINT('',#1849);
#553=VERTEX_POINT('',#1851);
#554=VERTEX_POINT('',#1874);
#555=VERTEX_POINT('',#1876);
#556=VERTEX_POINT('',#1878);
#557=VERTEX_POINT('',#1880);
#558=VERTEX_POINT('',#1882);
#559=VERTEX_POINT('',#1884);
#560=VERTEX_POINT('',#1919);
#561=VERTEX_POINT('',#1926);
#562=VERTEX_POINT('',#1928);
#563=VERTEX_POINT('',#1961);
#564=VERTEX_POINT('',#1963);
#565=VERTEX_POINT('',#1965);
#566=VERTEX_POINT('',#1967);
#567=VERTEX_POINT('',#1969);
#568=VERTEX_POINT('',#1971);
#569=VERTEX_POINT('',#2134);
#570=VERTEX_POINT('',#2149);
#571=VERTEX_POINT('',#2182);
#572=VERTEX_POINT('',#2216);
#573=VERTEX_POINT('',#2218);
#574=VERTEX_POINT('',#2269);
#575=VERTEX_POINT('',#2331);
#576=VERTEX_POINT('',#2339);
#577=VERTEX_POINT('',#2341);
#578=VERTEX_POINT('',#2367);
#579=VERTEX_POINT('',#2369);
#580=VERTEX_POINT('',#2390);
#581=VERTEX_POINT('',#2430);
#582=VERTEX_POINT('',#2432);
#583=VERTEX_POINT('',#2434);
#584=VERTEX_POINT('',#2438);
#585=VERTEX_POINT('',#2442);
#586=VERTEX_POINT('',#2446);
#587=VERTEX_POINT('',#2448);
#588=VERTEX_POINT('',#2462);
#589=VERTEX_POINT('',#2477);
#590=VERTEX_POINT('',#2490);
#591=VERTEX_POINT('',#2491);
#592=VERTEX_POINT('',#2512);
#593=VERTEX_POINT('',#2514);
#594=VERTEX_POINT('',#2516);
#595=VERTEX_POINT('',#2549);
#596=VERTEX_POINT('',#2556);
#597=VERTEX_POINT('',#2564);
#598=VERTEX_POINT('',#2573);
#599=VERTEX_POINT('',#2585);
#600=VERTEX_POINT('',#2621);
#601=VERTEX_POINT('',#2642);
#602=VERTEX_POINT('',#2644);
#603=VERTEX_POINT('',#2678);
#604=VERTEX_POINT('',#2770);
#605=VERTEX_POINT('',#2823);
#606=VERTEX_POINT('',#2850);
#607=VERTEX_POINT('',#2852);
#608=VERTEX_POINT('',#2890);
#609=VERTEX_POINT('',#2891);
#610=VERTEX_POINT('',#2893);
#611=VERTEX_POINT('',#2900);
#612=VERTEX_POINT('',#3000);
#613=VERTEX_POINT('',#3012);
#614=VERTEX_POINT('',#3014);
#615=VERTEX_POINT('',#3050);
#616=VERTEX_POINT('',#3052);
#617=VERTEX_POINT('',#3076);
#618=VERTEX_POINT('',#3119);
#619=VERTEX_POINT('',#3125);
#620=VERTEX_POINT('',#3151);
#621=VERTEX_POINT('',#3161);
#622=VERTEX_POINT('',#3245);
#623=VERTEX_POINT('',#3247);
#624=VERTEX_POINT('',#3275);
#625=VERTEX_POINT('',#3357);
#626=VERTEX_POINT('',#3359);
#627=VERTEX_POINT('',#3385);
#628=VERTEX_POINT('',#3572);
#629=VERTEX_POINT('',#3583);
#630=VERTEX_POINT('',#3585);
#631=VERTEX_POINT('',#3639);
#632=VERTEX_POINT('',#3696);
#633=VERTEX_POINT('',#3724);
#634=VERTEX_POINT('',#3810);
#635=VERTEX_POINT('',#3812);
#636=VERTEX_POINT('',#3816);
#637=VERTEX_POINT('',#3831);
#638=VERTEX_POINT('',#3835);
#639=VERTEX_POINT('',#3839);
#640=VERTEX_POINT('',#3843);
#641=VERTEX_POINT('',#3847);
#642=VERTEX_POINT('',#3851);
#643=VERTEX_POINT('',#3926);
#644=VERTEX_POINT('',#4039);
#645=VERTEX_POINT('',#4043);
#646=VERTEX_POINT('',#4047);
#647=VERTEX_POINT('',#4051);
#648=EDGE_CURVE('',#516,#517,#290,.T.);
#649=EDGE_CURVE('',#518,#516,#267,.T.);
#650=EDGE_CURVE('',#519,#518,#291,.T.);
#651=EDGE_CURVE('',#520,#519,#248,.T.);
#652=EDGE_CURVE('',#521,#520,#292,.T.);
#653=EDGE_CURVE('',#522,#521,#249,.T.);
#654=EDGE_CURVE('',#523,#522,#293,.T.);
#655=EDGE_CURVE('',#524,#523,#250,.T.);
#656=EDGE_CURVE('',#525,#524,#294,.T.);
#657=EDGE_CURVE('',#517,#525,#268,.T.);
#658=EDGE_CURVE('',#521,#526,#295,.T.);
#659=EDGE_CURVE('',#526,#527,#296,.T.);
#660=EDGE_CURVE('',#528,#527,#297,.T.);
#661=EDGE_CURVE('',#529,#528,#298,.T.);
#662=EDGE_CURVE('',#529,#522,#299,.T.);
#663=EDGE_CURVE('',#519,#530,#300,.T.);
#664=EDGE_CURVE('',#531,#530,#301,.T.);
#665=EDGE_CURVE('',#532,#531,#302,.T.);
#666=EDGE_CURVE('',#520,#532,#303,.T.);
#667=EDGE_CURVE('',#518,#533,#304,.T.);
#668=EDGE_CURVE('',#530,#533,#305,.T.);
#669=EDGE_CURVE('',#532,#534,#68,.T.);
#670=EDGE_CURVE('',#535,#534,#306,.T.);
#671=EDGE_CURVE('',#535,#536,#307,.T.);
#672=EDGE_CURVE('',#537,#536,#251,.T.);
#673=EDGE_CURVE('',#538,#537,#308,.T.);
#674=EDGE_CURVE('',#539,#538,#309,.T.);
#675=EDGE_CURVE('',#539,#540,#310,.T.);
#676=EDGE_CURVE('',#540,#541,#29,.T.);
#677=EDGE_CURVE('',#541,#542,#311,.T.);
#678=EDGE_CURVE('',#542,#543,#312,.T.);
#679=EDGE_CURVE('',#544,#543,#30,.T.);
#680=EDGE_CURVE('',#545,#544,#31,.T.);
#681=EDGE_CURVE('',#546,#545,#313,.T.);
#682=EDGE_CURVE('',#526,#546,#252,.T.);
#683=EDGE_CURVE('',#516,#517,#253,.T.);
#684=EDGE_CURVE('',#547,#548,#314,.T.);
#685=EDGE_CURVE('',#549,#547,#254,.T.);
#686=EDGE_CURVE('',#548,#549,#269,.T.);
#687=EDGE_CURVE('',#550,#551,#315,.T.);
#688=EDGE_CURVE('',#550,#552,#255,.T.);
#689=EDGE_CURVE('',#553,#552,#270,.T.);
#690=EDGE_CURVE('',#554,#553,#316,.T.);
#691=EDGE_CURVE('',#555,#554,#256,.T.);
#692=EDGE_CURVE('',#556,#555,#69,.T.);
#693=EDGE_CURVE('',#557,#556,#317,.T.);
#694=EDGE_CURVE('',#558,#557,#257,.T.);
#695=EDGE_CURVE('',#559,#558,#318,.T.);
#696=EDGE_CURVE('',#551,#559,#271,.T.);
#697=EDGE_CURVE('',#560,#550,#319,.T.);
#698=EDGE_CURVE('',#552,#560,#272,.T.);
#699=EDGE_CURVE('',#561,#547,#320,.T.);
#700=EDGE_CURVE('',#562,#561,#273,.T.);
#701=EDGE_CURVE('',#563,#562,#321,.T.);
#702=EDGE_CURVE('',#564,#563,#258,.T.);
#703=EDGE_CURVE('',#565,#564,#322,.T.);
#704=EDGE_CURVE('',#566,#565,#70,.T.);
#705=EDGE_CURVE('',#567,#566,#259,.T.);
#706=EDGE_CURVE('',#568,#567,#323,.T.);
#707=EDGE_CURVE('',#549,#568,#274,.T.);
#708=EDGE_CURVE('',#561,#569,#32,.T.);
#709=EDGE_CURVE('',#569,#570,#275,.T.);
#710=EDGE_CURVE('',#570,#571,#33,.T.);
#711=EDGE_CURVE('',#571,#572,#324,.T.);
#712=EDGE_CURVE('',#573,#572,#34,.T.);
#713=EDGE_CURVE('',#574,#573,#325,.T.);
#714=EDGE_CURVE('',#574,#562,#35,.T.);
#715=EDGE_CURVE('',#568,#575,#36,.T.);
#716=EDGE_CURVE('',#575,#576,#326,.T.);
#717=EDGE_CURVE('',#577,#576,#37,.T.);
#718=EDGE_CURVE('',#578,#577,#327,.T.);
#719=EDGE_CURVE('',#578,#579,#38,.T.);
#720=EDGE_CURVE('',#579,#580,#276,.T.);
#721=EDGE_CURVE('',#580,#548,#39,.T.);
#722=EDGE_CURVE('',#557,#581,#328,.T.);
#723=EDGE_CURVE('',#582,#581,#329,.T.);
#724=EDGE_CURVE('',#583,#582,#330,.T.);
#725=EDGE_CURVE('',#558,#583,#331,.T.);
#726=EDGE_CURVE('',#556,#584,#332,.T.);
#727=EDGE_CURVE('',#581,#584,#333,.T.);
#728=EDGE_CURVE('',#555,#585,#334,.T.);
#729=EDGE_CURVE('',#584,#585,#335,.T.);
#730=EDGE_CURVE('',#586,#554,#336,.T.);
#731=EDGE_CURVE('',#586,#587,#337,.T.);
#732=EDGE_CURVE('',#585,#587,#338,.T.);
#733=EDGE_CURVE('',#580,#569,#339,.T.);
#734=EDGE_CURVE('',#553,#586,#40,.T.);
#735=EDGE_CURVE('',#588,#551,#41,.T.);
#736=EDGE_CURVE('',#588,#589,#340,.T.);
#737=EDGE_CURVE('',#589,#560,#42,.T.);
#738=EDGE_CURVE('',#575,#567,#341,.T.);
#739=EDGE_CURVE('',#590,#591,#277,.T.);
#740=EDGE_CURVE('',#590,#592,#260,.T.);
#741=EDGE_CURVE('',#593,#592,#342,.T.);
#742=EDGE_CURVE('',#594,#593,#278,.T.);
#743=EDGE_CURVE('',#591,#594,#343,.T.);
#744=EDGE_CURVE('',#595,#590,#279,.T.);
#745=EDGE_CURVE('',#592,#595,#344,.T.);
#746=EDGE_CURVE('',#596,#595,#43,.T.);
#747=EDGE_CURVE('',#596,#597,#345,.T.);
#748=EDGE_CURVE('',#597,#593,#44,.T.);
#749=EDGE_CURVE('',#594,#598,#45,.T.);
#750=EDGE_CURVE('',#599,#598,#46,.T.);
#751=EDGE_CURVE('',#599,#600,#47,.T.);
#752=EDGE_CURVE('',#600,#601,#346,.T.);
#753=EDGE_CURVE('',#602,#601,#48,.T.);
#754=EDGE_CURVE('',#603,#602,#347,.T.);
#755=EDGE_CURVE('',#591,#603,#49,.T.);
#756=EDGE_CURVE('',#597,#604,#280,.T.);
#757=EDGE_CURVE('',#604,#605,#281,.T.);
#758=EDGE_CURVE('',#605,#541,#282,.T.);
#759=EDGE_CURVE('',#540,#606,#348,.T.);
#760=EDGE_CURVE('',#607,#606,#50,.T.);
#761=EDGE_CURVE('',#598,#607,#349,.T.);
#762=EDGE_CURVE('',#608,#609,#350,.T.);
#763=EDGE_CURVE('',#610,#608,#261,.T.);
#764=EDGE_CURVE('',#609,#610,#283,.T.);
#765=EDGE_CURVE('',#611,#608,#351,.T.);
#766=EDGE_CURVE('',#610,#611,#284,.T.);
#767=EDGE_CURVE('',#611,#612,#51,.T.);
#768=EDGE_CURVE('',#612,#613,#352,.T.);
#769=EDGE_CURVE('',#614,#613,#52,.T.);
#770=EDGE_CURVE('',#615,#614,#353,.T.);
#771=EDGE_CURVE('',#615,#616,#53,.T.);
#772=EDGE_CURVE('',#616,#617,#285,.T.);
#773=EDGE_CURVE('',#617,#609,#54,.T.);
#774=EDGE_CURVE('',#618,#605,#262,.T.);
#775=EDGE_CURVE('',#542,#618,#263,.T.);
#776=EDGE_CURVE('',#618,#604,#354,.T.);
#777=EDGE_CURVE('',#619,#529,#55,.T.);
#778=EDGE_CURVE('',#620,#619,#56,.T.);
#779=EDGE_CURVE('',#620,#616,#355,.T.);
#780=EDGE_CURVE('',#621,#615,#356,.T.);
#781=EDGE_CURVE('',#621,#523,#357,.T.);
#782=EDGE_CURVE('',#543,#596,#286,.T.);
#783=EDGE_CURVE('',#603,#622,#358,.T.);
#784=EDGE_CURVE('',#623,#622,#57,.T.);
#785=EDGE_CURVE('',#544,#623,#359,.T.);
#786=EDGE_CURVE('',#624,#620,#287,.T.);
#787=EDGE_CURVE('',#617,#624,#360,.T.);
#788=EDGE_CURVE('',#619,#625,#361,.T.);
#789=EDGE_CURVE('',#626,#625,#58,.T.);
#790=EDGE_CURVE('',#627,#626,#362,.T.);
#791=EDGE_CURVE('',#627,#624,#59,.T.);
#792=EDGE_CURVE('',#589,#600,#288,.T.);
#793=EDGE_CURVE('',#601,#588,#289,.T.);
#794=EDGE_CURVE('',#559,#628,#60,.T.);
#795=EDGE_CURVE('',#628,#629,#363,.T.);
#796=EDGE_CURVE('',#630,#629,#61,.T.);
#797=EDGE_CURVE('',#602,#630,#364,.T.);
#798=EDGE_CURVE('',#628,#574,#365,.T.);
#799=EDGE_CURVE('',#631,#583,#366,.T.);
#800=EDGE_CURVE('',#563,#631,#367,.T.);
#801=EDGE_CURVE('',#570,#579,#368,.T.);
#802=EDGE_CURVE('',#622,#630,#369,.T.);
#803=EDGE_CURVE('',#632,#623,#62,.T.);
#804=EDGE_CURVE('',#545,#632,#370,.T.);
#805=EDGE_CURVE('',#633,#632,#371,.T.);
#806=EDGE_CURVE('',#546,#633,#372,.T.);
#807=EDGE_CURVE('',#527,#633,#264,.T.);
#808=EDGE_CURVE('',#625,#528,#63,.T.);
#809=EDGE_CURVE('',#571,#627,#373,.T.);
#810=EDGE_CURVE('',#572,#626,#374,.T.);
#811=EDGE_CURVE('',#629,#573,#375,.T.);
#812=EDGE_CURVE('',#621,#634,#376,.T.);
#813=EDGE_CURVE('',#635,#634,#377,.T.);
#814=EDGE_CURVE('',#524,#635,#378,.T.);
#815=EDGE_CURVE('',#636,#635,#379,.T.);
#816=EDGE_CURVE('',#525,#636,#380,.T.);
#817=EDGE_CURVE('',#533,#636,#265,.T.);
#818=EDGE_CURVE('',#637,#531,#71,.T.);
#819=EDGE_CURVE('',#534,#637,#381,.T.);
#820=EDGE_CURVE('',#638,#637,#382,.T.);
#821=EDGE_CURVE('',#535,#638,#383,.T.);
#822=EDGE_CURVE('',#639,#638,#384,.T.);
#823=EDGE_CURVE('',#536,#639,#385,.T.);
#824=EDGE_CURVE('',#640,#639,#266,.T.);
#825=EDGE_CURVE('',#537,#640,#386,.T.);
#826=EDGE_CURVE('',#641,#640,#387,.T.);
#827=EDGE_CURVE('',#538,#641,#388,.T.);
#828=EDGE_CURVE('',#642,#641,#389,.T.);
#829=EDGE_CURVE('',#539,#642,#390,.T.);
#830=EDGE_CURVE('',#606,#642,#391,.T.);
#831=EDGE_CURVE('',#643,#607,#64,.T.);
#832=EDGE_CURVE('',#599,#643,#392,.T.);
#833=EDGE_CURVE('',#587,#643,#65,.T.);
#834=EDGE_CURVE('',#644,#582,#393,.T.);
#835=EDGE_CURVE('',#631,#644,#394,.T.);
#836=EDGE_CURVE('',#645,#644,#395,.T.);
#837=EDGE_CURVE('',#564,#645,#396,.T.);
#838=EDGE_CURVE('',#646,#645,#397,.T.);
#839=EDGE_CURVE('',#565,#646,#398,.T.);
#840=EDGE_CURVE('',#647,#646,#399,.T.);
#841=EDGE_CURVE('',#566,#647,#400,.T.);
#842=EDGE_CURVE('',#576,#647,#401,.T.);
#843=EDGE_CURVE('',#578,#612,#66,.T.);
#844=EDGE_CURVE('',#613,#577,#67,.T.);
#845=EDGE_CURVE('',#634,#614,#402,.T.);
#846=ORIENTED_EDGE('',*,*,#648,.F.);
#847=ORIENTED_EDGE('',*,*,#649,.F.);
#848=ORIENTED_EDGE('',*,*,#650,.F.);
#849=ORIENTED_EDGE('',*,*,#651,.F.);
#850=ORIENTED_EDGE('',*,*,#652,.F.);
#851=ORIENTED_EDGE('',*,*,#653,.F.);
#852=ORIENTED_EDGE('',*,*,#654,.F.);
#853=ORIENTED_EDGE('',*,*,#655,.F.);
#854=ORIENTED_EDGE('',*,*,#656,.F.);
#855=ORIENTED_EDGE('',*,*,#657,.F.);
#856=ORIENTED_EDGE('',*,*,#653,.T.);
#857=ORIENTED_EDGE('',*,*,#658,.T.);
#858=ORIENTED_EDGE('',*,*,#659,.T.);
#859=ORIENTED_EDGE('',*,*,#660,.F.);
#860=ORIENTED_EDGE('',*,*,#661,.F.);
#861=ORIENTED_EDGE('',*,*,#662,.T.);
#862=ORIENTED_EDGE('',*,*,#651,.T.);
#863=ORIENTED_EDGE('',*,*,#663,.T.);
#864=ORIENTED_EDGE('',*,*,#664,.F.);
#865=ORIENTED_EDGE('',*,*,#665,.F.);
#866=ORIENTED_EDGE('',*,*,#666,.F.);
#867=ORIENTED_EDGE('',*,*,#650,.T.);
#868=ORIENTED_EDGE('',*,*,#667,.T.);
#869=ORIENTED_EDGE('',*,*,#668,.F.);
#870=ORIENTED_EDGE('',*,*,#663,.F.);
#871=ORIENTED_EDGE('',*,*,#652,.T.);
#872=ORIENTED_EDGE('',*,*,#666,.T.);
#873=ORIENTED_EDGE('',*,*,#669,.T.);
#874=ORIENTED_EDGE('',*,*,#670,.F.);
#875=ORIENTED_EDGE('',*,*,#671,.T.);
#876=ORIENTED_EDGE('',*,*,#672,.F.);
#877=ORIENTED_EDGE('',*,*,#673,.F.);
#878=ORIENTED_EDGE('',*,*,#674,.F.);
#879=ORIENTED_EDGE('',*,*,#675,.T.);
#880=ORIENTED_EDGE('',*,*,#676,.T.);
#881=ORIENTED_EDGE('',*,*,#677,.T.);
#882=ORIENTED_EDGE('',*,*,#678,.T.);
#883=ORIENTED_EDGE('',*,*,#679,.F.);
#884=ORIENTED_EDGE('',*,*,#680,.F.);
#885=ORIENTED_EDGE('',*,*,#681,.F.);
#886=ORIENTED_EDGE('',*,*,#682,.F.);
#887=ORIENTED_EDGE('',*,*,#658,.F.);
#888=ORIENTED_EDGE('',*,*,#648,.T.);
#889=ORIENTED_EDGE('',*,*,#683,.F.);
#890=ORIENTED_EDGE('',*,*,#684,.F.);
#891=ORIENTED_EDGE('',*,*,#685,.F.);
#892=ORIENTED_EDGE('',*,*,#686,.F.);
#893=ORIENTED_EDGE('',*,*,#687,.F.);
#894=ORIENTED_EDGE('',*,*,#688,.T.);
#895=ORIENTED_EDGE('',*,*,#689,.F.);
#896=ORIENTED_EDGE('',*,*,#690,.F.);
#897=ORIENTED_EDGE('',*,*,#691,.F.);
#898=ORIENTED_EDGE('',*,*,#692,.F.);
#899=ORIENTED_EDGE('',*,*,#693,.F.);
#900=ORIENTED_EDGE('',*,*,#694,.F.);
#901=ORIENTED_EDGE('',*,*,#695,.F.);
#902=ORIENTED_EDGE('',*,*,#696,.F.);
#903=ORIENTED_EDGE('',*,*,#697,.F.);
#904=ORIENTED_EDGE('',*,*,#698,.F.);
#905=ORIENTED_EDGE('',*,*,#688,.F.);
#906=ORIENTED_EDGE('',*,*,#699,.F.);
#907=ORIENTED_EDGE('',*,*,#700,.F.);
#908=ORIENTED_EDGE('',*,*,#701,.F.);
#909=ORIENTED_EDGE('',*,*,#702,.F.);
#910=ORIENTED_EDGE('',*,*,#703,.F.);
#911=ORIENTED_EDGE('',*,*,#704,.F.);
#912=ORIENTED_EDGE('',*,*,#705,.F.);
#913=ORIENTED_EDGE('',*,*,#706,.F.);
#914=ORIENTED_EDGE('',*,*,#707,.F.);
#915=ORIENTED_EDGE('',*,*,#685,.T.);
#916=ORIENTED_EDGE('',*,*,#700,.T.);
#917=ORIENTED_EDGE('',*,*,#708,.T.);
#918=ORIENTED_EDGE('',*,*,#709,.T.);
#919=ORIENTED_EDGE('',*,*,#710,.T.);
#920=ORIENTED_EDGE('',*,*,#711,.T.);
#921=ORIENTED_EDGE('',*,*,#712,.F.);
#922=ORIENTED_EDGE('',*,*,#713,.F.);
#923=ORIENTED_EDGE('',*,*,#714,.T.);
#924=ORIENTED_EDGE('',*,*,#686,.T.);
#925=ORIENTED_EDGE('',*,*,#707,.T.);
#926=ORIENTED_EDGE('',*,*,#715,.T.);
#927=ORIENTED_EDGE('',*,*,#716,.T.);
#928=ORIENTED_EDGE('',*,*,#717,.F.);
#929=ORIENTED_EDGE('',*,*,#718,.F.);
#930=ORIENTED_EDGE('',*,*,#719,.T.);
#931=ORIENTED_EDGE('',*,*,#720,.T.);
#932=ORIENTED_EDGE('',*,*,#721,.T.);
#933=ORIENTED_EDGE('',*,*,#694,.T.);
#934=ORIENTED_EDGE('',*,*,#722,.T.);
#935=ORIENTED_EDGE('',*,*,#723,.F.);
#936=ORIENTED_EDGE('',*,*,#724,.F.);
#937=ORIENTED_EDGE('',*,*,#725,.F.);
#938=ORIENTED_EDGE('',*,*,#693,.T.);
#939=ORIENTED_EDGE('',*,*,#726,.T.);
#940=ORIENTED_EDGE('',*,*,#727,.F.);
#941=ORIENTED_EDGE('',*,*,#722,.F.);
#942=ORIENTED_EDGE('',*,*,#692,.T.);
#943=ORIENTED_EDGE('',*,*,#728,.T.);
#944=ORIENTED_EDGE('',*,*,#729,.F.);
#945=ORIENTED_EDGE('',*,*,#726,.F.);
#946=ORIENTED_EDGE('',*,*,#691,.T.);
#947=ORIENTED_EDGE('',*,*,#730,.F.);
#948=ORIENTED_EDGE('',*,*,#731,.T.);
#949=ORIENTED_EDGE('',*,*,#732,.F.);
#950=ORIENTED_EDGE('',*,*,#728,.F.);
#951=ORIENTED_EDGE('',*,*,#699,.T.);
#952=ORIENTED_EDGE('',*,*,#684,.T.);
#953=ORIENTED_EDGE('',*,*,#721,.F.);
#954=ORIENTED_EDGE('',*,*,#733,.T.);
#955=ORIENTED_EDGE('',*,*,#708,.F.);
#956=ORIENTED_EDGE('',*,*,#690,.T.);
#957=ORIENTED_EDGE('',*,*,#734,.T.);
#958=ORIENTED_EDGE('',*,*,#730,.T.);
#959=ORIENTED_EDGE('',*,*,#687,.T.);
#960=ORIENTED_EDGE('',*,*,#735,.F.);
#961=ORIENTED_EDGE('',*,*,#736,.T.);
#962=ORIENTED_EDGE('',*,*,#737,.T.);
#963=ORIENTED_EDGE('',*,*,#697,.T.);
#964=ORIENTED_EDGE('',*,*,#706,.T.);
#965=ORIENTED_EDGE('',*,*,#738,.F.);
#966=ORIENTED_EDGE('',*,*,#715,.F.);
#967=ORIENTED_EDGE('',*,*,#739,.F.);
#968=ORIENTED_EDGE('',*,*,#740,.T.);
#969=ORIENTED_EDGE('',*,*,#741,.F.);
#970=ORIENTED_EDGE('',*,*,#742,.F.);
#971=ORIENTED_EDGE('',*,*,#743,.F.);
#972=ORIENTED_EDGE('',*,*,#744,.F.);
#973=ORIENTED_EDGE('',*,*,#745,.F.);
#974=ORIENTED_EDGE('',*,*,#740,.F.);
#975=ORIENTED_EDGE('',*,*,#745,.T.);
#976=ORIENTED_EDGE('',*,*,#746,.F.);
#977=ORIENTED_EDGE('',*,*,#747,.T.);
#978=ORIENTED_EDGE('',*,*,#748,.T.);
#979=ORIENTED_EDGE('',*,*,#741,.T.);
#980=ORIENTED_EDGE('',*,*,#743,.T.);
#981=ORIENTED_EDGE('',*,*,#749,.T.);
#982=ORIENTED_EDGE('',*,*,#750,.F.);
#983=ORIENTED_EDGE('',*,*,#751,.T.);
#984=ORIENTED_EDGE('',*,*,#752,.T.);
#985=ORIENTED_EDGE('',*,*,#753,.F.);
#986=ORIENTED_EDGE('',*,*,#754,.F.);
#987=ORIENTED_EDGE('',*,*,#755,.F.);
#988=ORIENTED_EDGE('',*,*,#742,.T.);
#989=ORIENTED_EDGE('',*,*,#748,.F.);
#990=ORIENTED_EDGE('',*,*,#756,.T.);
#991=ORIENTED_EDGE('',*,*,#757,.T.);
#992=ORIENTED_EDGE('',*,*,#758,.T.);
#993=ORIENTED_EDGE('',*,*,#676,.F.);
#994=ORIENTED_EDGE('',*,*,#759,.T.);
#995=ORIENTED_EDGE('',*,*,#760,.F.);
#996=ORIENTED_EDGE('',*,*,#761,.F.);
#997=ORIENTED_EDGE('',*,*,#749,.F.);
#998=ORIENTED_EDGE('',*,*,#762,.F.);
#999=ORIENTED_EDGE('',*,*,#763,.F.);
#1000=ORIENTED_EDGE('',*,*,#764,.F.);
#1001=ORIENTED_EDGE('',*,*,#765,.F.);
#1002=ORIENTED_EDGE('',*,*,#766,.F.);
#1003=ORIENTED_EDGE('',*,*,#763,.T.);
#1004=ORIENTED_EDGE('',*,*,#764,.T.);
#1005=ORIENTED_EDGE('',*,*,#766,.T.);
#1006=ORIENTED_EDGE('',*,*,#767,.T.);
#1007=ORIENTED_EDGE('',*,*,#768,.T.);
#1008=ORIENTED_EDGE('',*,*,#769,.F.);
#1009=ORIENTED_EDGE('',*,*,#770,.F.);
#1010=ORIENTED_EDGE('',*,*,#771,.T.);
#1011=ORIENTED_EDGE('',*,*,#772,.T.);
#1012=ORIENTED_EDGE('',*,*,#773,.T.);
#1013=ORIENTED_EDGE('',*,*,#758,.F.);
#1014=ORIENTED_EDGE('',*,*,#774,.F.);
#1015=ORIENTED_EDGE('',*,*,#775,.F.);
#1016=ORIENTED_EDGE('',*,*,#677,.F.);
#1017=ORIENTED_EDGE('',*,*,#757,.F.);
#1018=ORIENTED_EDGE('',*,*,#776,.F.);
#1019=ORIENTED_EDGE('',*,*,#774,.T.);
#1020=ORIENTED_EDGE('',*,*,#654,.T.);
#1021=ORIENTED_EDGE('',*,*,#662,.F.);
#1022=ORIENTED_EDGE('',*,*,#777,.F.);
#1023=ORIENTED_EDGE('',*,*,#778,.F.);
#1024=ORIENTED_EDGE('',*,*,#779,.T.);
#1025=ORIENTED_EDGE('',*,*,#771,.F.);
#1026=ORIENTED_EDGE('',*,*,#780,.F.);
#1027=ORIENTED_EDGE('',*,*,#781,.T.);
#1028=ORIENTED_EDGE('',*,*,#775,.T.);
#1029=ORIENTED_EDGE('',*,*,#776,.T.);
#1030=ORIENTED_EDGE('',*,*,#756,.F.);
#1031=ORIENTED_EDGE('',*,*,#747,.F.);
#1032=ORIENTED_EDGE('',*,*,#782,.F.);
#1033=ORIENTED_EDGE('',*,*,#678,.F.);
#1034=ORIENTED_EDGE('',*,*,#739,.T.);
#1035=ORIENTED_EDGE('',*,*,#755,.T.);
#1036=ORIENTED_EDGE('',*,*,#783,.T.);
#1037=ORIENTED_EDGE('',*,*,#784,.F.);
#1038=ORIENTED_EDGE('',*,*,#785,.F.);
#1039=ORIENTED_EDGE('',*,*,#679,.T.);
#1040=ORIENTED_EDGE('',*,*,#782,.T.);
#1041=ORIENTED_EDGE('',*,*,#746,.T.);
#1042=ORIENTED_EDGE('',*,*,#744,.T.);
#1043=ORIENTED_EDGE('',*,*,#772,.F.);
#1044=ORIENTED_EDGE('',*,*,#779,.F.);
#1045=ORIENTED_EDGE('',*,*,#786,.F.);
#1046=ORIENTED_EDGE('',*,*,#787,.F.);
#1047=ORIENTED_EDGE('',*,*,#786,.T.);
#1048=ORIENTED_EDGE('',*,*,#778,.T.);
#1049=ORIENTED_EDGE('',*,*,#788,.T.);
#1050=ORIENTED_EDGE('',*,*,#789,.F.);
#1051=ORIENTED_EDGE('',*,*,#790,.F.);
#1052=ORIENTED_EDGE('',*,*,#791,.T.);
#1053=ORIENTED_EDGE('',*,*,#792,.F.);
#1054=ORIENTED_EDGE('',*,*,#736,.F.);
#1055=ORIENTED_EDGE('',*,*,#793,.F.);
#1056=ORIENTED_EDGE('',*,*,#752,.F.);
#1057=ORIENTED_EDGE('',*,*,#696,.T.);
#1058=ORIENTED_EDGE('',*,*,#794,.T.);
#1059=ORIENTED_EDGE('',*,*,#795,.T.);
#1060=ORIENTED_EDGE('',*,*,#796,.F.);
#1061=ORIENTED_EDGE('',*,*,#797,.F.);
#1062=ORIENTED_EDGE('',*,*,#753,.T.);
#1063=ORIENTED_EDGE('',*,*,#793,.T.);
#1064=ORIENTED_EDGE('',*,*,#735,.T.);
#1065=ORIENTED_EDGE('',*,*,#701,.T.);
#1066=ORIENTED_EDGE('',*,*,#714,.F.);
#1067=ORIENTED_EDGE('',*,*,#798,.F.);
#1068=ORIENTED_EDGE('',*,*,#794,.F.);
#1069=ORIENTED_EDGE('',*,*,#695,.T.);
#1070=ORIENTED_EDGE('',*,*,#725,.T.);
#1071=ORIENTED_EDGE('',*,*,#799,.F.);
#1072=ORIENTED_EDGE('',*,*,#800,.F.);
#1073=ORIENTED_EDGE('',*,*,#720,.F.);
#1074=ORIENTED_EDGE('',*,*,#801,.F.);
#1075=ORIENTED_EDGE('',*,*,#709,.F.);
#1076=ORIENTED_EDGE('',*,*,#733,.F.);
#1077=ORIENTED_EDGE('',*,*,#754,.T.);
#1078=ORIENTED_EDGE('',*,*,#797,.T.);
#1079=ORIENTED_EDGE('',*,*,#802,.F.);
#1080=ORIENTED_EDGE('',*,*,#783,.F.);
#1081=ORIENTED_EDGE('',*,*,#680,.T.);
#1082=ORIENTED_EDGE('',*,*,#785,.T.);
#1083=ORIENTED_EDGE('',*,*,#803,.F.);
#1084=ORIENTED_EDGE('',*,*,#804,.F.);
#1085=ORIENTED_EDGE('',*,*,#681,.T.);
#1086=ORIENTED_EDGE('',*,*,#804,.T.);
#1087=ORIENTED_EDGE('',*,*,#805,.F.);
#1088=ORIENTED_EDGE('',*,*,#806,.F.);
#1089=ORIENTED_EDGE('',*,*,#682,.T.);
#1090=ORIENTED_EDGE('',*,*,#806,.T.);
#1091=ORIENTED_EDGE('',*,*,#807,.F.);
#1092=ORIENTED_EDGE('',*,*,#659,.F.);
#1093=ORIENTED_EDGE('',*,*,#777,.T.);
#1094=ORIENTED_EDGE('',*,*,#661,.T.);
#1095=ORIENTED_EDGE('',*,*,#808,.F.);
#1096=ORIENTED_EDGE('',*,*,#788,.F.);
#1097=ORIENTED_EDGE('',*,*,#809,.T.);
#1098=ORIENTED_EDGE('',*,*,#790,.T.);
#1099=ORIENTED_EDGE('',*,*,#810,.F.);
#1100=ORIENTED_EDGE('',*,*,#711,.F.);
#1101=ORIENTED_EDGE('',*,*,#798,.T.);
#1102=ORIENTED_EDGE('',*,*,#713,.T.);
#1103=ORIENTED_EDGE('',*,*,#811,.F.);
#1104=ORIENTED_EDGE('',*,*,#795,.F.);
#1105=ORIENTED_EDGE('',*,*,#655,.T.);
#1106=ORIENTED_EDGE('',*,*,#781,.F.);
#1107=ORIENTED_EDGE('',*,*,#812,.T.);
#1108=ORIENTED_EDGE('',*,*,#813,.F.);
#1109=ORIENTED_EDGE('',*,*,#814,.F.);
#1110=ORIENTED_EDGE('',*,*,#656,.T.);
#1111=ORIENTED_EDGE('',*,*,#814,.T.);
#1112=ORIENTED_EDGE('',*,*,#815,.F.);
#1113=ORIENTED_EDGE('',*,*,#816,.F.);
#1114=ORIENTED_EDGE('',*,*,#657,.T.);
#1115=ORIENTED_EDGE('',*,*,#816,.T.);
#1116=ORIENTED_EDGE('',*,*,#817,.F.);
#1117=ORIENTED_EDGE('',*,*,#667,.F.);
#1118=ORIENTED_EDGE('',*,*,#649,.T.);
#1119=ORIENTED_EDGE('',*,*,#683,.T.);
#1120=ORIENTED_EDGE('',*,*,#669,.F.);
#1121=ORIENTED_EDGE('',*,*,#665,.T.);
#1122=ORIENTED_EDGE('',*,*,#818,.F.);
#1123=ORIENTED_EDGE('',*,*,#819,.F.);
#1124=ORIENTED_EDGE('',*,*,#670,.T.);
#1125=ORIENTED_EDGE('',*,*,#819,.T.);
#1126=ORIENTED_EDGE('',*,*,#820,.F.);
#1127=ORIENTED_EDGE('',*,*,#821,.F.);
#1128=ORIENTED_EDGE('',*,*,#671,.F.);
#1129=ORIENTED_EDGE('',*,*,#821,.T.);
#1130=ORIENTED_EDGE('',*,*,#822,.F.);
#1131=ORIENTED_EDGE('',*,*,#823,.F.);
#1132=ORIENTED_EDGE('',*,*,#672,.T.);
#1133=ORIENTED_EDGE('',*,*,#823,.T.);
#1134=ORIENTED_EDGE('',*,*,#824,.F.);
#1135=ORIENTED_EDGE('',*,*,#825,.F.);
#1136=ORIENTED_EDGE('',*,*,#673,.T.);
#1137=ORIENTED_EDGE('',*,*,#825,.T.);
#1138=ORIENTED_EDGE('',*,*,#826,.F.);
#1139=ORIENTED_EDGE('',*,*,#827,.F.);
#1140=ORIENTED_EDGE('',*,*,#674,.T.);
#1141=ORIENTED_EDGE('',*,*,#827,.T.);
#1142=ORIENTED_EDGE('',*,*,#828,.F.);
#1143=ORIENTED_EDGE('',*,*,#829,.F.);
#1144=ORIENTED_EDGE('',*,*,#675,.F.);
#1145=ORIENTED_EDGE('',*,*,#829,.T.);
#1146=ORIENTED_EDGE('',*,*,#830,.F.);
#1147=ORIENTED_EDGE('',*,*,#759,.F.);
#1148=ORIENTED_EDGE('',*,*,#750,.T.);
#1149=ORIENTED_EDGE('',*,*,#761,.T.);
#1150=ORIENTED_EDGE('',*,*,#831,.F.);
#1151=ORIENTED_EDGE('',*,*,#832,.F.);
#1152=ORIENTED_EDGE('',*,*,#698,.T.);
#1153=ORIENTED_EDGE('',*,*,#737,.F.);
#1154=ORIENTED_EDGE('',*,*,#792,.T.);
#1155=ORIENTED_EDGE('',*,*,#751,.F.);
#1156=ORIENTED_EDGE('',*,*,#832,.T.);
#1157=ORIENTED_EDGE('',*,*,#833,.F.);
#1158=ORIENTED_EDGE('',*,*,#731,.F.);
#1159=ORIENTED_EDGE('',*,*,#734,.F.);
#1160=ORIENTED_EDGE('',*,*,#689,.T.);
#1161=ORIENTED_EDGE('',*,*,#799,.T.);
#1162=ORIENTED_EDGE('',*,*,#724,.T.);
#1163=ORIENTED_EDGE('',*,*,#834,.F.);
#1164=ORIENTED_EDGE('',*,*,#835,.F.);
#1165=ORIENTED_EDGE('',*,*,#702,.T.);
#1166=ORIENTED_EDGE('',*,*,#800,.T.);
#1167=ORIENTED_EDGE('',*,*,#835,.T.);
#1168=ORIENTED_EDGE('',*,*,#836,.F.);
#1169=ORIENTED_EDGE('',*,*,#837,.F.);
#1170=ORIENTED_EDGE('',*,*,#703,.T.);
#1171=ORIENTED_EDGE('',*,*,#837,.T.);
#1172=ORIENTED_EDGE('',*,*,#838,.F.);
#1173=ORIENTED_EDGE('',*,*,#839,.F.);
#1174=ORIENTED_EDGE('',*,*,#704,.T.);
#1175=ORIENTED_EDGE('',*,*,#839,.T.);
#1176=ORIENTED_EDGE('',*,*,#840,.F.);
#1177=ORIENTED_EDGE('',*,*,#841,.F.);
#1178=ORIENTED_EDGE('',*,*,#705,.T.);
#1179=ORIENTED_EDGE('',*,*,#841,.T.);
#1180=ORIENTED_EDGE('',*,*,#842,.F.);
#1181=ORIENTED_EDGE('',*,*,#716,.F.);
#1182=ORIENTED_EDGE('',*,*,#738,.T.);
#1183=ORIENTED_EDGE('',*,*,#843,.F.);
#1184=ORIENTED_EDGE('',*,*,#718,.T.);
#1185=ORIENTED_EDGE('',*,*,#844,.F.);
#1186=ORIENTED_EDGE('',*,*,#768,.F.);
#1187=ORIENTED_EDGE('',*,*,#780,.T.);
#1188=ORIENTED_EDGE('',*,*,#770,.T.);
#1189=ORIENTED_EDGE('',*,*,#845,.F.);
#1190=ORIENTED_EDGE('',*,*,#812,.F.);
#1191=ORIENTED_EDGE('',*,*,#845,.T.);
#1192=ORIENTED_EDGE('',*,*,#769,.T.);
#1193=ORIENTED_EDGE('',*,*,#844,.T.);
#1194=ORIENTED_EDGE('',*,*,#717,.T.);
#1195=ORIENTED_EDGE('',*,*,#842,.T.);
#1196=ORIENTED_EDGE('',*,*,#840,.T.);
#1197=ORIENTED_EDGE('',*,*,#838,.T.);
#1198=ORIENTED_EDGE('',*,*,#836,.T.);
#1199=ORIENTED_EDGE('',*,*,#834,.T.);
#1200=ORIENTED_EDGE('',*,*,#723,.T.);
#1201=ORIENTED_EDGE('',*,*,#727,.T.);
#1202=ORIENTED_EDGE('',*,*,#729,.T.);
#1203=ORIENTED_EDGE('',*,*,#732,.T.);
#1204=ORIENTED_EDGE('',*,*,#833,.T.);
#1205=ORIENTED_EDGE('',*,*,#831,.T.);
#1206=ORIENTED_EDGE('',*,*,#760,.T.);
#1207=ORIENTED_EDGE('',*,*,#830,.T.);
#1208=ORIENTED_EDGE('',*,*,#828,.T.);
#1209=ORIENTED_EDGE('',*,*,#826,.T.);
#1210=ORIENTED_EDGE('',*,*,#824,.T.);
#1211=ORIENTED_EDGE('',*,*,#822,.T.);
#1212=ORIENTED_EDGE('',*,*,#820,.T.);
#1213=ORIENTED_EDGE('',*,*,#818,.T.);
#1214=ORIENTED_EDGE('',*,*,#664,.T.);
#1215=ORIENTED_EDGE('',*,*,#668,.T.);
#1216=ORIENTED_EDGE('',*,*,#817,.T.);
#1217=ORIENTED_EDGE('',*,*,#815,.T.);
#1218=ORIENTED_EDGE('',*,*,#813,.T.);
#1219=ORIENTED_EDGE('',*,*,#811,.T.);
#1220=ORIENTED_EDGE('',*,*,#712,.T.);
#1221=ORIENTED_EDGE('',*,*,#810,.T.);
#1222=ORIENTED_EDGE('',*,*,#789,.T.);
#1223=ORIENTED_EDGE('',*,*,#808,.T.);
#1224=ORIENTED_EDGE('',*,*,#660,.T.);
#1225=ORIENTED_EDGE('',*,*,#807,.T.);
#1226=ORIENTED_EDGE('',*,*,#805,.T.);
#1227=ORIENTED_EDGE('',*,*,#803,.T.);
#1228=ORIENTED_EDGE('',*,*,#784,.T.);
#1229=ORIENTED_EDGE('',*,*,#802,.T.);
#1230=ORIENTED_EDGE('',*,*,#796,.T.);
#1231=ORIENTED_EDGE('',*,*,#762,.T.);
#1232=ORIENTED_EDGE('',*,*,#773,.F.);
#1233=ORIENTED_EDGE('',*,*,#787,.T.);
#1234=ORIENTED_EDGE('',*,*,#791,.F.);
#1235=ORIENTED_EDGE('',*,*,#809,.F.);
#1236=ORIENTED_EDGE('',*,*,#710,.F.);
#1237=ORIENTED_EDGE('',*,*,#801,.T.);
#1238=ORIENTED_EDGE('',*,*,#719,.F.);
#1239=ORIENTED_EDGE('',*,*,#843,.T.);
#1240=ORIENTED_EDGE('',*,*,#767,.F.);
#1241=ORIENTED_EDGE('',*,*,#765,.T.);
#1242=CYLINDRICAL_SURFACE('',#1336,1.6);
#1243=CYLINDRICAL_SURFACE('',#1351,1.6);
#1244=CYLINDRICAL_SURFACE('',#1357,1.6);
#1245=CYLINDRICAL_SURFACE('',#1369,2.3);
#1246=CYLINDRICAL_SURFACE('',#1376,2.3);
#1247=CYLINDRICAL_SURFACE('',#1380,2.3);
#1248=CYLINDRICAL_SURFACE('',#1382,1.6);
#1249=CYLINDRICAL_SURFACE('',#1383,1.6);
#1250=CYLINDRICAL_SURFACE('',#1384,1.6);
#1251=CYLINDRICAL_SURFACE('',#1386,1.6);
#1252=CYLINDRICAL_SURFACE('',#1389,12.2965164003523);
#1253=CYLINDRICAL_SURFACE('',#1395,1.78563658381612);
#1254=CYLINDRICAL_SURFACE('',#1400,1.78563658381612);
#1255=ADVANCED_FACE('',(#113),#1242,.F.);
#1256=ADVANCED_FACE('',(#114),#72,.T.);
#1257=ADVANCED_FACE('',(#115),#73,.T.);
#1258=ADVANCED_FACE('',(#116),#74,.T.);
#1259=ADVANCED_FACE('',(#117),#75,.F.);
#1260=ADVANCED_FACE('',(#118),#76,.F.);
#1261=ADVANCED_FACE('',(#119),#77,.F.);
#1262=ADVANCED_FACE('',(#120),#1243,.F.);
#1263=ADVANCED_FACE('',(#121),#78,.T.);
#1264=ADVANCED_FACE('',(#122),#1244,.F.);
#1265=ADVANCED_FACE('',(#123),#16,.T.);
#1266=ADVANCED_FACE('',(#124),#17,.T.);
#1267=ADVANCED_FACE('',(#125),#79,.T.);
#1268=ADVANCED_FACE('',(#126),#80,.T.);
#1269=ADVANCED_FACE('',(#127),#81,.T.);
#1270=ADVANCED_FACE('',(#128),#82,.T.);
#1271=ADVANCED_FACE('',(#129),#83,.F.);
#1272=ADVANCED_FACE('',(#130),#84,.F.);
#1273=ADVANCED_FACE('',(#131),#85,.F.);
#1274=ADVANCED_FACE('',(#132),#86,.F.);
#1275=ADVANCED_FACE('',(#133),#1245,.F.);
#1276=ADVANCED_FACE('',(#134),#87,.F.);
#1277=ADVANCED_FACE('',(#135),#88,.F.);
#1278=ADVANCED_FACE('',(#136),#89,.F.);
#1279=ADVANCED_FACE('',(#137),#18,.T.);
#1280=ADVANCED_FACE('',(#138),#90,.T.);
#1281=ADVANCED_FACE('',(#139),#1246,.F.);
#1282=ADVANCED_FACE('',(#140),#19,.T.);
#1283=ADVANCED_FACE('',(#141),#91,.F.);
#1284=ADVANCED_FACE('',(#142),#1247,.F.);
#1285=ADVANCED_FACE('',(#143),#92,.F.);
#1286=ADVANCED_FACE('',(#144),#1248,.F.);
#1287=ADVANCED_FACE('',(#145),#20,.T.);
#1288=ADVANCED_FACE('',(#146),#1249,.F.);
#1289=ADVANCED_FACE('',(#147),#21,.T.);
#1290=ADVANCED_FACE('',(#148),#1250,.F.);
#1291=ADVANCED_FACE('',(#149),#22,.T.);
#1292=ADVANCED_FACE('',(#150),#93,.F.);
#1293=ADVANCED_FACE('',(#151),#1251,.F.);
#1294=ADVANCED_FACE('',(#152),#94,.T.);
#1295=ADVANCED_FACE('',(#153),#23,.T.);
#1296=ADVANCED_FACE('',(#154),#95,.T.);
#1297=ADVANCED_FACE('',(#155),#1252,.T.);
#1298=ADVANCED_FACE('',(#156),#24,.T.);
#1299=ADVANCED_FACE('',(#157),#96,.T.);
#1300=ADVANCED_FACE('',(#158),#97,.T.);
#1301=ADVANCED_FACE('',(#159),#98,.T.);
#1302=ADVANCED_FACE('',(#160),#99,.T.);
#1303=ADVANCED_FACE('',(#161),#1253,.T.);
#1304=ADVANCED_FACE('',(#162),#25,.T.);
#1305=ADVANCED_FACE('',(#163),#100,.T.);
#1306=ADVANCED_FACE('',(#164),#101,.T.);
#1307=ADVANCED_FACE('',(#165),#1254,.T.);
#1308=ADVANCED_FACE('',(#166),#102,.T.);
#1309=ADVANCED_FACE('',(#167),#103,.T.);
#1310=ADVANCED_FACE('',(#168),#104,.T.);
#1311=ADVANCED_FACE('',(#169),#26,.T.);
#1312=ADVANCED_FACE('',(#170),#27,.T.);
#1313=ADVANCED_FACE('',(#171),#105,.T.);
#1314=ADVANCED_FACE('',(#172),#106,.T.);
#1315=ADVANCED_FACE('',(#173),#107,.T.);
#1316=ADVANCED_FACE('',(#174),#108,.T.);
#1317=ADVANCED_FACE('',(#175),#109,.T.);
#1318=ADVANCED_FACE('',(#176),#28,.T.);
#1319=ADVANCED_FACE('',(#177),#110,.T.);
#1320=ADVANCED_FACE('',(#178,#15),#111,.T.);
#1321=ADVANCED_FACE('',(#179),#112,.F.);
#1322=CLOSED_SHELL('',(#1255,#1256,#1257,#1258,#1259,#1260,#1261,#1262,
#1263,#1264,#1265,#1266,#1267,#1268,#1269,#1270,#1271,#1272,#1273,#1274,
#1275,#1276,#1277,#1278,#1279,#1280,#1281,#1282,#1283,#1284,#1285,#1286,
#1287,#1288,#1289,#1290,#1291,#1292,#1293,#1294,#1295,#1296,#1297,#1298,
#1299,#1300,#1301,#1302,#1303,#1304,#1305,#1306,#1307,#1308,#1309,#1310,
#1311,#1312,#1313,#1314,#1315,#1316,#1317,#1318,#1319,#1320,#1321));
#1323=DERIVED_UNIT_ELEMENT(#1325,1.);
#1324=DERIVED_UNIT_ELEMENT(#4205,-3.);
#1325=(
MASS_UNIT()
NAMED_UNIT(*)
SI_UNIT(.KILO.,.GRAM.)
);
#1326=DERIVED_UNIT((#1323,#1324));
#1327=MEASURE_REPRESENTATION_ITEM('density measure',
POSITIVE_RATIO_MEASURE(7850.),#1326);
#1328=PROPERTY_DEFINITION_REPRESENTATION(#1333,#1330);
#1329=PROPERTY_DEFINITION_REPRESENTATION(#1334,#1331);
#1330=REPRESENTATION('material name',(#1332),#4202);
#1331=REPRESENTATION('density',(#1327),#4202);
#1332=DESCRIPTIVE_REPRESENTATION_ITEM('Steel','Steel');
#1333=PROPERTY_DEFINITION('material property','material name',#4212);
#1334=PROPERTY_DEFINITION('material property','density of part',#4212);
#1335=AXIS2_PLACEMENT_3D('',#1682,#1413,#1414);
#1336=AXIS2_PLACEMENT_3D('',#1683,#1415,#1416);
#1337=AXIS2_PLACEMENT_3D('',#1699,#1419,#1420);
#1338=AXIS2_PLACEMENT_3D('',#1703,#1422,#1423);
#1339=AXIS2_PLACEMENT_3D('',#1707,#1425,#1426);
#1340=AXIS2_PLACEMENT_3D('',#1730,#1428,#1429);
#1341=AXIS2_PLACEMENT_3D('',#1740,#1435,#1436);
#1342=AXIS2_PLACEMENT_3D('',#1748,#1441,#1442);
#1343=AXIS2_PLACEMENT_3D('',#1752,#1445,#1446);
#1344=AXIS2_PLACEMENT_3D('',#1754,#1447,#1448);
#1345=AXIS2_PLACEMENT_3D('',#1760,#1451,#1452);
#1346=AXIS2_PLACEMENT_3D('',#1832,#1459,#1460);
#1347=AXIS2_PLACEMENT_3D('',#1833,#1461,#1462);
#1348=AXIS2_PLACEMENT_3D('',#1834,#1463,#1464);
#1349=AXIS2_PLACEMENT_3D('',#1835,#1465,#1466);
#1350=AXIS2_PLACEMENT_3D('',#1840,#1468,#1469);
#1351=AXIS2_PLACEMENT_3D('',#1845,#1470,#1471);
#1352=AXIS2_PLACEMENT_3D('',#1850,#1473,#1474);
#1353=AXIS2_PLACEMENT_3D('',#1877,#1476,#1477);
#1354=AXIS2_PLACEMENT_3D('',#1879,#1478,#1479);
#1355=AXIS2_PLACEMENT_3D('',#1883,#1481,#1482);
#1356=AXIS2_PLACEMENT_3D('',#1918,#1484,#1485);
#1357=AXIS2_PLACEMENT_3D('',#1925,#1487,#1488);
#1358=AXIS2_PLACEMENT_3D('',#1964,#1491,#1492);
#1359=AXIS2_PLACEMENT_3D('',#1968,#1494,#1495);
#1360=AXIS2_PLACEMENT_3D('',#1970,#1496,#1497);
#1361=AXIS2_PLACEMENT_3D('',#2429,#1503,#1504);
#1362=AXIS2_PLACEMENT_3D('',#2437,#1509,#1510);
#1363=AXIS2_PLACEMENT_3D('',#2441,#1513,#1514);
#1364=AXIS2_PLACEMENT_3D('',#2445,#1517,#1518);
#1365=AXIS2_PLACEMENT_3D('',#2451,#1522,#1523);
#1366=AXIS2_PLACEMENT_3D('',#2453,#1525,#1526);
#1367=AXIS2_PLACEMENT_3D('',#2461,#1527,#1528);
#1368=AXIS2_PLACEMENT_3D('',#2487,#1530,#1531);
#1369=AXIS2_PLACEMENT_3D('',#2489,#1533,#1534);
#1370=AXIS2_PLACEMENT_3D('',#2513,#1535,#1536);
#1371=AXIS2_PLACEMENT_3D('',#2548,#1539,#1540);
#1372=AXIS2_PLACEMENT_3D('',#2555,#1542,#1543);
#1373=AXIS2_PLACEMENT_3D('',#2572,#1545,#1546);
#1374=AXIS2_PLACEMENT_3D('',#2889,#1551,#1552);
#1375=AXIS2_PLACEMENT_3D('',#2894,#1554,#1555);
#1376=AXIS2_PLACEMENT_3D('',#2899,#1556,#1557);
#1377=AXIS2_PLACEMENT_3D('',#3118,#1561,#1562);
#1378=AXIS2_PLACEMENT_3D('',#3120,#1563,#1564);
#1379=AXIS2_PLACEMENT_3D('',#3121,#1565,#1566);
#1380=AXIS2_PLACEMENT_3D('',#3122,#1567,#1568);
#1381=AXIS2_PLACEMENT_3D('',#3124,#1570,#1571);
#1382=AXIS2_PLACEMENT_3D('',#3164,#1575,#1576);
#1383=AXIS2_PLACEMENT_3D('',#3274,#1579,#1580);
#1384=AXIS2_PLACEMENT_3D('',#3409,#1584,#1585);
#1385=AXIS2_PLACEMENT_3D('',#3637,#1588,#1589);
#1386=AXIS2_PLACEMENT_3D('',#3642,#1593,#1594);
#1387=AXIS2_PLACEMENT_3D('',#3644,#1596,#1597);
#1388=AXIS2_PLACEMENT_3D('',#3723,#1600,#1601);
#1389=AXIS2_PLACEMENT_3D('',#3727,#1604,#1605);
#1390=AXIS2_PLACEMENT_3D('',#3728,#1606,#1607);
#1391=AXIS2_PLACEMENT_3D('',#3804,#1608,#1609);
#1392=AXIS2_PLACEMENT_3D('',#3807,#1612,#1613);
#1393=AXIS2_PLACEMENT_3D('',#3809,#1615,#1616);
#1394=AXIS2_PLACEMENT_3D('',#3815,#1620,#1621);
#1395=AXIS2_PLACEMENT_3D('',#3819,#1624,#1625);
#1396=AXIS2_PLACEMENT_3D('',#3820,#1626,#1627);
#1397=AXIS2_PLACEMENT_3D('',#3832,#1628,#1629);
#1398=AXIS2_PLACEMENT_3D('',#3834,#1631,#1632);
#1399=AXIS2_PLACEMENT_3D('',#3838,#1635,#1636);
#1400=AXIS2_PLACEMENT_3D('',#3842,#1639,#1640);
#1401=AXIS2_PLACEMENT_3D('',#3844,#1641,#1642);
#1402=AXIS2_PLACEMENT_3D('',#3846,#1644,#1645);
#1403=AXIS2_PLACEMENT_3D('',#3850,#1648,#1649);
#1404=AXIS2_PLACEMENT_3D('',#3854,#1652,#1653);
#1405=AXIS2_PLACEMENT_3D('',#4038,#1656,#1657);
#1406=AXIS2_PLACEMENT_3D('',#4042,#1660,#1661);
#1407=AXIS2_PLACEMENT_3D('',#4046,#1664,#1665);
#1408=AXIS2_PLACEMENT_3D('',#4050,#1668,#1669);
#1409=AXIS2_PLACEMENT_3D('',#4054,#1672,#1673);
#1410=AXIS2_PLACEMENT_3D('',#4196,#1675,#1676);
#1411=AXIS2_PLACEMENT_3D('',#4198,#1678,#1679);
#1412=AXIS2_PLACEMENT_3D('',#4199,#1680,#1681);
#1413=DIRECTION('axis',(0.,0.,1.));
#1414=DIRECTION('refdir',(1.,0.,0.));
#1415=DIRECTION('center_axis',(0.,1.,0.));
#1416=DIRECTION('ref_axis',(1.,0.,0.));
#1417=DIRECTION('',(0.,-1.,0.));
#1418=DIRECTION('',(0.,-1.,0.));
#1419=DIRECTION('center_axis',(0.,1.,0.));
#1420=DIRECTION('ref_axis',(1.,0.,0.));
#1421=DIRECTION('',(0.,-1.,0.));
#1422=DIRECTION('center_axis',(4.94910437505326E-16,-1.,0.));
#1423=DIRECTION('ref_axis',(1.,0.,0.));
#1424=DIRECTION('',(0.,1.,0.));
#1425=DIRECTION('center_axis',(0.,1.,0.));
#1426=DIRECTION('ref_axis',(1.,0.,0.));
#1427=DIRECTION('',(0.,1.,0.));
#1428=DIRECTION('center_axis',(-4.94910437505326E-16,1.,0.));
#1429=DIRECTION('ref_axis',(-1.,-4.94910437505326E-16,0.));
#1430=DIRECTION('',(-1.,-4.94910437505326E-16,0.));
#1431=DIRECTION('',(0.,0.,1.));
#1432=DIRECTION('',(-1.,-4.94910437505326E-16,0.));
#1433=DIRECTION('',(0.,0.,1.));
#1434=DIRECTION('',(-1.,-4.94910437505326E-16,0.));
#1435=DIRECTION('center_axis',(0.,-1.,0.));
#1436=DIRECTION('ref_axis',(1.,0.,0.));
#1437=DIRECTION('',(0.,0.,1.));
#1438=DIRECTION('',(1.,0.,0.));
#1439=DIRECTION('',(0.,0.,1.));
#1440=DIRECTION('',(-1.,0.,0.));
#1441=DIRECTION('center_axis',(-1.,0.,0.));
#1442=DIRECTION('ref_axis',(0.,-1.,0.));
#1443=DIRECTION('',(0.,0.,1.));
#1444=DIRECTION('',(0.,-1.,0.));
#1445=DIRECTION('center_axis',(0.,0.,1.));
#1446=DIRECTION('ref_axis',(1.,0.,0.));
#1447=DIRECTION('center_axis',(0.,0.,1.));
#1448=DIRECTION('ref_axis',(-1.,0.,0.));
#1449=DIRECTION('',(-1.,0.,0.));
#1450=DIRECTION('',(0.,1.,0.));
#1451=DIRECTION('center_axis',(0.,0.,1.));
#1452=DIRECTION('ref_axis',(0.988443832936265,-0.151587562584349,0.));
#1453=DIRECTION('',(0.,1.,0.));
#1454=DIRECTION('',(-1.,0.,0.));
#1455=DIRECTION('',(0.706678362413211,-0.707534940548509,0.));
#1456=DIRECTION('',(-1.,0.,0.));
#1457=DIRECTION('',(0.,1.,0.));
#1458=DIRECTION('',(1.,-4.94910437505326E-16,0.));
#1459=DIRECTION('center_axis',(0.,0.,1.));
#1460=DIRECTION('ref_axis',(-1.,0.,0.));
#1461=DIRECTION('center_axis',(0.,0.,1.));
#1462=DIRECTION('ref_axis',(1.,0.,0.));
#1463=DIRECTION('center_axis',(0.,0.,1.));
#1464=DIRECTION('ref_axis',(-0.409167934807001,0.912459095590467,0.));
#1465=DIRECTION('center_axis',(0.,1.,0.));
#1466=DIRECTION('ref_axis',(1.,0.,0.));
#1467=DIRECTION('',(-1.,0.,0.));
#1468=DIRECTION('center_axis',(0.,1.,0.));
#1469=DIRECTION('ref_axis',(1.,0.,0.));
#1470=DIRECTION('center_axis',(0.,1.,0.));
#1471=DIRECTION('ref_axis',(1.,0.,0.));
#1472=DIRECTION('',(0.,1.,0.));
#1473=DIRECTION('center_axis',(0.,-1.,0.));
#1474=DIRECTION('ref_axis',(1.,0.,0.));
#1475=DIRECTION('',(0.,-1.,0.));
#1476=DIRECTION('center_axis',(0.,-1.,0.));
#1477=DIRECTION('ref_axis',(1.,0.,0.));
#1478=DIRECTION('center_axis',(-0.565674060718275,-0.824628920806503,0.));
#1479=DIRECTION('ref_axis',(0.824628920806503,-0.565674060718275,0.));
#1480=DIRECTION('',(0.,1.,0.));
#1481=DIRECTION('center_axis',(0.,-1.,0.));
#1482=DIRECTION('ref_axis',(1.,0.,0.));
#1483=DIRECTION('',(0.,1.,0.));
#1484=DIRECTION('center_axis',(0.,1.,0.));
#1485=DIRECTION('ref_axis',(1.,0.,0.));
#1486=DIRECTION('',(1.,0.,0.));
#1487=DIRECTION('center_axis',(0.,1.,0.));
#1488=DIRECTION('ref_axis',(1.,0.,0.));
#1489=DIRECTION('',(0.,1.,0.));
#1490=DIRECTION('',(0.,1.,0.));
#1491=DIRECTION('center_axis',(0.,1.,0.));
#1492=DIRECTION('ref_axis',(1.,0.,0.));
#1493=DIRECTION('',(0.,1.,0.));
#1494=DIRECTION('center_axis',(-0.565674060718275,0.824628920806503,0.));
#1495=DIRECTION('ref_axis',(0.824628920806503,0.565674060718275,0.));
#1496=DIRECTION('center_axis',(0.,1.,0.));
#1497=DIRECTION('ref_axis',(1.,0.,0.));
#1498=DIRECTION('',(0.,-1.,0.));
#1499=DIRECTION('',(0.,0.,1.));
#1500=DIRECTION('',(0.,0.,1.));
#1501=DIRECTION('',(0.,0.,1.));
#1502=DIRECTION('',(0.,0.,1.));
#1503=DIRECTION('center_axis',(0.,1.,0.));
#1504=DIRECTION('ref_axis',(-1.,0.,0.));
#1505=DIRECTION('',(0.,0.,1.));
#1506=DIRECTION('',(-1.,0.,0.));
#1507=DIRECTION('',(0.,0.,1.));
#1508=DIRECTION('',(1.,0.,0.));
#1509=DIRECTION('center_axis',(1.,0.,0.));
#1510=DIRECTION('ref_axis',(0.,1.,0.));
#1511=DIRECTION('',(0.,0.,1.));
#1512=DIRECTION('',(0.,1.,0.));
#1513=DIRECTION('center_axis',(0.565674060718275,0.824628920806503,0.));
#1514=DIRECTION('ref_axis',(-0.824628920806503,0.565674060718275,0.));
#1515=DIRECTION('',(0.,0.,1.));
#1516=DIRECTION('',(-0.824628920806503,0.565674060718275,0.));
#1517=DIRECTION('center_axis',(0.,1.,0.));
#1518=DIRECTION('ref_axis',(-1.,0.,0.));
#1519=DIRECTION('',(1.,0.,0.));
#1520=DIRECTION('',(0.,0.,1.));
#1521=DIRECTION('',(-1.,0.,0.));
#1522=DIRECTION('center_axis',(0.,0.,1.));
#1523=DIRECTION('ref_axis',(1.,0.,0.));
#1524=DIRECTION('',(0.,-1.,0.));
#1525=DIRECTION('center_axis',(0.,0.,1.));
#1526=DIRECTION('ref_axis',(1.,0.,0.));
#1527=DIRECTION('center_axis',(0.,0.,1.));
#1528=DIRECTION('ref_axis',(1.,0.,0.));
#1529=DIRECTION('',(0.,-1.,0.));
#1530=DIRECTION('center_axis',(0.,0.,1.));
#1531=DIRECTION('ref_axis',(1.,0.,0.));
#1532=DIRECTION('',(1.,0.,0.));
#1533=DIRECTION('center_axis',(0.,-1.,0.));
#1534=DIRECTION('ref_axis',(1.,0.,0.));
#1535=DIRECTION('center_axis',(0.,1.,0.));
#1536=DIRECTION('ref_axis',(1.,0.,0.));
#1537=DIRECTION('',(0.,1.,0.));
#1538=DIRECTION('',(0.,-1.,0.));
#1539=DIRECTION('center_axis',(0.,1.,0.));
#1540=DIRECTION('ref_axis',(1.,0.,0.));
#1541=DIRECTION('',(-1.,0.,0.));
#1542=DIRECTION('center_axis',(0.,0.,1.));
#1543=DIRECTION('ref_axis',(1.,0.,0.));
#1544=DIRECTION('',(0.,-1.,0.));
#1545=DIRECTION('center_axis',(0.,0.,1.));
#1546=DIRECTION('ref_axis',(1.,0.,0.));
#1547=DIRECTION('',(0.,1.,0.));
#1548=DIRECTION('',(-1.,0.,0.));
#1549=DIRECTION('',(0.,0.,1.));
#1550=DIRECTION('',(0.,0.,1.));
#1551=DIRECTION('center_axis',(0.,1.,0.));
#1552=DIRECTION('ref_axis',(1.,0.,0.));
#1553=DIRECTION('',(1.,0.,0.));
#1554=DIRECTION('center_axis',(0.,-1.,0.));
#1555=DIRECTION('ref_axis',(1.,0.,0.));
#1556=DIRECTION('center_axis',(0.,-1.,0.));
#1557=DIRECTION('ref_axis',(1.,0.,0.));
#1558=DIRECTION('',(0.,-1.,0.));
#1559=DIRECTION('',(0.,0.,1.));
#1560=DIRECTION('',(0.,0.,1.));
#1561=DIRECTION('center_axis',(0.,1.,0.));
#1562=DIRECTION('ref_axis',(1.,0.,0.));
#1563=DIRECTION('center_axis',(0.,1.,0.));
#1564=DIRECTION('ref_axis',(1.,0.,0.));
#1565=DIRECTION('center_axis',(0.,-1.,0.));
#1566=DIRECTION('ref_axis',(1.,0.,0.));
#1567=DIRECTION('center_axis',(0.,1.,0.));
#1568=DIRECTION('ref_axis',(1.,0.,0.));
#1569=DIRECTION('',(0.,-1.,0.));
#1570=DIRECTION('center_axis',(0.,0.,1.));
#1571=DIRECTION('ref_axis',(1.,0.,0.));
#1572=DIRECTION('',(0.,1.,0.));
#1573=DIRECTION('',(0.706678362413211,0.707534940548509,0.));
#1574=DIRECTION('',(-1.,0.,0.));
#1575=DIRECTION('center_axis',(0.,1.,0.));
#1576=DIRECTION('ref_axis',(1.,0.,0.));
#1577=DIRECTION('',(0.,0.,1.));
#1578=DIRECTION('',(0.,0.,1.));
#1579=DIRECTION('center_axis',(0.,1.,0.));
#1580=DIRECTION('ref_axis',(1.,0.,0.));
#1581=DIRECTION('',(0.,-1.,0.));
#1582=DIRECTION('',(0.,0.,1.));
#1583=DIRECTION('',(0.,0.,1.));
#1584=DIRECTION('center_axis',(0.,1.,0.));
#1585=DIRECTION('ref_axis',(1.,0.,0.));
#1586=DIRECTION('',(0.,0.,1.));
#1587=DIRECTION('',(0.,0.,1.));
#1588=DIRECTION('center_axis',(0.,0.,1.));
#1589=DIRECTION('ref_axis',(1.,0.,0.));
#1590=DIRECTION('',(0.,1.,0.));
#1591=DIRECTION('',(0.,-1.,0.));
#1592=DIRECTION('',(1.,0.,0.));
#1593=DIRECTION('center_axis',(0.,1.,0.));
#1594=DIRECTION('ref_axis',(1.,0.,0.));
#1595=DIRECTION('',(0.,1.,0.));
#1596=DIRECTION('center_axis',(0.,1.,0.));
#1597=DIRECTION('ref_axis',(-1.,0.,0.));
#1598=DIRECTION('',(-1.,0.,0.));
#1599=DIRECTION('',(0.,0.,1.));
#1600=DIRECTION('center_axis',(-4.94910437505326E-16,-1.,0.));
#1601=DIRECTION('ref_axis',(1.,-4.94910437505326E-16,0.));
#1602=DIRECTION('',(1.,-4.94910437505326E-16,0.));
#1603=DIRECTION('',(0.,0.,1.));
#1604=DIRECTION('center_axis',(0.,0.,1.));
#1605=DIRECTION('ref_axis',(-1.,0.,0.));
#1606=DIRECTION('center_axis',(0.,0.,1.));
#1607=DIRECTION('ref_axis',(-1.,0.,0.));
#1608=DIRECTION('center_axis',(0.,-1.,0.));
#1609=DIRECTION('ref_axis',(1.,0.,0.));
#1610=DIRECTION('',(1.,0.,0.));
#1611=DIRECTION('',(1.,0.,0.));
#1612=DIRECTION('center_axis',(1.,0.,0.));
#1613=DIRECTION('ref_axis',(0.,1.,0.));
#1614=DIRECTION('',(0.,1.,0.));
#1615=DIRECTION('center_axis',(0.,-1.,0.));
#1616=DIRECTION('ref_axis',(1.,0.,0.));
#1617=DIRECTION('',(0.,0.,1.));
#1618=DIRECTION('',(1.,0.,0.));
#1619=DIRECTION('',(0.,0.,1.));
#1620=DIRECTION('center_axis',(1.,0.,0.));
#1621=DIRECTION('ref_axis',(0.,1.,0.));
#1622=DIRECTION('',(0.,1.,0.));
#1623=DIRECTION('',(0.,0.,1.));
#1624=DIRECTION('center_axis',(0.,0.,1.));
#1625=DIRECTION('ref_axis',(-0.605754871405576,-0.795651328012726,0.));
#1626=DIRECTION('center_axis',(0.,0.,1.));
#1627=DIRECTION('ref_axis',(-0.409167934807001,0.912459095590467,0.));
#1628=DIRECTION('center_axis',(0.,0.,-1.));
#1629=DIRECTION('ref_axis',(-1.,0.,0.));
#1630=DIRECTION('',(0.,0.,1.));
#1631=DIRECTION('center_axis',(0.,1.,0.));
#1632=DIRECTION('ref_axis',(-1.,0.,0.));
#1633=DIRECTION('',(-1.,0.,0.));
#1634=DIRECTION('',(0.,0.,1.));
#1635=DIRECTION('center_axis',(-1.,0.,0.));
#1636=DIRECTION('ref_axis',(0.,-1.,0.));
#1637=DIRECTION('',(0.,-1.,0.));
#1638=DIRECTION('',(0.,0.,1.));
#1639=DIRECTION('center_axis',(0.,0.,1.));
#1640=DIRECTION('ref_axis',(-0.605754871405576,0.795651328012726,0.));
#1641=DIRECTION('center_axis',(0.,0.,1.));
#1642=DIRECTION('ref_axis',(0.988443832936265,-0.151587562584349,0.));
#1643=DIRECTION('',(0.,0.,1.));
#1644=DIRECTION('center_axis',(1.,0.,0.));
#1645=DIRECTION('ref_axis',(0.,1.,0.));
#1646=DIRECTION('',(0.,1.,0.));
#1647=DIRECTION('',(0.,0.,1.));
#1648=DIRECTION('center_axis',(0.,1.,0.));
#1649=DIRECTION('ref_axis',(-1.,0.,0.));
#1650=DIRECTION('',(-1.,0.,0.));
#1651=DIRECTION('',(0.,0.,1.));
#1652=DIRECTION('center_axis',(0.707534940548509,0.706678362413211,0.));
#1653=DIRECTION('ref_axis',(-0.706678362413211,0.707534940548509,0.));
#1654=DIRECTION('',(-0.706678362413211,0.707534940548509,0.));
#1655=DIRECTION('',(0.,0.,1.));
#1656=DIRECTION('center_axis',(-1.,0.,0.));
#1657=DIRECTION('ref_axis',(0.,-1.,0.));
#1658=DIRECTION('',(0.,-1.,0.));
#1659=DIRECTION('',(0.,0.,1.));
#1660=DIRECTION('center_axis',(0.,-1.,0.));
#1661=DIRECTION('ref_axis',(1.,0.,0.));
#1662=DIRECTION('',(1.,0.,0.));
#1663=DIRECTION('',(0.,0.,1.));
#1664=DIRECTION('center_axis',(1.,0.,0.));
#1665=DIRECTION('ref_axis',(0.,1.,0.));
#1666=DIRECTION('',(0.,1.,0.));
#1667=DIRECTION('',(0.,0.,1.));
#1668=DIRECTION('center_axis',(0.565674060718275,-0.824628920806503,0.));
#1669=DIRECTION('ref_axis',(0.824628920806503,0.565674060718275,0.));
#1670=DIRECTION('',(0.824628920806503,0.565674060718275,0.));
#1671=DIRECTION('',(0.,0.,1.));
#1672=DIRECTION('center_axis',(0.,-1.,0.));
#1673=DIRECTION('ref_axis',(1.,0.,0.));
#1674=DIRECTION('',(1.,0.,0.));
#1675=DIRECTION('center_axis',(0.707534940548509,-0.706678362413211,0.));
#1676=DIRECTION('ref_axis',(0.706678362413211,0.707534940548509,0.));
#1677=DIRECTION('',(0.706678362413211,0.707534940548509,0.));
#1678=DIRECTION('center_axis',(0.,0.,1.));
#1679=DIRECTION('ref_axis',(1.,0.,0.));
#1680=DIRECTION('center_axis',(0.,0.,1.));
#1681=DIRECTION('ref_axis',(1.,0.,0.));
#1682=CARTESIAN_POINT('',(0.,0.,0.));
#1683=CARTESIAN_POINT('Origin',(52.245,14.64,0.));
#1684=CARTESIAN_POINT('',(50.645,5.68839478953107,0.));
#1685=CARTESIAN_POINT('',(50.645,2.85296592448227,0.));
#1686=CARTESIAN_POINT('',(50.645,14.64,0.));
#1687=CARTESIAN_POINT('',(51.0000007599592,5.90000069932878,1.00497606553484));
#1688=CARTESIAN_POINT('Ctrl Pts',(51.0000007599592,5.90000069932878,1.00497606553484));
#1689=CARTESIAN_POINT('Ctrl Pts',(50.9807092209226,5.89134992339261,0.981077037226093));
#1690=CARTESIAN_POINT('Ctrl Pts',(50.9623515127723,5.88270629835062,0.956923990846822));
#1691=CARTESIAN_POINT('Ctrl Pts',(50.8543144994291,5.82977117875949,0.806332389312151));
#1692=CARTESIAN_POINT('Ctrl Pts',(50.7757446295199,5.78088553996353,0.655719770230441));
#1693=CARTESIAN_POINT('Ctrl Pts',(50.6710303718878,5.7093519965411,0.333614151128137));
#1694=CARTESIAN_POINT('Ctrl Pts',(50.645,5.68839478953107,0.16171097276547));
#1695=CARTESIAN_POINT('Ctrl Pts',(50.645,5.68839478953107,6.93889390390723E-17));
#1696=CARTESIAN_POINT('',(51.0000007599592,10.0000001490116,1.00497606553484));
#1697=CARTESIAN_POINT('',(51.0000007599592,14.64,1.00497606553484));
#1698=CARTESIAN_POINT('',(50.645,10.0000001490116,0.));
#1699=CARTESIAN_POINT('Origin',(52.245,10.0000001490116,0.));
#1700=CARTESIAN_POINT('',(50.645,12.2965164003523,0.));
#1701=CARTESIAN_POINT('',(50.645,14.64,0.));
#1702=CARTESIAN_POINT('',(53.845,12.2965164003523,0.));
#1703=CARTESIAN_POINT('Origin',(52.245,12.2965164003523,0.));
#1704=CARTESIAN_POINT('',(53.845,10.0000001490116,0.));
#1705=CARTESIAN_POINT('',(53.845,14.64,0.));
#1706=CARTESIAN_POINT('',(53.4956274624135,10.0000001490116,0.99796340126135));
#1707=CARTESIAN_POINT('Origin',(52.245,10.0000001490116,0.));
#1708=CARTESIAN_POINT('',(53.4956274624135,4.00000005960464,0.99796340126135));
#1709=CARTESIAN_POINT('',(53.4956274624135,14.64,0.99796340126135));
#1710=CARTESIAN_POINT('Ctrl Pts',(50.645,2.85296592448227,3.12250225675825E-16));
#1711=CARTESIAN_POINT('Ctrl Pts',(50.645,2.85296592448227,0.16171097276547));
#1712=CARTESIAN_POINT('Ctrl Pts',(50.6710303718878,2.83200871747223,0.333614151128136));
#1713=CARTESIAN_POINT('Ctrl Pts',(50.7757446295199,2.7604751740498,0.65571977023044));
#1714=CARTESIAN_POINT('Ctrl Pts',(50.8543144994291,2.71158953525384,0.80633238931215));
#1715=CARTESIAN_POINT('Ctrl Pts',(51.0355024021998,2.62281252259092,1.05888820895771));
#1716=CARTESIAN_POINT('Ctrl Pts',(51.1530771104201,2.57521755275059,1.18169784427472));
#1717=CARTESIAN_POINT('Ctrl Pts',(51.4247823423255,2.50585275884441,1.38417793750934));
#1718=CARTESIAN_POINT('Ctrl Pts',(51.5791515800224,2.48491173826289,1.46381107627135));
#1719=CARTESIAN_POINT('Ctrl Pts',(51.8849586905617,2.48517694395203,1.5672861387076));
#1720=CARTESIAN_POINT('Ctrl Pts',(52.0558143428666,2.50657608718886,1.59728603023853));
#1721=CARTESIAN_POINT('Ctrl Pts',(52.3851014245855,2.60050873309679,1.60233750044679));
#1722=CARTESIAN_POINT('Ctrl Pts',(52.5435137807002,2.67307687550568,1.57797140878427));
#1723=CARTESIAN_POINT('Ctrl Pts',(52.9388225761154,2.91999842481445,1.46722957304723));
#1724=CARTESIAN_POINT('Ctrl Pts',(53.1478544114142,3.14488293544976,1.33450625175991));
#1725=CARTESIAN_POINT('Ctrl Pts',(53.3633075871239,3.53263537775484,1.14821724849539));
#1726=CARTESIAN_POINT('Ctrl Pts',(53.4189298218816,3.67023473696956,1.08874479605314));
#1727=CARTESIAN_POINT('Ctrl Pts',(53.4730798972914,3.87538643994992,1.02586393570971));
#1728=CARTESIAN_POINT('Ctrl Pts',(53.4859769271504,3.93707265380206,1.01005725601772));
#1729=CARTESIAN_POINT('Ctrl Pts',(53.4956274624135,4.00000005960464,0.997963401261329));
#1730=CARTESIAN_POINT('Origin',(58.9731240312652,12.2965164003523,0.));
#1731=CARTESIAN_POINT('',(50.000001296401,12.2965164003523,0.));
#1732=CARTESIAN_POINT('',(50.000001296401,12.2965164003523,0.));
#1733=CARTESIAN_POINT('',(50.000001296401,12.2965164003523,500.));
#1734=CARTESIAN_POINT('',(50.000001296401,12.2965164003523,0.));
#1735=CARTESIAN_POINT('',(58.9731240312652,12.2965164003523,500.));
#1736=CARTESIAN_POINT('',(50.000001296401,12.2965164003523,500.));
#1737=CARTESIAN_POINT('',(58.9731240312652,12.2965164003523,0.));
#1738=CARTESIAN_POINT('',(58.9731240312652,12.2965164003523,0.));
#1739=CARTESIAN_POINT('',(50.000001296401,12.2965164003523,0.));
#1740=CARTESIAN_POINT('Origin',(47.6134422463991,10.0000001490116,0.));
#1741=CARTESIAN_POINT('',(51.0000007599592,10.0000001490116,500.));
#1742=CARTESIAN_POINT('',(51.0000007599592,10.0000001490116,0.));
#1743=CARTESIAN_POINT('',(47.6134422463991,10.0000001490116,500.));
#1744=CARTESIAN_POINT('',(51.0000007599592,10.0000001490116,500.));
#1745=CARTESIAN_POINT('',(47.6134422463991,10.0000001490116,0.));
#1746=CARTESIAN_POINT('',(47.6134422463991,10.0000001490116,0.));
#1747=CARTESIAN_POINT('',(51.0000007599592,10.0000001490116,0.));
#1748=CARTESIAN_POINT('Origin',(51.0000007599592,10.0000001490116,0.));
#1749=CARTESIAN_POINT('',(51.0000007599592,5.90000069932878,500.));
#1750=CARTESIAN_POINT('',(51.0000007599592,5.90000069932878,0.));
#1751=CARTESIAN_POINT('',(51.0000007599592,10.0000001490116,500.));
#1752=CARTESIAN_POINT('Origin',(-0.435355308952365,0.,0.));
#1753=CARTESIAN_POINT('',(47.6134422463991,-10.0000001490116,0.));
#1754=CARTESIAN_POINT('Origin',(51.0000007599592,0.,0.));
#1755=CARTESIAN_POINT('',(51.0000007599592,-10.0000001490116,0.));
#1756=CARTESIAN_POINT('',(51.0000007599592,-10.0000001490116,0.));
#1757=CARTESIAN_POINT('',(51.0000007599592,-5.90000069932878,0.));
#1758=CARTESIAN_POINT('',(51.0000007599592,-10.0000001490116,0.));
#1759=CARTESIAN_POINT('',(53.4956274624135,-4.00000005960465,0.));
#1760=CARTESIAN_POINT('Origin',(51.7306259932751,-4.27068035700667,0.));
#1761=CARTESIAN_POINT('',(53.4956274624135,-10.0000001490116,0.));
#1762=CARTESIAN_POINT('',(53.4956274624135,-10.0000001490116,0.));
#1763=CARTESIAN_POINT('',(59.9878949308483,-10.0000001490116,0.));
#1764=CARTESIAN_POINT('',(60.0000008940697,-10.0000001490116,0.));
#1765=CARTESIAN_POINT('',(63.7890713504607,-13.8057840460601,0.));
#1766=CARTESIAN_POINT('',(59.9878949308483,-10.0000001490116,0.));
#1767=CARTESIAN_POINT('',(54.4611524360927,-24.,0.));
#1768=CARTESIAN_POINT('Ctrl Pts',(63.7890713504607,-13.8057840460601,0.));
#1769=CARTESIAN_POINT('Ctrl Pts',(63.7960725916831,-13.9355806812155,0.));
#1770=CARTESIAN_POINT('Ctrl Pts',(63.8094286808827,-14.2088430659508,0.));
#1771=CARTESIAN_POINT('Ctrl Pts',(63.8236060946414,-14.5975369055964,0.));
#1772=CARTESIAN_POINT('Ctrl Pts',(63.8292879359376,-15.0551610609015,0.));
#1773=CARTESIAN_POINT('Ctrl Pts',(63.8079967166744,-15.5243547792258,0.));
#1774=CARTESIAN_POINT('Ctrl Pts',(63.7382904563701,-15.9188061994732,0.));
#1775=CARTESIAN_POINT('Ctrl Pts',(63.5840321188785,-16.2796969210482,0.));
#1776=CARTESIAN_POINT('Ctrl Pts',(63.3025974274549,-16.6750064633924,0.));
#1777=CARTESIAN_POINT('Ctrl Pts',(62.8676864251966,-17.1549218736437,0.));
#1778=CARTESIAN_POINT('Ctrl Pts',(62.2853490386519,-17.7300954811094,0.));
#1779=CARTESIAN_POINT('Ctrl Pts',(61.5817349761687,-18.3855616672101,0.));
#1780=CARTESIAN_POINT('Ctrl Pts',(60.7930475258422,-19.0918637287139,0.));
#1781=CARTESIAN_POINT('Ctrl Pts',(59.9554630034182,-19.8163839978973,0.));
#1782=CARTESIAN_POINT('Ctrl Pts',(59.0934252346133,-20.536262883903,0.));
#1783=CARTESIAN_POINT('Ctrl Pts',(58.2192187442318,-21.2396855899053,0.));
#1784=CARTESIAN_POINT('Ctrl Pts',(57.3363732152669,-21.9231691147092,0.));
#1785=CARTESIAN_POINT('Ctrl Pts',(56.4417594455372,-22.5902537672206,0.));
#1786=CARTESIAN_POINT('Ctrl Pts',(55.6887920033611,-23.1336875018023,0.));
#1787=CARTESIAN_POINT('Ctrl Pts',(55.1049324453723,-23.5475166438301,0.));
#1788=CARTESIAN_POINT('Ctrl Pts',(54.7004988625335,-23.832050382148,0.));
#1789=CARTESIAN_POINT('Ctrl Pts',(54.4844400055334,-23.9836629421415,0.));
#1790=CARTESIAN_POINT('Ctrl Pts',(54.4611524360927,-24.,0.));
#1791=CARTESIAN_POINT('',(53.845,-24.,0.));
#1792=CARTESIAN_POINT('',(27.2048223455238,-24.,0.));
#1793=CARTESIAN_POINT('',(53.845,-22.1036164227752,0.));
#1794=CARTESIAN_POINT('',(53.845,-30.,0.));
#1795=CARTESIAN_POINT('',(58.0000008642673,-19.0000002831221,0.));
#1796=CARTESIAN_POINT('Ctrl Pts',(58.0000008642673,-19.0000002831221,0.));
#1797=CARTESIAN_POINT('Ctrl Pts',(57.5999867692424,-19.3019662126274,0.));
#1798=CARTESIAN_POINT('Ctrl Pts',(56.7998531377869,-19.9043807536734,0.));
#1799=CARTESIAN_POINT('Ctrl Pts',(55.9687265186615,-20.526814045055,0.));
#1800=CARTESIAN_POINT('Ctrl Pts',(55.1375870499303,-21.1460363386072,0.));
#1801=CARTESIAN_POINT('Ctrl Pts',(54.3066183585492,-21.7621819144871,0.));
#1802=CARTESIAN_POINT('Ctrl Pts',(53.8757747904649,-22.0808576889584,0.));
#1803=CARTESIAN_POINT('Ctrl Pts',(53.845,-22.1036164227752,0.));
#1804=CARTESIAN_POINT('',(58.9731240312652,-12.2965164003523,0.));
#1805=CARTESIAN_POINT('Ctrl Pts',(58.9731240312652,-12.2965164003523,0.));
#1806=CARTESIAN_POINT('Ctrl Pts',(59.0147730430847,-12.3058321692654,0.));
#1807=CARTESIAN_POINT('Ctrl Pts',(59.1003083876258,-12.3305723461643,0.));
#1808=CARTESIAN_POINT('Ctrl Pts',(59.2353237972086,-12.3860086882955,0.));
#1809=CARTESIAN_POINT('Ctrl Pts',(59.4288202468988,-12.4967241591427,0.));
#1810=CARTESIAN_POINT('Ctrl Pts',(59.6916365572346,-12.6965199424297,0.));
#1811=CARTESIAN_POINT('Ctrl Pts',(59.9701985571159,-12.956338897468,0.));
#1812=CARTESIAN_POINT('Ctrl Pts',(60.2537242399212,-13.2722402722828,0.));
#1813=CARTESIAN_POINT('Ctrl Pts',(60.5233537289587,-13.6362969116748,0.));
#1814=CARTESIAN_POINT('Ctrl Pts',(60.7556959958179,-14.0378227708196,0.));
#1815=CARTESIAN_POINT('Ctrl Pts',(60.9268875946877,-14.4647967782013,0.));
#1816=CARTESIAN_POINT('Ctrl Pts',(61.0166389069273,-14.9051824517759,0.));
#1817=CARTESIAN_POINT('Ctrl Pts',(61.0120166176579,-15.3481686699232,0.));
#1818=CARTESIAN_POINT('Ctrl Pts',(60.9124894879975,-15.7856566364696,0.));
#1819=CARTESIAN_POINT('Ctrl Pts',(60.7276518530158,-16.2120680547848,0.));
#1820=CARTESIAN_POINT('Ctrl Pts',(60.4732634440671,-16.6237484096897,0.));
#1821=CARTESIAN_POINT('Ctrl Pts',(60.167959510488,-17.0185464270212,0.));
#1822=CARTESIAN_POINT('Ctrl Pts',(59.8300756889014,-17.3953748120649,0.));
#1823=CARTESIAN_POINT('Ctrl Pts',(59.4738887444921,-17.7537880927731,0.));
#1824=CARTESIAN_POINT('Ctrl Pts',(59.1085479651922,-18.0937056385704,0.));
#1825=CARTESIAN_POINT('Ctrl Pts',(58.7396062060373,-18.415286716549,0.));
#1826=CARTESIAN_POINT('Ctrl Pts',(58.4437468913882,-18.6580857083985,0.));
#1827=CARTESIAN_POINT('Ctrl Pts',(58.2218684024123,-18.8321536134944,0.));
#1828=CARTESIAN_POINT('Ctrl Pts',(58.0739556396413,-18.9446438914212,0.));
#1829=CARTESIAN_POINT('Ctrl Pts',(58.0000008642673,-19.0000002831221,0.));
#1830=CARTESIAN_POINT('',(50.000001296401,-12.2965164003523,0.));
#1831=CARTESIAN_POINT('',(50.000001296401,-12.2965164003523,0.));
#1832=CARTESIAN_POINT('Origin',(50.000001296401,0.,0.));
#1833=CARTESIAN_POINT('Origin',(-0.435355308952365,0.,0.));
#1834=CARTESIAN_POINT('Origin',(51.7306259932751,4.27068035700667,0.));
#1835=CARTESIAN_POINT('Origin',(-61.245,15.,0.));
#1836=CARTESIAN_POINT('',(-59.645,15.,0.));
#1837=CARTESIAN_POINT('',(-60.1883646192824,15.,0.));
#1838=CARTESIAN_POINT('',(-30.8401776544762,15.,0.));
#1839=CARTESIAN_POINT('',(-60.1883646192824,15.,1.20146646737054));
#1840=CARTESIAN_POINT('Origin',(-61.245,15.,0.));
#1841=CARTESIAN_POINT('Ctrl Pts',(-60.1883646192824,15.,0.));
#1842=CARTESIAN_POINT('Ctrl Pts',(-60.1883646192824,15.,0.400488822456846));
#1843=CARTESIAN_POINT('Ctrl Pts',(-60.1883646192824,15.,0.800977644913692));
#1844=CARTESIAN_POINT('Ctrl Pts',(-60.1883646192824,15.,1.20146646737054));
#1845=CARTESIAN_POINT('Origin',(-61.245,0.,0.));
#1846=CARTESIAN_POINT('',(-59.645,-15.,0.));
#1847=CARTESIAN_POINT('',(-59.645,-11.4939854977318,0.));
#1848=CARTESIAN_POINT('',(-59.645,0.,0.));
#1849=CARTESIAN_POINT('',(-60.1883646192823,-15.,1.20146646737041));
#1850=CARTESIAN_POINT('Origin',(-61.245,-15.,0.));
#1851=CARTESIAN_POINT('',(-62.845,-9.08700993432472,0.));
#1852=CARTESIAN_POINT('Ctrl Pts',(-62.845,-9.08700993432472,0.));
#1853=CARTESIAN_POINT('Ctrl Pts',(-62.845,-9.08700993432472,0.00965424973679496));
#1854=CARTESIAN_POINT('Ctrl Pts',(-62.8449126228636,-9.08725543524191,0.019301908274786));
#1855=CARTESIAN_POINT('Ctrl Pts',(-62.8445406084333,-9.08830058753493,0.0398645110156884));
#1856=CARTESIAN_POINT('Ctrl Pts',(-62.8442316013966,-9.08916870052039,0.0507596927938228));
#1857=CARTESIAN_POINT('Ctrl Pts',(-62.8429029737098,-9.0929006802181,0.0852291085582591));
#1858=CARTESIAN_POINT('Ctrl Pts',(-62.8414798178321,-9.0968976474379,0.10857288627017));
#1859=CARTESIAN_POINT('Ctrl Pts',(-62.8333451113427,-9.11972703530637,0.20710720129525));
#1860=CARTESIAN_POINT('Ctrl Pts',(-62.8221245235169,-9.15118702039372,0.277723984708367));
#1861=CARTESIAN_POINT('Ctrl Pts',(-62.7870604762427,-9.24894451206629,0.437534390213318));
#1862=CARTESIAN_POINT('Ctrl Pts',(-62.7594858257642,-9.32539440704137,0.522085156975081));
#1863=CARTESIAN_POINT('Ctrl Pts',(-62.6888019679901,-9.51933425571708,0.698387864012839));
#1864=CARTESIAN_POINT('Ctrl Pts',(-62.6403302865756,-9.6507372962681,0.788188336251469));
#1865=CARTESIAN_POINT('Ctrl Pts',(-62.5159109895368,-9.98270591032125,0.982007323069864));
#1866=CARTESIAN_POINT('Ctrl Pts',(-62.4308593266208,-10.2046962397177,1.08050110632258));
#1867=CARTESIAN_POINT('Ctrl Pts',(-62.1935124210135,-10.8083560772612,1.30550527464174));
#1868=CARTESIAN_POINT('Ctrl Pts',(-62.0226957279232,-11.2246813656047,1.41077450747095));
#1869=CARTESIAN_POINT('Ctrl Pts',(-61.5259016573342,-12.3780429459651,1.61338923909081));
#1870=CARTESIAN_POINT('Ctrl Pts',(-61.1464625620052,-13.1861797911272,1.64421135300423));
#1871=CARTESIAN_POINT('Ctrl Pts',(-60.5555709008495,-14.3348174325056,1.46160090512723));
#1872=CARTESIAN_POINT('Ctrl Pts',(-60.3573944091077,-14.6988700840514,1.35012051737957));
#1873=CARTESIAN_POINT('Ctrl Pts',(-60.1883646192823,-15.,1.20146646737041));
#1874=CARTESIAN_POINT('',(-62.845,-2.49999994412065,0.));
#1875=CARTESIAN_POINT('',(-62.845,0.,0.));
#1876=CARTESIAN_POINT('',(-62.5000009313226,-2.49999994412065,0.992457889474138));
#1877=CARTESIAN_POINT('Origin',(-61.245,-2.49999994412065,0.));
#1878=CARTESIAN_POINT('',(-61.0000009089708,-3.52896107113442,1.5811310652172));
#1879=CARTESIAN_POINT('Origin',(-61.245,-3.36089804642361,0.));
#1880=CARTESIAN_POINT('',(-61.0000009089708,-6.00000008940697,1.5811310652172));
#1881=CARTESIAN_POINT('',(-61.0000009089708,0.,1.5811310652172));
#1882=CARTESIAN_POINT('',(-59.645,-6.00000008940697,0.));
#1883=CARTESIAN_POINT('Origin',(-61.245,-6.00000008940697,0.));
#1884=CARTESIAN_POINT('',(-59.645,-9.9825476054548,0.));
#1885=CARTESIAN_POINT('',(-59.645,0.,0.));
#1886=CARTESIAN_POINT('Ctrl Pts',(-59.645,-11.4939854977317,0.));
#1887=CARTESIAN_POINT('Ctrl Pts',(-59.645,-11.4939854977317,0.00425563384232581));
#1888=CARTESIAN_POINT('Ctrl Pts',(-59.6450169791494,-11.4939446503628,0.00851097752404542));
#1889=CARTESIAN_POINT('Ctrl Pts',(-59.64509301442,-11.4937617055514,0.0180406262161877));
#1890=CARTESIAN_POINT('Ctrl Pts',(-59.6451611763083,-11.4935976977477,0.0233135967266948));
#1891=CARTESIAN_POINT('Ctrl Pts',(-59.6454680653265,-11.4928590479125,0.0404891066302296));
#1892=CARTESIAN_POINT('Ctrl Pts',(-59.6458133610059,-11.4920277848282,0.052371896029302));
#1893=CARTESIAN_POINT('Ctrl Pts',(-59.6490377809105,-11.4842531103252,0.132635300914405));
#1894=CARTESIAN_POINT('Ctrl Pts',(-59.6561310411998,-11.4672033281153,0.198870614288726));
#1895=CARTESIAN_POINT('Ctrl Pts',(-59.6777437620128,-11.4131018999545,0.329236189927059));
#1896=CARTESIAN_POINT('Ctrl Pts',(-59.6925706669194,-11.3751288693404,0.391650378132962));
#1897=CARTESIAN_POINT('Ctrl Pts',(-59.7256744213515,-11.2836254632631,0.505190285134554));
#1898=CARTESIAN_POINT('Ctrl Pts',(-59.744031777886,-11.2297197845101,0.556151956248122));
#1899=CARTESIAN_POINT('Ctrl Pts',(-59.7885401235283,-11.0804703979472,0.666234820834979));
#1900=CARTESIAN_POINT('Ctrl Pts',(-59.8142547291863,-10.9763337800791,0.716978373916949));
#1901=CARTESIAN_POINT('Ctrl Pts',(-59.8408935608866,-10.7856533931717,0.767506446877463));
#1902=CARTESIAN_POINT('Ctrl Pts',(-59.8465577482926,-10.7017574829635,0.777423548333352));
#1903=CARTESIAN_POINT('Ctrl Pts',(-59.8417498043677,-10.5443345571887,0.768707057638313));
#1904=CARTESIAN_POINT('Ctrl Pts',(-59.8332313509104,-10.4731321684832,0.753550056066693));
#1905=CARTESIAN_POINT('Ctrl Pts',(-59.8051295329498,-10.3368937268586,0.69839872757623));
#1906=CARTESIAN_POINT('Ctrl Pts',(-59.7859180078351,-10.2750719378089,0.658761439890926));
#1907=CARTESIAN_POINT('Ctrl Pts',(-59.7441219331519,-10.1653441066723,0.557232763943541));
#1908=CARTESIAN_POINT('Ctrl Pts',(-59.7220803945595,-10.1194690305876,0.495703042578016));
#1909=CARTESIAN_POINT('Ctrl Pts',(-59.6779520414202,-10.0350983602924,0.336558747016808));
#1910=CARTESIAN_POINT('Ctrl Pts',(-59.6578953678995,-10.0031563085271,0.231908589304105));
#1911=CARTESIAN_POINT('Ctrl Pts',(-59.6477082009654,-9.98684030777138,0.0960137436703724));
#1912=CARTESIAN_POINT('Ctrl Pts',(-59.6464565178927,-9.9848549126858,0.0722855321291627));
#1913=CARTESIAN_POINT('Ctrl Pts',(-59.6454468499028,-9.98325465031414,0.0389894537121253));
#1914=CARTESIAN_POINT('Ctrl Pts',(-59.6452431733418,-9.98293233556661,0.0294741679447815));
#1915=CARTESIAN_POINT('Ctrl Pts',(-59.6450414919061,-9.98261322267378,0.0133044258323582));
#1916=CARTESIAN_POINT('Ctrl Pts',(-59.645,-9.9825476054548,0.00665226261567911));
#1917=CARTESIAN_POINT('Ctrl Pts',(-59.645,-9.9825476054548,0.));
#1918=CARTESIAN_POINT('Origin',(-61.245,-15.,0.));
#1919=CARTESIAN_POINT('',(-60.1883646192823,-15.,0.));
#1920=CARTESIAN_POINT('',(-30.8401776544762,-15.,0.));
#1921=CARTESIAN_POINT('Ctrl Pts',(-60.1883646192823,-15.,1.20146646737041));
#1922=CARTESIAN_POINT('Ctrl Pts',(-60.1883646192823,-15.,0.800977644913606));
#1923=CARTESIAN_POINT('Ctrl Pts',(-60.1883646192823,-15.,0.400488822456803));
#1924=CARTESIAN_POINT('Ctrl Pts',(-60.1883646192823,-15.,0.));
#1925=CARTESIAN_POINT('Origin',(-61.245,0.,0.));
#1926=CARTESIAN_POINT('',(-59.645,11.4939854977318,0.));
#1927=CARTESIAN_POINT('',(-59.645,0.,0.));
#1928=CARTESIAN_POINT('',(-59.645,9.9825476054548,0.));
#1929=CARTESIAN_POINT('Ctrl Pts',(-59.645,9.98254760545479,0.));
#1930=CARTESIAN_POINT('Ctrl Pts',(-59.645,9.98254760545479,0.00607641099373002));
#1931=CARTESIAN_POINT('Ctrl Pts',(-59.6450346186447,9.98260235453937,0.0121527464112444));
#1932=CARTESIAN_POINT('Ctrl Pts',(-59.6451911283622,9.98284997982873,0.0258899841854307));
#1933=CARTESIAN_POINT('Ctrl Pts',(-59.6453334576838,9.9830751993774,0.0335498422779029));
#1934=CARTESIAN_POINT('Ctrl Pts',(-59.6459775641734,9.98409549077,0.0585524276641874));
#1935=CARTESIAN_POINT('Ctrl Pts',(-59.6467064085574,9.98525079702037,0.0758726390572907));
#1936=CARTESIAN_POINT('Ctrl Pts',(-59.6536418834912,9.99630384806644,0.194815454021506));
#1937=CARTESIAN_POINT('Ctrl Pts',(-59.6694600459691,10.0210886100923,0.293906255107663));
#1938=CARTESIAN_POINT('Ctrl Pts',(-59.7087840747014,10.0931668564497,0.452755233182483));
#1939=CARTESIAN_POINT('Ctrl Pts',(-59.7292195625441,10.1332186837835,0.515582617641218));
#1940=CARTESIAN_POINT('Ctrl Pts',(-59.7724620384617,10.2362671867525,0.62895788979484));
#1941=CARTESIAN_POINT('Ctrl Pts',(-59.7947434399509,10.2996950175009,0.676946327222786));
#1942=CARTESIAN_POINT('Ctrl Pts',(-59.828598111176,10.4428010732786,0.745119483808906));
#1943=CARTESIAN_POINT('Ctrl Pts',(-59.8395938012698,10.5186338415955,0.764781326116574));
#1944=CARTESIAN_POINT('Ctrl Pts',(-59.8474565210871,10.6899478575987,0.779069232267192));
#1945=CARTESIAN_POINT('Ctrl Pts',(-59.8415883153668,10.782406728087,0.768873587613452));
#1946=CARTESIAN_POINT('Ctrl Pts',(-59.8142121810681,10.9745093310793,0.71683685285644));
#1947=CARTESIAN_POINT('Ctrl Pts',(-59.7903656799914,11.0727415036625,0.669654490740925));
#1948=CARTESIAN_POINT('Ctrl Pts',(-59.7444176394424,11.2295596430508,0.557876866017999));
#1949=CARTESIAN_POINT('Ctrl Pts',(-59.7224355984646,11.2932832216567,0.497010948005132));
#1950=CARTESIAN_POINT('Ctrl Pts',(-59.6883965239296,11.3859046059796,0.374205093109971));
#1951=CARTESIAN_POINT('Ctrl Pts',(-59.675210030064,11.4195076278975,0.315880740493771));
#1952=CARTESIAN_POINT('Ctrl Pts',(-59.6567078833856,11.4656974682582,0.200468299353295));
#1953=CARTESIAN_POINT('Ctrl Pts',(-59.6505888398384,11.480495268004,0.145259075023674));
#1954=CARTESIAN_POINT('Ctrl Pts',(-59.6464730165944,11.4904391309555,0.0708464924091091));
#1955=CARTESIAN_POINT('Ctrl Pts',(-59.6457884550124,11.4920876351393,0.0532424565989765));
#1956=CARTESIAN_POINT('Ctrl Pts',(-59.6452403084086,11.4934072843667,0.0285948204674264));
#1957=CARTESIAN_POINT('Ctrl Pts',(-59.6451306733481,11.4936710915118,0.0216099108909465));
#1958=CARTESIAN_POINT('Ctrl Pts',(-59.6450222743487,11.4939319122343,0.00974802986651517));
#1959=CARTESIAN_POINT('Ctrl Pts',(-59.645,11.4939854977318,0.00487423289974814));
#1960=CARTESIAN_POINT('Ctrl Pts',(-59.645,11.4939854977318,0.));
#1961=CARTESIAN_POINT('',(-59.645,6.00000008940697,0.));
#1962=CARTESIAN_POINT('',(-59.645,0.,0.));
#1963=CARTESIAN_POINT('',(-61.0000009089708,6.00000008940697,1.58113106521721));
#1964=CARTESIAN_POINT('Origin',(-61.245,6.00000008940697,0.));
#1965=CARTESIAN_POINT('',(-61.0000009089708,3.52896107113442,1.58113106521721));
#1966=CARTESIAN_POINT('',(-61.0000009089708,0.,1.58113106521721));
#1967=CARTESIAN_POINT('',(-62.5000009313226,2.49999994412065,0.992457889474126));
#1968=CARTESIAN_POINT('Origin',(-61.245,3.36089804642362,0.));
#1969=CARTESIAN_POINT('',(-62.845,2.49999994412065,0.));
#1970=CARTESIAN_POINT('Origin',(-61.245,2.49999994412065,0.));
#1971=CARTESIAN_POINT('',(-62.845,9.08700993432491,0.));
#1972=CARTESIAN_POINT('',(-62.845,0.,0.));
#1973=CARTESIAN_POINT('Ctrl Pts',(-60.1883646192824,15.,1.20146646737054));
#1974=CARTESIAN_POINT('Ctrl Pts',(-60.2737296496749,14.8479205088429,1.27654114805315));
#1975=CARTESIAN_POINT('Ctrl Pts',(-60.3661661230591,14.6804209959403,1.34177223597));
#1976=CARTESIAN_POINT('Ctrl Pts',(-60.4640152574513,14.4989029895488,1.39650747527161));
#1977=CARTESIAN_POINT('Ctrl Pts',(-60.5420620032892,14.3541200050306,1.44016557543451));
#1978=CARTESIAN_POINT('Ctrl Pts',(-60.6235520101722,14.2004176816444,1.47714618659172));
#1979=CARTESIAN_POINT('Ctrl Pts',(-60.707665026042,14.0385327773182,1.50711832137647));
#1980=CARTESIAN_POINT('Ctrl Pts',(-60.7888816917769,13.8822222226885,1.53605839476464));
#1981=CARTESIAN_POINT('Ctrl Pts',(-60.8725433756558,13.7182821269848,1.55846434198798));
#1982=CARTESIAN_POINT('Ctrl Pts',(-60.9579394944461,13.547412765633,1.57403820352286));
#1983=CARTESIAN_POINT('Ctrl Pts',(-61.0258425316762,13.4115453659231,1.58642181667296));
#1984=CARTESIAN_POINT('Ctrl Pts',(-61.0935588259804,13.2738621290748,1.59425036439409));
#1985=CARTESIAN_POINT('Ctrl Pts',(-61.1606899416775,13.1351232095597,1.59780074682548));
#1986=CARTESIAN_POINT('Ctrl Pts',(-61.2278040207355,12.9964194994235,1.6013502282353));
#1987=CARTESIAN_POINT('Ctrl Pts',(-61.2943332205317,12.8566606079611,1.60062371551875));
#1988=CARTESIAN_POINT('Ctrl Pts',(-61.3599081912816,12.7166496012889,1.59589789805213));
#1989=CARTESIAN_POINT('Ctrl Pts',(-61.4260621932175,12.5754022884728,1.59113035131502));
#1990=CARTESIAN_POINT('Ctrl Pts',(-61.4912450547557,12.4338983782939,1.58229255976847));
#1991=CARTESIAN_POINT('Ctrl Pts',(-61.55510679133,12.2930071088809,1.56966860725437));
#1992=CARTESIAN_POINT('Ctrl Pts',(-61.5965343936257,12.2016098530394,1.56147935164989));
#1993=CARTESIAN_POINT('Ctrl Pts',(-61.637406637388,12.1104713284729,1.5516967972689));
#1994=CARTESIAN_POINT('Ctrl Pts',(-61.677634340712,12.0198386466566,1.54039849624591));
#1995=CARTESIAN_POINT('Ctrl Pts',(-61.7439414326866,11.8704493185934,1.52177557166446));
#1996=CARTESIAN_POINT('Ctrl Pts',(-61.8083656965495,11.7227261111853,1.49907089615108));
#1997=CARTESIAN_POINT('Ctrl Pts',(-61.8705983549768,11.5776979825489,1.47263632098769));
#1998=CARTESIAN_POINT('Ctrl Pts',(-61.936160639896,11.4249104312654,1.44478741990616));
#1999=CARTESIAN_POINT('Ctrl Pts',(-61.9992905898265,11.2751141243142,1.41279882136857));
#2000=CARTESIAN_POINT('Ctrl Pts',(-62.0596585000277,11.1295617030299,1.37708192730035));
#2001=CARTESIAN_POINT('Ctrl Pts',(-62.1262010719587,10.9691216210266,1.33771177211749));
#2002=CARTESIAN_POINT('Ctrl Pts',(-62.1893877300454,10.8138380186644,1.29381162726064));
#2003=CARTESIAN_POINT('Ctrl Pts',(-62.2488137163304,10.6654473613026,1.24593248644176));
#2004=CARTESIAN_POINT('Ctrl Pts',(-62.3054543154995,10.5240120016308,1.20029751438292));
#2005=CARTESIAN_POINT('Ctrl Pts',(-62.3586794311802,10.3888399966444,1.15104780803026));
#2006=CARTESIAN_POINT('Ctrl Pts',(-62.4081617247018,10.2614723467181,1.09866045809827));
#2007=CARTESIAN_POINT('Ctrl Pts',(-62.4380026376055,10.1846617003696,1.06706761477355));
#2008=CARTESIAN_POINT('Ctrl Pts',(-62.4680617454895,10.1066162768661,1.03265761799282));
#2009=CARTESIAN_POINT('Ctrl Pts',(-62.4976837205966,10.0290306066178,0.995381777323217));
#2010=CARTESIAN_POINT('Ctrl Pts',(-62.5285599233449,9.94815987209417,0.956527635762156));
#2011=CARTESIAN_POINT('Ctrl Pts',(-62.5589610810751,9.86778846458215,0.914559826424226));
#2012=CARTESIAN_POINT('Ctrl Pts',(-62.5881775300084,9.7898855234972,0.869423208485687));
#2013=CARTESIAN_POINT('Ctrl Pts',(-62.6173939789417,9.71198258241225,0.824286590547147));
#2014=CARTESIAN_POINT('Ctrl Pts',(-62.6454260971339,9.63654868270967,0.775981164007999));
#2015=CARTESIAN_POINT('Ctrl Pts',(-62.6715937076824,9.5655986250026,0.724451788044501));
#2016=CARTESIAN_POINT('Ctrl Pts',(-62.6926410596997,9.50853147943974,0.683005248127474));
#2017=CARTESIAN_POINT('Ctrl Pts',(-62.7133833989742,9.45191593456088,0.637674385590055));
#2018=CARTESIAN_POINT('Ctrl Pts',(-62.732790670655,9.39863757771734,0.588621960909537));
#2019=CARTESIAN_POINT('Ctrl Pts',(-62.7483807368382,9.3558385113165,0.549217630419605));
#2020=CARTESIAN_POINT('Ctrl Pts',(-62.7631101178992,9.31519426346114,0.507411746673271));
#2021=CARTESIAN_POINT('Ctrl Pts',(-62.7764579972205,9.27822103458133,0.463288681870771));
#2022=CARTESIAN_POINT('Ctrl Pts',(-62.7941189737043,9.22930065479204,0.40490814132826));
#2023=CARTESIAN_POINT('Ctrl Pts',(-62.8099166202778,9.18526252723192,0.340629198167903));
#2024=CARTESIAN_POINT('Ctrl Pts',(-62.8218837236637,9.15180119085884,0.270993952043837));
#2025=CARTESIAN_POINT('Ctrl Pts',(-62.8306871413724,9.12718586736053,0.219767841672267));
#2026=CARTESIAN_POINT('Ctrl Pts',(-62.8373810346142,9.10840350966056,0.165866586890584));
#2027=CARTESIAN_POINT('Ctrl Pts',(-62.8412467912633,9.09755080030321,0.109527080588996));
#2028=CARTESIAN_POINT('Ctrl Pts',(-62.8427090221743,9.09344573924273,0.0882165390578706));
#2029=CARTESIAN_POINT('Ctrl Pts',(-62.8437554004881,9.09050640849819,0.066718464620049));
#2030=CARTESIAN_POINT('Ctrl Pts',(-62.8443658425905,9.0887915410979,0.0450433297475389));
#2031=CARTESIAN_POINT('Ctrl Pts',(-62.8447879402865,9.08760577495279,0.0300557912835112));
#2032=CARTESIAN_POINT('Ctrl Pts',(-62.845,9.08700993432492,0.0150402896125838));
#2033=CARTESIAN_POINT('Ctrl Pts',(-62.845,9.08700993432492,0.));
#2034=CARTESIAN_POINT('Ctrl Pts',(-55.4996705499882,7.83487011428481,0.));
#2035=CARTESIAN_POINT('Ctrl Pts',(-55.4996705499882,7.83487011428481,500.));
#2036=CARTESIAN_POINT('Ctrl Pts',(-55.8523724788543,7.94429222015898,0.));
#2037=CARTESIAN_POINT('Ctrl Pts',(-55.8523724788543,7.94429222015898,500.));
#2038=CARTESIAN_POINT('Ctrl Pts',(-56.5205226909805,8.16220055274382,0.));
#2039=CARTESIAN_POINT('Ctrl Pts',(-56.5205226909805,8.16220055274382,500.));
#2040=CARTESIAN_POINT('Ctrl Pts',(-57.4109832479997,8.48625541704503,0.));
#2041=CARTESIAN_POINT('Ctrl Pts',(-57.4109832479997,8.48625541704503,500.));
#2042=CARTESIAN_POINT('Ctrl Pts',(-58.3745878173102,8.91270875193445,0.));
#2043=CARTESIAN_POINT('Ctrl Pts',(-58.3745878173102,8.91270875193445,500.));
#2044=CARTESIAN_POINT('Ctrl Pts',(-59.2122886001746,9.43723869559093,0.));
#2045=CARTESIAN_POINT('Ctrl Pts',(-59.2122886001746,9.43723869559093,500.));
#2046=CARTESIAN_POINT('Ctrl Pts',(-59.7035957642906,9.95576765895937,0.));
#2047=CARTESIAN_POINT('Ctrl Pts',(-59.7035957642906,9.95576765895937,500.));
#2048=CARTESIAN_POINT('Ctrl Pts',(-59.8896408220607,10.473412946489,0.));
#2049=CARTESIAN_POINT('Ctrl Pts',(-59.8896408220607,10.473412946489,500.));
#2050=CARTESIAN_POINT('Ctrl Pts',(-59.8432271903222,10.9986445047983,0.));
#2051=CARTESIAN_POINT('Ctrl Pts',(-59.8432271903222,10.9986445047983,500.));
#2052=CARTESIAN_POINT('Ctrl Pts',(-59.6438415492764,11.5486207662713,0.));
#2053=CARTESIAN_POINT('Ctrl Pts',(-59.6438415492764,11.5486207662713,500.));
#2054=CARTESIAN_POINT('Ctrl Pts',(-59.3302925260934,12.1620820437155,0.));
#2055=CARTESIAN_POINT('Ctrl Pts',(-59.3302925260934,12.1620820437155,500.));
#2056=CARTESIAN_POINT('Ctrl Pts',(-58.8966968874695,12.891722810041,0.));
#2057=CARTESIAN_POINT('Ctrl Pts',(-58.8966968874695,12.891722810041,500.));
#2058=CARTESIAN_POINT('Ctrl Pts',(-58.3250793498777,13.7792040532971,0.));
#2059=CARTESIAN_POINT('Ctrl Pts',(-58.3250793498777,13.7792040532971,500.));
#2060=CARTESIAN_POINT('Ctrl Pts',(-57.6128020429925,14.8301341184655,0.));
#2061=CARTESIAN_POINT('Ctrl Pts',(-57.6128020429925,14.8301341184655,500.));
#2062=CARTESIAN_POINT('Ctrl Pts',(-56.7882914053025,16.0033651570015,0.));
#2063=CARTESIAN_POINT('Ctrl Pts',(-56.7882914053025,16.0033651570015,500.));
#2064=CARTESIAN_POINT('Ctrl Pts',(-55.8934250895551,17.233999976086,0.));
#2065=CARTESIAN_POINT('Ctrl Pts',(-55.8934250895551,17.233999976086,500.));
#2066=CARTESIAN_POINT('Ctrl Pts',(-54.9732281968599,18.4492332730413,0.));
#2067=CARTESIAN_POINT('Ctrl Pts',(-54.9732281968599,18.4492332730413,500.));
#2068=CARTESIAN_POINT('Ctrl Pts',(-54.0631045332019,19.586421242438,0.));
#2069=CARTESIAN_POINT('Ctrl Pts',(-54.0631045332019,19.586421242438,500.));
#2070=CARTESIAN_POINT('Ctrl Pts',(-53.1760279518842,20.6116357750288,0.));
#2071=CARTESIAN_POINT('Ctrl Pts',(-53.1760279518842,20.6116357750288,500.));
#2072=CARTESIAN_POINT('Ctrl Pts',(-52.2928505184589,21.5339115287699,0.));
#2073=CARTESIAN_POINT('Ctrl Pts',(-52.2928505184589,21.5339115287699,500.));
#2074=CARTESIAN_POINT('Ctrl Pts',(-51.375799662717,22.3888481892817,0.));
#2075=CARTESIAN_POINT('Ctrl Pts',(-51.375799662717,22.3888481892817,500.));
#2076=CARTESIAN_POINT('Ctrl Pts',(-50.3795278339541,23.2254811352171,0.));
#2077=CARTESIAN_POINT('Ctrl Pts',(-50.3795278339541,23.2254811352171,500.));
#2078=CARTESIAN_POINT('Ctrl Pts',(-49.2625444329247,24.0925443266157,0.));
#2079=CARTESIAN_POINT('Ctrl Pts',(-49.2625444329247,24.0925443266157,500.));
#2080=CARTESIAN_POINT('Ctrl Pts',(-47.9997393081648,25.0236031194487,0.));
#2081=CARTESIAN_POINT('Ctrl Pts',(-47.9997393081648,25.0236031194487,500.));
#2082=CARTESIAN_POINT('Ctrl Pts',(-46.5906135548891,26.0269821638302,0.));
#2083=CARTESIAN_POINT('Ctrl Pts',(-46.5906135548891,26.0269821638302,500.));
#2084=CARTESIAN_POINT('Ctrl Pts',(-45.0518091069491,27.0933539374361,0.));
#2085=CARTESIAN_POINT('Ctrl Pts',(-45.0518091069491,27.0933539374361,500.));
#2086=CARTESIAN_POINT('Ctrl Pts',(-43.4122187800408,28.2004216083627,0.));
#2087=CARTESIAN_POINT('Ctrl Pts',(-43.4122187800408,28.2004216083627,500.));
#2088=CARTESIAN_POINT('Ctrl Pts',(-41.7072157668686,29.3186161305046,0.));
#2089=CARTESIAN_POINT('Ctrl Pts',(-41.7072157668686,29.3186161305046,500.));
#2090=CARTESIAN_POINT('Ctrl Pts',(-39.973103298377,30.4165050555429,0.));
#2091=CARTESIAN_POINT('Ctrl Pts',(-39.973103298377,30.4165050555429,500.));
#2092=CARTESIAN_POINT('Ctrl Pts',(-38.2419207772673,31.4658995332788,0.));
#2093=CARTESIAN_POINT('Ctrl Pts',(-38.2419207772673,31.4658995332788,500.));
#2094=CARTESIAN_POINT('Ctrl Pts',(-36.5350128719168,32.4481099346077,0.));
#2095=CARTESIAN_POINT('Ctrl Pts',(-36.5350128719168,32.4481099346077,500.));
#2096=CARTESIAN_POINT('Ctrl Pts',(-34.8610538135031,33.3560161182766,0.));
#2097=CARTESIAN_POINT('Ctrl Pts',(-34.8610538135031,33.3560161182766,500.));
#2098=CARTESIAN_POINT('Ctrl Pts',(-33.2199400499516,34.1906122903347,0.));
#2099=CARTESIAN_POINT('Ctrl Pts',(-33.2199400499516,34.1906122903347,500.));
#2100=CARTESIAN_POINT('Ctrl Pts',(-31.605200244556,34.9589518440617,0.));
#2101=CARTESIAN_POINT('Ctrl Pts',(-31.605200244556,34.9589518440617,500.));
#2102=CARTESIAN_POINT('Ctrl Pts',(-30.0069433208317,35.6715806343547,0.));
#2103=CARTESIAN_POINT('Ctrl Pts',(-30.0069433208317,35.6715806343547,500.));
#2104=CARTESIAN_POINT('Ctrl Pts',(-28.4146476436634,36.3401363416996,0.));
#2105=CARTESIAN_POINT('Ctrl Pts',(-28.4146476436634,36.3401363416996,500.));
#2106=CARTESIAN_POINT('Ctrl Pts',(-26.8198076506291,36.9750504143815,0.));
#2107=CARTESIAN_POINT('Ctrl Pts',(-26.8198076506291,36.9750504143815,500.));
#2108=CARTESIAN_POINT('Ctrl Pts',(-25.2191741303181,37.5827802167363,0.));
#2109=CARTESIAN_POINT('Ctrl Pts',(-25.2191741303181,37.5827802167363,500.));
#2110=CARTESIAN_POINT('Ctrl Pts',(-23.6143978103721,38.1659379459474,0.));
#2111=CARTESIAN_POINT('Ctrl Pts',(-23.6143978103721,38.1659379459474,500.));
#2112=CARTESIAN_POINT('Ctrl Pts',(-22.0104524474279,38.7244034474358,0.));
#2113=CARTESIAN_POINT('Ctrl Pts',(-22.0104524474279,38.7244034474358,500.));
#2114=CARTESIAN_POINT('Ctrl Pts',(-20.4144937602289,39.2560899557037,0.));
#2115=CARTESIAN_POINT('Ctrl Pts',(-20.4144937602289,39.2560899557037,500.));
#2116=CARTESIAN_POINT('Ctrl Pts',(-18.8345023947211,39.7578754208682,0.));
#2117=CARTESIAN_POINT('Ctrl Pts',(-18.8345023947211,39.7578754208682,500.));
#2118=CARTESIAN_POINT('Ctrl Pts',(-17.2781222678039,40.2263967217269,0.));
#2119=CARTESIAN_POINT('Ctrl Pts',(-17.2781222678039,40.2263967217269,500.));
#2120=CARTESIAN_POINT('Ctrl Pts',(-15.7511682598667,40.6590586790761,0.));
#2121=CARTESIAN_POINT('Ctrl Pts',(-15.7511682598667,40.6590586790761,500.));
#2122=CARTESIAN_POINT('Ctrl Pts',(-14.257330572274,41.0542806870002,0.));
#2123=CARTESIAN_POINT('Ctrl Pts',(-14.257330572274,41.0542806870002,500.));
#2124=CARTESIAN_POINT('Ctrl Pts',(-12.79878524625,41.4111688079513,0.));
#2125=CARTESIAN_POINT('Ctrl Pts',(-12.79878524625,41.4111688079513,500.));
#2126=CARTESIAN_POINT('Ctrl Pts',(-11.6609865235827,41.6657196080846,0.));
#2127=CARTESIAN_POINT('Ctrl Pts',(-11.6609865235827,41.6657196080846,500.));
#2128=CARTESIAN_POINT('Ctrl Pts',(-10.8240975877002,41.8391896604045,0.));
#2129=CARTESIAN_POINT('Ctrl Pts',(-10.8240975877002,41.8391896604045,500.));
#2130=CARTESIAN_POINT('Ctrl Pts',(-10.2734810473083,41.9470903212158,0.));
#2131=CARTESIAN_POINT('Ctrl Pts',(-10.2734810473083,41.9470903212158,500.));
#2132=CARTESIAN_POINT('Ctrl Pts',(-10.0000001490116,41.999104130182,0.));
#2133=CARTESIAN_POINT('Ctrl Pts',(-10.0000001490116,41.999104130182,500.));
#2134=CARTESIAN_POINT('',(-54.845,18.5968832940905,0.));
#2135=CARTESIAN_POINT('Ctrl Pts',(-59.645,11.4939854977318,0.));
#2136=CARTESIAN_POINT('Ctrl Pts',(-59.6391671490438,11.5080184154921,0.));
#2137=CARTESIAN_POINT('Ctrl Pts',(-59.5844515575671,11.6380364295451,0.));
#2138=CARTESIAN_POINT('Ctrl Pts',(-59.4663072592326,11.8913871141686,0.));
#2139=CARTESIAN_POINT('Ctrl Pts',(-59.2541027652963,12.2902917176657,0.));
#2140=CARTESIAN_POINT('Ctrl Pts',(-58.8966968874695,12.891722810041,0.));
#2141=CARTESIAN_POINT('Ctrl Pts',(-58.3250793498777,13.7792040532971,0.));
#2142=CARTESIAN_POINT('Ctrl Pts',(-57.6128020429925,14.8301341184655,0.));
#2143=CARTESIAN_POINT('Ctrl Pts',(-56.7882914053025,16.0033651570015,0.));
#2144=CARTESIAN_POINT('Ctrl Pts',(-56.0467941702783,17.0230843034457,0.));
#2145=CARTESIAN_POINT('Ctrl Pts',(-55.4717583681938,17.7890690308521,0.));
#2146=CARTESIAN_POINT('Ctrl Pts',(-55.0796674833131,18.2975342946039,0.));
#2147=CARTESIAN_POINT('Ctrl Pts',(-54.8710944693113,18.5636579389246,0.));
#2148=CARTESIAN_POINT('Ctrl Pts',(-54.845,18.5968832940905,0.));
#2149=CARTESIAN_POINT('',(-51.645,22.124401841695,0.));
#2150=CARTESIAN_POINT('Ctrl Pts',(-54.845,18.5968832940905,0.));
#2151=CARTESIAN_POINT('Ctrl Pts',(-54.845,18.5968832940905,0.0112458030215688));
#2152=CARTESIAN_POINT('Ctrl Pts',(-54.8448814370088,18.597034258732,0.0224892100565843));
#2153=CARTESIAN_POINT('Ctrl Pts',(-54.8443798528248,18.5976728972767,0.046277909437524));
#2154=CARTESIAN_POINT('Ctrl Pts',(-54.8439677470429,18.5981976021555,0.0588158953833152));
#2155=CARTESIAN_POINT('Ctrl Pts',(-54.8422351278593,18.6004034730814,0.0976361046239404));
#2156=CARTESIAN_POINT('Ctrl Pts',(-54.8404159923385,18.6027193720966,0.123827172257305));
#2157=CARTESIAN_POINT('Ctrl Pts',(-54.8308971510297,18.6148339881993,0.224988210546192));
#2158=CARTESIAN_POINT('Ctrl Pts',(-54.8186504999113,18.6304166955192,0.298228201057336));
#2159=CARTESIAN_POINT('Ctrl Pts',(-54.7690757605715,18.6933634337777,0.50728911471274));
#2160=CARTESIAN_POINT('Ctrl Pts',(-54.7197582168677,18.7558557434367,0.633572146297951));
#2161=CARTESIAN_POINT('Ctrl Pts',(-54.5960656735006,18.9114332240448,0.86803047160047));
#2162=CARTESIAN_POINT('Ctrl Pts',(-54.5199319789351,19.0066397030783,0.974516633674242));
#2163=CARTESIAN_POINT('Ctrl Pts',(-54.3241388525461,19.2490129724678,1.19357745520524));
#2164=CARTESIAN_POINT('Ctrl Pts',(-54.1961769858482,19.4055434591326,1.2958106930443));
#2165=CARTESIAN_POINT('Ctrl Pts',(-53.8402729373923,19.833046179363,1.50768147516845));
#2166=CARTESIAN_POINT('Ctrl Pts',(-53.5929554608278,20.1218940684421,1.58158286983758));
#2167=CARTESIAN_POINT('Ctrl Pts',(-53.1053745704504,20.6678501481221,1.61164881845749));
#2168=CARTESIAN_POINT('Ctrl Pts',(-52.8564621689675,20.935486893292,1.57358793209496));
#2169=CARTESIAN_POINT('Ctrl Pts',(-52.4550526328274,21.3484938921815,1.40263208627578));
#2170=CARTESIAN_POINT('Ctrl Pts',(-52.2946845390412,21.5082105203895,1.3024186055116));
#2171=CARTESIAN_POINT('Ctrl Pts',(-52.0463501512953,21.7493641436966,1.06931587586871));
#2172=CARTESIAN_POINT('Ctrl Pts',(-51.9507133985445,21.8402559792777,0.95360235762089));
#2173=CARTESIAN_POINT('Ctrl Pts',(-51.785546043734,21.9952849263893,0.676428596071123));
#2174=CARTESIAN_POINT('Ctrl Pts',(-51.7194618810477,22.0561246995009,0.515027724790741));
#2175=CARTESIAN_POINT('Ctrl Pts',(-51.6670814258411,22.1042036410008,0.273255262446754));
#2176=CARTESIAN_POINT('Ctrl Pts',(-51.6569053989504,22.1135142609808,0.206375879414715));
#2177=CARTESIAN_POINT('Ctrl Pts',(-51.6486569437495,22.1210588584096,0.111477237516835));
#2178=CARTESIAN_POINT('Ctrl Pts',(-51.6469908962438,22.1225819359693,0.084315306119537));
#2179=CARTESIAN_POINT('Ctrl Pts',(-51.6453398533399,22.1240912224453,0.0380727033964743));
#2180=CARTESIAN_POINT('Ctrl Pts',(-51.645,22.124401841695,0.0190394500488091));
#2181=CARTESIAN_POINT('Ctrl Pts',(-51.645,22.124401841695,0.));
#2182=CARTESIAN_POINT('',(-10.0000001490116,41.999104130182,0.));
#2183=CARTESIAN_POINT('Ctrl Pts',(-51.645,22.124401841695,0.));
#2184=CARTESIAN_POINT('Ctrl Pts',(-51.5878515612964,22.1766374505974,0.));
#2185=CARTESIAN_POINT('Ctrl Pts',(-51.3417316976445,22.3997559375649,0.));
#2186=CARTESIAN_POINT('Ctrl Pts',(-50.8964654365237,22.7896599862634,0.));
#2187=CARTESIAN_POINT('Ctrl Pts',(-50.2241568120698,23.3460885622941,0.));
#2188=CARTESIAN_POINT('Ctrl Pts',(-49.2625444329247,24.0925443266157,0.));
#2189=CARTESIAN_POINT('Ctrl Pts',(-47.9997393081648,25.0236031194487,0.));
#2190=CARTESIAN_POINT('Ctrl Pts',(-46.5906135548891,26.0269821638302,0.));
#2191=CARTESIAN_POINT('Ctrl Pts',(-45.0518091069491,27.0933539374361,0.));
#2192=CARTESIAN_POINT('Ctrl Pts',(-43.4122187800408,28.2004216083627,0.));
#2193=CARTESIAN_POINT('Ctrl Pts',(-41.7072157668686,29.3186161305046,0.));
#2194=CARTESIAN_POINT('Ctrl Pts',(-39.973103298377,30.4165050555429,0.));
#2195=CARTESIAN_POINT('Ctrl Pts',(-38.2419207772673,31.4658995332788,0.));
#2196=CARTESIAN_POINT('Ctrl Pts',(-36.5350128719168,32.4481099346077,0.));
#2197=CARTESIAN_POINT('Ctrl Pts',(-34.8610538135031,33.3560161182766,0.));
#2198=CARTESIAN_POINT('Ctrl Pts',(-33.2199400499516,34.1906122903347,0.));
#2199=CARTESIAN_POINT('Ctrl Pts',(-31.605200244556,34.9589518440617,0.));
#2200=CARTESIAN_POINT('Ctrl Pts',(-30.0069433208317,35.6715806343547,0.));
#2201=CARTESIAN_POINT('Ctrl Pts',(-28.4146476436634,36.3401363416996,0.));
#2202=CARTESIAN_POINT('Ctrl Pts',(-26.8198076506291,36.9750504143815,0.));
#2203=CARTESIAN_POINT('Ctrl Pts',(-25.2191741303181,37.5827802167363,0.));
#2204=CARTESIAN_POINT('Ctrl Pts',(-23.6143978103721,38.1659379459474,0.));
#2205=CARTESIAN_POINT('Ctrl Pts',(-22.0104524474279,38.7244034474358,0.));
#2206=CARTESIAN_POINT('Ctrl Pts',(-20.4144937602289,39.2560899557037,0.));
#2207=CARTESIAN_POINT('Ctrl Pts',(-18.8345023947211,39.7578754208682,0.));
#2208=CARTESIAN_POINT('Ctrl Pts',(-17.2781222678039,40.2263967217269,0.));
#2209=CARTESIAN_POINT('Ctrl Pts',(-15.7511682598667,40.6590586790761,0.));
#2210=CARTESIAN_POINT('Ctrl Pts',(-14.257330572274,41.0542806870002,0.));
#2211=CARTESIAN_POINT('Ctrl Pts',(-12.79878524625,41.4111688079513,0.));
#2212=CARTESIAN_POINT('Ctrl Pts',(-11.6609865235827,41.6657196080846,0.));
#2213=CARTESIAN_POINT('Ctrl Pts',(-10.8240975877002,41.8391896604045,0.));
#2214=CARTESIAN_POINT('Ctrl Pts',(-10.2734810473083,41.9470903212158,0.));
#2215=CARTESIAN_POINT('Ctrl Pts',(-10.0000001490116,41.999104130182,0.));
#2216=CARTESIAN_POINT('',(-10.0000001490116,41.999104130182,500.));
#2217=CARTESIAN_POINT('',(-10.0000001490116,41.999104130182,0.));
#2218=CARTESIAN_POINT('',(-55.4996705499882,7.8348701142848,500.));
#2219=CARTESIAN_POINT('Ctrl Pts',(-55.4996705499882,7.83487011428481,500.));
#2220=CARTESIAN_POINT('Ctrl Pts',(-55.8523724788543,7.94429222015898,500.));
#2221=CARTESIAN_POINT('Ctrl Pts',(-56.5205226909805,8.16220055274382,500.));
#2222=CARTESIAN_POINT('Ctrl Pts',(-57.4109832479997,8.48625541704503,500.));
#2223=CARTESIAN_POINT('Ctrl Pts',(-58.3745878173102,8.91270875193445,500.));
#2224=CARTESIAN_POINT('Ctrl Pts',(-59.2122886001746,9.43723869559093,500.));
#2225=CARTESIAN_POINT('Ctrl Pts',(-59.7035957642906,9.95576765895937,500.));
#2226=CARTESIAN_POINT('Ctrl Pts',(-59.8896408220607,10.473412946489,500.));
#2227=CARTESIAN_POINT('Ctrl Pts',(-59.8432271903222,10.9986445047983,500.));
#2228=CARTESIAN_POINT('Ctrl Pts',(-59.6438415492764,11.5486207662713,500.));
#2229=CARTESIAN_POINT('Ctrl Pts',(-59.3302925260934,12.1620820437155,500.));
#2230=CARTESIAN_POINT('Ctrl Pts',(-58.8966968874695,12.891722810041,500.));
#2231=CARTESIAN_POINT('Ctrl Pts',(-58.3250793498777,13.7792040532971,500.));
#2232=CARTESIAN_POINT('Ctrl Pts',(-57.6128020429925,14.8301341184655,500.));
#2233=CARTESIAN_POINT('Ctrl Pts',(-56.7882914053025,16.0033651570015,500.));
#2234=CARTESIAN_POINT('Ctrl Pts',(-55.8934250895551,17.233999976086,500.));
#2235=CARTESIAN_POINT('Ctrl Pts',(-54.9732281968599,18.4492332730413,500.));
#2236=CARTESIAN_POINT('Ctrl Pts',(-54.0631045332019,19.586421242438,500.));
#2237=CARTESIAN_POINT('Ctrl Pts',(-53.1760279518842,20.6116357750288,500.));
#2238=CARTESIAN_POINT('Ctrl Pts',(-52.2928505184589,21.5339115287699,500.));
#2239=CARTESIAN_POINT('Ctrl Pts',(-51.375799662717,22.3888481892817,500.));
#2240=CARTESIAN_POINT('Ctrl Pts',(-50.3795278339541,23.2254811352171,500.));
#2241=CARTESIAN_POINT('Ctrl Pts',(-49.2625444329247,24.0925443266157,500.));
#2242=CARTESIAN_POINT('Ctrl Pts',(-47.9997393081648,25.0236031194487,500.));
#2243=CARTESIAN_POINT('Ctrl Pts',(-46.5906135548891,26.0269821638302,500.));
#2244=CARTESIAN_POINT('Ctrl Pts',(-45.0518091069491,27.0933539374361,500.));
#2245=CARTESIAN_POINT('Ctrl Pts',(-43.4122187800408,28.2004216083627,500.));
#2246=CARTESIAN_POINT('Ctrl Pts',(-41.7072157668686,29.3186161305046,500.));
#2247=CARTESIAN_POINT('Ctrl Pts',(-39.973103298377,30.4165050555429,500.));
#2248=CARTESIAN_POINT('Ctrl Pts',(-38.2419207772673,31.4658995332788,500.));
#2249=CARTESIAN_POINT('Ctrl Pts',(-36.5350128719168,32.4481099346077,500.));
#2250=CARTESIAN_POINT('Ctrl Pts',(-34.8610538135031,33.3560161182766,500.));
#2251=CARTESIAN_POINT('Ctrl Pts',(-33.2199400499516,34.1906122903347,500.));
#2252=CARTESIAN_POINT('Ctrl Pts',(-31.605200244556,34.9589518440617,500.));
#2253=CARTESIAN_POINT('Ctrl Pts',(-30.0069433208317,35.6715806343547,500.));
#2254=CARTESIAN_POINT('Ctrl Pts',(-28.4146476436634,36.3401363416996,500.));
#2255=CARTESIAN_POINT('Ctrl Pts',(-26.8198076506291,36.9750504143815,500.));
#2256=CARTESIAN_POINT('Ctrl Pts',(-25.2191741303181,37.5827802167363,500.));
#2257=CARTESIAN_POINT('Ctrl Pts',(-23.6143978103721,38.1659379459474,500.));
#2258=CARTESIAN_POINT('Ctrl Pts',(-22.0104524474279,38.7244034474358,500.));
#2259=CARTESIAN_POINT('Ctrl Pts',(-20.4144937602289,39.2560899557037,500.));
#2260=CARTESIAN_POINT('Ctrl Pts',(-18.8345023947211,39.7578754208682,500.));
#2261=CARTESIAN_POINT('Ctrl Pts',(-17.2781222678039,40.2263967217269,500.));
#2262=CARTESIAN_POINT('Ctrl Pts',(-15.7511682598667,40.6590586790761,500.));
#2263=CARTESIAN_POINT('Ctrl Pts',(-14.257330572274,41.0542806870002,500.));
#2264=CARTESIAN_POINT('Ctrl Pts',(-12.79878524625,41.4111688079513,500.));
#2265=CARTESIAN_POINT('Ctrl Pts',(-11.6609865235827,41.6657196080846,500.));
#2266=CARTESIAN_POINT('Ctrl Pts',(-10.8240975877002,41.8391896604045,500.));
#2267=CARTESIAN_POINT('Ctrl Pts',(-10.2734810473083,41.9470903212158,500.));
#2268=CARTESIAN_POINT('Ctrl Pts',(-10.0000001490116,41.999104130182,500.));
#2269=CARTESIAN_POINT('',(-55.4996705499882,7.8348701142848,0.));
#2270=CARTESIAN_POINT('',(-55.4996705499882,7.8348701142848,0.));
#2271=CARTESIAN_POINT('Ctrl Pts',(-55.4996705499882,7.83487011428481,0.));
#2272=CARTESIAN_POINT('Ctrl Pts',(-55.8523724788543,7.94429222015898,0.));
#2273=CARTESIAN_POINT('Ctrl Pts',(-56.5205226909805,8.16220055274382,0.));
#2274=CARTESIAN_POINT('Ctrl Pts',(-57.4109832479997,8.48625541704503,0.));
#2275=CARTESIAN_POINT('Ctrl Pts',(-58.3745878173102,8.91270875193445,0.));
#2276=CARTESIAN_POINT('Ctrl Pts',(-59.0534615771545,9.33778847286223,0.));
#2277=CARTESIAN_POINT('Ctrl Pts',(-59.403466819455,9.65516732587593,0.));
#2278=CARTESIAN_POINT('Ctrl Pts',(-59.5717864279178,9.86802944601382,0.));
#2279=CARTESIAN_POINT('Ctrl Pts',(-59.6415894291164,9.97715304364322,0.));
#2280=CARTESIAN_POINT('Ctrl Pts',(-59.645,9.9825476054548,0.));
#2281=CARTESIAN_POINT('Ctrl Pts',(0.,44.5726960423861,0.));
#2282=CARTESIAN_POINT('Ctrl Pts',(0.,44.5726960423861,500.));
#2283=CARTESIAN_POINT('Ctrl Pts',(-0.248773873456931,44.5574135166026,0.));
#2284=CARTESIAN_POINT('Ctrl Pts',(-0.248773873456931,44.5574135166026,500.));
#2285=CARTESIAN_POINT('Ctrl Pts',(-0.809517341894585,44.540606646545,0.));
#2286=CARTESIAN_POINT('Ctrl Pts',(-0.809517341894585,44.540606646545,500.));
#2287=CARTESIAN_POINT('Ctrl Pts',(-1.84018887191547,44.5566307940335,0.));
#2288=CARTESIAN_POINT('Ctrl Pts',(-1.84018887191547,44.5566307940335,500.));
#2289=CARTESIAN_POINT('Ctrl Pts',(-3.57079799619609,44.6254140178627,0.));
#2290=CARTESIAN_POINT('Ctrl Pts',(-3.57079799619609,44.6254140178627,500.));
#2291=CARTESIAN_POINT('Ctrl Pts',(-6.21999057029847,44.618552028897,0.));
#2292=CARTESIAN_POINT('Ctrl Pts',(-6.21999057029847,44.618552028897,500.));
#2293=CARTESIAN_POINT('Ctrl Pts',(-9.26460590576962,44.3622729043064,0.));
#2294=CARTESIAN_POINT('Ctrl Pts',(-9.26460590576962,44.3622729043064,500.));
#2295=CARTESIAN_POINT('Ctrl Pts',(-12.6840453279455,43.7940444998195,0.));
#2296=CARTESIAN_POINT('Ctrl Pts',(-12.6840453279455,43.7940444998195,500.));
#2297=CARTESIAN_POINT('Ctrl Pts',(-16.485968895721,42.9062530105928,0.));
#2298=CARTESIAN_POINT('Ctrl Pts',(-16.485968895721,42.9062530105928,500.));
#2299=CARTESIAN_POINT('Ctrl Pts',(-20.6621476707501,41.7023561287517,0.));
#2300=CARTESIAN_POINT('Ctrl Pts',(-20.6621476707501,41.7023561287517,500.));
#2301=CARTESIAN_POINT('Ctrl Pts',(-25.1683686079463,40.1901911335144,0.));
#2302=CARTESIAN_POINT('Ctrl Pts',(-25.1683686079463,40.1901911335144,500.));
#2303=CARTESIAN_POINT('Ctrl Pts',(-29.8378278791788,38.2786472307807,0.));
#2304=CARTESIAN_POINT('Ctrl Pts',(-29.8378278791788,38.2786472307807,500.));
#2305=CARTESIAN_POINT('Ctrl Pts',(-34.4915752759189,35.9658168695694,0.));
#2306=CARTESIAN_POINT('Ctrl Pts',(-34.4915752759189,35.9658168695694,500.));
#2307=CARTESIAN_POINT('Ctrl Pts',(-39.0094163351361,33.3825190053899,0.));
#2308=CARTESIAN_POINT('Ctrl Pts',(-39.0094163351361,33.3825190053899,500.));
#2309=CARTESIAN_POINT('Ctrl Pts',(-43.2944060385564,30.6876719896576,0.));
#2310=CARTESIAN_POINT('Ctrl Pts',(-43.2944060385564,30.6876719896576,500.));
#2311=CARTESIAN_POINT('Ctrl Pts',(-47.2803202803612,28.0149171577818,0.));
#2312=CARTESIAN_POINT('Ctrl Pts',(-47.2803202803612,28.0149171577818,500.));
#2313=CARTESIAN_POINT('Ctrl Pts',(-50.9215083904712,25.4181439769883,0.));
#2314=CARTESIAN_POINT('Ctrl Pts',(-50.9215083904712,25.4181439769883,500.));
#2315=CARTESIAN_POINT('Ctrl Pts',(-54.191003912959,22.7680407584495,0.));
#2316=CARTESIAN_POINT('Ctrl Pts',(-54.191003912959,22.7680407584495,500.));
#2317=CARTESIAN_POINT('Ctrl Pts',(-57.0758994085637,19.7841518539381,0.));
#2318=CARTESIAN_POINT('Ctrl Pts',(-57.0758994085637,19.7841518539381,500.));
#2319=CARTESIAN_POINT('Ctrl Pts',(-59.5736516324727,16.3404399714003,0.));
#2320=CARTESIAN_POINT('Ctrl Pts',(-59.5736516324727,16.3404399714003,500.));
#2321=CARTESIAN_POINT('Ctrl Pts',(-61.6879564320976,12.3508353851201,0.));
#2322=CARTESIAN_POINT('Ctrl Pts',(-61.6879564320976,12.3508353851201,500.));
#2323=CARTESIAN_POINT('Ctrl Pts',(-63.07787229153,8.69997156024247,0.));
#2324=CARTESIAN_POINT('Ctrl Pts',(-63.07787229153,8.69997156024247,500.));
#2325=CARTESIAN_POINT('Ctrl Pts',(-63.9534734476807,5.70082779653917,0.));
#2326=CARTESIAN_POINT('Ctrl Pts',(-63.9534734476807,5.70082779653917,500.));
#2327=CARTESIAN_POINT('Ctrl Pts',(-64.4634498417404,3.58615565539947,0.));
#2328=CARTESIAN_POINT('Ctrl Pts',(-64.4634498417404,3.58615565539947,500.));
#2329=CARTESIAN_POINT('Ctrl Pts',(-64.6999985538423,2.49999994412065,0.));
#2330=CARTESIAN_POINT('Ctrl Pts',(-64.6999985538423,2.49999994412065,500.));
#2331=CARTESIAN_POINT('',(-64.6999985538423,2.49999994412065,0.));
#2332=CARTESIAN_POINT('Ctrl Pts',(-62.845,9.08700993432491,0.));
#2333=CARTESIAN_POINT('Ctrl Pts',(-62.9459479993418,8.80338708251246,0.));
#2334=CARTESIAN_POINT('Ctrl Pts',(-63.3725665764616,7.57267238227697,0.));
#2335=CARTESIAN_POINT('Ctrl Pts',(-63.7675787680347,6.29289664617822,0.));
#2336=CARTESIAN_POINT('Ctrl Pts',(-64.1311704255207,4.96398810556542,0.));
#2337=CARTESIAN_POINT('Ctrl Pts',(-64.4634498417404,3.58615565539947,0.));
#2338=CARTESIAN_POINT('Ctrl Pts',(-64.6999985538423,2.49999994412065,0.));
#2339=CARTESIAN_POINT('',(-64.6999985538423,2.49999994412065,500.));
#2340=CARTESIAN_POINT('',(-64.6999985538423,2.49999994412065,0.));
#2341=CARTESIAN_POINT('',(0.,44.5726960423861,500.));
#2342=CARTESIAN_POINT('Ctrl Pts',(0.,44.5726960423861,500.));
#2343=CARTESIAN_POINT('Ctrl Pts',(-0.248773873456931,44.5574135166026,500.));
#2344=CARTESIAN_POINT('Ctrl Pts',(-0.809517341894585,44.540606646545,500.));
#2345=CARTESIAN_POINT('Ctrl Pts',(-1.84018887191547,44.5566307940335,500.));
#2346=CARTESIAN_POINT('Ctrl Pts',(-3.57079799619609,44.6254140178627,500.));
#2347=CARTESIAN_POINT('Ctrl Pts',(-6.21999057029847,44.618552028897,500.));
#2348=CARTESIAN_POINT('Ctrl Pts',(-9.26460590576962,44.3622729043064,500.));
#2349=CARTESIAN_POINT('Ctrl Pts',(-12.6840453279455,43.7940444998195,500.));
#2350=CARTESIAN_POINT('Ctrl Pts',(-16.485968895721,42.9062530105928,500.));
#2351=CARTESIAN_POINT('Ctrl Pts',(-20.6621476707501,41.7023561287517,500.));
#2352=CARTESIAN_POINT('Ctrl Pts',(-25.1683686079463,40.1901911335144,500.));
#2353=CARTESIAN_POINT('Ctrl Pts',(-29.8378278791788,38.2786472307807,500.));
#2354=CARTESIAN_POINT('Ctrl Pts',(-34.4915752759189,35.9658168695694,500.));
#2355=CARTESIAN_POINT('Ctrl Pts',(-39.0094163351361,33.3825190053899,500.));
#2356=CARTESIAN_POINT('Ctrl Pts',(-43.2944060385564,30.6876719896576,500.));
#2357=CARTESIAN_POINT('Ctrl Pts',(-47.2803202803612,28.0149171577818,500.));
#2358=CARTESIAN_POINT('Ctrl Pts',(-50.9215083904712,25.4181439769883,500.));
#2359=CARTESIAN_POINT('Ctrl Pts',(-54.191003912959,22.7680407584495,500.));
#2360=CARTESIAN_POINT('Ctrl Pts',(-57.0758994085637,19.7841518539381,500.));
#2361=CARTESIAN_POINT('Ctrl Pts',(-59.5736516324727,16.3404399714003,500.));
#2362=CARTESIAN_POINT('Ctrl Pts',(-61.6879564320976,12.3508353851201,500.));
#2363=CARTESIAN_POINT('Ctrl Pts',(-63.07787229153,8.69997156024247,500.));
#2364=CARTESIAN_POINT('Ctrl Pts',(-63.9534734476807,5.70082779653917,500.));
#2365=CARTESIAN_POINT('Ctrl Pts',(-64.4634498417404,3.58615565539947,500.));
#2366=CARTESIAN_POINT('Ctrl Pts',(-64.6999985538423,2.49999994412065,500.));
#2367=CARTESIAN_POINT('',(0.,44.5726960423861,0.));
#2368=CARTESIAN_POINT('',(0.,44.5726960423861,0.));
#2369=CARTESIAN_POINT('',(-51.645,24.7685855112065,0.));
#2370=CARTESIAN_POINT('Ctrl Pts',(0.,44.5726960423861,0.));
#2371=CARTESIAN_POINT('Ctrl Pts',(-0.248773873456931,44.5574135166026,0.));
#2372=CARTESIAN_POINT('Ctrl Pts',(-0.809517341894585,44.540606646545,0.));
#2373=CARTESIAN_POINT('Ctrl Pts',(-1.84018887191547,44.5566307940335,0.));
#2374=CARTESIAN_POINT('Ctrl Pts',(-3.57079799619609,44.6254140178627,0.));
#2375=CARTESIAN_POINT('Ctrl Pts',(-6.21999057029847,44.618552028897,0.));
#2376=CARTESIAN_POINT('Ctrl Pts',(-9.26460590576962,44.3622729043064,0.));
#2377=CARTESIAN_POINT('Ctrl Pts',(-12.6840453279455,43.7940444998195,0.));
#2378=CARTESIAN_POINT('Ctrl Pts',(-16.485968895721,42.9062530105928,0.));
#2379=CARTESIAN_POINT('Ctrl Pts',(-20.6621476707501,41.7023561287517,0.));
#2380=CARTESIAN_POINT('Ctrl Pts',(-25.1683686079463,40.1901911335144,0.));
#2381=CARTESIAN_POINT('Ctrl Pts',(-29.8378278791788,38.2786472307807,0.));
#2382=CARTESIAN_POINT('Ctrl Pts',(-34.4915752759189,35.9658168695694,0.));
#2383=CARTESIAN_POINT('Ctrl Pts',(-39.0094163351361,33.3825190053899,0.));
#2384=CARTESIAN_POINT('Ctrl Pts',(-43.2944060385564,30.6876719896576,0.));
#2385=CARTESIAN_POINT('Ctrl Pts',(-46.6740100967465,28.421478457038,0.));
#2386=CARTESIAN_POINT('Ctrl Pts',(-49.0755546681794,26.7297032067988,0.));
#2387=CARTESIAN_POINT('Ctrl Pts',(-50.6442634492903,25.5550198997026,0.));
#2388=CARTESIAN_POINT('Ctrl Pts',(-51.4838750185393,24.8962272479109,0.));
#2389=CARTESIAN_POINT('Ctrl Pts',(-51.645,24.7685855112065,0.));
#2390=CARTESIAN_POINT('',(-54.845,21.974207475104,0.));
#2391=CARTESIAN_POINT('Ctrl Pts',(-51.645,24.7685855112065,0.));
#2392=CARTESIAN_POINT('Ctrl Pts',(-51.645,24.7685855112065,0.0198319023164063));
#2393=CARTESIAN_POINT('Ctrl Pts',(-51.6453687264731,24.7682934171472,0.0396579444277582));
#2394=CARTESIAN_POINT('Ctrl Pts',(-51.6469409824563,24.7670478247281,0.0819309307292291));
#2395=CARTESIAN_POINT('Ctrl Pts',(-51.6482491343526,24.7660114371271,0.10435721626717));
#2396=CARTESIAN_POINT('Ctrl Pts',(-51.6538772331316,24.7615518402614,0.175189546908668));
#2397=CARTESIAN_POINT('Ctrl Pts',(-51.6599208277329,24.7567624283534,0.223281074752555));
#2398=CARTESIAN_POINT('Ctrl Pts',(-51.6923663714959,24.7310309990345,0.412175112193852));
#2399=CARTESIAN_POINT('Ctrl Pts',(-51.7349891366932,24.6972076972163,0.546554093886014));
#2400=CARTESIAN_POINT('Ctrl Pts',(-51.8616938782351,24.5961133655784,0.820730997613787));
#2401=CARTESIAN_POINT('Ctrl Pts',(-51.9509356351172,24.5246282025178,0.953339293377283));
#2402=CARTESIAN_POINT('Ctrl Pts',(-52.161477376443,24.3544115778267,1.18842771502886));
#2403=CARTESIAN_POINT('Ctrl Pts',(-52.2837155475696,24.254824481711,1.2879348628641));
#2404=CARTESIAN_POINT('Ctrl Pts',(-52.6212801324888,23.9765507490956,1.49350370704656));
#2405=CARTESIAN_POINT('Ctrl Pts',(-52.8483541068597,23.786180948811,1.5667156516762));
#2406=CARTESIAN_POINT('Ctrl Pts',(-53.3311125844874,23.3720861387451,1.61832044589944));
#2407=CARTESIAN_POINT('Ctrl Pts',(-53.5906652854208,23.1437151417264,1.58351796776361));
#2408=CARTESIAN_POINT('Ctrl Pts',(-54.011946225484,22.7631763005451,1.41753397186047));
#2409=CARTESIAN_POINT('Ctrl Pts',(-54.1848792245169,22.603593941894,1.31147849935497));
#2410=CARTESIAN_POINT('Ctrl Pts',(-54.4454597442741,22.3590380367887,1.06812927815511));
#2411=CARTESIAN_POINT('Ctrl Pts',(-54.5443008024961,22.2649286495147,0.94757855443029));
#2412=CARTESIAN_POINT('Ctrl Pts',(-54.6861391490663,22.1286985610378,0.705228791634102));
#2413=CARTESIAN_POINT('Ctrl Pts',(-54.7367880685502,22.0796229426806,0.592275754610502));
#2414=CARTESIAN_POINT('Ctrl Pts',(-54.8014669198001,22.0167371986477,0.38207160523826));
#2415=CARTESIAN_POINT('Ctrl Pts',(-54.8214048699384,21.9972672861186,0.289969193280536));
#2416=CARTESIAN_POINT('Ctrl Pts',(-54.8377200490259,21.9813263017918,0.157173743675457));
#2417=CARTESIAN_POINT('Ctrl Pts',(-54.8410334190093,21.9780864734646,0.118975611782753));
#2418=CARTESIAN_POINT('Ctrl Pts',(-54.8443221601957,21.9748704884216,0.0537581551833673));
#2419=CARTESIAN_POINT('Ctrl Pts',(-54.845,21.974207475104,0.0268897714778053));
#2420=CARTESIAN_POINT('Ctrl Pts',(-54.845,21.974207475104,0.));
#2421=CARTESIAN_POINT('Ctrl Pts',(-54.845,21.974207475104,0.));
#2422=CARTESIAN_POINT('Ctrl Pts',(-55.2936492433911,21.5354088180645,0.));
#2423=CARTESIAN_POINT('Ctrl Pts',(-56.3132593149879,20.4900637938983,0.));
#2424=CARTESIAN_POINT('Ctrl Pts',(-57.4470145160388,19.1841809880824,0.));
#2425=CARTESIAN_POINT('Ctrl Pts',(-58.4979917795202,17.7783823344033,0.));
#2426=CARTESIAN_POINT('Ctrl Pts',(-59.4667364683686,16.2599672981387,0.));
#2427=CARTESIAN_POINT('Ctrl Pts',(-60.0500760797923,15.2463637700569,0.));
#2428=CARTESIAN_POINT('Ctrl Pts',(-60.1883646192824,15.,0.));
#2429=CARTESIAN_POINT('Origin',(-57.4999987147748,-6.00000008940697,0.));
#2430=CARTESIAN_POINT('',(-61.0000009089708,-6.00000008940697,500.));
#2431=CARTESIAN_POINT('',(-61.0000009089708,-6.00000008940697,0.));
#2432=CARTESIAN_POINT('',(-57.4999987147748,-6.00000008940697,500.));
#2433=CARTESIAN_POINT('',(-61.0000009089708,-6.00000008940697,500.));
#2434=CARTESIAN_POINT('',(-57.4999987147748,-6.00000008940697,0.));
#2435=CARTESIAN_POINT('',(-57.4999987147748,-6.00000008940697,0.));
#2436=CARTESIAN_POINT('',(-61.0000009089708,-6.00000008940697,0.));
#2437=CARTESIAN_POINT('Origin',(-61.0000009089708,-6.00000008940697,0.));
#2438=CARTESIAN_POINT('',(-61.0000009089708,-3.52896107113442,500.));
#2439=CARTESIAN_POINT('',(-61.0000009089708,-3.52896107113442,0.));
#2440=CARTESIAN_POINT('',(-61.0000009089708,-6.00000008940697,500.));
#2441=CARTESIAN_POINT('Origin',(-61.0000009089708,-3.52896107113442,0.));
#2442=CARTESIAN_POINT('',(-62.5000009313226,-2.49999994412065,500.));
#2443=CARTESIAN_POINT('',(-62.5000009313226,-2.49999994412065,0.));
#2444=CARTESIAN_POINT('',(-61.0000009089708,-3.52896107113442,500.));
#2445=CARTESIAN_POINT('Origin',(-62.5000009313226,-2.49999994412065,0.));
#2446=CARTESIAN_POINT('',(-64.6999985538423,-2.49999994412065,0.));
#2447=CARTESIAN_POINT('',(-64.6999985538423,-2.49999994412065,0.));
#2448=CARTESIAN_POINT('',(-64.6999985538423,-2.49999994412065,500.));
#2449=CARTESIAN_POINT('',(-64.6999985538423,-2.49999994412065,0.));
#2450=CARTESIAN_POINT('',(-64.6999985538423,-2.49999994412065,500.));
#2451=CARTESIAN_POINT('Origin',(-0.435355308952365,0.,0.));
#2452=CARTESIAN_POINT('',(-54.845,30.815,0.));
#2453=CARTESIAN_POINT('Origin',(-0.435355308952365,0.,0.));
#2454=CARTESIAN_POINT('Ctrl Pts',(-62.845,-9.08700993432472,0.));
#2455=CARTESIAN_POINT('Ctrl Pts',(-62.9459479993418,-8.80338708251231,0.));
#2456=CARTESIAN_POINT('Ctrl Pts',(-63.3725665764616,-7.57267238227685,0.));
#2457=CARTESIAN_POINT('Ctrl Pts',(-63.7675787680347,-6.29289664617814,0.));
#2458=CARTESIAN_POINT('Ctrl Pts',(-64.1311704255206,-4.96398810556538,0.));
#2459=CARTESIAN_POINT('Ctrl Pts',(-64.4634498417404,-3.58615565539947,0.));
#2460=CARTESIAN_POINT('Ctrl Pts',(-64.6999985538423,-2.49999994412065,0.));
#2461=CARTESIAN_POINT('Origin',(-0.435355308952365,0.,0.));
#2462=CARTESIAN_POINT('',(-54.845,-18.5968832940905,0.));
#2463=CARTESIAN_POINT('Ctrl Pts',(-54.845,-18.5968832940905,0.));
#2464=CARTESIAN_POINT('Ctrl Pts',(-54.8710944693113,-18.5636579389246,0.));
#2465=CARTESIAN_POINT('Ctrl Pts',(-55.0796674833131,-18.2975342946039,0.));
#2466=CARTESIAN_POINT('Ctrl Pts',(-55.4717583681938,-17.7890690308521,0.));
#2467=CARTESIAN_POINT('Ctrl Pts',(-56.0467941702783,-17.0230843034457,0.));
#2468=CARTESIAN_POINT('Ctrl Pts',(-56.7882914053025,-16.0033651570015,0.));
#2469=CARTESIAN_POINT('Ctrl Pts',(-57.6128020429925,-14.8301341184655,0.));
#2470=CARTESIAN_POINT('Ctrl Pts',(-58.3250793498777,-13.7792040532971,0.));
#2471=CARTESIAN_POINT('Ctrl Pts',(-58.8966968874695,-12.891722810041,0.));
#2472=CARTESIAN_POINT('Ctrl Pts',(-59.2541027652963,-12.2902917176657,0.));
#2473=CARTESIAN_POINT('Ctrl Pts',(-59.4663072592326,-11.8913871141686,0.));
#2474=CARTESIAN_POINT('Ctrl Pts',(-59.5844515575671,-11.6380364295451,0.));
#2475=CARTESIAN_POINT('Ctrl Pts',(-59.6391671490438,-11.5080184154921,0.));
#2476=CARTESIAN_POINT('Ctrl Pts',(-59.645,-11.4939854977318,0.));
#2477=CARTESIAN_POINT('',(-54.845,-21.9742074751039,0.));
#2478=CARTESIAN_POINT('',(-54.845,-30.815,0.));
#2479=CARTESIAN_POINT('Ctrl Pts',(-54.845,-21.9742074751039,0.));
#2480=CARTESIAN_POINT('Ctrl Pts',(-55.2936492433911,-21.5354088180645,0.));
#2481=CARTESIAN_POINT('Ctrl Pts',(-56.3132593149879,-20.4900637938982,0.));
#2482=CARTESIAN_POINT('Ctrl Pts',(-57.4470145160388,-19.1841809880824,0.));
#2483=CARTESIAN_POINT('Ctrl Pts',(-58.4979917795201,-17.7783823344033,0.));
#2484=CARTESIAN_POINT('Ctrl Pts',(-59.4667364683685,-16.2599672981387,0.));
#2485=CARTESIAN_POINT('Ctrl Pts',(-60.0500760797922,-15.2463637700569,0.));
#2486=CARTESIAN_POINT('Ctrl Pts',(-60.1883646192823,-15.,0.));
#2487=CARTESIAN_POINT('Origin',(-0.435355308952365,0.,0.));
#2488=CARTESIAN_POINT('',(-64.6999985538423,2.49999994412065,0.));
#2489=CARTESIAN_POINT('Origin',(48.245,-25.,0.));
#2490=CARTESIAN_POINT('',(49.8898085403744,-25.,1.60767063340459));
#2491=CARTESIAN_POINT('',(45.945,-27.7954803211078,0.));
#2492=CARTESIAN_POINT('Ctrl Pts',(49.8898085403744,-25.,1.60767063340459));
#2493=CARTESIAN_POINT('Ctrl Pts',(49.6749083827804,-25.1555380458147,1.82753508025954));
#2494=CARTESIAN_POINT('Ctrl Pts',(49.4253215733872,-25.3357940649682,1.9949894010463));
#2495=CARTESIAN_POINT('Ctrl Pts',(48.9257040955081,-25.6952346963681,2.21186325714446));
#2496=CARTESIAN_POINT('Ctrl Pts',(48.6780629557379,-25.8728451434137,2.27269394675214));
#2497=CARTESIAN_POINT('Ctrl Pts',(48.0994947900076,-26.2860682082878,2.31900090641957));
#2498=CARTESIAN_POINT('Ctrl Pts',(47.7648771480705,-26.523728340107,2.27450800401308));
#2499=CARTESIAN_POINT('Ctrl Pts',(47.1971356975083,-26.9243338439478,2.06486117558537));
#2500=CARTESIAN_POINT('Ctrl Pts',(46.9566334405024,-27.0930626499511,1.92623319804729));
#2501=CARTESIAN_POINT('Ctrl Pts',(46.5742217923001,-27.3600302240214,1.59615783164722));
#2502=CARTESIAN_POINT('Ctrl Pts',(46.4230053447779,-27.4650994464365,1.42323911867263));
#2503=CARTESIAN_POINT('Ctrl Pts',(46.1580062387557,-27.6486956524271,1.00175053885796));
#2504=CARTESIAN_POINT('Ctrl Pts',(46.0534938392631,-27.7207490834232,0.750910735404141));
#2505=CARTESIAN_POINT('Ctrl Pts',(45.9757673303749,-27.7742996887592,0.386914336551704));
#2506=CARTESIAN_POINT('Ctrl Pts',(45.9615749631444,-27.7840704888054,0.291968900643385));
#2507=CARTESIAN_POINT('Ctrl Pts',(45.9500886438931,-27.7919777330692,0.157676732888799));
#2508=CARTESIAN_POINT('Ctrl Pts',(45.9477699519647,-27.7935737385228,0.119240996729524));
#2509=CARTESIAN_POINT('Ctrl Pts',(45.9454727215133,-27.7951549536874,0.0538396630759604));
#2510=CARTESIAN_POINT('Ctrl Pts',(45.945,-27.7954803211078,0.0269227894597482));
#2511=CARTESIAN_POINT('Ctrl Pts',(45.945,-27.7954803211078,0.));
#2512=CARTESIAN_POINT('',(50.545,-25.,0.));
#2513=CARTESIAN_POINT('Origin',(48.245,-25.,0.));
#2514=CARTESIAN_POINT('',(50.545,-26.7624460307397,0.));
#2515=CARTESIAN_POINT('',(50.545,-25.,0.));
#2516=CARTESIAN_POINT('',(45.945,-29.9992952100249,0.));
#2517=CARTESIAN_POINT('Ctrl Pts',(45.945,-29.9992952100249,0.));
#2518=CARTESIAN_POINT('Ctrl Pts',(45.945,-29.9992952100249,0.0226064421727165));
#2519=CARTESIAN_POINT('Ctrl Pts',(45.9453332955407,-29.9990702866415,0.0452094845315827));
#2520=CARTESIAN_POINT('Ctrl Pts',(45.9468187604481,-29.9980677885409,0.0955782487353436));
#2521=CARTESIAN_POINT('Ctrl Pts',(45.9481409580054,-29.9971754644422,0.123326981021242));
#2522=CARTESIAN_POINT('Ctrl Pts',(45.9540437017033,-29.9931914807502,0.213022071011498));
#2523=CARTESIAN_POINT('Ctrl Pts',(45.9606250809629,-29.9887491939203,0.274701259925825));
#2524=CARTESIAN_POINT('Ctrl Pts',(46.0085624399623,-29.9563787623777,0.599401453706342));
#2525=CARTESIAN_POINT('Ctrl Pts',(46.0920353948618,-29.9000049015444,0.848528119336852));
#2526=CARTESIAN_POINT('Ctrl Pts',(46.3122042436771,-29.7504555750432,1.26526685012431));
#2527=CARTESIAN_POINT('Ctrl Pts',(46.4367731018362,-29.6655883878411,1.43608844248831));
#2528=CARTESIAN_POINT('Ctrl Pts',(46.7504965402641,-29.4506441516848,1.76610195807919));
#2529=CARTESIAN_POINT('Ctrl Pts',(46.9464182204231,-29.3156750784327,1.91301967064383));
#2530=CARTESIAN_POINT('Ctrl Pts',(47.4734149749452,-28.9499791544122,2.19674137529112));
#2531=CARTESIAN_POINT('Ctrl Pts',(47.8208157467585,-28.7064983953951,2.28704567083757));
#2532=CARTESIAN_POINT('Ctrl Pts',(48.500497028464,-28.2258765138157,2.30988232457626));
#2533=CARTESIAN_POINT('Ctrl Pts',(48.8353784173423,-27.9871622985145,2.24881200363739));
#2534=CARTESIAN_POINT('Ctrl Pts',(49.3927034552493,-27.588536961903,2.01083480169784));
#2535=CARTESIAN_POINT('Ctrl Pts',(49.6247600983792,-27.4221131690579,1.86162883087318));
#2536=CARTESIAN_POINT('Ctrl Pts',(49.9865431123852,-27.1626564004471,1.51796214097447));
#2537=CARTESIAN_POINT('Ctrl Pts',(50.1269059821522,-27.0619916598272,1.34219352864689));
#2538=CARTESIAN_POINT('Ctrl Pts',(50.3694308541334,-26.8881576581449,0.918344107440425));
#2539=CARTESIAN_POINT('Ctrl Pts',(50.4623475334065,-26.8216194731976,0.668555080431063));
#2540=CARTESIAN_POINT('Ctrl Pts',(50.5236634229763,-26.777719798875,0.322639864886767));
#2541=CARTESIAN_POINT('Ctrl Pts',(50.5335538817967,-26.7706396397427,0.242915060356964));
#2542=CARTESIAN_POINT('Ctrl Pts',(50.5415034653513,-26.7649489517064,0.130732556783391));
#2543=CARTESIAN_POINT('Ctrl Pts',(50.5430980084012,-26.763807529315,0.0988275132388986));
#2544=CARTESIAN_POINT('Ctrl Pts',(50.5446756747874,-26.7626781902399,0.0445967903314982));
#2545=CARTESIAN_POINT('Ctrl Pts',(50.545,-26.7624460307397,0.0223001849964739));
#2546=CARTESIAN_POINT('Ctrl Pts',(50.545,-26.7624460307397,0.));
#2547=CARTESIAN_POINT('',(45.945,-25.,0.));
#2548=CARTESIAN_POINT('Origin',(48.245,-25.,0.));
#2549=CARTESIAN_POINT('',(49.8898085403744,-25.,0.));
#2550=CARTESIAN_POINT('Ctrl Pts',(49.8898085403744,-25.,0.));
#2551=CARTESIAN_POINT('Ctrl Pts',(49.8898085403744,-25.,0.535890211134863));
#2552=CARTESIAN_POINT('Ctrl Pts',(49.8898085403744,-25.,1.07178042226973));
#2553=CARTESIAN_POINT('Ctrl Pts',(49.8898085403744,-25.,1.60767063340459));
#2554=CARTESIAN_POINT('',(23.9048223455238,-25.,0.));
#2555=CARTESIAN_POINT('Origin',(-0.435355308952365,0.,0.));
#2556=CARTESIAN_POINT('',(50.645,-24.4519486554715,0.));
#2557=CARTESIAN_POINT('Ctrl Pts',(50.645,-24.4519486554715,0.));
#2558=CARTESIAN_POINT('Ctrl Pts',(50.5151031573809,-24.5464551133963,0.));
#2559=CARTESIAN_POINT('Ctrl Pts',(50.3641539266856,-24.6561652204028,0.));
#2560=CARTESIAN_POINT('Ctrl Pts',(50.2131371522584,-24.7657872532923,0.));
#2561=CARTESIAN_POINT('Ctrl Pts',(50.0620411959582,-24.8753217102666,0.));
#2562=CARTESIAN_POINT('Ctrl Pts',(49.9108525613168,-24.9847689925865,0.));
#2563=CARTESIAN_POINT('Ctrl Pts',(49.8898085403744,-25.,0.));
#2564=CARTESIAN_POINT('',(50.645,-26.6908837119046,0.));
#2565=CARTESIAN_POINT('',(50.645,-30.,0.));
#2566=CARTESIAN_POINT('Ctrl Pts',(50.645,-26.6908837119046,0.));
#2567=CARTESIAN_POINT('Ctrl Pts',(50.6250447598388,-26.7051599663888,0.));
#2568=CARTESIAN_POINT('Ctrl Pts',(50.605067164288,-26.7194543717003,0.));
#2569=CARTESIAN_POINT('Ctrl Pts',(50.585067188079,-26.7337668843354,0.));
#2570=CARTESIAN_POINT('Ctrl Pts',(50.5650448074088,-26.7480974554813,0.));
#2571=CARTESIAN_POINT('Ctrl Pts',(50.545,-26.7624460307397,0.));
#2572=CARTESIAN_POINT('Origin',(-0.435355308952365,0.,0.));
#2573=CARTESIAN_POINT('',(37.5803076493296,-35.0688851102798,0.));
#2574=CARTESIAN_POINT('Ctrl Pts',(45.945,-29.9992952100249,0.));
#2575=CARTESIAN_POINT('Ctrl Pts',(45.8060352894682,-30.0930762362562,0.));
#2576=CARTESIAN_POINT('Ctrl Pts',(45.391500606076,-30.3716345954694,0.));
#2577=CARTESIAN_POINT('Ctrl Pts',(44.6914255189034,-30.8360044161231,0.));
#2578=CARTESIAN_POINT('Ctrl Pts',(43.687604726799,-31.4866305036823,0.));
#2579=CARTESIAN_POINT('Ctrl Pts',(42.3540306500187,-32.3216657864944,0.));
#2580=CARTESIAN_POINT('Ctrl Pts',(40.820716852589,-33.2435908403768,0.));
#2581=CARTESIAN_POINT('Ctrl Pts',(39.551152809419,-33.9766995326859,0.));
#2582=CARTESIAN_POINT('Ctrl Pts',(38.5750280945248,-34.5238371991473,0.));
#2583=CARTESIAN_POINT('Ctrl Pts',(37.9136521468927,-34.8874015301552,0.));
#2584=CARTESIAN_POINT('Ctrl Pts',(37.5803076493296,-35.0688851102798,0.));
#2585=CARTESIAN_POINT('',(0.,-44.5726960423861,0.));
#2586=CARTESIAN_POINT('Ctrl Pts',(0.,-44.5726960423861,0.));
#2587=CARTESIAN_POINT('Ctrl Pts',(0.314157146033834,-44.5722583559365,0.));
#2588=CARTESIAN_POINT('Ctrl Pts',(0.92077001628037,-44.5715409638851,0.));
#2589=CARTESIAN_POINT('Ctrl Pts',(1.76558220385433,-44.5709393464898,0.));
#2590=CARTESIAN_POINT('Ctrl Pts',(2.76243596746767,-44.5711490510711,0.));
#2591=CARTESIAN_POINT('Ctrl Pts',(3.80134603421475,-44.5728619730244,0.));
#2592=CARTESIAN_POINT('Ctrl Pts',(4.65371300006147,-44.574556409483,0.));
#2593=CARTESIAN_POINT('Ctrl Pts',(5.35540492445161,-44.5729286987778,0.));
#2594=CARTESIAN_POINT('Ctrl Pts',(5.96420829110018,-44.5616619362934,0.));
#2595=CARTESIAN_POINT('Ctrl Pts',(6.55619719465448,-44.5321033153934,0.));
#2596=CARTESIAN_POINT('Ctrl Pts',(7.20940081155172,-44.4760626171319,0.));
#2597=CARTESIAN_POINT('Ctrl Pts',(7.98871380007502,-44.3886752133471,0.));
#2598=CARTESIAN_POINT('Ctrl Pts',(8.93640305540664,-44.2690885048805,0.));
#2599=CARTESIAN_POINT('Ctrl Pts',(10.0656435997727,-44.118182131748,0.));
#2600=CARTESIAN_POINT('Ctrl Pts',(11.3596739950725,-43.937648108255,0.));
#2601=CARTESIAN_POINT('Ctrl Pts',(12.7523958798527,-43.7272846855776,0.));
#2602=CARTESIAN_POINT('Ctrl Pts',(14.1909361072779,-43.4888079833824,0.));
#2603=CARTESIAN_POINT('Ctrl Pts',(15.6373205941123,-43.2251184058716,0.));
#2604=CARTESIAN_POINT('Ctrl Pts',(17.0653569570382,-42.9392252827101,0.));
#2605=CARTESIAN_POINT('Ctrl Pts',(18.4601758634567,-42.6333157909092,0.));
#2606=CARTESIAN_POINT('Ctrl Pts',(19.8166349854699,-42.3078714363648,0.));
#2607=CARTESIAN_POINT('Ctrl Pts',(21.1384566481233,-41.9604808401517,0.));
#2608=CARTESIAN_POINT('Ctrl Pts',(22.4364062206795,-41.5860347096335,0.));
#2609=CARTESIAN_POINT('Ctrl Pts',(23.7260764656719,-41.1778436862897,0.));
#2610=CARTESIAN_POINT('Ctrl Pts',(25.0258182319722,-40.7284729810135,0.));
#2611=CARTESIAN_POINT('Ctrl Pts',(26.3546449556995,-40.2306906532102,0.));
#2612=CARTESIAN_POINT('Ctrl Pts',(27.7301453611117,-39.678381580236,0.));
#2613=CARTESIAN_POINT('Ctrl Pts',(29.1664146669468,-39.0674748964015,0.));
#2614=CARTESIAN_POINT('Ctrl Pts',(30.6744768226527,-38.3955240570432,0.));
#2615=CARTESIAN_POINT('Ctrl Pts',(32.2626407236833,-37.6613294239913,0.));
#2616=CARTESIAN_POINT('Ctrl Pts',(33.9368457167065,-36.8645675680015,0.));
#2617=CARTESIAN_POINT('Ctrl Pts',(35.3481495513116,-36.1772646733531,0.));
#2618=CARTESIAN_POINT('Ctrl Pts',(36.4480477956949,-35.6338946915633,0.));
#2619=CARTESIAN_POINT('Ctrl Pts',(37.1998056379817,-35.2592825523832,0.));
#2620=CARTESIAN_POINT('Ctrl Pts',(37.5803076493296,-35.0688851102798,0.));
#2621=CARTESIAN_POINT('',(-51.645,-24.7685855112065,0.));
#2622=CARTESIAN_POINT('Ctrl Pts',(0.,-44.5726960423861,0.));
#2623=CARTESIAN_POINT('Ctrl Pts',(-0.248773873456931,-44.5574135166026,
0.));
#2624=CARTESIAN_POINT('Ctrl Pts',(-0.809517341894584,-44.540606646545,0.));
#2625=CARTESIAN_POINT('Ctrl Pts',(-1.84018887191547,-44.5566307940335,0.));
#2626=CARTESIAN_POINT('Ctrl Pts',(-3.57079799619608,-44.6254140178627,0.));
#2627=CARTESIAN_POINT('Ctrl Pts',(-6.21999057029847,-44.618552028897,0.));
#2628=CARTESIAN_POINT('Ctrl Pts',(-9.26460590576961,-44.3622729043064,0.));
#2629=CARTESIAN_POINT('Ctrl Pts',(-12.6840453279455,-43.7940444998196,0.));
#2630=CARTESIAN_POINT('Ctrl Pts',(-16.485968895721,-42.9062530105928,0.));
#2631=CARTESIAN_POINT('Ctrl Pts',(-20.6621476707501,-41.7023561287517,0.));
#2632=CARTESIAN_POINT('Ctrl Pts',(-25.1683686079463,-40.1901911335144,0.));
#2633=CARTESIAN_POINT('Ctrl Pts',(-29.8378278791788,-38.2786472307807,0.));
#2634=CARTESIAN_POINT('Ctrl Pts',(-34.4915752759189,-35.9658168695694,0.));
#2635=CARTESIAN_POINT('Ctrl Pts',(-39.0094163351361,-33.3825190053899,0.));
#2636=CARTESIAN_POINT('Ctrl Pts',(-43.2944060385564,-30.6876719896576,0.));
#2637=CARTESIAN_POINT('Ctrl Pts',(-46.6740100967465,-28.421478457038,0.));
#2638=CARTESIAN_POINT('Ctrl Pts',(-49.0755546681794,-26.7297032067988,0.));
#2639=CARTESIAN_POINT('Ctrl Pts',(-50.6442634492903,-25.5550198997026,0.));
#2640=CARTESIAN_POINT('Ctrl Pts',(-51.4838750185393,-24.8962272479109,0.));
#2641=CARTESIAN_POINT('Ctrl Pts',(-51.645,-24.7685855112065,0.));
#2642=CARTESIAN_POINT('',(-51.645,-22.124401841695,0.));
#2643=CARTESIAN_POINT('',(-51.645,-30.815,0.));
#2644=CARTESIAN_POINT('',(-10.0000001490116,-41.999104130182,0.));
#2645=CARTESIAN_POINT('Ctrl Pts',(-10.0000001490116,-41.999104130182,0.));
#2646=CARTESIAN_POINT('Ctrl Pts',(-10.2734810473083,-41.9470903212158,0.));
#2647=CARTESIAN_POINT('Ctrl Pts',(-10.8240975877002,-41.8391896604045,0.));
#2648=CARTESIAN_POINT('Ctrl Pts',(-11.6609865235827,-41.6657196080846,0.));
#2649=CARTESIAN_POINT('Ctrl Pts',(-12.79878524625,-41.4111688079513,0.));
#2650=CARTESIAN_POINT('Ctrl Pts',(-14.257330572274,-41.0542806870002,0.));
#2651=CARTESIAN_POINT('Ctrl Pts',(-15.7511682598667,-40.6590586790761,0.));
#2652=CARTESIAN_POINT('Ctrl Pts',(-17.2781222678039,-40.2263967217269,0.));
#2653=CARTESIAN_POINT('Ctrl Pts',(-18.8345023947211,-39.7578754208682,0.));
#2654=CARTESIAN_POINT('Ctrl Pts',(-20.4144937602289,-39.2560899557037,0.));
#2655=CARTESIAN_POINT('Ctrl Pts',(-22.0104524474279,-38.7244034474358,0.));
#2656=CARTESIAN_POINT('Ctrl Pts',(-23.6143978103721,-38.1659379459474,0.));
#2657=CARTESIAN_POINT('Ctrl Pts',(-25.2191741303181,-37.5827802167363,0.));
#2658=CARTESIAN_POINT('Ctrl Pts',(-26.8198076506291,-36.9750504143815,0.));
#2659=CARTESIAN_POINT('Ctrl Pts',(-28.4146476436634,-36.3401363416996,0.));
#2660=CARTESIAN_POINT('Ctrl Pts',(-30.0069433208317,-35.6715806343547,0.));
#2661=CARTESIAN_POINT('Ctrl Pts',(-31.605200244556,-34.9589518440617,0.));
#2662=CARTESIAN_POINT('Ctrl Pts',(-33.2199400499516,-34.1906122903347,0.));
#2663=CARTESIAN_POINT('Ctrl Pts',(-34.8610538135031,-33.3560161182766,0.));
#2664=CARTESIAN_POINT('Ctrl Pts',(-36.5350128719168,-32.4481099346077,0.));
#2665=CARTESIAN_POINT('Ctrl Pts',(-38.2419207772673,-31.4658995332788,0.));
#2666=CARTESIAN_POINT('Ctrl Pts',(-39.973103298377,-30.4165050555429,0.));
#2667=CARTESIAN_POINT('Ctrl Pts',(-41.7072157668686,-29.3186161305046,0.));
#2668=CARTESIAN_POINT('Ctrl Pts',(-43.4122187800408,-28.2004216083627,0.));
#2669=CARTESIAN_POINT('Ctrl Pts',(-45.0518091069491,-27.0933539374361,0.));
#2670=CARTESIAN_POINT('Ctrl Pts',(-46.5906135548891,-26.0269821638302,0.));
#2671=CARTESIAN_POINT('Ctrl Pts',(-47.9997393081648,-25.0236031194487,0.));
#2672=CARTESIAN_POINT('Ctrl Pts',(-49.2625444329247,-24.0925443266157,0.));
#2673=CARTESIAN_POINT('Ctrl Pts',(-50.2241568120698,-23.3460885622941,0.));
#2674=CARTESIAN_POINT('Ctrl Pts',(-50.8964654365237,-22.7896599862634,0.));
#2675=CARTESIAN_POINT('Ctrl Pts',(-51.3417316976445,-22.3997559375649,0.));
#2676=CARTESIAN_POINT('Ctrl Pts',(-51.5878515612964,-22.1766374505974,0.));
#2677=CARTESIAN_POINT('Ctrl Pts',(-51.645,-22.124401841695,0.));
#2678=CARTESIAN_POINT('',(10.9999280087074,-41.999104130182,0.));
#2679=CARTESIAN_POINT('',(-3.51853524595533,-41.999104130182,0.));
#2680=CARTESIAN_POINT('Ctrl Pts',(45.945,-27.7954803211078,0.));
#2681=CARTESIAN_POINT('Ctrl Pts',(45.9414204260945,-27.7979441238134,0.));
#2682=CARTESIAN_POINT('Ctrl Pts',(45.5224107101487,-28.0863216414586,0.));
#2683=CARTESIAN_POINT('Ctrl Pts',(44.6815046551153,-28.6592847655459,0.));
#2684=CARTESIAN_POINT('Ctrl Pts',(43.3992314008277,-29.5133760182009,0.));
#2685=CARTESIAN_POINT('Ctrl Pts',(41.6312501556587,-30.6421454134969,0.));
#2686=CARTESIAN_POINT('Ctrl Pts',(39.2974753988878,-32.0301824586421,0.));
#2687=CARTESIAN_POINT('Ctrl Pts',(36.8184196593801,-33.390902063939,0.));
#2688=CARTESIAN_POINT('Ctrl Pts',(34.2003629737019,-34.7133172630162,0.));
#2689=CARTESIAN_POINT('Ctrl Pts',(31.4767863671944,-35.9826341328515,0.));
#2690=CARTESIAN_POINT('Ctrl Pts',(28.6963140141664,-37.1814354174167,0.));
#2691=CARTESIAN_POINT('Ctrl Pts',(25.914255299077,-38.2905951591764,0.));
#2692=CARTESIAN_POINT('Ctrl Pts',(23.1825413811708,-39.2903545083855,0.));
#2693=CARTESIAN_POINT('Ctrl Pts',(20.5413046961457,-40.1613685417241,0.));
#2694=CARTESIAN_POINT('Ctrl Pts',(18.007127668413,-40.8859789734381,0.));
#2695=CARTESIAN_POINT('Ctrl Pts',(15.5774656491666,-41.4489492651746,0.));
#2696=CARTESIAN_POINT('Ctrl Pts',(13.7077589691447,-41.7602900651556,0.));
#2697=CARTESIAN_POINT('Ctrl Pts',(12.3409100714943,-41.9119090751676,0.));
#2698=CARTESIAN_POINT('Ctrl Pts',(11.4444586979232,-41.9761747397316,0.));
#2699=CARTESIAN_POINT('Ctrl Pts',(10.9999280087074,-41.999104130182,0.));
#2700=CARTESIAN_POINT('Ctrl Pts',(37.5803076493296,-35.0688851102798,0.));
#2701=CARTESIAN_POINT('Ctrl Pts',(37.5803076493296,-35.0688851102798,500.));
#2702=CARTESIAN_POINT('Ctrl Pts',(37.9136521468927,-34.8874015301552,0.));
#2703=CARTESIAN_POINT('Ctrl Pts',(37.9136521468927,-34.8874015301552,500.));
#2704=CARTESIAN_POINT('Ctrl Pts',(38.5750280945248,-34.5238371991473,0.));
#2705=CARTESIAN_POINT('Ctrl Pts',(38.5750280945248,-34.5238371991473,500.));
#2706=CARTESIAN_POINT('Ctrl Pts',(39.551152809419,-33.9766995326859,0.));
#2707=CARTESIAN_POINT('Ctrl Pts',(39.551152809419,-33.9766995326859,500.));
#2708=CARTESIAN_POINT('Ctrl Pts',(40.820716852589,-33.2435908403768,0.));
#2709=CARTESIAN_POINT('Ctrl Pts',(40.820716852589,-33.2435908403768,500.));
#2710=CARTESIAN_POINT('Ctrl Pts',(42.3540306500187,-32.3216657864944,0.));
#2711=CARTESIAN_POINT('Ctrl Pts',(42.3540306500187,-32.3216657864944,500.));
#2712=CARTESIAN_POINT('Ctrl Pts',(43.8330529756012,-31.3955561331709,0.));
#2713=CARTESIAN_POINT('Ctrl Pts',(43.8330529756012,-31.3955561331709,500.));
#2714=CARTESIAN_POINT('Ctrl Pts',(45.2569104786393,-30.4681258329044,0.));
#2715=CARTESIAN_POINT('Ctrl Pts',(45.2569104786393,-30.4681258329044,500.));
#2716=CARTESIAN_POINT('Ctrl Pts',(46.6245980643477,-29.5440062113876,0.));
#2717=CARTESIAN_POINT('Ctrl Pts',(46.6245980643477,-29.5440062113876,500.));
#2718=CARTESIAN_POINT('Ctrl Pts',(47.9349113411399,-28.6306754484559,0.));
#2719=CARTESIAN_POINT('Ctrl Pts',(47.9349113411399,-28.6306754484559,500.));
#2720=CARTESIAN_POINT('Ctrl Pts',(49.1867736580043,-27.7376692083994,0.));
#2721=CARTESIAN_POINT('Ctrl Pts',(49.1867736580043,-27.7376692083994,500.));
#2722=CARTESIAN_POINT('Ctrl Pts',(50.378664861129,-26.8802194975107,0.));
#2723=CARTESIAN_POINT('Ctrl Pts',(50.378664861129,-26.8802194975107,500.));
#2724=CARTESIAN_POINT('Ctrl Pts',(51.5103837481121,-26.0715960639271,0.));
#2725=CARTESIAN_POINT('Ctrl Pts',(51.5103837481121,-26.0715960639271,500.));
#2726=CARTESIAN_POINT('Ctrl Pts',(52.5851585016829,-25.312296795659,0.));
#2727=CARTESIAN_POINT('Ctrl Pts',(52.5851585016829,-25.312296795659,500.));
#2728=CARTESIAN_POINT('Ctrl Pts',(53.6081956421061,-24.5967298215153,0.));
#2729=CARTESIAN_POINT('Ctrl Pts',(53.6081956421061,-24.5967298215153,500.));
#2730=CARTESIAN_POINT('Ctrl Pts',(54.5864777531309,-23.9137357211734,0.));
#2731=CARTESIAN_POINT('Ctrl Pts',(54.5864777531309,-23.9137357211734,500.));
#2732=CARTESIAN_POINT('Ctrl Pts',(55.5281070883372,-23.2496574608884,0.));
#2733=CARTESIAN_POINT('Ctrl Pts',(55.5281070883372,-23.2496574608884,500.));
#2734=CARTESIAN_POINT('Ctrl Pts',(56.4417594455372,-22.5902537672206,0.));
#2735=CARTESIAN_POINT('Ctrl Pts',(56.4417594455372,-22.5902537672206,500.));
#2736=CARTESIAN_POINT('Ctrl Pts',(57.3363732152669,-21.9231691147092,0.));
#2737=CARTESIAN_POINT('Ctrl Pts',(57.3363732152669,-21.9231691147092,500.));
#2738=CARTESIAN_POINT('Ctrl Pts',(58.2192187442318,-21.2396855899053,0.));
#2739=CARTESIAN_POINT('Ctrl Pts',(58.2192187442318,-21.2396855899053,500.));
#2740=CARTESIAN_POINT('Ctrl Pts',(59.0934252346133,-20.536262883903,0.));
#2741=CARTESIAN_POINT('Ctrl Pts',(59.0934252346133,-20.536262883903,500.));
#2742=CARTESIAN_POINT('Ctrl Pts',(59.9554630034182,-19.8163839978973,0.));
#2743=CARTESIAN_POINT('Ctrl Pts',(59.9554630034182,-19.8163839978973,500.));
#2744=CARTESIAN_POINT('Ctrl Pts',(60.7930475258422,-19.0918637287139,0.));
#2745=CARTESIAN_POINT('Ctrl Pts',(60.7930475258422,-19.0918637287139,500.));
#2746=CARTESIAN_POINT('Ctrl Pts',(61.5817349761687,-18.3855616672101,0.));
#2747=CARTESIAN_POINT('Ctrl Pts',(61.5817349761687,-18.3855616672101,500.));
#2748=CARTESIAN_POINT('Ctrl Pts',(62.2853490386519,-17.7300954811094,0.));
#2749=CARTESIAN_POINT('Ctrl Pts',(62.2853490386519,-17.7300954811094,500.));
#2750=CARTESIAN_POINT('Ctrl Pts',(62.8676864251966,-17.1549218736437,0.));
#2751=CARTESIAN_POINT('Ctrl Pts',(62.8676864251966,-17.1549218736437,500.));
#2752=CARTESIAN_POINT('Ctrl Pts',(63.3025974274549,-16.6750064633924,0.));
#2753=CARTESIAN_POINT('Ctrl Pts',(63.3025974274549,-16.6750064633924,500.));
#2754=CARTESIAN_POINT('Ctrl Pts',(63.5840321188785,-16.2796969210482,0.));
#2755=CARTESIAN_POINT('Ctrl Pts',(63.5840321188785,-16.2796969210482,500.));
#2756=CARTESIAN_POINT('Ctrl Pts',(63.7382904563701,-15.9188061994732,0.));
#2757=CARTESIAN_POINT('Ctrl Pts',(63.7382904563701,-15.9188061994732,500.));
#2758=CARTESIAN_POINT('Ctrl Pts',(63.8079967166744,-15.5243547792258,0.));
#2759=CARTESIAN_POINT('Ctrl Pts',(63.8079967166744,-15.5243547792258,500.));
#2760=CARTESIAN_POINT('Ctrl Pts',(63.8292879359376,-15.0551610609015,0.));
#2761=CARTESIAN_POINT('Ctrl Pts',(63.8292879359376,-15.0551610609015,500.));
#2762=CARTESIAN_POINT('Ctrl Pts',(63.8236060946414,-14.5975369055964,0.));
#2763=CARTESIAN_POINT('Ctrl Pts',(63.8236060946414,-14.5975369055964,500.));
#2764=CARTESIAN_POINT('Ctrl Pts',(63.8094286808827,-14.2088430659508,0.));
#2765=CARTESIAN_POINT('Ctrl Pts',(63.8094286808827,-14.2088430659508,500.));
#2766=CARTESIAN_POINT('Ctrl Pts',(63.7960725916831,-13.9355806812155,0.));
#2767=CARTESIAN_POINT('Ctrl Pts',(63.7960725916831,-13.9355806812155,500.));
#2768=CARTESIAN_POINT('Ctrl Pts',(63.7890713504606,-13.8057840460601,0.));
#2769=CARTESIAN_POINT('Ctrl Pts',(63.7890713504606,-13.8057840460601,500.));
#2770=CARTESIAN_POINT('',(53.02,-25.0087946082341,1.39977676791694));
#2771=CARTESIAN_POINT('Ctrl Pts',(50.645,-26.6908837119046,0.));
#2772=CARTESIAN_POINT('Ctrl Pts',(50.645,-26.6908837119046,0.00984961611817339));
#2773=CARTESIAN_POINT('Ctrl Pts',(50.6450909514774,-26.6908186439075,0.0196985904771906));
#2774=CARTESIAN_POINT('Ctrl Pts',(50.6452728190393,-26.6906885335563,0.0295456679715742));
#2775=CARTESIAN_POINT('Ctrl Pts',(50.6454779312549,-26.6905417936863,0.0406513091367366));
#2776=CARTESIAN_POINT('Ctrl Pts',(50.6457986528146,-26.6903123456179,0.0517528034855723));
#2777=CARTESIAN_POINT('Ctrl Pts',(50.6462348251597,-26.6900003042326,0.0628483549341985));
#2778=CARTESIAN_POINT('Ctrl Pts',(50.6471677645443,-26.6893328715049,0.0865808933579282));
#2779=CARTESIAN_POINT('Ctrl Pts',(50.6486283747997,-26.6882879424326,0.110273150949983));
#2780=CARTESIAN_POINT('Ctrl Pts',(50.650613371949,-26.6868678964798,0.133907730517094));
#2781=CARTESIAN_POINT('Ctrl Pts',(50.6565892397016,-26.682592823934,0.205060035159294));
#2782=CARTESIAN_POINT('Ctrl Pts',(50.6672913543624,-26.674936735923,0.275379864062948));
#2783=CARTESIAN_POINT('Ctrl Pts',(50.6825107914409,-26.6640510603634,0.344423392260915));
#2784=CARTESIAN_POINT('Ctrl Pts',(50.7054366477782,-26.6476533820047,0.448427370877952));
#2785=CARTESIAN_POINT('Ctrl Pts',(50.7382897965237,-26.6241581937095,0.548168017660223));
#2786=CARTESIAN_POINT('Ctrl Pts',(50.7797117995653,-26.5945500558213,0.6426089168942));
#2787=CARTESIAN_POINT('Ctrl Pts',(50.802724144156,-26.5781010040677,0.695076358278984));
#2788=CARTESIAN_POINT('Ctrl Pts',(50.8283802766376,-26.5597660237015,0.745908057955936));
#2789=CARTESIAN_POINT('Ctrl Pts',(50.8564424118807,-26.5397182248581,0.794926301244183));
#2790=CARTESIAN_POINT('Ctrl Pts',(50.9212138526996,-26.4934450241524,0.908067450935362));
#2791=CARTESIAN_POINT('Ctrl Pts',(50.9979989935516,-26.4386213077742,1.01016318831555));
#2792=CARTESIAN_POINT('Ctrl Pts',(51.0834599549595,-26.3776743731812,1.10037472044183));
#2793=CARTESIAN_POINT('Ctrl Pts',(51.0936288678572,-26.3704223594073,1.11110889891872));
#2794=CARTESIAN_POINT('Ctrl Pts',(51.1039206702037,-26.3630836130287,1.12167481632406));
#2795=CARTESIAN_POINT('Ctrl Pts',(51.1143297939447,-26.3556621824412,1.13207105955089));
#2796=CARTESIAN_POINT('Ctrl Pts',(51.182541479747,-26.3070290501974,1.20019833847983));
#2797=CARTESIAN_POINT('Ctrl Pts',(51.2556197153857,-26.2549678218187,1.26088923414428));
#2798=CARTESIAN_POINT('Ctrl Pts',(51.3322551386994,-26.2004318184827,1.31411544977323));
#2799=CARTESIAN_POINT('Ctrl Pts',(51.4006386321059,-26.1517681292475,1.36161038629384));
#2800=CARTESIAN_POINT('Ctrl Pts',(51.4718544639152,-26.1011340308007,1.40316165345584));
#2801=CARTESIAN_POINT('Ctrl Pts',(51.5449993615231,-26.0491839452535,1.43874914635317));
#2802=CARTESIAN_POINT('Ctrl Pts',(51.6248339541541,-25.9924826024062,1.47759140454384));
#2803=CARTESIAN_POINT('Ctrl Pts',(51.7070796500554,-25.9341333710761,1.50939599371737));
#2804=CARTESIAN_POINT('Ctrl Pts',(51.7908145724412,-25.8748018294234,1.53418501050592));
#2805=CARTESIAN_POINT('Ctrl Pts',(51.8728481931609,-25.8166757686835,1.5584703713005));
#2806=CARTESIAN_POINT('Ctrl Pts',(51.9563110508099,-25.7576070326234,1.57602234431326));
#2807=CARTESIAN_POINT('Ctrl Pts',(52.040373304281,-25.6981879043161,1.58686170649739));
#2808=CARTESIAN_POINT('Ctrl Pts',(52.1178408255947,-25.6434302408164,1.59685071448081));
#2809=CARTESIAN_POINT('Ctrl Pts',(52.1958177587964,-25.5883746669379,1.60113901528504));
#2810=CARTESIAN_POINT('Ctrl Pts',(52.273683614399,-25.5334581706458,1.59974286955471));
#2811=CARTESIAN_POINT('Ctrl Pts',(52.3562126654801,-25.4752528598248,1.59826311207432));
#2812=CARTESIAN_POINT('Ctrl Pts',(52.4388047546144,-25.4170714082291,1.59039420262808));
#2813=CARTESIAN_POINT('Ctrl Pts',(52.520639698381,-25.3594851078025,1.57608825939104));
#2814=CARTESIAN_POINT('Ctrl Pts',(52.6056174569546,-25.2996872450613,1.56123290623004));
#2815=CARTESIAN_POINT('Ctrl Pts',(52.6897787837656,-25.240531029685,1.5394366056304));
#2816=CARTESIAN_POINT('Ctrl Pts',(52.7722485677438,-25.1826181140894,1.51064574458778));
#2817=CARTESIAN_POINT('Ctrl Pts',(52.8254115908439,-25.1452853417565,1.49208610811429));
#2818=CARTESIAN_POINT('Ctrl Pts',(52.8778725789992,-25.1084684429644,1.47061983963415));
#2819=CARTESIAN_POINT('Ctrl Pts',(52.9294058246136,-25.072321328456,1.44623257715865));
#2820=CARTESIAN_POINT('Ctrl Pts',(52.9599486553029,-25.0508975818014,1.43177868395081));
#2821=CARTESIAN_POINT('Ctrl Pts',(52.9901678090071,-25.0297075476644,1.41629265924429));
#2822=CARTESIAN_POINT('Ctrl Pts',(53.0199999999995,-25.0087946082344,1.39977676791695));
#2823=CARTESIAN_POINT('',(54.4611524360928,-24.,2.2677436027211));
#2824=CARTESIAN_POINT('Ctrl Pts',(53.02,-25.0087946082341,1.39977676791694));
#2825=CARTESIAN_POINT('Ctrl Pts',(53.0364084329749,-24.9972919812553,1.42116964644075));
#2826=CARTESIAN_POINT('Ctrl Pts',(53.0531438077247,-24.9855619256222,1.44221001340892));
#2827=CARTESIAN_POINT('Ctrl Pts',(53.0701908338143,-24.973615261868,1.46289180144695));
#2828=CARTESIAN_POINT('Ctrl Pts',(53.1426825762464,-24.9228125900567,1.55084021213187));
#2829=CARTESIAN_POINT('Ctrl Pts',(53.2205490820414,-24.8682767517083,1.63199795332036));
#2830=CARTESIAN_POINT('Ctrl Pts',(53.3026969187203,-24.8107741708472,1.7062506995581));
#2831=CARTESIAN_POINT('Ctrl Pts',(53.3818357183888,-24.7553778827505,1.77778360227244));
#2832=CARTESIAN_POINT('Ctrl Pts',(53.4649474174443,-24.6972286029626,1.84290809894724));
#2833=CARTESIAN_POINT('Ctrl Pts',(53.5510857108769,-24.6369777940681,1.90152197263219));
#2834=CARTESIAN_POINT('Ctrl Pts',(53.6377361780384,-24.576368737056,1.96048436130464));
#2835=CARTESIAN_POINT('Ctrl Pts',(53.7274171218394,-24.5136555688592,2.0128500700503));
#2836=CARTESIAN_POINT('Ctrl Pts',(53.8193581162664,-24.4493544177872,2.05865368932507));
#2837=CARTESIAN_POINT('Ctrl Pts',(53.9108450347622,-24.385370835665,2.10423109480698));
#2838=CARTESIAN_POINT('Ctrl Pts',(54.0045695745542,-24.3198148831239,2.14331106813224));
#2839=CARTESIAN_POINT('Ctrl Pts',(54.0998094915727,-24.2531588002378,2.17592768978022));
#2840=CARTESIAN_POINT('Ctrl Pts',(54.1964319593858,-24.1855351039471,2.209017790801));
#2841=CARTESIAN_POINT('Ctrl Pts',(54.2946140154085,-24.1167789296227,2.23545552756686));
#2842=CARTESIAN_POINT('Ctrl Pts',(54.3936416911248,-24.0473473543733,2.25527648639508));
#2843=CARTESIAN_POINT('Ctrl Pts',(54.416104282272,-24.0315980895719,2.25977250320132));
#2844=CARTESIAN_POINT('Ctrl Pts',(54.4386105463454,-24.015813937044,2.26392807020014));
#2845=CARTESIAN_POINT('Ctrl Pts',(54.4611524360928,-24.,2.2677436027211));
#2846=CARTESIAN_POINT('Ctrl Pts',(54.4611524360928,-24.,2.2677436027211));
#2847=CARTESIAN_POINT('Ctrl Pts',(54.4611524360928,-24.,1.51182906848074));
#2848=CARTESIAN_POINT('Ctrl Pts',(54.4611524360927,-24.,0.755914534240368));
#2849=CARTESIAN_POINT('Ctrl Pts',(54.4611524360927,-24.,0.));
#2850=CARTESIAN_POINT('',(63.7890713504607,-13.8057840460601,500.));
#2851=CARTESIAN_POINT('',(63.7890713504607,-13.8057840460601,0.));
#2852=CARTESIAN_POINT('',(37.5803076493296,-35.0688851102798,500.));
#2853=CARTESIAN_POINT('Ctrl Pts',(37.5803076493296,-35.0688851102798,500.));
#2854=CARTESIAN_POINT('Ctrl Pts',(37.9136521468927,-34.8874015301552,500.));
#2855=CARTESIAN_POINT('Ctrl Pts',(38.5750280945248,-34.5238371991473,500.));
#2856=CARTESIAN_POINT('Ctrl Pts',(39.551152809419,-33.9766995326859,500.));
#2857=CARTESIAN_POINT('Ctrl Pts',(40.820716852589,-33.2435908403768,500.));
#2858=CARTESIAN_POINT('Ctrl Pts',(42.3540306500187,-32.3216657864944,500.));
#2859=CARTESIAN_POINT('Ctrl Pts',(43.8330529756012,-31.3955561331709,500.));
#2860=CARTESIAN_POINT('Ctrl Pts',(45.2569104786393,-30.4681258329044,500.));
#2861=CARTESIAN_POINT('Ctrl Pts',(46.6245980643477,-29.5440062113876,500.));
#2862=CARTESIAN_POINT('Ctrl Pts',(47.9349113411399,-28.6306754484559,500.));
#2863=CARTESIAN_POINT('Ctrl Pts',(49.1867736580043,-27.7376692083994,500.));
#2864=CARTESIAN_POINT('Ctrl Pts',(50.378664861129,-26.8802194975107,500.));
#2865=CARTESIAN_POINT('Ctrl Pts',(51.5103837481121,-26.0715960639271,500.));
#2866=CARTESIAN_POINT('Ctrl Pts',(52.5851585016829,-25.312296795659,500.));
#2867=CARTESIAN_POINT('Ctrl Pts',(53.6081956421061,-24.5967298215153,500.));
#2868=CARTESIAN_POINT('Ctrl Pts',(54.5864777531309,-23.9137357211734,500.));
#2869=CARTESIAN_POINT('Ctrl Pts',(55.5281070883372,-23.2496574608884,500.));
#2870=CARTESIAN_POINT('Ctrl Pts',(56.4417594455372,-22.5902537672206,500.));
#2871=CARTESIAN_POINT('Ctrl Pts',(57.3363732152669,-21.9231691147092,500.));
#2872=CARTESIAN_POINT('Ctrl Pts',(58.2192187442318,-21.2396855899053,500.));
#2873=CARTESIAN_POINT('Ctrl Pts',(59.0934252346133,-20.536262883903,500.));
#2874=CARTESIAN_POINT('Ctrl Pts',(59.9554630034182,-19.8163839978973,500.));
#2875=CARTESIAN_POINT('Ctrl Pts',(60.7930475258422,-19.0918637287139,500.));
#2876=CARTESIAN_POINT('Ctrl Pts',(61.5817349761687,-18.3855616672101,500.));
#2877=CARTESIAN_POINT('Ctrl Pts',(62.2853490386519,-17.7300954811094,500.));
#2878=CARTESIAN_POINT('Ctrl Pts',(62.8676864251966,-17.1549218736437,500.));
#2879=CARTESIAN_POINT('Ctrl Pts',(63.3025974274549,-16.6750064633924,500.));
#2880=CARTESIAN_POINT('Ctrl Pts',(63.5840321188785,-16.2796969210482,500.));
#2881=CARTESIAN_POINT('Ctrl Pts',(63.7382904563701,-15.9188061994732,500.));
#2882=CARTESIAN_POINT('Ctrl Pts',(63.8079967166744,-15.5243547792258,500.));
#2883=CARTESIAN_POINT('Ctrl Pts',(63.8292879359376,-15.0551610609015,500.));
#2884=CARTESIAN_POINT('Ctrl Pts',(63.8236060946414,-14.5975369055964,500.));
#2885=CARTESIAN_POINT('Ctrl Pts',(63.8094286808827,-14.2088430659508,500.));
#2886=CARTESIAN_POINT('Ctrl Pts',(63.7960725916831,-13.9355806812155,500.));
#2887=CARTESIAN_POINT('Ctrl Pts',(63.7890713504607,-13.8057840460601,500.));
#2888=CARTESIAN_POINT('',(37.5803076493296,-35.0688851102798,0.));
#2889=CARTESIAN_POINT('Origin',(48.245,29.,0.));
#2890=CARTESIAN_POINT('',(45.945,29.,2.81668763803892E-16));
#2891=CARTESIAN_POINT('',(47.4007027977655,29.,0.));
#2892=CARTESIAN_POINT('',(23.9048223455238,29.,0.));
#2893=CARTESIAN_POINT('',(47.4007027977655,29.,2.13943035275724));
#2894=CARTESIAN_POINT('Origin',(48.245,29.,0.));
#2895=CARTESIAN_POINT('Ctrl Pts',(47.4007027977655,29.,0.));
#2896=CARTESIAN_POINT('Ctrl Pts',(47.4007027977655,29.,0.713143450919081));
#2897=CARTESIAN_POINT('Ctrl Pts',(47.4007027977655,29.,1.42628690183816));
#2898=CARTESIAN_POINT('Ctrl Pts',(47.4007027977655,29.,2.13943035275724));
#2899=CARTESIAN_POINT('Origin',(48.245,35.,0.));
#2900=CARTESIAN_POINT('',(45.945,29.9992952100249,0.));
#2901=CARTESIAN_POINT('',(45.945,35.,0.));
#2902=CARTESIAN_POINT('Ctrl Pts',(47.4007027977655,29.,2.13943035275724));
#2903=CARTESIAN_POINT('Ctrl Pts',(47.2813053345997,29.0832727757177,2.09231176159824));
#2904=CARTESIAN_POINT('Ctrl Pts',(47.1645500424352,29.1644007258472,2.0346818002085));
#2905=CARTESIAN_POINT('Ctrl Pts',(47.0521145794427,29.2422524489291,1.96648072833598));
#2906=CARTESIAN_POINT('Ctrl Pts',(46.9413408375288,29.3189535755193,1.89928762277313));
#2907=CARTESIAN_POINT('Ctrl Pts',(46.8347612823332,29.3924742833848,1.82183356560479));
#2908=CARTESIAN_POINT('Ctrl Pts',(46.7340297919835,29.4617352376825,1.73406142638792));
#2909=CARTESIAN_POINT('Ctrl Pts',(46.6163552555479,29.5426458909624,1.63152600515623));
#2910=CARTESIAN_POINT('Ctrl Pts',(46.5070821202103,29.6174534089865,1.51523908885265));
#2911=CARTESIAN_POINT('Ctrl Pts',(46.4094158703985,29.6841062564555,1.38587649223907));
#2912=CARTESIAN_POINT('Ctrl Pts',(46.3688786040366,29.7117711277578,1.332183368501));
#2913=CARTESIAN_POINT('Ctrl Pts',(46.3303415378123,29.7380313295883,1.27623764420622));
#2914=CARTESIAN_POINT('Ctrl Pts',(46.2940354963352,29.762740992542,1.21808764275812));
#2915=CARTESIAN_POINT('Ctrl Pts',(46.2192864315753,29.8136147347948,1.09836491763586));
#2916=CARTESIAN_POINT('Ctrl Pts',(46.1547961024794,29.8573712892775,0.970554237934781));
#2917=CARTESIAN_POINT('Ctrl Pts',(46.1022998216011,29.8929354066052,0.836013084186345));
#2918=CARTESIAN_POINT('Ctrl Pts',(46.0567859168428,29.9237692451512,0.719366854104285));
#2919=CARTESIAN_POINT('Ctrl Pts',(46.0202882245799,29.9484452445141,0.597661483141435));
#2920=CARTESIAN_POINT('Ctrl Pts',(45.9939064690959,29.9662705482308,0.471781639237557));
#2921=CARTESIAN_POINT('Ctrl Pts',(45.9746673695001,29.9792697890787,0.379982787738391));
#2922=CARTESIAN_POINT('Ctrl Pts',(45.9609846456983,29.9885062871512,0.286724351773872));
#2923=CARTESIAN_POINT('Ctrl Pts',(45.9530715809317,29.993847521281,0.192520445329712));
#2924=CARTESIAN_POINT('Ctrl Pts',(45.9499086648905,29.9959824557985,0.154866381369761));
#2925=CARTESIAN_POINT('Ctrl Pts',(45.9476720478792,29.9974919199583,0.11711487117166));
#2926=CARTESIAN_POINT('Ctrl Pts',(45.946367494054,29.9983723342943,0.0793007100109498));
#2927=CARTESIAN_POINT('Ctrl Pts',(45.9454560236239,29.9989874653973,0.0528805738185664));
#2928=CARTESIAN_POINT('Ctrl Pts',(45.945,29.9992952100249,0.0264430071499959));
#2929=CARTESIAN_POINT('Ctrl Pts',(45.945,29.9992952100249,0.));
#2930=CARTESIAN_POINT('Ctrl Pts',(63.7890713504606,13.8057840460601,0.));
#2931=CARTESIAN_POINT('Ctrl Pts',(63.7890713504606,13.8057840460601,500.));
#2932=CARTESIAN_POINT('Ctrl Pts',(63.7960725916831,13.9355806812155,0.));
#2933=CARTESIAN_POINT('Ctrl Pts',(63.7960725916831,13.9355806812155,500.));
#2934=CARTESIAN_POINT('Ctrl Pts',(63.8094286808827,14.2088430659508,0.));
#2935=CARTESIAN_POINT('Ctrl Pts',(63.8094286808827,14.2088430659508,500.));
#2936=CARTESIAN_POINT('Ctrl Pts',(63.8236060946414,14.5975369055964,0.));
#2937=CARTESIAN_POINT('Ctrl Pts',(63.8236060946414,14.5975369055964,500.));
#2938=CARTESIAN_POINT('Ctrl Pts',(63.8292879359376,15.0551610609015,0.));
#2939=CARTESIAN_POINT('Ctrl Pts',(63.8292879359376,15.0551610609015,500.));
#2940=CARTESIAN_POINT('Ctrl Pts',(63.8079967166744,15.5243547792258,0.));
#2941=CARTESIAN_POINT('Ctrl Pts',(63.8079967166744,15.5243547792258,500.));
#2942=CARTESIAN_POINT('Ctrl Pts',(63.7382904563701,15.9188061994732,0.));
#2943=CARTESIAN_POINT('Ctrl Pts',(63.7382904563701,15.9188061994732,500.));
#2944=CARTESIAN_POINT('Ctrl Pts',(63.5840321188785,16.2796969210482,0.));
#2945=CARTESIAN_POINT('Ctrl Pts',(63.5840321188785,16.2796969210482,500.));
#2946=CARTESIAN_POINT('Ctrl Pts',(63.3025974274549,16.6750064633924,0.));
#2947=CARTESIAN_POINT('Ctrl Pts',(63.3025974274549,16.6750064633924,500.));
#2948=CARTESIAN_POINT('Ctrl Pts',(62.8676864251966,17.1549218736437,0.));
#2949=CARTESIAN_POINT('Ctrl Pts',(62.8676864251966,17.1549218736437,500.));
#2950=CARTESIAN_POINT('Ctrl Pts',(62.2853490386519,17.7300954811094,0.));
#2951=CARTESIAN_POINT('Ctrl Pts',(62.2853490386519,17.7300954811094,500.));
#2952=CARTESIAN_POINT('Ctrl Pts',(61.5817349761687,18.3855616672101,0.));
#2953=CARTESIAN_POINT('Ctrl Pts',(61.5817349761687,18.3855616672101,500.));
#2954=CARTESIAN_POINT('Ctrl Pts',(60.7930475258422,19.0918637287139,0.));
#2955=CARTESIAN_POINT('Ctrl Pts',(60.7930475258422,19.0918637287139,500.));
#2956=CARTESIAN_POINT('Ctrl Pts',(59.9554630034182,19.8163839978973,0.));
#2957=CARTESIAN_POINT('Ctrl Pts',(59.9554630034182,19.8163839978973,500.));
#2958=CARTESIAN_POINT('Ctrl Pts',(59.0934252346133,20.536262883903,0.));
#2959=CARTESIAN_POINT('Ctrl Pts',(59.0934252346133,20.536262883903,500.));
#2960=CARTESIAN_POINT('Ctrl Pts',(58.2192187442318,21.2396855899053,0.));
#2961=CARTESIAN_POINT('Ctrl Pts',(58.2192187442318,21.2396855899053,500.));
#2962=CARTESIAN_POINT('Ctrl Pts',(57.3363732152669,21.9231691147092,0.));
#2963=CARTESIAN_POINT('Ctrl Pts',(57.3363732152669,21.9231691147092,500.));
#2964=CARTESIAN_POINT('Ctrl Pts',(56.4417594455372,22.5902537672206,0.));
#2965=CARTESIAN_POINT('Ctrl Pts',(56.4417594455372,22.5902537672206,500.));
#2966=CARTESIAN_POINT('Ctrl Pts',(55.5281070883372,23.2496574608884,0.));
#2967=CARTESIAN_POINT('Ctrl Pts',(55.5281070883372,23.2496574608884,500.));
#2968=CARTESIAN_POINT('Ctrl Pts',(54.5864777531309,23.9137357211734,0.));
#2969=CARTESIAN_POINT('Ctrl Pts',(54.5864777531309,23.9137357211734,500.));
#2970=CARTESIAN_POINT('Ctrl Pts',(53.6081956421061,24.5967298215153,0.));
#2971=CARTESIAN_POINT('Ctrl Pts',(53.6081956421061,24.5967298215153,500.));
#2972=CARTESIAN_POINT('Ctrl Pts',(52.5851585016829,25.312296795659,0.));
#2973=CARTESIAN_POINT('Ctrl Pts',(52.5851585016829,25.312296795659,500.));
#2974=CARTESIAN_POINT('Ctrl Pts',(51.5103837481121,26.0715960639271,0.));
#2975=CARTESIAN_POINT('Ctrl Pts',(51.5103837481121,26.0715960639271,500.));
#2976=CARTESIAN_POINT('Ctrl Pts',(50.378664861129,26.8802194975107,0.));
#2977=CARTESIAN_POINT('Ctrl Pts',(50.378664861129,26.8802194975107,500.));
#2978=CARTESIAN_POINT('Ctrl Pts',(49.1867736580043,27.7376692083994,0.));
#2979=CARTESIAN_POINT('Ctrl Pts',(49.1867736580043,27.7376692083994,500.));
#2980=CARTESIAN_POINT('Ctrl Pts',(47.9349113411399,28.6306754484559,0.));
#2981=CARTESIAN_POINT('Ctrl Pts',(47.9349113411399,28.6306754484559,500.));
#2982=CARTESIAN_POINT('Ctrl Pts',(46.6245980643477,29.5440062113876,0.));
#2983=CARTESIAN_POINT('Ctrl Pts',(46.6245980643477,29.5440062113876,500.));
#2984=CARTESIAN_POINT('Ctrl Pts',(45.2569104786393,30.4681258329044,0.));
#2985=CARTESIAN_POINT('Ctrl Pts',(45.2569104786393,30.4681258329044,500.));
#2986=CARTESIAN_POINT('Ctrl Pts',(43.8330529756012,31.3955561331709,0.));
#2987=CARTESIAN_POINT('Ctrl Pts',(43.8330529756012,31.3955561331709,500.));
#2988=CARTESIAN_POINT('Ctrl Pts',(42.3540306500187,32.3216657864944,0.));
#2989=CARTESIAN_POINT('Ctrl Pts',(42.3540306500187,32.3216657864944,500.));
#2990=CARTESIAN_POINT('Ctrl Pts',(40.820716852589,33.2435908403768,0.));
#2991=CARTESIAN_POINT('Ctrl Pts',(40.820716852589,33.2435908403768,500.));
#2992=CARTESIAN_POINT('Ctrl Pts',(39.551152809419,33.9766995326859,0.));
#2993=CARTESIAN_POINT('Ctrl Pts',(39.551152809419,33.9766995326859,500.));
#2994=CARTESIAN_POINT('Ctrl Pts',(38.5750280945248,34.5238371991473,0.));
#2995=CARTESIAN_POINT('Ctrl Pts',(38.5750280945248,34.5238371991473,500.));
#2996=CARTESIAN_POINT('Ctrl Pts',(37.9136521468927,34.8874015301552,0.));
#2997=CARTESIAN_POINT('Ctrl Pts',(37.9136521468927,34.8874015301552,500.));
#2998=CARTESIAN_POINT('Ctrl Pts',(37.5803076493296,35.0688851102798,0.));
#2999=CARTESIAN_POINT('Ctrl Pts',(37.5803076493296,35.0688851102798,500.));
#3000=CARTESIAN_POINT('',(37.5803076493296,35.0688851102798,0.));
#3001=CARTESIAN_POINT('Ctrl Pts',(45.945,29.9992952100249,0.));
#3002=CARTESIAN_POINT('Ctrl Pts',(45.8060352894682,30.0930762362562,0.));
#3003=CARTESIAN_POINT('Ctrl Pts',(45.391500606076,30.3716345954694,0.));
#3004=CARTESIAN_POINT('Ctrl Pts',(44.6914255189034,30.8360044161231,0.));
#3005=CARTESIAN_POINT('Ctrl Pts',(43.687604726799,31.4866305036823,0.));
#3006=CARTESIAN_POINT('Ctrl Pts',(42.3540306500187,32.3216657864944,0.));
#3007=CARTESIAN_POINT('Ctrl Pts',(40.820716852589,33.2435908403768,0.));
#3008=CARTESIAN_POINT('Ctrl Pts',(39.551152809419,33.9766995326859,0.));
#3009=CARTESIAN_POINT('Ctrl Pts',(38.5750280945248,34.5238371991473,0.));
#3010=CARTESIAN_POINT('Ctrl Pts',(37.9136521468927,34.8874015301552,0.));
#3011=CARTESIAN_POINT('Ctrl Pts',(37.5803076493296,35.0688851102798,0.));
#3012=CARTESIAN_POINT('',(37.5803076493296,35.0688851102798,500.));
#3013=CARTESIAN_POINT('',(37.5803076493296,35.0688851102798,0.));
#3014=CARTESIAN_POINT('',(63.7890713504607,13.8057840460601,500.));
#3015=CARTESIAN_POINT('Ctrl Pts',(63.7890713504607,13.8057840460601,500.));
#3016=CARTESIAN_POINT('Ctrl Pts',(63.7960725916831,13.9355806812155,500.));
#3017=CARTESIAN_POINT('Ctrl Pts',(63.8094286808827,14.2088430659508,500.));
#3018=CARTESIAN_POINT('Ctrl Pts',(63.8236060946414,14.5975369055964,500.));
#3019=CARTESIAN_POINT('Ctrl Pts',(63.8292879359376,15.0551610609015,500.));
#3020=CARTESIAN_POINT('Ctrl Pts',(63.8079967166744,15.5243547792258,500.));
#3021=CARTESIAN_POINT('Ctrl Pts',(63.7382904563701,15.9188061994732,500.));
#3022=CARTESIAN_POINT('Ctrl Pts',(63.5840321188785,16.2796969210482,500.));
#3023=CARTESIAN_POINT('Ctrl Pts',(63.3025974274549,16.6750064633924,500.));
#3024=CARTESIAN_POINT('Ctrl Pts',(62.8676864251966,17.1549218736437,500.));
#3025=CARTESIAN_POINT('Ctrl Pts',(62.2853490386519,17.7300954811094,500.));
#3026=CARTESIAN_POINT('Ctrl Pts',(61.5817349761687,18.3855616672101,500.));
#3027=CARTESIAN_POINT('Ctrl Pts',(60.7930475258422,19.0918637287139,500.));
#3028=CARTESIAN_POINT('Ctrl Pts',(59.9554630034182,19.8163839978973,500.));
#3029=CARTESIAN_POINT('Ctrl Pts',(59.0934252346133,20.536262883903,500.));
#3030=CARTESIAN_POINT('Ctrl Pts',(58.2192187442318,21.2396855899053,500.));
#3031=CARTESIAN_POINT('Ctrl Pts',(57.3363732152669,21.9231691147092,500.));
#3032=CARTESIAN_POINT('Ctrl Pts',(56.4417594455372,22.5902537672206,500.));
#3033=CARTESIAN_POINT('Ctrl Pts',(55.5281070883372,23.2496574608884,500.));
#3034=CARTESIAN_POINT('Ctrl Pts',(54.5864777531309,23.9137357211734,500.));
#3035=CARTESIAN_POINT('Ctrl Pts',(53.6081956421061,24.5967298215153,500.));
#3036=CARTESIAN_POINT('Ctrl Pts',(52.5851585016829,25.312296795659,500.));
#3037=CARTESIAN_POINT('Ctrl Pts',(51.5103837481121,26.0715960639271,500.));
#3038=CARTESIAN_POINT('Ctrl Pts',(50.378664861129,26.8802194975107,500.));
#3039=CARTESIAN_POINT('Ctrl Pts',(49.1867736580043,27.7376692083994,500.));
#3040=CARTESIAN_POINT('Ctrl Pts',(47.9349113411399,28.6306754484559,500.));
#3041=CARTESIAN_POINT('Ctrl Pts',(46.6245980643477,29.5440062113876,500.));
#3042=CARTESIAN_POINT('Ctrl Pts',(45.2569104786393,30.4681258329044,500.));
#3043=CARTESIAN_POINT('Ctrl Pts',(43.8330529756012,31.3955561331709,500.));
#3044=CARTESIAN_POINT('Ctrl Pts',(42.3540306500187,32.3216657864944,500.));
#3045=CARTESIAN_POINT('Ctrl Pts',(40.820716852589,33.2435908403768,500.));
#3046=CARTESIAN_POINT('Ctrl Pts',(39.551152809419,33.9766995326859,500.));
#3047=CARTESIAN_POINT('Ctrl Pts',(38.5750280945248,34.5238371991473,500.));
#3048=CARTESIAN_POINT('Ctrl Pts',(37.9136521468927,34.8874015301552,500.));
#3049=CARTESIAN_POINT('Ctrl Pts',(37.5803076493296,35.0688851102798,500.));
#3050=CARTESIAN_POINT('',(63.7890713504607,13.8057840460601,0.));
#3051=CARTESIAN_POINT('',(63.7890713504607,13.8057840460601,0.));
#3052=CARTESIAN_POINT('',(53.845,24.431420910643,0.));
#3053=CARTESIAN_POINT('Ctrl Pts',(63.7890713504607,13.8057840460601,0.));
#3054=CARTESIAN_POINT('Ctrl Pts',(63.7960725916831,13.9355806812155,0.));
#3055=CARTESIAN_POINT('Ctrl Pts',(63.8094286808827,14.2088430659508,0.));
#3056=CARTESIAN_POINT('Ctrl Pts',(63.8236060946414,14.5975369055964,0.));
#3057=CARTESIAN_POINT('Ctrl Pts',(63.8292879359376,15.0551610609015,0.));
#3058=CARTESIAN_POINT('Ctrl Pts',(63.8079967166744,15.5243547792258,0.));
#3059=CARTESIAN_POINT('Ctrl Pts',(63.7382904563701,15.9188061994732,0.));
#3060=CARTESIAN_POINT('Ctrl Pts',(63.5840321188785,16.2796969210482,0.));
#3061=CARTESIAN_POINT('Ctrl Pts',(63.3025974274549,16.6750064633924,0.));
#3062=CARTESIAN_POINT('Ctrl Pts',(62.8676864251966,17.1549218736437,0.));
#3063=CARTESIAN_POINT('Ctrl Pts',(62.2853490386519,17.7300954811094,0.));
#3064=CARTESIAN_POINT('Ctrl Pts',(61.5817349761687,18.3855616672101,0.));
#3065=CARTESIAN_POINT('Ctrl Pts',(60.7930475258422,19.0918637287139,0.));
#3066=CARTESIAN_POINT('Ctrl Pts',(59.9554630034182,19.8163839978973,0.));
#3067=CARTESIAN_POINT('Ctrl Pts',(59.0934252346133,20.536262883903,0.));
#3068=CARTESIAN_POINT('Ctrl Pts',(58.2192187442318,21.2396855899053,0.));
#3069=CARTESIAN_POINT('Ctrl Pts',(57.3363732152669,21.9231691147092,0.));
#3070=CARTESIAN_POINT('Ctrl Pts',(56.4417594455372,22.5902537672206,0.));
#3071=CARTESIAN_POINT('Ctrl Pts',(55.5736116054797,23.216815815545,0.));
#3072=CARTESIAN_POINT('Ctrl Pts',(54.8685126973206,23.7147856385591,0.));
#3073=CARTESIAN_POINT('Ctrl Pts',(54.3377946559132,24.0867083209169,0.));
#3074=CARTESIAN_POINT('Ctrl Pts',(53.9937569898478,24.3273812400058,0.));
#3075=CARTESIAN_POINT('Ctrl Pts',(53.845,24.431420910643,0.));
#3076=CARTESIAN_POINT('',(50.645,26.6908837119046,0.));
#3077=CARTESIAN_POINT('Ctrl Pts',(53.845,24.431420910643,0.));
#3078=CARTESIAN_POINT('Ctrl Pts',(53.845,24.431420910643,0.00861445237104556));
#3079=CARTESIAN_POINT('Ctrl Pts',(53.8449304292632,24.4314695679698,0.0172284892292828));
#3080=CARTESIAN_POINT('Ctrl Pts',(53.8446339126754,24.4316769496888,0.0355853534847074));
#3081=CARTESIAN_POINT('Ctrl Pts',(53.8443875139123,24.4318492793144,0.0453266966533999));
#3082=CARTESIAN_POINT('Ctrl Pts',(53.8433305887072,24.4325884850708,0.0760196374173049));
#3083=CARTESIAN_POINT('Ctrl Pts',(53.8421974848337,24.4333809691622,0.096948138407414));
#3084=CARTESIAN_POINT('Ctrl Pts',(53.8358981341719,24.4377866710537,0.182248534751918));
#3085=CARTESIAN_POINT('Ctrl Pts',(53.8272642037525,24.443825133791,0.246064631741235));
#3086=CARTESIAN_POINT('Ctrl Pts',(53.7827511427749,24.4749562890666,0.472251354743425));
#3087=CARTESIAN_POINT('Ctrl Pts',(53.7260661405275,24.5145973542431,0.625988135275407));
#3088=CARTESIAN_POINT('Ctrl Pts',(53.5800625336318,24.6167081286104,0.893752590755789));
#3089=CARTESIAN_POINT('Ctrl Pts',(53.4950704515271,24.6761512343421,1.00818783852686));
#3090=CARTESIAN_POINT('Ctrl Pts',(53.2719275859592,24.8322930768729,1.24067157222691));
#3091=CARTESIAN_POINT('Ctrl Pts',(53.1263565941388,24.9342082974969,1.34661730015098));
#3092=CARTESIAN_POINT('Ctrl Pts',(52.7431527713057,25.2029244676063,1.54194627264428));
#3093=CARTESIAN_POINT('Ctrl Pts',(52.4944709601095,25.3777016528406,1.59970773042018));
#3094=CARTESIAN_POINT('Ctrl Pts',(52.0253399048611,25.7086495107549,1.60025942495118));
#3095=CARTESIAN_POINT('Ctrl Pts',(51.8033013010923,25.8658081692793,1.55450751416894));
#3096=CARTESIAN_POINT('Ctrl Pts',(51.4307398571314,26.1302874872986,1.38908597632094));
#3097=CARTESIAN_POINT('Ctrl Pts',(51.2744297908474,26.2415349180177,1.28626220596897));
#3098=CARTESIAN_POINT('Ctrl Pts',(51.0290189496402,26.41647372539,1.05055900635999));
#3099=CARTESIAN_POINT('Ctrl Pts',(50.9331177554518,26.4849401596831,0.929484827645448));
#3100=CARTESIAN_POINT('Ctrl Pts',(50.7661260174932,26.6042416563085,0.636442737474108));
#3101=CARTESIAN_POINT('Ctrl Pts',(50.7018695758517,26.6502031812523,0.46285342467815));
#3102=CARTESIAN_POINT('Ctrl Pts',(50.6596498596423,26.6804032647757,0.22296269636978));
#3103=CARTESIAN_POINT('Ctrl Pts',(50.6528709746285,26.6852528092641,0.167962825231088));
#3104=CARTESIAN_POINT('Ctrl Pts',(50.6474090367999,26.6891602610328,0.0905057150232));
#3105=CARTESIAN_POINT('Ctrl Pts',(50.6463107601642,26.6899459788114,0.0684244873005092));
#3106=CARTESIAN_POINT('Ctrl Pts',(50.6452235732802,26.6907237641665,0.0308830155154086));
#3107=CARTESIAN_POINT('Ctrl Pts',(50.645,26.6908837119046,0.0154427441070933));
#3108=CARTESIAN_POINT('Ctrl Pts',(50.645,26.6908837119046,0.));
#3109=CARTESIAN_POINT('Ctrl Pts',(50.645,26.6908837119046,0.));
#3110=CARTESIAN_POINT('Ctrl Pts',(50.5890821658668,26.7308881029239,0.));
#3111=CARTESIAN_POINT('Ctrl Pts',(50.3027759915714,26.9358019623786,0.));
#3112=CARTESIAN_POINT('Ctrl Pts',(49.7779807130704,27.3121362722936,0.));
#3113=CARTESIAN_POINT('Ctrl Pts',(49.1413272589715,27.7693874101455,0.));
#3114=CARTESIAN_POINT('Ctrl Pts',(48.4836863196671,28.2390819075305,0.));
#3115=CARTESIAN_POINT('Ctrl Pts',(47.8696653386404,28.6722565860158,0.));
#3116=CARTESIAN_POINT('Ctrl Pts',(47.5055613555344,28.9268672639128,0.));
#3117=CARTESIAN_POINT('Ctrl Pts',(47.4007027977655,29.,0.));
#3118=CARTESIAN_POINT('Origin',(54.845,-24.,0.));
#3119=CARTESIAN_POINT('',(53.02,-24.,1.39977676791695));
#3120=CARTESIAN_POINT('Origin',(54.845,-24.,0.));
#3121=CARTESIAN_POINT('Origin',(52.245,-24.,0.));
#3122=CARTESIAN_POINT('Origin',(54.845,-30.,0.));
#3123=CARTESIAN_POINT('',(53.02,-30.,1.39977676791695));
#3124=CARTESIAN_POINT('Origin',(-0.435355308952365,0.,0.));
#3125=CARTESIAN_POINT('',(58.0000008642673,19.0000002831221,0.));
#3126=CARTESIAN_POINT('Ctrl Pts',(58.0000008642673,19.0000002831221,0.));
#3127=CARTESIAN_POINT('Ctrl Pts',(58.0739556396413,18.9446438914212,0.));
#3128=CARTESIAN_POINT('Ctrl Pts',(58.2218684024123,18.8321536134944,0.));
#3129=CARTESIAN_POINT('Ctrl Pts',(58.4437468913882,18.6580857083985,0.));
#3130=CARTESIAN_POINT('Ctrl Pts',(58.7396062060373,18.415286716549,0.));
#3131=CARTESIAN_POINT('Ctrl Pts',(59.1085479651922,18.0937056385704,0.));
#3132=CARTESIAN_POINT('Ctrl Pts',(59.4738887444921,17.7537880927731,0.));
#3133=CARTESIAN_POINT('Ctrl Pts',(59.8300756889014,17.3953748120649,0.));
#3134=CARTESIAN_POINT('Ctrl Pts',(60.167959510488,17.0185464270212,0.));
#3135=CARTESIAN_POINT('Ctrl Pts',(60.4732634440671,16.6237484096897,0.));
#3136=CARTESIAN_POINT('Ctrl Pts',(60.7276518530158,16.2120680547848,0.));
#3137=CARTESIAN_POINT('Ctrl Pts',(60.9124894879975,15.7856566364696,0.));
#3138=CARTESIAN_POINT('Ctrl Pts',(61.0120166176579,15.3481686699232,0.));
#3139=CARTESIAN_POINT('Ctrl Pts',(61.0166389069273,14.9051824517759,0.));
#3140=CARTESIAN_POINT('Ctrl Pts',(60.9268875946877,14.4647967782013,0.));
#3141=CARTESIAN_POINT('Ctrl Pts',(60.7556959958179,14.0378227708196,0.));
#3142=CARTESIAN_POINT('Ctrl Pts',(60.5233537289587,13.6362969116748,0.));
#3143=CARTESIAN_POINT('Ctrl Pts',(60.2537242399212,13.2722402722828,0.));
#3144=CARTESIAN_POINT('Ctrl Pts',(59.9701985571159,12.956338897468,0.));
#3145=CARTESIAN_POINT('Ctrl Pts',(59.6916365572346,12.6965199424297,0.));
#3146=CARTESIAN_POINT('Ctrl Pts',(59.4288202468988,12.4967241591427,0.));
#3147=CARTESIAN_POINT('Ctrl Pts',(59.2353237972086,12.3860086882955,0.));
#3148=CARTESIAN_POINT('Ctrl Pts',(59.1003083876258,12.3305723461643,0.));
#3149=CARTESIAN_POINT('Ctrl Pts',(59.0147730430847,12.3058321692654,0.));
#3150=CARTESIAN_POINT('Ctrl Pts',(58.9731240312652,12.2965164003523,0.));
#3151=CARTESIAN_POINT('',(53.845,22.1036164227752,0.));
#3152=CARTESIAN_POINT('Ctrl Pts',(53.845,22.1036164227752,0.));
#3153=CARTESIAN_POINT('Ctrl Pts',(53.8757747904649,22.0808576889585,0.));
#3154=CARTESIAN_POINT('Ctrl Pts',(54.3066183585492,21.7621819144871,0.));
#3155=CARTESIAN_POINT('Ctrl Pts',(55.1375870499303,21.1460363386072,0.));
#3156=CARTESIAN_POINT('Ctrl Pts',(55.9687265186615,20.526814045055,0.));
#3157=CARTESIAN_POINT('Ctrl Pts',(56.7998531377869,19.9043807536734,0.));
#3158=CARTESIAN_POINT('Ctrl Pts',(57.5999867692424,19.3019662126274,0.));
#3159=CARTESIAN_POINT('Ctrl Pts',(58.0000008642673,19.0000002831221,0.));
#3160=CARTESIAN_POINT('',(53.845,30.,0.));
#3161=CARTESIAN_POINT('',(59.9878949308483,10.0000001490116,0.));
#3162=CARTESIAN_POINT('',(59.9878949308483,10.0000001490116,0.));
#3163=CARTESIAN_POINT('',(60.0000008940697,10.0000001490116,0.));
#3164=CARTESIAN_POINT('Origin',(52.245,-30.,0.));
#3165=CARTESIAN_POINT('Ctrl Pts',(53.845,-22.1036164227752,0.));
#3166=CARTESIAN_POINT('Ctrl Pts',(53.845,-22.1036164227752,0.0145890741681946));
#3167=CARTESIAN_POINT('Ctrl Pts',(53.8448004615906,-22.103763986664,0.0291759691497109));
#3168=CARTESIAN_POINT('Ctrl Pts',(53.843920623352,-22.1044146474528,0.0613360197883159));
#3169=CARTESIAN_POINT('Ctrl Pts',(53.843150076964,-22.1049844836306,0.0788993773734334));
#3170=CARTESIAN_POINT('Ctrl Pts',(53.8397253095108,-22.1075171518336,0.135615358942888));
#3171=CARTESIAN_POINT('Ctrl Pts',(53.8359236206697,-22.1103285408323,0.174615537873456));
#3172=CARTESIAN_POINT('Ctrl Pts',(53.8072813344652,-22.1315088489212,0.387484429620206));
#3173=CARTESIAN_POINT('Ctrl Pts',(53.7559080792331,-22.1694979593655,0.552646364907729));
#3174=CARTESIAN_POINT('Ctrl Pts',(53.6161323413377,-22.2727885696055,0.838101959234382));
#3175=CARTESIAN_POINT('Ctrl Pts',(53.5336168742609,-22.3337431190956,0.958896418559094));
#3176=CARTESIAN_POINT('Ctrl Pts',(53.3274352504017,-22.4859367832405,1.19025172105996));
#3177=CARTESIAN_POINT('Ctrl Pts',(53.1995808452012,-22.5802471173397,1.29382434947124));
#3178=CARTESIAN_POINT('Ctrl Pts',(52.843794952366,-22.8424162622462,1.50552041325798));
#3179=CARTESIAN_POINT('Ctrl Pts',(52.6016420380776,-23.0205909621457,1.5787735407051));
#3180=CARTESIAN_POINT('Ctrl Pts',(52.1264646884288,-23.3695676254089,1.61237964019164));
#3181=CARTESIAN_POINT('Ctrl Pts',(51.891603616956,-23.5417518159638,1.57840829639103));
#3182=CARTESIAN_POINT('Ctrl Pts',(51.4962812285368,-23.8310734042601,1.42624180566709));
#3183=CARTESIAN_POINT('Ctrl Pts',(51.3299252145993,-23.9526406251426,1.32730608964145));
#3184=CARTESIAN_POINT('Ctrl Pts',(51.0678922975502,-24.1438994626646,1.09442697599521));
#3185=CARTESIAN_POINT('Ctrl Pts',(50.9650974866421,-24.2188460644363,0.973779810478106));
#3186=CARTESIAN_POINT('Ctrl Pts',(50.786410644778,-24.3490391685182,0.68180584396234));
#3187=CARTESIAN_POINT('Ctrl Pts',(50.7163433188192,-24.4000345006286,0.509228808923987));
#3188=CARTESIAN_POINT('Ctrl Pts',(50.6649904572972,-24.4374040625383,0.260191451031693));
#3189=CARTESIAN_POINT('Ctrl Pts',(50.6557577183164,-24.4441216754825,0.196246125150548));
#3190=CARTESIAN_POINT('Ctrl Pts',(50.6482981732241,-24.4495490546145,0.105881259939552));
#3191=CARTESIAN_POINT('Ctrl Pts',(50.6467950088955,-24.4506426909519,0.0800646923403553));
#3192=CARTESIAN_POINT('Ctrl Pts',(50.6453062731778,-24.451725827045,0.0361451682477498));
#3193=CARTESIAN_POINT('Ctrl Pts',(50.645,-24.4519486554715,0.0180745983123647));
#3194=CARTESIAN_POINT('Ctrl Pts',(50.645,-24.4519486554715,0.));
#3195=CARTESIAN_POINT('Ctrl Pts',(58.0000008642673,-19.0000002831221,0.));
#3196=CARTESIAN_POINT('Ctrl Pts',(58.0000008642673,-19.0000002831221,500.));
#3197=CARTESIAN_POINT('Ctrl Pts',(57.5999867692424,-19.3019662126274,0.));
#3198=CARTESIAN_POINT('Ctrl Pts',(57.5999867692424,-19.3019662126274,500.));
#3199=CARTESIAN_POINT('Ctrl Pts',(56.7998531377869,-19.9043807536734,0.));
#3200=CARTESIAN_POINT('Ctrl Pts',(56.7998531377869,-19.9043807536734,500.));
#3201=CARTESIAN_POINT('Ctrl Pts',(55.599337520258,-20.8034506065435,0.));
#3202=CARTESIAN_POINT('Ctrl Pts',(55.599337520258,-20.8034506065435,500.));
#3203=CARTESIAN_POINT('Ctrl Pts',(53.9986142840275,-21.9932777670514,0.));
#3204=CARTESIAN_POINT('Ctrl Pts',(53.9986142840275,-21.9932777670514,500.));
#3205=CARTESIAN_POINT('Ctrl Pts',(51.9988804371126,-23.466573271782,0.));
#3206=CARTESIAN_POINT('Ctrl Pts',(51.9988804371126,-23.466573271782,500.));
#3207=CARTESIAN_POINT('Ctrl Pts',(49.9977794474844,-24.9268888327607,0.));
#3208=CARTESIAN_POINT('Ctrl Pts',(49.9977794474844,-24.9268888327607,500.));
#3209=CARTESIAN_POINT('Ctrl Pts',(47.9859736377804,-26.3749806810584,0.));
#3210=CARTESIAN_POINT('Ctrl Pts',(47.9859736377804,-26.3749806810584,500.));
#3211=CARTESIAN_POINT('Ctrl Pts',(45.943018941069,-27.8110256737738,0.));
#3212=CARTESIAN_POINT('Ctrl Pts',(45.943018941069,-27.8110256737738,500.));
#3213=CARTESIAN_POINT('Ctrl Pts',(43.8364760365051,-29.2342167429775,0.));
#3214=CARTESIAN_POINT('Ctrl Pts',(43.8364760365051,-29.2342167429775,500.));
#3215=CARTESIAN_POINT('Ctrl Pts',(41.6312501556587,-30.6421454134969,0.));
#3216=CARTESIAN_POINT('Ctrl Pts',(41.6312501556587,-30.6421454134969,500.));
#3217=CARTESIAN_POINT('Ctrl Pts',(39.2974753988878,-32.0301824586421,0.));
#3218=CARTESIAN_POINT('Ctrl Pts',(39.2974753988878,-32.0301824586421,500.));
#3219=CARTESIAN_POINT('Ctrl Pts',(36.8184196593801,-33.390902063939,0.));
#3220=CARTESIAN_POINT('Ctrl Pts',(36.8184196593801,-33.390902063939,500.));
#3221=CARTESIAN_POINT('Ctrl Pts',(34.2003629737019,-34.7133172630162,0.));
#3222=CARTESIAN_POINT('Ctrl Pts',(34.2003629737019,-34.7133172630162,500.));
#3223=CARTESIAN_POINT('Ctrl Pts',(31.4767863671944,-35.9826341328515,0.));
#3224=CARTESIAN_POINT('Ctrl Pts',(31.4767863671944,-35.9826341328515,500.));
#3225=CARTESIAN_POINT('Ctrl Pts',(28.6963140141664,-37.1814354174167,0.));
#3226=CARTESIAN_POINT('Ctrl Pts',(28.6963140141664,-37.1814354174167,500.));
#3227=CARTESIAN_POINT('Ctrl Pts',(25.914255299077,-38.2905951591764,0.));
#3228=CARTESIAN_POINT('Ctrl Pts',(25.914255299077,-38.2905951591764,500.));
#3229=CARTESIAN_POINT('Ctrl Pts',(23.1825413811708,-39.2903545083855,0.));
#3230=CARTESIAN_POINT('Ctrl Pts',(23.1825413811708,-39.2903545083855,500.));
#3231=CARTESIAN_POINT('Ctrl Pts',(20.5413046961457,-40.1613685417241,0.));
#3232=CARTESIAN_POINT('Ctrl Pts',(20.5413046961457,-40.1613685417241,500.));
#3233=CARTESIAN_POINT('Ctrl Pts',(18.007127668413,-40.8859789734381,0.));
#3234=CARTESIAN_POINT('Ctrl Pts',(18.007127668413,-40.8859789734381,500.));
#3235=CARTESIAN_POINT('Ctrl Pts',(15.5774656491666,-41.4489492651746,0.));
#3236=CARTESIAN_POINT('Ctrl Pts',(15.5774656491666,-41.4489492651746,500.));
#3237=CARTESIAN_POINT('Ctrl Pts',(13.7077589691447,-41.7602900651556,0.));
#3238=CARTESIAN_POINT('Ctrl Pts',(13.7077589691447,-41.7602900651556,500.));
#3239=CARTESIAN_POINT('Ctrl Pts',(12.3409100714943,-41.9119090751676,0.));
#3240=CARTESIAN_POINT('Ctrl Pts',(12.3409100714943,-41.9119090751676,500.));
#3241=CARTESIAN_POINT('Ctrl Pts',(11.4444586979232,-41.9761747397316,0.));
#3242=CARTESIAN_POINT('Ctrl Pts',(11.4444586979232,-41.9761747397316,500.));
#3243=CARTESIAN_POINT('Ctrl Pts',(10.9999280087074,-41.999104130182,0.));
#3244=CARTESIAN_POINT('Ctrl Pts',(10.9999280087074,-41.999104130182,500.));
#3245=CARTESIAN_POINT('',(10.9999280087074,-41.999104130182,500.));
#3246=CARTESIAN_POINT('',(10.9999280087074,-41.999104130182,0.));
#3247=CARTESIAN_POINT('',(58.0000008642673,-19.0000002831221,500.));
#3248=CARTESIAN_POINT('Ctrl Pts',(58.0000008642673,-19.0000002831221,500.));
#3249=CARTESIAN_POINT('Ctrl Pts',(57.5999867692424,-19.3019662126274,500.));
#3250=CARTESIAN_POINT('Ctrl Pts',(56.7998531377869,-19.9043807536734,500.));
#3251=CARTESIAN_POINT('Ctrl Pts',(55.599337520258,-20.8034506065435,500.));
#3252=CARTESIAN_POINT('Ctrl Pts',(53.9986142840275,-21.9932777670514,500.));
#3253=CARTESIAN_POINT('Ctrl Pts',(51.9988804371126,-23.466573271782,500.));
#3254=CARTESIAN_POINT('Ctrl Pts',(49.9977794474844,-24.9268888327607,500.));
#3255=CARTESIAN_POINT('Ctrl Pts',(47.9859736377804,-26.3749806810584,500.));
#3256=CARTESIAN_POINT('Ctrl Pts',(45.943018941069,-27.8110256737738,500.));
#3257=CARTESIAN_POINT('Ctrl Pts',(43.8364760365051,-29.2342167429775,500.));
#3258=CARTESIAN_POINT('Ctrl Pts',(41.6312501556587,-30.6421454134969,500.));
#3259=CARTESIAN_POINT('Ctrl Pts',(39.2974753988878,-32.0301824586421,500.));
#3260=CARTESIAN_POINT('Ctrl Pts',(36.8184196593801,-33.390902063939,500.));
#3261=CARTESIAN_POINT('Ctrl Pts',(34.2003629737019,-34.7133172630162,500.));
#3262=CARTESIAN_POINT('Ctrl Pts',(31.4767863671944,-35.9826341328515,500.));
#3263=CARTESIAN_POINT('Ctrl Pts',(28.6963140141664,-37.1814354174167,500.));
#3264=CARTESIAN_POINT('Ctrl Pts',(25.914255299077,-38.2905951591764,500.));
#3265=CARTESIAN_POINT('Ctrl Pts',(23.1825413811708,-39.2903545083855,500.));
#3266=CARTESIAN_POINT('Ctrl Pts',(20.5413046961457,-40.1613685417241,500.));
#3267=CARTESIAN_POINT('Ctrl Pts',(18.007127668413,-40.8859789734381,500.));
#3268=CARTESIAN_POINT('Ctrl Pts',(15.5774656491666,-41.4489492651746,500.));
#3269=CARTESIAN_POINT('Ctrl Pts',(13.7077589691447,-41.7602900651556,500.));
#3270=CARTESIAN_POINT('Ctrl Pts',(12.3409100714943,-41.9119090751676,500.));
#3271=CARTESIAN_POINT('Ctrl Pts',(11.4444586979232,-41.9761747397316,500.));
#3272=CARTESIAN_POINT('Ctrl Pts',(10.9999280087074,-41.999104130182,500.));
#3273=CARTESIAN_POINT('',(58.0000008642673,-19.0000002831221,0.));
#3274=CARTESIAN_POINT('Origin',(52.245,30.,0.));
#3275=CARTESIAN_POINT('',(50.645,24.4519486554716,0.));
#3276=CARTESIAN_POINT('Ctrl Pts',(50.645,24.4519486554716,0.));
#3277=CARTESIAN_POINT('Ctrl Pts',(50.645,24.4519486554716,0.0146114469602983));
#3278=CARTESIAN_POINT('Ctrl Pts',(50.6452001511038,24.4518030357973,0.0292207653056835));
#3279=CARTESIAN_POINT('Ctrl Pts',(50.6460826105974,24.451160999881,0.0614271107986813));
#3280=CARTESIAN_POINT('Ctrl Pts',(50.6468553440125,24.4505987944538,0.079014509519772));
#3281=CARTESIAN_POINT('Ctrl Pts',(50.6502894664318,24.4481002522204,0.13580310152634));
#3282=CARTESIAN_POINT('Ctrl Pts',(50.65410123171,24.445326925584,0.174853665425594));
#3283=CARTESIAN_POINT('Ctrl Pts',(50.6827683662239,24.4244682576348,0.387613167978732));
#3284=CARTESIAN_POINT('Ctrl Pts',(50.7341184547273,24.3871045842938,0.5527342682282));
#3285=CARTESIAN_POINT('Ctrl Pts',(50.8740460604948,24.2851966763533,0.838436205049314));
#3286=CARTESIAN_POINT('Ctrl Pts',(50.9567556253258,24.2249303495024,0.959446931643498));
#3287=CARTESIAN_POINT('Ctrl Pts',(51.1633572893875,24.0742451419588,1.19098253678683));
#3288=CARTESIAN_POINT('Ctrl Pts',(51.2913350789903,23.9808206241786,1.29450817898703));
#3289=CARTESIAN_POINT('Ctrl Pts',(51.6467814495714,23.7210218433909,1.50563944940197));
#3290=CARTESIAN_POINT('Ctrl Pts',(51.8881027849984,23.5443316991549,1.57855260826444));
#3291=CARTESIAN_POINT('Ctrl Pts',(52.3632305950057,23.1957814995933,1.61255131094479));
#3292=CARTESIAN_POINT('Ctrl Pts',(52.5988990200459,23.0225877687615,1.57837890794419));
#3293=CARTESIAN_POINT('Ctrl Pts',(52.9950922441439,22.730973827336,1.42558351175764));
#3294=CARTESIAN_POINT('Ctrl Pts',(53.1617442730039,22.6081484644303,1.32621731204928));
#3295=CARTESIAN_POINT('Ctrl Pts',(53.4236292478164,22.4149524591924,1.09276620797166));
#3296=CARTESIAN_POINT('Ctrl Pts',(53.5261980225214,22.3392187452279,0.972064254488915));
#3297=CARTESIAN_POINT('Ctrl Pts',(53.7041681579366,22.2077463151625,0.680411728076272));
#3298=CARTESIAN_POINT('Ctrl Pts',(53.7739313587655,22.1561674023436,0.508256233073561));
#3299=CARTESIAN_POINT('Ctrl Pts',(53.8250840501324,22.1183443817328,0.259707751308129));
#3300=CARTESIAN_POINT('Ctrl Pts',(53.8342833112203,22.1115415379087,0.195877294931217));
#3301=CARTESIAN_POINT('Ctrl Pts',(53.8417148681344,22.1060458499781,0.105671840573546));
#3302=CARTESIAN_POINT('Ctrl Pts',(53.8432121146783,22.1049386049498,0.0799060546341806));
#3303=CARTESIAN_POINT('Ctrl Pts',(53.8446949474841,22.103842017277,0.0360730010041291));
#3304=CARTESIAN_POINT('Ctrl Pts',(53.845,22.1036164227753,0.0180385596433864));
#3305=CARTESIAN_POINT('Ctrl Pts',(53.845,22.1036164227753,0.));
#3306=CARTESIAN_POINT('',(50.645,30.,0.));
#3307=CARTESIAN_POINT('Ctrl Pts',(10.9999280087074,41.999104130182,0.));
#3308=CARTESIAN_POINT('Ctrl Pts',(10.9999280087074,41.999104130182,500.));
#3309=CARTESIAN_POINT('Ctrl Pts',(11.4444586979232,41.9761747397316,0.));
#3310=CARTESIAN_POINT('Ctrl Pts',(11.4444586979232,41.9761747397316,500.));
#3311=CARTESIAN_POINT('Ctrl Pts',(12.3409100714943,41.9119090751676,0.));
#3312=CARTESIAN_POINT('Ctrl Pts',(12.3409100714943,41.9119090751676,500.));
#3313=CARTESIAN_POINT('Ctrl Pts',(13.7077589691447,41.7602900651556,0.));
#3314=CARTESIAN_POINT('Ctrl Pts',(13.7077589691447,41.7602900651556,500.));
#3315=CARTESIAN_POINT('Ctrl Pts',(15.5774656491667,41.4489492651746,0.));
#3316=CARTESIAN_POINT('Ctrl Pts',(15.5774656491667,41.4489492651746,500.));
#3317=CARTESIAN_POINT('Ctrl Pts',(18.0071276684131,40.8859789734381,0.));
#3318=CARTESIAN_POINT('Ctrl Pts',(18.0071276684131,40.8859789734381,500.));
#3319=CARTESIAN_POINT('Ctrl Pts',(20.5413046961457,40.1613685417241,0.));
#3320=CARTESIAN_POINT('Ctrl Pts',(20.5413046961457,40.1613685417241,500.));
#3321=CARTESIAN_POINT('Ctrl Pts',(23.1825413811708,39.2903545083855,0.));
#3322=CARTESIAN_POINT('Ctrl Pts',(23.1825413811708,39.2903545083855,500.));
#3323=CARTESIAN_POINT('Ctrl Pts',(25.9142552990771,38.2905951591764,0.));
#3324=CARTESIAN_POINT('Ctrl Pts',(25.9142552990771,38.2905951591764,500.));
#3325=CARTESIAN_POINT('Ctrl Pts',(28.6963140141665,37.1814354174167,0.));
#3326=CARTESIAN_POINT('Ctrl Pts',(28.6963140141665,37.1814354174167,500.));
#3327=CARTESIAN_POINT('Ctrl Pts',(31.4767863671946,35.9826341328515,0.));
#3328=CARTESIAN_POINT('Ctrl Pts',(31.4767863671946,35.9826341328515,500.));
#3329=CARTESIAN_POINT('Ctrl Pts',(34.200362973702,34.7133172630162,0.));
#3330=CARTESIAN_POINT('Ctrl Pts',(34.200362973702,34.7133172630162,500.));
#3331=CARTESIAN_POINT('Ctrl Pts',(36.8184196593801,33.390902063939,0.));
#3332=CARTESIAN_POINT('Ctrl Pts',(36.8184196593801,33.390902063939,500.));
#3333=CARTESIAN_POINT('Ctrl Pts',(39.2974753988877,32.0301824586421,0.));
#3334=CARTESIAN_POINT('Ctrl Pts',(39.2974753988877,32.0301824586421,500.));
#3335=CARTESIAN_POINT('Ctrl Pts',(41.6312501556585,30.6421454134969,0.));
#3336=CARTESIAN_POINT('Ctrl Pts',(41.6312501556585,30.6421454134969,500.));
#3337=CARTESIAN_POINT('Ctrl Pts',(43.8364760365048,29.2342167429775,0.));
#3338=CARTESIAN_POINT('Ctrl Pts',(43.8364760365048,29.2342167429775,500.));
#3339=CARTESIAN_POINT('Ctrl Pts',(45.9430189410688,27.8110256737738,0.));
#3340=CARTESIAN_POINT('Ctrl Pts',(45.9430189410688,27.8110256737738,500.));
#3341=CARTESIAN_POINT('Ctrl Pts',(47.9859736377804,26.3749806810584,0.));
#3342=CARTESIAN_POINT('Ctrl Pts',(47.9859736377804,26.3749806810584,500.));
#3343=CARTESIAN_POINT('Ctrl Pts',(49.9977794474845,24.9268888327607,0.));
#3344=CARTESIAN_POINT('Ctrl Pts',(49.9977794474845,24.9268888327607,500.));
#3345=CARTESIAN_POINT('Ctrl Pts',(51.9988804371127,23.466573271782,0.));
#3346=CARTESIAN_POINT('Ctrl Pts',(51.9988804371127,23.466573271782,500.));
#3347=CARTESIAN_POINT('Ctrl Pts',(53.9986142840275,21.9932777670514,0.));
#3348=CARTESIAN_POINT('Ctrl Pts',(53.9986142840275,21.9932777670514,500.));
#3349=CARTESIAN_POINT('Ctrl Pts',(55.599337520258,20.8034506065435,0.));
#3350=CARTESIAN_POINT('Ctrl Pts',(55.599337520258,20.8034506065435,500.));
#3351=CARTESIAN_POINT('Ctrl Pts',(56.7998531377869,19.9043807536734,0.));
#3352=CARTESIAN_POINT('Ctrl Pts',(56.7998531377869,19.9043807536734,500.));
#3353=CARTESIAN_POINT('Ctrl Pts',(57.5999867692424,19.3019662126274,0.));
#3354=CARTESIAN_POINT('Ctrl Pts',(57.5999867692424,19.3019662126274,500.));
#3355=CARTESIAN_POINT('Ctrl Pts',(58.0000008642673,19.0000002831221,0.));
#3356=CARTESIAN_POINT('Ctrl Pts',(58.0000008642673,19.0000002831221,500.));
#3357=CARTESIAN_POINT('',(58.0000008642673,19.0000002831221,500.));
#3358=CARTESIAN_POINT('',(58.0000008642673,19.0000002831221,0.));
#3359=CARTESIAN_POINT('',(10.9999280087074,41.999104130182,500.));
#3360=CARTESIAN_POINT('Ctrl Pts',(10.9999280087074,41.999104130182,500.));
#3361=CARTESIAN_POINT('Ctrl Pts',(11.4444586979232,41.9761747397316,500.));
#3362=CARTESIAN_POINT('Ctrl Pts',(12.3409100714943,41.9119090751676,500.));
#3363=CARTESIAN_POINT('Ctrl Pts',(13.7077589691447,41.7602900651556,500.));
#3364=CARTESIAN_POINT('Ctrl Pts',(15.5774656491667,41.4489492651746,500.));
#3365=CARTESIAN_POINT('Ctrl Pts',(18.0071276684131,40.8859789734381,500.));
#3366=CARTESIAN_POINT('Ctrl Pts',(20.5413046961457,40.1613685417241,500.));
#3367=CARTESIAN_POINT('Ctrl Pts',(23.1825413811708,39.2903545083855,500.));
#3368=CARTESIAN_POINT('Ctrl Pts',(25.9142552990771,38.2905951591764,500.));
#3369=CARTESIAN_POINT('Ctrl Pts',(28.6963140141665,37.1814354174167,500.));
#3370=CARTESIAN_POINT('Ctrl Pts',(31.4767863671946,35.9826341328515,500.));
#3371=CARTESIAN_POINT('Ctrl Pts',(34.200362973702,34.7133172630162,500.));
#3372=CARTESIAN_POINT('Ctrl Pts',(36.8184196593801,33.390902063939,500.));
#3373=CARTESIAN_POINT('Ctrl Pts',(39.2974753988877,32.0301824586421,500.));
#3374=CARTESIAN_POINT('Ctrl Pts',(41.6312501556585,30.6421454134969,500.));
#3375=CARTESIAN_POINT('Ctrl Pts',(43.8364760365048,29.2342167429775,500.));
#3376=CARTESIAN_POINT('Ctrl Pts',(45.9430189410688,27.8110256737738,500.));
#3377=CARTESIAN_POINT('Ctrl Pts',(47.9859736377804,26.3749806810584,500.));
#3378=CARTESIAN_POINT('Ctrl Pts',(49.9977794474845,24.9268888327607,500.));
#3379=CARTESIAN_POINT('Ctrl Pts',(51.9988804371127,23.466573271782,500.));
#3380=CARTESIAN_POINT('Ctrl Pts',(53.9986142840275,21.9932777670514,500.));
#3381=CARTESIAN_POINT('Ctrl Pts',(55.599337520258,20.8034506065435,500.));
#3382=CARTESIAN_POINT('Ctrl Pts',(56.7998531377869,19.9043807536734,500.));
#3383=CARTESIAN_POINT('Ctrl Pts',(57.5999867692424,19.3019662126274,500.));
#3384=CARTESIAN_POINT('Ctrl Pts',(58.0000008642673,19.0000002831221,500.));
#3385=CARTESIAN_POINT('',(10.9999280087074,41.999104130182,0.));
#3386=CARTESIAN_POINT('',(10.9999280087074,41.999104130182,0.));
#3387=CARTESIAN_POINT('Ctrl Pts',(10.9999280087074,41.999104130182,0.));
#3388=CARTESIAN_POINT('Ctrl Pts',(11.4444586979232,41.9761747397316,0.));
#3389=CARTESIAN_POINT('Ctrl Pts',(12.3409100714943,41.9119090751676,0.));
#3390=CARTESIAN_POINT('Ctrl Pts',(13.7077589691447,41.7602900651556,0.));
#3391=CARTESIAN_POINT('Ctrl Pts',(15.5774656491667,41.4489492651746,0.));
#3392=CARTESIAN_POINT('Ctrl Pts',(18.0071276684131,40.8859789734381,0.));
#3393=CARTESIAN_POINT('Ctrl Pts',(20.5413046961457,40.1613685417241,0.));
#3394=CARTESIAN_POINT('Ctrl Pts',(23.1825413811708,39.2903545083855,0.));
#3395=CARTESIAN_POINT('Ctrl Pts',(25.9142552990771,38.2905951591764,0.));
#3396=CARTESIAN_POINT('Ctrl Pts',(28.6963140141665,37.1814354174167,0.));
#3397=CARTESIAN_POINT('Ctrl Pts',(31.4767863671946,35.9826341328515,0.));
#3398=CARTESIAN_POINT('Ctrl Pts',(34.200362973702,34.7133172630162,0.));
#3399=CARTESIAN_POINT('Ctrl Pts',(36.8184196593801,33.390902063939,0.));
#3400=CARTESIAN_POINT('Ctrl Pts',(39.2974753988877,32.0301824586421,0.));
#3401=CARTESIAN_POINT('Ctrl Pts',(41.6312501556585,30.6421454134969,0.));
#3402=CARTESIAN_POINT('Ctrl Pts',(43.8364760365048,29.2342167429775,0.));
#3403=CARTESIAN_POINT('Ctrl Pts',(45.9430189410688,27.8110256737738,0.));
#3404=CARTESIAN_POINT('Ctrl Pts',(47.709781645098,26.5691230811606,0.));
#3405=CARTESIAN_POINT('Ctrl Pts',(49.0507448522048,25.6077740644458,0.));
#3406=CARTESIAN_POINT('Ctrl Pts',(49.9841591932471,24.932345911589,0.));
#3407=CARTESIAN_POINT('Ctrl Pts',(50.5151031573809,24.5464551133963,0.));
#3408=CARTESIAN_POINT('Ctrl Pts',(50.645,24.4519486554716,0.));
#3409=CARTESIAN_POINT('Origin',(-53.245,-30.815,0.));
#3410=CARTESIAN_POINT('Ctrl Pts',(-54.845,-21.9742074751039,0.));
#3411=CARTESIAN_POINT('Ctrl Pts',(-54.845,-21.9742074751039,0.0180153234766861));
#3412=CARTESIAN_POINT('Ctrl Pts',(-54.8446957383604,-21.9745050677151,0.0360242032119969));
#3413=CARTESIAN_POINT('Ctrl Pts',(-54.8433938046566,-21.9757783185267,0.0745641412714048));
#3414=CARTESIAN_POINT('Ctrl Pts',(-54.8423046055815,-21.9768434809924,0.0950732670435969));
#3415=CARTESIAN_POINT('Ctrl Pts',(-54.8375684590977,-21.9814740164528,0.160490406892964));
#3416=CARTESIAN_POINT('Ctrl Pts',(-54.8324307038632,-21.9864962981162,0.205083539677076));
#3417=CARTESIAN_POINT('Ctrl Pts',(-54.8034023979274,-22.0148408047355,0.389179568215587));
#3418=CARTESIAN_POINT('Ctrl Pts',(-54.7635066527294,-22.0537563865076,0.521546832018838));
#3419=CARTESIAN_POINT('Ctrl Pts',(-54.6457449292139,-22.1676426083222,0.789409438746434));
#3420=CARTESIAN_POINT('Ctrl Pts',(-54.5631643957956,-22.2469936784683,0.918532772910574));
#3421=CARTESIAN_POINT('Ctrl Pts',(-54.3652816111907,-22.4346631135114,1.15371937967184));
#3422=CARTESIAN_POINT('Ctrl Pts',(-54.2468957684333,-22.5456527746991,1.25647724143427));
#3423=CARTESIAN_POINT('Ctrl Pts',(-53.91563931513,-22.8513977438828,1.47331911318607));
#3424=CARTESIAN_POINT('Ctrl Pts',(-53.6867746528213,-23.0578812684207,1.55564314377402));
#3425=CARTESIAN_POINT('Ctrl Pts',(-53.2158983535847,-23.4720324990871,1.6176401511265));
#3426=CARTESIAN_POINT('Ctrl Pts',(-52.9694497941284,-23.6834326438513,1.59561314853401));
#3427=CARTESIAN_POINT('Ctrl Pts',(-52.5551014338524,-24.0314208998631,1.45587027969541));
#3428=CARTESIAN_POINT('Ctrl Pts',(-52.381302609171,-24.1749032289796,1.36212971193238));
#3429=CARTESIAN_POINT('Ctrl Pts',(-52.1064808968954,-24.3991186959179,1.13459405314835));
#3430=CARTESIAN_POINT('Ctrl Pts',(-51.9982138410423,-24.4865104203738,1.01632439691161));
#3431=CARTESIAN_POINT('Ctrl Pts',(-51.8365961910396,-24.6162008359716,0.770095629487507));
#3432=CARTESIAN_POINT('Ctrl Pts',(-51.7770499560553,-24.6636821407145,0.650929176392469));
#3433=CARTESIAN_POINT('Ctrl Pts',(-51.6991010759298,-24.7256932055819,0.425107299250928));
#3434=CARTESIAN_POINT('Ctrl Pts',(-51.674578894249,-24.745140788455,0.323833690394131));
#3435=CARTESIAN_POINT('Ctrl Pts',(-51.6542318494052,-24.7612711737826,0.176932097316821));
#3436=CARTESIAN_POINT('Ctrl Pts',(-51.6500377334937,-24.764594299433,0.134021243694493));
#3437=CARTESIAN_POINT('Ctrl Pts',(-51.6458624438313,-24.7679023329888,0.0606394106128267));
#3438=CARTESIAN_POINT('Ctrl Pts',(-51.645,-24.7685855112065,0.0303301751827225));
#3439=CARTESIAN_POINT('Ctrl Pts',(-51.645,-24.7685855112065,0.));
#3440=CARTESIAN_POINT('Ctrl Pts',(-51.645,-22.124401841695,0.));
#3441=CARTESIAN_POINT('Ctrl Pts',(-51.645,-22.124401841695,0.0131444321471282));
#3442=CARTESIAN_POINT('Ctrl Pts',(-51.6451619796413,-22.124253790959,0.0262868242949785));
#3443=CARTESIAN_POINT('Ctrl Pts',(-51.6458580978059,-22.1236174797298,0.0545298425110124));
#3444=CARTESIAN_POINT('Ctrl Pts',(-51.6464442304455,-22.1230816898821,0.069622990284254));
#3445=CARTESIAN_POINT('Ctrl Pts',(-51.6490198660153,-22.1207268624703,0.118209913990465));
#3446=CARTESIAN_POINT('Ctrl Pts',(-51.6518464995715,-22.1181422239847,0.151585873287814));
#3447=CARTESIAN_POINT('Ctrl Pts',(-51.668606748967,-22.1028038451969,0.295745506416112));
#3448=CARTESIAN_POINT('Ctrl Pts',(-51.6928790928191,-22.080579909927,0.403190996594994));
#3449=CARTESIAN_POINT('Ctrl Pts',(-51.7739614373778,-22.0057584118588,0.646652928037592));
#3450=CARTESIAN_POINT('Ctrl Pts',(-51.8385444484582,-21.945811858697,0.775089026950471));
#3451=CARTESIAN_POINT('Ctrl Pts',(-51.9939491020024,-21.7991663154926,1.00751646968334));
#3452=CARTESIAN_POINT('Ctrl Pts',(-52.0848784465602,-21.7122617024921,1.10950841671734));
#3453=CARTESIAN_POINT('Ctrl Pts',(-52.333488503917,-21.4698849774031,1.33049602786783));
#3454=CARTESIAN_POINT('Ctrl Pts',(-52.5004009473788,-21.3027610588449,1.42769573896985));
#3455=CARTESIAN_POINT('Ctrl Pts',(-52.9615594548994,-20.82529894789,1.60556269242608));
#3456=CARTESIAN_POINT('Ctrl Pts',(-53.2682265502174,-20.4899933818498,1.62598503528503));
#3457=CARTESIAN_POINT('Ctrl Pts',(-53.7767287745515,-19.9078848159324,1.52615028181603));
#3458=CARTESIAN_POINT('Ctrl Pts',(-53.9963477202323,-19.6472980507007,1.43346832021334));
#3459=CARTESIAN_POINT('Ctrl Pts',(-54.3202286080236,-19.254005834675,1.19538935128851));
#3460=CARTESIAN_POINT('Ctrl Pts',(-54.4418459791264,-19.1037915063066,1.07678731697377));
#3461=CARTESIAN_POINT('Ctrl Pts',(-54.6150598498076,-18.8876674916642,0.834904768907041));
#3462=CARTESIAN_POINT('Ctrl Pts',(-54.6774365661239,-18.8091796340326,0.725036891804624));
#3463=CARTESIAN_POINT('Ctrl Pts',(-54.7618372182955,-18.7025383802959,0.517318086903234));
#3464=CARTESIAN_POINT('Ctrl Pts',(-54.7902428448202,-18.6664982709815,0.426458310550181));
#3465=CARTESIAN_POINT('Ctrl Pts',(-54.8239563974012,-18.6236668803578,0.266705338161156));
#3466=CARTESIAN_POINT('Ctrl Pts',(-54.8336846872453,-18.6112868418319,0.201382991071445));
#3467=CARTESIAN_POINT('Ctrl Pts',(-54.8415404720266,-18.6012879281805,0.10842320450797));
#3468=CARTESIAN_POINT('Ctrl Pts',(-54.8431174418275,-18.5992801927702,0.0820020947197147));
#3469=CARTESIAN_POINT('Ctrl Pts',(-54.8446787942438,-18.597292288905,0.0370096583362562));
#3470=CARTESIAN_POINT('Ctrl Pts',(-54.845,-18.5968832940906,0.0185101623226284));
#3471=CARTESIAN_POINT('Ctrl Pts',(-54.845,-18.5968832940906,0.));
#3472=CARTESIAN_POINT('Ctrl Pts',(-10.0000001490116,-41.999104130182,0.));
#3473=CARTESIAN_POINT('Ctrl Pts',(-10.0000001490116,-41.999104130182,500.));
#3474=CARTESIAN_POINT('Ctrl Pts',(-10.2734810473083,-41.9470903212158,0.));
#3475=CARTESIAN_POINT('Ctrl Pts',(-10.2734810473083,-41.9470903212158,500.));
#3476=CARTESIAN_POINT('Ctrl Pts',(-10.8240975877002,-41.8391896604045,0.));
#3477=CARTESIAN_POINT('Ctrl Pts',(-10.8240975877002,-41.8391896604045,500.));
#3478=CARTESIAN_POINT('Ctrl Pts',(-11.6609865235827,-41.6657196080846,0.));
#3479=CARTESIAN_POINT('Ctrl Pts',(-11.6609865235827,-41.6657196080846,500.));
#3480=CARTESIAN_POINT('Ctrl Pts',(-12.79878524625,-41.4111688079513,0.));
#3481=CARTESIAN_POINT('Ctrl Pts',(-12.79878524625,-41.4111688079513,500.));
#3482=CARTESIAN_POINT('Ctrl Pts',(-14.257330572274,-41.0542806870002,0.));
#3483=CARTESIAN_POINT('Ctrl Pts',(-14.257330572274,-41.0542806870002,500.));
#3484=CARTESIAN_POINT('Ctrl Pts',(-15.7511682598667,-40.6590586790761,0.));
#3485=CARTESIAN_POINT('Ctrl Pts',(-15.7511682598667,-40.6590586790761,500.));
#3486=CARTESIAN_POINT('Ctrl Pts',(-17.2781222678039,-40.2263967217269,0.));
#3487=CARTESIAN_POINT('Ctrl Pts',(-17.2781222678039,-40.2263967217269,500.));
#3488=CARTESIAN_POINT('Ctrl Pts',(-18.8345023947211,-39.7578754208682,0.));
#3489=CARTESIAN_POINT('Ctrl Pts',(-18.8345023947211,-39.7578754208682,500.));
#3490=CARTESIAN_POINT('Ctrl Pts',(-20.4144937602289,-39.2560899557037,0.));
#3491=CARTESIAN_POINT('Ctrl Pts',(-20.4144937602289,-39.2560899557037,500.));
#3492=CARTESIAN_POINT('Ctrl Pts',(-22.0104524474279,-38.7244034474358,0.));
#3493=CARTESIAN_POINT('Ctrl Pts',(-22.0104524474279,-38.7244034474358,500.));
#3494=CARTESIAN_POINT('Ctrl Pts',(-23.6143978103721,-38.1659379459474,0.));
#3495=CARTESIAN_POINT('Ctrl Pts',(-23.6143978103721,-38.1659379459474,500.));
#3496=CARTESIAN_POINT('Ctrl Pts',(-25.2191741303181,-37.5827802167363,0.));
#3497=CARTESIAN_POINT('Ctrl Pts',(-25.2191741303181,-37.5827802167363,500.));
#3498=CARTESIAN_POINT('Ctrl Pts',(-26.8198076506291,-36.9750504143815,0.));
#3499=CARTESIAN_POINT('Ctrl Pts',(-26.8198076506291,-36.9750504143815,500.));
#3500=CARTESIAN_POINT('Ctrl Pts',(-28.4146476436634,-36.3401363416996,0.));
#3501=CARTESIAN_POINT('Ctrl Pts',(-28.4146476436634,-36.3401363416996,500.));
#3502=CARTESIAN_POINT('Ctrl Pts',(-30.0069433208317,-35.6715806343547,0.));
#3503=CARTESIAN_POINT('Ctrl Pts',(-30.0069433208317,-35.6715806343547,500.));
#3504=CARTESIAN_POINT('Ctrl Pts',(-31.605200244556,-34.9589518440617,0.));
#3505=CARTESIAN_POINT('Ctrl Pts',(-31.605200244556,-34.9589518440617,500.));
#3506=CARTESIAN_POINT('Ctrl Pts',(-33.2199400499516,-34.1906122903347,0.));
#3507=CARTESIAN_POINT('Ctrl Pts',(-33.2199400499516,-34.1906122903347,500.));
#3508=CARTESIAN_POINT('Ctrl Pts',(-34.8610538135031,-33.3560161182766,0.));
#3509=CARTESIAN_POINT('Ctrl Pts',(-34.8610538135031,-33.3560161182766,500.));
#3510=CARTESIAN_POINT('Ctrl Pts',(-36.5350128719168,-32.4481099346077,0.));
#3511=CARTESIAN_POINT('Ctrl Pts',(-36.5350128719168,-32.4481099346077,500.));
#3512=CARTESIAN_POINT('Ctrl Pts',(-38.2419207772673,-31.4658995332788,0.));
#3513=CARTESIAN_POINT('Ctrl Pts',(-38.2419207772673,-31.4658995332788,500.));
#3514=CARTESIAN_POINT('Ctrl Pts',(-39.973103298377,-30.4165050555429,0.));
#3515=CARTESIAN_POINT('Ctrl Pts',(-39.973103298377,-30.4165050555429,500.));
#3516=CARTESIAN_POINT('Ctrl Pts',(-41.7072157668686,-29.3186161305046,0.));
#3517=CARTESIAN_POINT('Ctrl Pts',(-41.7072157668686,-29.3186161305046,500.));
#3518=CARTESIAN_POINT('Ctrl Pts',(-43.4122187800408,-28.2004216083627,0.));
#3519=CARTESIAN_POINT('Ctrl Pts',(-43.4122187800408,-28.2004216083627,500.));
#3520=CARTESIAN_POINT('Ctrl Pts',(-45.0518091069491,-27.0933539374361,0.));
#3521=CARTESIAN_POINT('Ctrl Pts',(-45.0518091069491,-27.0933539374361,500.));
#3522=CARTESIAN_POINT('Ctrl Pts',(-46.5906135548891,-26.0269821638302,0.));
#3523=CARTESIAN_POINT('Ctrl Pts',(-46.5906135548891,-26.0269821638302,500.));
#3524=CARTESIAN_POINT('Ctrl Pts',(-47.9997393081648,-25.0236031194487,0.));
#3525=CARTESIAN_POINT('Ctrl Pts',(-47.9997393081648,-25.0236031194487,500.));
#3526=CARTESIAN_POINT('Ctrl Pts',(-49.2625444329247,-24.0925443266157,0.));
#3527=CARTESIAN_POINT('Ctrl Pts',(-49.2625444329247,-24.0925443266157,500.));
#3528=CARTESIAN_POINT('Ctrl Pts',(-50.3795278339541,-23.2254811352171,0.));
#3529=CARTESIAN_POINT('Ctrl Pts',(-50.3795278339541,-23.2254811352171,500.));
#3530=CARTESIAN_POINT('Ctrl Pts',(-51.375799662717,-22.3888481892817,0.));
#3531=CARTESIAN_POINT('Ctrl Pts',(-51.375799662717,-22.3888481892817,500.));
#3532=CARTESIAN_POINT('Ctrl Pts',(-52.2928505184589,-21.5339115287699,0.));
#3533=CARTESIAN_POINT('Ctrl Pts',(-52.2928505184589,-21.5339115287699,500.));
#3534=CARTESIAN_POINT('Ctrl Pts',(-53.1760279518842,-20.6116357750288,0.));
#3535=CARTESIAN_POINT('Ctrl Pts',(-53.1760279518842,-20.6116357750288,500.));
#3536=CARTESIAN_POINT('Ctrl Pts',(-54.0631045332019,-19.586421242438,0.));
#3537=CARTESIAN_POINT('Ctrl Pts',(-54.0631045332019,-19.586421242438,500.));
#3538=CARTESIAN_POINT('Ctrl Pts',(-54.9732281968599,-18.4492332730413,0.));
#3539=CARTESIAN_POINT('Ctrl Pts',(-54.9732281968599,-18.4492332730413,500.));
#3540=CARTESIAN_POINT('Ctrl Pts',(-55.8934250895551,-17.233999976086,0.));
#3541=CARTESIAN_POINT('Ctrl Pts',(-55.8934250895551,-17.233999976086,500.));
#3542=CARTESIAN_POINT('Ctrl Pts',(-56.7882914053025,-16.0033651570015,0.));
#3543=CARTESIAN_POINT('Ctrl Pts',(-56.7882914053025,-16.0033651570015,500.));
#3544=CARTESIAN_POINT('Ctrl Pts',(-57.6128020429925,-14.8301341184655,0.));
#3545=CARTESIAN_POINT('Ctrl Pts',(-57.6128020429925,-14.8301341184655,500.));
#3546=CARTESIAN_POINT('Ctrl Pts',(-58.3250793498777,-13.7792040532971,0.));
#3547=CARTESIAN_POINT('Ctrl Pts',(-58.3250793498777,-13.7792040532971,500.));
#3548=CARTESIAN_POINT('Ctrl Pts',(-58.8966968874695,-12.891722810041,0.));
#3549=CARTESIAN_POINT('Ctrl Pts',(-58.8966968874695,-12.891722810041,500.));
#3550=CARTESIAN_POINT('Ctrl Pts',(-59.3302925260934,-12.1620820437155,0.));
#3551=CARTESIAN_POINT('Ctrl Pts',(-59.3302925260934,-12.1620820437155,500.));
#3552=CARTESIAN_POINT('Ctrl Pts',(-59.6438415492764,-11.5486207662713,0.));
#3553=CARTESIAN_POINT('Ctrl Pts',(-59.6438415492764,-11.5486207662713,500.));
#3554=CARTESIAN_POINT('Ctrl Pts',(-59.8432271903222,-10.9986445047983,0.));
#3555=CARTESIAN_POINT('Ctrl Pts',(-59.8432271903222,-10.9986445047983,500.));
#3556=CARTESIAN_POINT('Ctrl Pts',(-59.8896408220607,-10.473412946489,0.));
#3557=CARTESIAN_POINT('Ctrl Pts',(-59.8896408220607,-10.473412946489,500.));
#3558=CARTESIAN_POINT('Ctrl Pts',(-59.7035957642906,-9.95576765895937,0.));
#3559=CARTESIAN_POINT('Ctrl Pts',(-59.7035957642906,-9.95576765895937,500.));
#3560=CARTESIAN_POINT('Ctrl Pts',(-59.2122886001746,-9.43723869559093,0.));
#3561=CARTESIAN_POINT('Ctrl Pts',(-59.2122886001746,-9.43723869559093,500.));
#3562=CARTESIAN_POINT('Ctrl Pts',(-58.3745878173102,-8.91270875193445,0.));
#3563=CARTESIAN_POINT('Ctrl Pts',(-58.3745878173102,-8.91270875193445,500.));
#3564=CARTESIAN_POINT('Ctrl Pts',(-57.4109832479997,-8.48625541704503,0.));
#3565=CARTESIAN_POINT('Ctrl Pts',(-57.4109832479997,-8.48625541704503,500.));
#3566=CARTESIAN_POINT('Ctrl Pts',(-56.5205226909805,-8.16220055274382,0.));
#3567=CARTESIAN_POINT('Ctrl Pts',(-56.5205226909805,-8.16220055274382,500.));
#3568=CARTESIAN_POINT('Ctrl Pts',(-55.8523724788543,-7.94429222015898,0.));
#3569=CARTESIAN_POINT('Ctrl Pts',(-55.8523724788543,-7.94429222015898,500.));
#3570=CARTESIAN_POINT('Ctrl Pts',(-55.4996705499882,-7.83487011428481,0.));
#3571=CARTESIAN_POINT('Ctrl Pts',(-55.4996705499882,-7.83487011428481,500.));
#3572=CARTESIAN_POINT('',(-55.4996705499882,-7.8348701142848,0.));
#3573=CARTESIAN_POINT('Ctrl Pts',(-59.645,-9.9825476054548,0.));
#3574=CARTESIAN_POINT('Ctrl Pts',(-59.6415894291164,-9.97715304364322,0.));
#3575=CARTESIAN_POINT('Ctrl Pts',(-59.5717864279178,-9.86802944601382,0.));
#3576=CARTESIAN_POINT('Ctrl Pts',(-59.403466819455,-9.65516732587593,0.));
#3577=CARTESIAN_POINT('Ctrl Pts',(-59.0534615771545,-9.33778847286223,0.));
#3578=CARTESIAN_POINT('Ctrl Pts',(-58.3745878173102,-8.91270875193445,0.));
#3579=CARTESIAN_POINT('Ctrl Pts',(-57.4109832479997,-8.48625541704503,0.));
#3580=CARTESIAN_POINT('Ctrl Pts',(-56.5205226909805,-8.16220055274382,0.));
#3581=CARTESIAN_POINT('Ctrl Pts',(-55.8523724788543,-7.94429222015898,0.));
#3582=CARTESIAN_POINT('Ctrl Pts',(-55.4996705499882,-7.83487011428481,0.));
#3583=CARTESIAN_POINT('',(-55.4996705499882,-7.8348701142848,500.));
#3584=CARTESIAN_POINT('',(-55.4996705499882,-7.8348701142848,0.));
#3585=CARTESIAN_POINT('',(-10.0000001490116,-41.999104130182,500.));
#3586=CARTESIAN_POINT('Ctrl Pts',(-10.0000001490116,-41.999104130182,500.));
#3587=CARTESIAN_POINT('Ctrl Pts',(-10.2734810473083,-41.9470903212158,500.));
#3588=CARTESIAN_POINT('Ctrl Pts',(-10.8240975877002,-41.8391896604045,500.));
#3589=CARTESIAN_POINT('Ctrl Pts',(-11.6609865235827,-41.6657196080846,500.));
#3590=CARTESIAN_POINT('Ctrl Pts',(-12.79878524625,-41.4111688079513,500.));
#3591=CARTESIAN_POINT('Ctrl Pts',(-14.257330572274,-41.0542806870002,500.));
#3592=CARTESIAN_POINT('Ctrl Pts',(-15.7511682598667,-40.6590586790761,500.));
#3593=CARTESIAN_POINT('Ctrl Pts',(-17.2781222678039,-40.2263967217269,500.));
#3594=CARTESIAN_POINT('Ctrl Pts',(-18.8345023947211,-39.7578754208682,500.));
#3595=CARTESIAN_POINT('Ctrl Pts',(-20.4144937602289,-39.2560899557037,500.));
#3596=CARTESIAN_POINT('Ctrl Pts',(-22.0104524474279,-38.7244034474358,500.));
#3597=CARTESIAN_POINT('Ctrl Pts',(-23.6143978103721,-38.1659379459474,500.));
#3598=CARTESIAN_POINT('Ctrl Pts',(-25.2191741303181,-37.5827802167363,500.));
#3599=CARTESIAN_POINT('Ctrl Pts',(-26.8198076506291,-36.9750504143815,500.));
#3600=CARTESIAN_POINT('Ctrl Pts',(-28.4146476436634,-36.3401363416996,500.));
#3601=CARTESIAN_POINT('Ctrl Pts',(-30.0069433208317,-35.6715806343547,500.));
#3602=CARTESIAN_POINT('Ctrl Pts',(-31.605200244556,-34.9589518440617,500.));
#3603=CARTESIAN_POINT('Ctrl Pts',(-33.2199400499516,-34.1906122903347,500.));
#3604=CARTESIAN_POINT('Ctrl Pts',(-34.8610538135031,-33.3560161182766,500.));
#3605=CARTESIAN_POINT('Ctrl Pts',(-36.5350128719168,-32.4481099346077,500.));
#3606=CARTESIAN_POINT('Ctrl Pts',(-38.2419207772673,-31.4658995332788,500.));
#3607=CARTESIAN_POINT('Ctrl Pts',(-39.973103298377,-30.4165050555429,500.));
#3608=CARTESIAN_POINT('Ctrl Pts',(-41.7072157668686,-29.3186161305046,500.));
#3609=CARTESIAN_POINT('Ctrl Pts',(-43.4122187800408,-28.2004216083627,500.));
#3610=CARTESIAN_POINT('Ctrl Pts',(-45.0518091069491,-27.0933539374361,500.));
#3611=CARTESIAN_POINT('Ctrl Pts',(-46.5906135548891,-26.0269821638302,500.));
#3612=CARTESIAN_POINT('Ctrl Pts',(-47.9997393081648,-25.0236031194487,500.));
#3613=CARTESIAN_POINT('Ctrl Pts',(-49.2625444329247,-24.0925443266157,500.));
#3614=CARTESIAN_POINT('Ctrl Pts',(-50.3795278339541,-23.2254811352171,500.));
#3615=CARTESIAN_POINT('Ctrl Pts',(-51.375799662717,-22.3888481892817,500.));
#3616=CARTESIAN_POINT('Ctrl Pts',(-52.2928505184589,-21.5339115287699,500.));
#3617=CARTESIAN_POINT('Ctrl Pts',(-53.1760279518842,-20.6116357750288,500.));
#3618=CARTESIAN_POINT('Ctrl Pts',(-54.0631045332019,-19.586421242438,500.));
#3619=CARTESIAN_POINT('Ctrl Pts',(-54.9732281968599,-18.4492332730413,500.));
#3620=CARTESIAN_POINT('Ctrl Pts',(-55.8934250895551,-17.233999976086,500.));
#3621=CARTESIAN_POINT('Ctrl Pts',(-56.7882914053025,-16.0033651570015,500.));
#3622=CARTESIAN_POINT('Ctrl Pts',(-57.6128020429925,-14.8301341184655,500.));
#3623=CARTESIAN_POINT('Ctrl Pts',(-58.3250793498777,-13.7792040532971,500.));
#3624=CARTESIAN_POINT('Ctrl Pts',(-58.8966968874695,-12.891722810041,500.));
#3625=CARTESIAN_POINT('Ctrl Pts',(-59.3302925260934,-12.1620820437155,500.));
#3626=CARTESIAN_POINT('Ctrl Pts',(-59.6438415492764,-11.5486207662713,500.));
#3627=CARTESIAN_POINT('Ctrl Pts',(-59.8432271903222,-10.9986445047983,500.));
#3628=CARTESIAN_POINT('Ctrl Pts',(-59.8896408220607,-10.473412946489,500.));
#3629=CARTESIAN_POINT('Ctrl Pts',(-59.7035957642906,-9.95576765895937,500.));
#3630=CARTESIAN_POINT('Ctrl Pts',(-59.2122886001746,-9.43723869559093,500.));
#3631=CARTESIAN_POINT('Ctrl Pts',(-58.3745878173102,-8.91270875193445,500.));
#3632=CARTESIAN_POINT('Ctrl Pts',(-57.4109832479997,-8.48625541704503,500.));
#3633=CARTESIAN_POINT('Ctrl Pts',(-56.5205226909805,-8.16220055274382,500.));
#3634=CARTESIAN_POINT('Ctrl Pts',(-55.8523724788543,-7.94429222015898,500.));
#3635=CARTESIAN_POINT('Ctrl Pts',(-55.4996705499882,-7.83487011428481,500.));
#3636=CARTESIAN_POINT('',(-10.0000001490116,-41.999104130182,0.));
#3637=CARTESIAN_POINT('Origin',(-0.435355308952365,0.,0.));
#3638=CARTESIAN_POINT('',(-55.4996705499882,7.8348701142848,0.));
#3639=CARTESIAN_POINT('',(-57.4999987147749,6.00000008940697,0.));
#3640=CARTESIAN_POINT('',(-57.4999987147749,6.00000008940697,0.));
#3641=CARTESIAN_POINT('',(-61.0000009089708,6.00000008940697,0.));
#3642=CARTESIAN_POINT('Origin',(-53.245,30.815,0.));
#3643=CARTESIAN_POINT('',(-51.645,30.815,0.));
#3644=CARTESIAN_POINT('Origin',(10.9999280087074,-41.999104130182,0.));
#3645=CARTESIAN_POINT('',(-3.51853524595533,-41.999104130182,500.));
#3646=CARTESIAN_POINT('Ctrl Pts',(58.9731240312652,-12.2965164003523,0.));
#3647=CARTESIAN_POINT('Ctrl Pts',(58.9731240312652,-12.2965164003523,500.));
#3648=CARTESIAN_POINT('Ctrl Pts',(59.0147730430847,-12.3058321692654,0.));
#3649=CARTESIAN_POINT('Ctrl Pts',(59.0147730430847,-12.3058321692654,500.));
#3650=CARTESIAN_POINT('Ctrl Pts',(59.1003083876258,-12.3305723461643,0.));
#3651=CARTESIAN_POINT('Ctrl Pts',(59.1003083876258,-12.3305723461643,500.));
#3652=CARTESIAN_POINT('Ctrl Pts',(59.2353237972086,-12.3860086882955,0.));
#3653=CARTESIAN_POINT('Ctrl Pts',(59.2353237972086,-12.3860086882955,500.));
#3654=CARTESIAN_POINT('Ctrl Pts',(59.4288202468988,-12.4967241591427,0.));
#3655=CARTESIAN_POINT('Ctrl Pts',(59.4288202468988,-12.4967241591427,500.));
#3656=CARTESIAN_POINT('Ctrl Pts',(59.6916365572346,-12.6965199424297,0.));
#3657=CARTESIAN_POINT('Ctrl Pts',(59.6916365572346,-12.6965199424297,500.));
#3658=CARTESIAN_POINT('Ctrl Pts',(59.9701985571159,-12.956338897468,0.));
#3659=CARTESIAN_POINT('Ctrl Pts',(59.9701985571159,-12.956338897468,500.));
#3660=CARTESIAN_POINT('Ctrl Pts',(60.2537242399212,-13.2722402722828,0.));
#3661=CARTESIAN_POINT('Ctrl Pts',(60.2537242399212,-13.2722402722828,500.));
#3662=CARTESIAN_POINT('Ctrl Pts',(60.5233537289587,-13.6362969116748,0.));
#3663=CARTESIAN_POINT('Ctrl Pts',(60.5233537289587,-13.6362969116748,500.));
#3664=CARTESIAN_POINT('Ctrl Pts',(60.7556959958179,-14.0378227708196,0.));
#3665=CARTESIAN_POINT('Ctrl Pts',(60.7556959958179,-14.0378227708196,500.));
#3666=CARTESIAN_POINT('Ctrl Pts',(60.9268875946877,-14.4647967782013,0.));
#3667=CARTESIAN_POINT('Ctrl Pts',(60.9268875946877,-14.4647967782013,500.));
#3668=CARTESIAN_POINT('Ctrl Pts',(61.0166389069273,-14.9051824517759,0.));
#3669=CARTESIAN_POINT('Ctrl Pts',(61.0166389069273,-14.9051824517759,500.));
#3670=CARTESIAN_POINT('Ctrl Pts',(61.0120166176579,-15.3481686699232,0.));
#3671=CARTESIAN_POINT('Ctrl Pts',(61.0120166176579,-15.3481686699232,500.));
#3672=CARTESIAN_POINT('Ctrl Pts',(60.9124894879975,-15.7856566364696,0.));
#3673=CARTESIAN_POINT('Ctrl Pts',(60.9124894879975,-15.7856566364696,500.));
#3674=CARTESIAN_POINT('Ctrl Pts',(60.7276518530158,-16.2120680547848,0.));
#3675=CARTESIAN_POINT('Ctrl Pts',(60.7276518530158,-16.2120680547848,500.));
#3676=CARTESIAN_POINT('Ctrl Pts',(60.4732634440671,-16.6237484096897,0.));
#3677=CARTESIAN_POINT('Ctrl Pts',(60.4732634440671,-16.6237484096897,500.));
#3678=CARTESIAN_POINT('Ctrl Pts',(60.167959510488,-17.0185464270212,0.));
#3679=CARTESIAN_POINT('Ctrl Pts',(60.167959510488,-17.0185464270212,500.));
#3680=CARTESIAN_POINT('Ctrl Pts',(59.8300756889014,-17.3953748120649,0.));
#3681=CARTESIAN_POINT('Ctrl Pts',(59.8300756889014,-17.3953748120649,500.));
#3682=CARTESIAN_POINT('Ctrl Pts',(59.4738887444921,-17.7537880927731,0.));
#3683=CARTESIAN_POINT('Ctrl Pts',(59.4738887444921,-17.7537880927731,500.));
#3684=CARTESIAN_POINT('Ctrl Pts',(59.1085479651922,-18.0937056385704,0.));
#3685=CARTESIAN_POINT('Ctrl Pts',(59.1085479651922,-18.0937056385704,500.));
#3686=CARTESIAN_POINT('Ctrl Pts',(58.7396062060373,-18.415286716549,0.));
#3687=CARTESIAN_POINT('Ctrl Pts',(58.7396062060373,-18.415286716549,500.));
#3688=CARTESIAN_POINT('Ctrl Pts',(58.4437468913882,-18.6580857083985,0.));
#3689=CARTESIAN_POINT('Ctrl Pts',(58.4437468913882,-18.6580857083985,500.));
#3690=CARTESIAN_POINT('Ctrl Pts',(58.2218684024123,-18.8321536134944,0.));
#3691=CARTESIAN_POINT('Ctrl Pts',(58.2218684024123,-18.8321536134944,500.));
#3692=CARTESIAN_POINT('Ctrl Pts',(58.0739556396413,-18.9446438914212,0.));
#3693=CARTESIAN_POINT('Ctrl Pts',(58.0739556396413,-18.9446438914212,500.));
#3694=CARTESIAN_POINT('Ctrl Pts',(58.0000008642673,-19.0000002831221,0.));
#3695=CARTESIAN_POINT('Ctrl Pts',(58.0000008642673,-19.0000002831221,500.));
#3696=CARTESIAN_POINT('',(58.9731240312652,-12.2965164003523,500.));
#3697=CARTESIAN_POINT('Ctrl Pts',(58.9731240312652,-12.2965164003523,500.));
#3698=CARTESIAN_POINT('Ctrl Pts',(59.0147730430847,-12.3058321692654,500.));
#3699=CARTESIAN_POINT('Ctrl Pts',(59.1003083876258,-12.3305723461643,500.));
#3700=CARTESIAN_POINT('Ctrl Pts',(59.2353237972086,-12.3860086882955,500.));
#3701=CARTESIAN_POINT('Ctrl Pts',(59.4288202468988,-12.4967241591427,500.));
#3702=CARTESIAN_POINT('Ctrl Pts',(59.6916365572346,-12.6965199424297,500.));
#3703=CARTESIAN_POINT('Ctrl Pts',(59.9701985571159,-12.956338897468,500.));
#3704=CARTESIAN_POINT('Ctrl Pts',(60.2537242399212,-13.2722402722828,500.));
#3705=CARTESIAN_POINT('Ctrl Pts',(60.5233537289587,-13.6362969116748,500.));
#3706=CARTESIAN_POINT('Ctrl Pts',(60.7556959958179,-14.0378227708196,500.));
#3707=CARTESIAN_POINT('Ctrl Pts',(60.9268875946877,-14.4647967782013,500.));
#3708=CARTESIAN_POINT('Ctrl Pts',(61.0166389069273,-14.9051824517759,500.));
#3709=CARTESIAN_POINT('Ctrl Pts',(61.0120166176579,-15.3481686699232,500.));
#3710=CARTESIAN_POINT('Ctrl Pts',(60.9124894879975,-15.7856566364696,500.));
#3711=CARTESIAN_POINT('Ctrl Pts',(60.7276518530158,-16.2120680547848,500.));
#3712=CARTESIAN_POINT('Ctrl Pts',(60.4732634440671,-16.6237484096897,500.));
#3713=CARTESIAN_POINT('Ctrl Pts',(60.167959510488,-17.0185464270212,500.));
#3714=CARTESIAN_POINT('Ctrl Pts',(59.8300756889014,-17.3953748120649,500.));
#3715=CARTESIAN_POINT('Ctrl Pts',(59.4738887444921,-17.7537880927731,500.));
#3716=CARTESIAN_POINT('Ctrl Pts',(59.1085479651922,-18.0937056385704,500.));
#3717=CARTESIAN_POINT('Ctrl Pts',(58.7396062060373,-18.415286716549,500.));
#3718=CARTESIAN_POINT('Ctrl Pts',(58.4437468913882,-18.6580857083985,500.));
#3719=CARTESIAN_POINT('Ctrl Pts',(58.2218684024123,-18.8321536134944,500.));
#3720=CARTESIAN_POINT('Ctrl Pts',(58.0739556396413,-18.9446438914212,500.));
#3721=CARTESIAN_POINT('Ctrl Pts',(58.0000008642673,-19.0000002831221,500.));
#3722=CARTESIAN_POINT('',(58.9731240312652,-12.2965164003523,0.));
#3723=CARTESIAN_POINT('Origin',(50.000001296401,-12.2965164003523,0.));
#3724=CARTESIAN_POINT('',(50.000001296401,-12.2965164003523,500.));
#3725=CARTESIAN_POINT('',(50.000001296401,-12.2965164003523,500.));
#3726=CARTESIAN_POINT('',(50.000001296401,-12.2965164003523,0.));
#3727=CARTESIAN_POINT('Origin',(50.000001296401,0.,0.));
#3728=CARTESIAN_POINT('Origin',(50.000001296401,0.,500.));
#3729=CARTESIAN_POINT('Ctrl Pts',(58.0000008642673,19.0000002831221,0.));
#3730=CARTESIAN_POINT('Ctrl Pts',(58.0000008642673,19.0000002831221,500.));
#3731=CARTESIAN_POINT('Ctrl Pts',(58.0739556396413,18.9446438914212,0.));
#3732=CARTESIAN_POINT('Ctrl Pts',(58.0739556396413,18.9446438914212,500.));
#3733=CARTESIAN_POINT('Ctrl Pts',(58.2218684024123,18.8321536134944,0.));
#3734=CARTESIAN_POINT('Ctrl Pts',(58.2218684024123,18.8321536134944,500.));
#3735=CARTESIAN_POINT('Ctrl Pts',(58.4437468913882,18.6580857083985,0.));
#3736=CARTESIAN_POINT('Ctrl Pts',(58.4437468913882,18.6580857083985,500.));
#3737=CARTESIAN_POINT('Ctrl Pts',(58.7396062060373,18.415286716549,0.));
#3738=CARTESIAN_POINT('Ctrl Pts',(58.7396062060373,18.415286716549,500.));
#3739=CARTESIAN_POINT('Ctrl Pts',(59.1085479651922,18.0937056385704,0.));
#3740=CARTESIAN_POINT('Ctrl Pts',(59.1085479651922,18.0937056385704,500.));
#3741=CARTESIAN_POINT('Ctrl Pts',(59.4738887444921,17.7537880927731,0.));
#3742=CARTESIAN_POINT('Ctrl Pts',(59.4738887444921,17.7537880927731,500.));
#3743=CARTESIAN_POINT('Ctrl Pts',(59.8300756889014,17.3953748120649,0.));
#3744=CARTESIAN_POINT('Ctrl Pts',(59.8300756889014,17.3953748120649,500.));
#3745=CARTESIAN_POINT('Ctrl Pts',(60.167959510488,17.0185464270212,0.));
#3746=CARTESIAN_POINT('Ctrl Pts',(60.167959510488,17.0185464270212,500.));
#3747=CARTESIAN_POINT('Ctrl Pts',(60.4732634440671,16.6237484096897,0.));
#3748=CARTESIAN_POINT('Ctrl Pts',(60.4732634440671,16.6237484096897,500.));
#3749=CARTESIAN_POINT('Ctrl Pts',(60.7276518530158,16.2120680547848,0.));
#3750=CARTESIAN_POINT('Ctrl Pts',(60.7276518530158,16.2120680547848,500.));
#3751=CARTESIAN_POINT('Ctrl Pts',(60.9124894879975,15.7856566364696,0.));
#3752=CARTESIAN_POINT('Ctrl Pts',(60.9124894879975,15.7856566364696,500.));
#3753=CARTESIAN_POINT('Ctrl Pts',(61.0120166176579,15.3481686699232,0.));
#3754=CARTESIAN_POINT('Ctrl Pts',(61.0120166176579,15.3481686699232,500.));
#3755=CARTESIAN_POINT('Ctrl Pts',(61.0166389069273,14.9051824517759,0.));
#3756=CARTESIAN_POINT('Ctrl Pts',(61.0166389069273,14.9051824517759,500.));
#3757=CARTESIAN_POINT('Ctrl Pts',(60.9268875946877,14.4647967782013,0.));
#3758=CARTESIAN_POINT('Ctrl Pts',(60.9268875946877,14.4647967782013,500.));
#3759=CARTESIAN_POINT('Ctrl Pts',(60.7556959958179,14.0378227708196,0.));
#3760=CARTESIAN_POINT('Ctrl Pts',(60.7556959958179,14.0378227708196,500.));
#3761=CARTESIAN_POINT('Ctrl Pts',(60.5233537289587,13.6362969116748,0.));
#3762=CARTESIAN_POINT('Ctrl Pts',(60.5233537289587,13.6362969116748,500.));
#3763=CARTESIAN_POINT('Ctrl Pts',(60.2537242399212,13.2722402722828,0.));
#3764=CARTESIAN_POINT('Ctrl Pts',(60.2537242399212,13.2722402722828,500.));
#3765=CARTESIAN_POINT('Ctrl Pts',(59.9701985571159,12.956338897468,0.));
#3766=CARTESIAN_POINT('Ctrl Pts',(59.9701985571159,12.956338897468,500.));
#3767=CARTESIAN_POINT('Ctrl Pts',(59.6916365572346,12.6965199424297,0.));
#3768=CARTESIAN_POINT('Ctrl Pts',(59.6916365572346,12.6965199424297,500.));
#3769=CARTESIAN_POINT('Ctrl Pts',(59.4288202468988,12.4967241591427,0.));
#3770=CARTESIAN_POINT('Ctrl Pts',(59.4288202468988,12.4967241591427,500.));
#3771=CARTESIAN_POINT('Ctrl Pts',(59.2353237972086,12.3860086882955,0.));
#3772=CARTESIAN_POINT('Ctrl Pts',(59.2353237972086,12.3860086882955,500.));
#3773=CARTESIAN_POINT('Ctrl Pts',(59.1003083876258,12.3305723461643,0.));
#3774=CARTESIAN_POINT('Ctrl Pts',(59.1003083876258,12.3305723461643,500.));
#3775=CARTESIAN_POINT('Ctrl Pts',(59.0147730430847,12.3058321692654,0.));
#3776=CARTESIAN_POINT('Ctrl Pts',(59.0147730430847,12.3058321692654,500.));
#3777=CARTESIAN_POINT('Ctrl Pts',(58.9731240312652,12.2965164003523,0.));
#3778=CARTESIAN_POINT('Ctrl Pts',(58.9731240312652,12.2965164003523,500.));
#3779=CARTESIAN_POINT('Ctrl Pts',(58.0000008642673,19.0000002831221,500.));
#3780=CARTESIAN_POINT('Ctrl Pts',(58.0739556396413,18.9446438914212,500.));
#3781=CARTESIAN_POINT('Ctrl Pts',(58.2218684024123,18.8321536134944,500.));
#3782=CARTESIAN_POINT('Ctrl Pts',(58.4437468913882,18.6580857083985,500.));
#3783=CARTESIAN_POINT('Ctrl Pts',(58.7396062060373,18.415286716549,500.));
#3784=CARTESIAN_POINT('Ctrl Pts',(59.1085479651922,18.0937056385704,500.));
#3785=CARTESIAN_POINT('Ctrl Pts',(59.4738887444921,17.7537880927731,500.));
#3786=CARTESIAN_POINT('Ctrl Pts',(59.8300756889014,17.3953748120649,500.));
#3787=CARTESIAN_POINT('Ctrl Pts',(60.167959510488,17.0185464270212,500.));
#3788=CARTESIAN_POINT('Ctrl Pts',(60.4732634440671,16.6237484096897,500.));
#3789=CARTESIAN_POINT('Ctrl Pts',(60.7276518530158,16.2120680547848,500.));
#3790=CARTESIAN_POINT('Ctrl Pts',(60.9124894879975,15.7856566364696,500.));
#3791=CARTESIAN_POINT('Ctrl Pts',(61.0120166176579,15.3481686699232,500.));
#3792=CARTESIAN_POINT('Ctrl Pts',(61.0166389069273,14.9051824517759,500.));
#3793=CARTESIAN_POINT('Ctrl Pts',(60.9268875946877,14.4647967782013,500.));
#3794=CARTESIAN_POINT('Ctrl Pts',(60.7556959958179,14.0378227708196,500.));
#3795=CARTESIAN_POINT('Ctrl Pts',(60.5233537289587,13.6362969116748,500.));
#3796=CARTESIAN_POINT('Ctrl Pts',(60.2537242399212,13.2722402722828,500.));
#3797=CARTESIAN_POINT('Ctrl Pts',(59.9701985571159,12.956338897468,500.));
#3798=CARTESIAN_POINT('Ctrl Pts',(59.6916365572346,12.6965199424297,500.));
#3799=CARTESIAN_POINT('Ctrl Pts',(59.4288202468988,12.4967241591427,500.));
#3800=CARTESIAN_POINT('Ctrl Pts',(59.2353237972086,12.3860086882955,500.));
#3801=CARTESIAN_POINT('Ctrl Pts',(59.1003083876258,12.3305723461643,500.));
#3802=CARTESIAN_POINT('Ctrl Pts',(59.0147730430847,12.3058321692654,500.));
#3803=CARTESIAN_POINT('Ctrl Pts',(58.9731240312652,12.2965164003523,500.));
#3804=CARTESIAN_POINT('Origin',(-10.0000001490116,41.999104130182,0.));
#3805=CARTESIAN_POINT('',(-10.0000001490116,41.999104130182,0.));
#3806=CARTESIAN_POINT('',(-10.0000001490116,41.999104130182,500.));
#3807=CARTESIAN_POINT('Origin',(-55.4996705499882,-7.8348701142848,0.));
#3808=CARTESIAN_POINT('',(-55.4996705499882,7.8348701142848,500.));
#3809=CARTESIAN_POINT('Origin',(53.4956274624135,10.0000001490116,0.));
#3810=CARTESIAN_POINT('',(59.9878949308483,10.0000001490116,500.));
#3811=CARTESIAN_POINT('',(59.9878949308483,10.0000001490116,0.));
#3812=CARTESIAN_POINT('',(53.4956274624135,10.0000001490116,500.));
#3813=CARTESIAN_POINT('',(60.0000008940697,10.0000001490116,500.));
#3814=CARTESIAN_POINT('',(53.4956274624135,10.0000001490116,0.));
#3815=CARTESIAN_POINT('Origin',(53.4956274624135,4.00000005960464,0.));
#3816=CARTESIAN_POINT('',(53.4956274624135,4.00000005960464,500.));
#3817=CARTESIAN_POINT('',(53.4956274624135,10.0000001490116,500.));
#3818=CARTESIAN_POINT('',(53.4956274624135,4.00000005960464,0.));
#3819=CARTESIAN_POINT('Origin',(51.7306259932751,4.27068035700667,0.));
#3820=CARTESIAN_POINT('Origin',(51.7306259932751,4.27068035700667,500.));
#3821=CARTESIAN_POINT('Ctrl Pts',(47.6134422463991,10.0000001490116,0.));
#3822=CARTESIAN_POINT('Ctrl Pts',(40.0000005960464,7.64602610980888,0.));
#3823=CARTESIAN_POINT('Ctrl Pts',(40.0000005960464,0.,0.));
#3824=CARTESIAN_POINT('Ctrl Pts',(40.0000005960464,-7.64602610980887,0.));
#3825=CARTESIAN_POINT('Ctrl Pts',(47.6134422463991,-10.0000001490116,0.));
#3826=CARTESIAN_POINT('Ctrl Pts',(47.6134422463991,10.0000001490116,500.));
#3827=CARTESIAN_POINT('Ctrl Pts',(40.0000005960464,7.64602610980888,500.));
#3828=CARTESIAN_POINT('Ctrl Pts',(40.0000005960464,0.,500.));
#3829=CARTESIAN_POINT('Ctrl Pts',(40.0000005960464,-7.64602610980887,500.));
#3830=CARTESIAN_POINT('Ctrl Pts',(47.6134422463991,-10.0000001490116,500.));
#3831=CARTESIAN_POINT('',(47.6134422463991,-10.0000001490116,500.));
#3832=CARTESIAN_POINT('Origin',(51.0000007599592,0.,500.));
#3833=CARTESIAN_POINT('',(47.6134422463991,-10.0000001490116,0.));
#3834=CARTESIAN_POINT('Origin',(51.0000007599592,-10.0000001490116,0.));
#3835=CARTESIAN_POINT('',(51.0000007599592,-10.0000001490116,500.));
#3836=CARTESIAN_POINT('',(51.0000007599592,-10.0000001490116,500.));
#3837=CARTESIAN_POINT('',(51.0000007599592,-10.0000001490116,0.));
#3838=CARTESIAN_POINT('Origin',(51.0000007599592,-5.90000069932878,0.));
#3839=CARTESIAN_POINT('',(51.0000007599592,-5.90000069932878,500.));
#3840=CARTESIAN_POINT('',(51.0000007599592,-10.0000001490116,500.));
#3841=CARTESIAN_POINT('',(51.0000007599592,-5.90000069932878,0.));
#3842=CARTESIAN_POINT('Origin',(51.7306259932751,-4.27068035700667,0.));
#3843=CARTESIAN_POINT('',(53.4956274624135,-4.00000005960465,500.));
#3844=CARTESIAN_POINT('Origin',(51.7306259932751,-4.27068035700667,500.));
#3845=CARTESIAN_POINT('',(53.4956274624135,-4.00000005960465,0.));
#3846=CARTESIAN_POINT('Origin',(53.4956274624135,-10.0000001490116,0.));
#3847=CARTESIAN_POINT('',(53.4956274624135,-10.0000001490116,500.));
#3848=CARTESIAN_POINT('',(53.4956274624135,-10.0000001490116,500.));
#3849=CARTESIAN_POINT('',(53.4956274624135,-10.0000001490116,0.));
#3850=CARTESIAN_POINT('Origin',(59.9878949308483,-10.0000001490116,0.));
#3851=CARTESIAN_POINT('',(59.9878949308483,-10.0000001490116,500.));
#3852=CARTESIAN_POINT('',(60.0000008940697,-10.0000001490116,500.));
#3853=CARTESIAN_POINT('',(59.9878949308483,-10.0000001490116,0.));
#3854=CARTESIAN_POINT('Origin',(63.7890713504607,-13.8057840460601,0.));
#3855=CARTESIAN_POINT('',(59.9878949308483,-10.0000001490116,500.));
#3856=CARTESIAN_POINT('Ctrl Pts',(0.,-44.5726960423861,0.));
#3857=CARTESIAN_POINT('Ctrl Pts',(0.,-44.5726960423861,500.));
#3858=CARTESIAN_POINT('Ctrl Pts',(0.314157146033834,-44.5722583559365,0.));
#3859=CARTESIAN_POINT('Ctrl Pts',(0.314157146033834,-44.5722583559365,500.));
#3860=CARTESIAN_POINT('Ctrl Pts',(0.92077001628037,-44.5715409638851,0.));
#3861=CARTESIAN_POINT('Ctrl Pts',(0.92077001628037,-44.5715409638851,500.));
#3862=CARTESIAN_POINT('Ctrl Pts',(1.76558220385433,-44.5709393464898,0.));
#3863=CARTESIAN_POINT('Ctrl Pts',(1.76558220385433,-44.5709393464898,500.));
#3864=CARTESIAN_POINT('Ctrl Pts',(2.76243596746767,-44.5711490510711,0.));
#3865=CARTESIAN_POINT('Ctrl Pts',(2.76243596746767,-44.5711490510711,500.));
#3866=CARTESIAN_POINT('Ctrl Pts',(3.80134603421475,-44.5728619730244,0.));
#3867=CARTESIAN_POINT('Ctrl Pts',(3.80134603421475,-44.5728619730244,500.));
#3868=CARTESIAN_POINT('Ctrl Pts',(4.65371300006147,-44.574556409483,0.));
#3869=CARTESIAN_POINT('Ctrl Pts',(4.65371300006147,-44.574556409483,500.));
#3870=CARTESIAN_POINT('Ctrl Pts',(5.35540492445161,-44.5729286987778,0.));
#3871=CARTESIAN_POINT('Ctrl Pts',(5.35540492445161,-44.5729286987778,500.));
#3872=CARTESIAN_POINT('Ctrl Pts',(5.96420829110018,-44.5616619362934,0.));
#3873=CARTESIAN_POINT('Ctrl Pts',(5.96420829110018,-44.5616619362934,500.));
#3874=CARTESIAN_POINT('Ctrl Pts',(6.55619719465448,-44.5321033153934,0.));
#3875=CARTESIAN_POINT('Ctrl Pts',(6.55619719465448,-44.5321033153934,500.));
#3876=CARTESIAN_POINT('Ctrl Pts',(7.20940081155172,-44.4760626171319,0.));
#3877=CARTESIAN_POINT('Ctrl Pts',(7.20940081155172,-44.4760626171319,500.));
#3878=CARTESIAN_POINT('Ctrl Pts',(7.98871380007502,-44.3886752133471,0.));
#3879=CARTESIAN_POINT('Ctrl Pts',(7.98871380007502,-44.3886752133471,500.));
#3880=CARTESIAN_POINT('Ctrl Pts',(8.93640305540664,-44.2690885048805,0.));
#3881=CARTESIAN_POINT('Ctrl Pts',(8.93640305540664,-44.2690885048805,500.));
#3882=CARTESIAN_POINT('Ctrl Pts',(10.0656435997727,-44.118182131748,0.));
#3883=CARTESIAN_POINT('Ctrl Pts',(10.0656435997727,-44.118182131748,500.));
#3884=CARTESIAN_POINT('Ctrl Pts',(11.3596739950725,-43.937648108255,0.));
#3885=CARTESIAN_POINT('Ctrl Pts',(11.3596739950725,-43.937648108255,500.));
#3886=CARTESIAN_POINT('Ctrl Pts',(12.7523958798527,-43.7272846855776,0.));
#3887=CARTESIAN_POINT('Ctrl Pts',(12.7523958798527,-43.7272846855776,500.));
#3888=CARTESIAN_POINT('Ctrl Pts',(14.1909361072779,-43.4888079833824,0.));
#3889=CARTESIAN_POINT('Ctrl Pts',(14.1909361072779,-43.4888079833824,500.));
#3890=CARTESIAN_POINT('Ctrl Pts',(15.6373205941123,-43.2251184058716,0.));
#3891=CARTESIAN_POINT('Ctrl Pts',(15.6373205941123,-43.2251184058716,500.));
#3892=CARTESIAN_POINT('Ctrl Pts',(17.0653569570382,-42.9392252827101,0.));
#3893=CARTESIAN_POINT('Ctrl Pts',(17.0653569570382,-42.9392252827101,500.));
#3894=CARTESIAN_POINT('Ctrl Pts',(18.4601758634567,-42.6333157909092,0.));
#3895=CARTESIAN_POINT('Ctrl Pts',(18.4601758634567,-42.6333157909092,500.));
#3896=CARTESIAN_POINT('Ctrl Pts',(19.8166349854699,-42.3078714363648,0.));
#3897=CARTESIAN_POINT('Ctrl Pts',(19.8166349854699,-42.3078714363648,500.));
#3898=CARTESIAN_POINT('Ctrl Pts',(21.1384566481233,-41.9604808401517,0.));
#3899=CARTESIAN_POINT('Ctrl Pts',(21.1384566481233,-41.9604808401517,500.));
#3900=CARTESIAN_POINT('Ctrl Pts',(22.4364062206795,-41.5860347096335,0.));
#3901=CARTESIAN_POINT('Ctrl Pts',(22.4364062206795,-41.5860347096335,500.));
#3902=CARTESIAN_POINT('Ctrl Pts',(23.7260764656719,-41.1778436862897,0.));
#3903=CARTESIAN_POINT('Ctrl Pts',(23.7260764656719,-41.1778436862897,500.));
#3904=CARTESIAN_POINT('Ctrl Pts',(25.0258182319722,-40.7284729810135,0.));
#3905=CARTESIAN_POINT('Ctrl Pts',(25.0258182319722,-40.7284729810135,500.));
#3906=CARTESIAN_POINT('Ctrl Pts',(26.3546449556995,-40.2306906532102,0.));
#3907=CARTESIAN_POINT('Ctrl Pts',(26.3546449556995,-40.2306906532102,500.));
#3908=CARTESIAN_POINT('Ctrl Pts',(27.7301453611117,-39.678381580236,0.));
#3909=CARTESIAN_POINT('Ctrl Pts',(27.7301453611117,-39.678381580236,500.));
#3910=CARTESIAN_POINT('Ctrl Pts',(29.1664146669468,-39.0674748964015,0.));
#3911=CARTESIAN_POINT('Ctrl Pts',(29.1664146669468,-39.0674748964015,500.));
#3912=CARTESIAN_POINT('Ctrl Pts',(30.6744768226527,-38.3955240570432,0.));
#3913=CARTESIAN_POINT('Ctrl Pts',(30.6744768226527,-38.3955240570432,500.));
#3914=CARTESIAN_POINT('Ctrl Pts',(32.2626407236833,-37.6613294239913,0.));
#3915=CARTESIAN_POINT('Ctrl Pts',(32.2626407236833,-37.6613294239913,500.));
#3916=CARTESIAN_POINT('Ctrl Pts',(33.9368457167065,-36.8645675680015,0.));
#3917=CARTESIAN_POINT('Ctrl Pts',(33.9368457167065,-36.8645675680015,500.));
#3918=CARTESIAN_POINT('Ctrl Pts',(35.3481495513116,-36.1772646733531,0.));
#3919=CARTESIAN_POINT('Ctrl Pts',(35.3481495513116,-36.1772646733531,500.));
#3920=CARTESIAN_POINT('Ctrl Pts',(36.4480477956949,-35.6338946915633,0.));
#3921=CARTESIAN_POINT('Ctrl Pts',(36.4480477956949,-35.6338946915633,500.));
#3922=CARTESIAN_POINT('Ctrl Pts',(37.1998056379817,-35.2592825523832,0.));
#3923=CARTESIAN_POINT('Ctrl Pts',(37.1998056379817,-35.2592825523832,500.));
#3924=CARTESIAN_POINT('Ctrl Pts',(37.5803076493296,-35.0688851102798,0.));
#3925=CARTESIAN_POINT('Ctrl Pts',(37.5803076493296,-35.0688851102798,500.));
#3926=CARTESIAN_POINT('',(0.,-44.5726960423861,500.));
#3927=CARTESIAN_POINT('Ctrl Pts',(0.,-44.5726960423861,500.));
#3928=CARTESIAN_POINT('Ctrl Pts',(0.314157146033834,-44.5722583559365,500.));
#3929=CARTESIAN_POINT('Ctrl Pts',(0.92077001628037,-44.5715409638851,500.));
#3930=CARTESIAN_POINT('Ctrl Pts',(1.76558220385433,-44.5709393464898,500.));
#3931=CARTESIAN_POINT('Ctrl Pts',(2.76243596746767,-44.5711490510711,500.));
#3932=CARTESIAN_POINT('Ctrl Pts',(3.80134603421475,-44.5728619730244,500.));
#3933=CARTESIAN_POINT('Ctrl Pts',(4.65371300006147,-44.574556409483,500.));
#3934=CARTESIAN_POINT('Ctrl Pts',(5.35540492445161,-44.5729286987778,500.));
#3935=CARTESIAN_POINT('Ctrl Pts',(5.96420829110018,-44.5616619362934,500.));
#3936=CARTESIAN_POINT('Ctrl Pts',(6.55619719465448,-44.5321033153934,500.));
#3937=CARTESIAN_POINT('Ctrl Pts',(7.20940081155172,-44.4760626171319,500.));
#3938=CARTESIAN_POINT('Ctrl Pts',(7.98871380007502,-44.3886752133471,500.));
#3939=CARTESIAN_POINT('Ctrl Pts',(8.93640305540664,-44.2690885048805,500.));
#3940=CARTESIAN_POINT('Ctrl Pts',(10.0656435997727,-44.118182131748,500.));
#3941=CARTESIAN_POINT('Ctrl Pts',(11.3596739950725,-43.937648108255,500.));
#3942=CARTESIAN_POINT('Ctrl Pts',(12.7523958798527,-43.7272846855776,500.));
#3943=CARTESIAN_POINT('Ctrl Pts',(14.1909361072779,-43.4888079833824,500.));
#3944=CARTESIAN_POINT('Ctrl Pts',(15.6373205941123,-43.2251184058716,500.));
#3945=CARTESIAN_POINT('Ctrl Pts',(17.0653569570382,-42.9392252827101,500.));
#3946=CARTESIAN_POINT('Ctrl Pts',(18.4601758634567,-42.6333157909092,500.));
#3947=CARTESIAN_POINT('Ctrl Pts',(19.8166349854699,-42.3078714363648,500.));
#3948=CARTESIAN_POINT('Ctrl Pts',(21.1384566481233,-41.9604808401517,500.));
#3949=CARTESIAN_POINT('Ctrl Pts',(22.4364062206795,-41.5860347096335,500.));
#3950=CARTESIAN_POINT('Ctrl Pts',(23.7260764656719,-41.1778436862897,500.));
#3951=CARTESIAN_POINT('Ctrl Pts',(25.0258182319722,-40.7284729810135,500.));
#3952=CARTESIAN_POINT('Ctrl Pts',(26.3546449556995,-40.2306906532102,500.));
#3953=CARTESIAN_POINT('Ctrl Pts',(27.7301453611117,-39.678381580236,500.));
#3954=CARTESIAN_POINT('Ctrl Pts',(29.1664146669468,-39.0674748964015,500.));
#3955=CARTESIAN_POINT('Ctrl Pts',(30.6744768226527,-38.3955240570432,500.));
#3956=CARTESIAN_POINT('Ctrl Pts',(32.2626407236833,-37.6613294239913,500.));
#3957=CARTESIAN_POINT('Ctrl Pts',(33.9368457167065,-36.8645675680015,500.));
#3958=CARTESIAN_POINT('Ctrl Pts',(35.3481495513116,-36.1772646733531,500.));
#3959=CARTESIAN_POINT('Ctrl Pts',(36.4480477956949,-35.6338946915633,500.));
#3960=CARTESIAN_POINT('Ctrl Pts',(37.1998056379817,-35.2592825523832,500.));
#3961=CARTESIAN_POINT('Ctrl Pts',(37.5803076493296,-35.0688851102798,500.));
#3962=CARTESIAN_POINT('',(0.,-44.5726960423861,0.));
#3963=CARTESIAN_POINT('Ctrl Pts',(-64.6999985538423,-2.49999994412065,0.));
#3964=CARTESIAN_POINT('Ctrl Pts',(-64.6999985538423,-2.49999994412065,500.));
#3965=CARTESIAN_POINT('Ctrl Pts',(-64.4634498417404,-3.58615565539947,0.));
#3966=CARTESIAN_POINT('Ctrl Pts',(-64.4634498417404,-3.58615565539947,500.));
#3967=CARTESIAN_POINT('Ctrl Pts',(-63.9534734476807,-5.70082779653917,0.));
#3968=CARTESIAN_POINT('Ctrl Pts',(-63.9534734476807,-5.70082779653917,500.));
#3969=CARTESIAN_POINT('Ctrl Pts',(-63.0778722915299,-8.69997156024247,0.));
#3970=CARTESIAN_POINT('Ctrl Pts',(-63.0778722915299,-8.69997156024247,500.));
#3971=CARTESIAN_POINT('Ctrl Pts',(-61.6879564320975,-12.3508353851201,0.));
#3972=CARTESIAN_POINT('Ctrl Pts',(-61.6879564320975,-12.3508353851201,500.));
#3973=CARTESIAN_POINT('Ctrl Pts',(-59.5736516324726,-16.3404399714003,0.));
#3974=CARTESIAN_POINT('Ctrl Pts',(-59.5736516324726,-16.3404399714003,500.));
#3975=CARTESIAN_POINT('Ctrl Pts',(-57.0758994085636,-19.7841518539381,0.));
#3976=CARTESIAN_POINT('Ctrl Pts',(-57.0758994085636,-19.7841518539381,500.));
#3977=CARTESIAN_POINT('Ctrl Pts',(-54.191003912959,-22.7680407584495,0.));
#3978=CARTESIAN_POINT('Ctrl Pts',(-54.191003912959,-22.7680407584495,500.));
#3979=CARTESIAN_POINT('Ctrl Pts',(-50.9215083904712,-25.4181439769883,0.));
#3980=CARTESIAN_POINT('Ctrl Pts',(-50.9215083904712,-25.4181439769883,500.));
#3981=CARTESIAN_POINT('Ctrl Pts',(-47.2803202803612,-28.0149171577818,0.));
#3982=CARTESIAN_POINT('Ctrl Pts',(-47.2803202803612,-28.0149171577818,500.));
#3983=CARTESIAN_POINT('Ctrl Pts',(-43.2944060385564,-30.6876719896576,0.));
#3984=CARTESIAN_POINT('Ctrl Pts',(-43.2944060385564,-30.6876719896576,500.));
#3985=CARTESIAN_POINT('Ctrl Pts',(-39.0094163351361,-33.3825190053899,0.));
#3986=CARTESIAN_POINT('Ctrl Pts',(-39.0094163351361,-33.3825190053899,500.));
#3987=CARTESIAN_POINT('Ctrl Pts',(-34.4915752759189,-35.9658168695694,0.));
#3988=CARTESIAN_POINT('Ctrl Pts',(-34.4915752759189,-35.9658168695694,500.));
#3989=CARTESIAN_POINT('Ctrl Pts',(-29.8378278791788,-38.2786472307807,0.));
#3990=CARTESIAN_POINT('Ctrl Pts',(-29.8378278791788,-38.2786472307807,500.));
#3991=CARTESIAN_POINT('Ctrl Pts',(-25.1683686079463,-40.1901911335144,0.));
#3992=CARTESIAN_POINT('Ctrl Pts',(-25.1683686079463,-40.1901911335144,500.));
#3993=CARTESIAN_POINT('Ctrl Pts',(-20.6621476707501,-41.7023561287517,0.));
#3994=CARTESIAN_POINT('Ctrl Pts',(-20.6621476707501,-41.7023561287517,500.));
#3995=CARTESIAN_POINT('Ctrl Pts',(-16.485968895721,-42.9062530105928,0.));
#3996=CARTESIAN_POINT('Ctrl Pts',(-16.485968895721,-42.9062530105928,500.));
#3997=CARTESIAN_POINT('Ctrl Pts',(-12.6840453279455,-43.7940444998196,0.));
#3998=CARTESIAN_POINT('Ctrl Pts',(-12.6840453279455,-43.7940444998196,500.));
#3999=CARTESIAN_POINT('Ctrl Pts',(-9.26460590576961,-44.3622729043064,0.));
#4000=CARTESIAN_POINT('Ctrl Pts',(-9.26460590576961,-44.3622729043064,500.));
#4001=CARTESIAN_POINT('Ctrl Pts',(-6.21999057029847,-44.618552028897,0.));
#4002=CARTESIAN_POINT('Ctrl Pts',(-6.21999057029847,-44.618552028897,500.));
#4003=CARTESIAN_POINT('Ctrl Pts',(-3.57079799619608,-44.6254140178627,0.));
#4004=CARTESIAN_POINT('Ctrl Pts',(-3.57079799619608,-44.6254140178627,500.));
#4005=CARTESIAN_POINT('Ctrl Pts',(-1.84018887191547,-44.5566307940335,0.));
#4006=CARTESIAN_POINT('Ctrl Pts',(-1.84018887191547,-44.5566307940335,500.));
#4007=CARTESIAN_POINT('Ctrl Pts',(-0.809517341894584,-44.540606646545,0.));
#4008=CARTESIAN_POINT('Ctrl Pts',(-0.809517341894584,-44.540606646545,500.));
#4009=CARTESIAN_POINT('Ctrl Pts',(-0.248773873456931,-44.5574135166026,
0.));
#4010=CARTESIAN_POINT('Ctrl Pts',(-0.248773873456931,-44.5574135166026,
500.));
#4011=CARTESIAN_POINT('Ctrl Pts',(0.,-44.5726960423861,0.));
#4012=CARTESIAN_POINT('Ctrl Pts',(0.,-44.5726960423861,500.));
#4013=CARTESIAN_POINT('Ctrl Pts',(-64.6999985538423,-2.49999994412065,500.));
#4014=CARTESIAN_POINT('Ctrl Pts',(-64.4634498417404,-3.58615565539947,500.));
#4015=CARTESIAN_POINT('Ctrl Pts',(-63.9534734476807,-5.70082779653917,500.));
#4016=CARTESIAN_POINT('Ctrl Pts',(-63.0778722915299,-8.69997156024247,500.));
#4017=CARTESIAN_POINT('Ctrl Pts',(-61.6879564320975,-12.3508353851201,500.));
#4018=CARTESIAN_POINT('Ctrl Pts',(-59.5736516324726,-16.3404399714003,500.));
#4019=CARTESIAN_POINT('Ctrl Pts',(-57.0758994085636,-19.7841518539381,500.));
#4020=CARTESIAN_POINT('Ctrl Pts',(-54.191003912959,-22.7680407584495,500.));
#4021=CARTESIAN_POINT('Ctrl Pts',(-50.9215083904712,-25.4181439769883,500.));
#4022=CARTESIAN_POINT('Ctrl Pts',(-47.2803202803612,-28.0149171577818,500.));
#4023=CARTESIAN_POINT('Ctrl Pts',(-43.2944060385564,-30.6876719896576,500.));
#4024=CARTESIAN_POINT('Ctrl Pts',(-39.0094163351361,-33.3825190053899,500.));
#4025=CARTESIAN_POINT('Ctrl Pts',(-34.4915752759189,-35.9658168695694,500.));
#4026=CARTESIAN_POINT('Ctrl Pts',(-29.8378278791788,-38.2786472307807,500.));
#4027=CARTESIAN_POINT('Ctrl Pts',(-25.1683686079463,-40.1901911335144,500.));
#4028=CARTESIAN_POINT('Ctrl Pts',(-20.6621476707501,-41.7023561287517,500.));
#4029=CARTESIAN_POINT('Ctrl Pts',(-16.485968895721,-42.9062530105928,500.));
#4030=CARTESIAN_POINT('Ctrl Pts',(-12.6840453279455,-43.7940444998196,500.));
#4031=CARTESIAN_POINT('Ctrl Pts',(-9.26460590576961,-44.3622729043064,500.));
#4032=CARTESIAN_POINT('Ctrl Pts',(-6.21999057029847,-44.618552028897,500.));
#4033=CARTESIAN_POINT('Ctrl Pts',(-3.57079799619608,-44.6254140178627,500.));
#4034=CARTESIAN_POINT('Ctrl Pts',(-1.84018887191547,-44.5566307940335,500.));
#4035=CARTESIAN_POINT('Ctrl Pts',(-0.809517341894584,-44.540606646545,500.));
#4036=CARTESIAN_POINT('Ctrl Pts',(-0.248773873456931,-44.5574135166026,
500.));
#4037=CARTESIAN_POINT('Ctrl Pts',(0.,-44.5726960423861,500.));
#4038=CARTESIAN_POINT('Origin',(-57.4999987147749,6.00000008940697,0.));
#4039=CARTESIAN_POINT('',(-57.4999987147749,6.00000008940697,500.));
#4040=CARTESIAN_POINT('',(-57.4999987147749,6.00000008940697,500.));
#4041=CARTESIAN_POINT('',(-57.4999987147749,6.00000008940697,0.));
#4042=CARTESIAN_POINT('Origin',(-61.0000009089708,6.00000008940697,0.));
#4043=CARTESIAN_POINT('',(-61.0000009089708,6.00000008940697,500.));
#4044=CARTESIAN_POINT('',(-61.0000009089708,6.00000008940697,500.));
#4045=CARTESIAN_POINT('',(-61.0000009089708,6.00000008940697,0.));
#4046=CARTESIAN_POINT('Origin',(-61.0000009089708,3.52896107113442,0.));
#4047=CARTESIAN_POINT('',(-61.0000009089708,3.52896107113442,500.));
#4048=CARTESIAN_POINT('',(-61.0000009089708,6.00000008940697,500.));
#4049=CARTESIAN_POINT('',(-61.0000009089708,3.52896107113442,0.));
#4050=CARTESIAN_POINT('Origin',(-62.5000009313226,2.49999994412065,0.));
#4051=CARTESIAN_POINT('',(-62.5000009313226,2.49999994412065,500.));
#4052=CARTESIAN_POINT('',(-61.0000009089708,3.52896107113442,500.));
#4053=CARTESIAN_POINT('',(-62.5000009313226,2.49999994412065,0.));
#4054=CARTESIAN_POINT('Origin',(-64.6999985538423,2.49999994412065,0.));
#4055=CARTESIAN_POINT('',(-64.6999985538423,2.49999994412065,500.));
#4056=CARTESIAN_POINT('Ctrl Pts',(37.5803076493296,35.0688851102798,0.));
#4057=CARTESIAN_POINT('Ctrl Pts',(37.5803076493296,35.0688851102798,500.));
#4058=CARTESIAN_POINT('Ctrl Pts',(37.1998056379817,35.2592825523832,0.));
#4059=CARTESIAN_POINT('Ctrl Pts',(37.1998056379817,35.2592825523832,500.));
#4060=CARTESIAN_POINT('Ctrl Pts',(36.4480477956949,35.6338946915633,0.));
#4061=CARTESIAN_POINT('Ctrl Pts',(36.4480477956949,35.6338946915633,500.));
#4062=CARTESIAN_POINT('Ctrl Pts',(35.3481495513116,36.1772646733531,0.));
#4063=CARTESIAN_POINT('Ctrl Pts',(35.3481495513116,36.1772646733531,500.));
#4064=CARTESIAN_POINT('Ctrl Pts',(33.9368457167065,36.8645675680015,0.));
#4065=CARTESIAN_POINT('Ctrl Pts',(33.9368457167065,36.8645675680015,500.));
#4066=CARTESIAN_POINT('Ctrl Pts',(32.2626407236833,37.6613294239913,0.));
#4067=CARTESIAN_POINT('Ctrl Pts',(32.2626407236833,37.6613294239913,500.));
#4068=CARTESIAN_POINT('Ctrl Pts',(30.6744768226526,38.3955240570432,0.));
#4069=CARTESIAN_POINT('Ctrl Pts',(30.6744768226526,38.3955240570432,500.));
#4070=CARTESIAN_POINT('Ctrl Pts',(29.1664146669468,39.0674748964015,0.));
#4071=CARTESIAN_POINT('Ctrl Pts',(29.1664146669468,39.0674748964015,500.));
#4072=CARTESIAN_POINT('Ctrl Pts',(27.7301453611117,39.678381580236,0.));
#4073=CARTESIAN_POINT('Ctrl Pts',(27.7301453611117,39.678381580236,500.));
#4074=CARTESIAN_POINT('Ctrl Pts',(26.3546449556995,40.2306906532102,0.));
#4075=CARTESIAN_POINT('Ctrl Pts',(26.3546449556995,40.2306906532102,500.));
#4076=CARTESIAN_POINT('Ctrl Pts',(25.0258182319722,40.7284729810135,0.));
#4077=CARTESIAN_POINT('Ctrl Pts',(25.0258182319722,40.7284729810135,500.));
#4078=CARTESIAN_POINT('Ctrl Pts',(23.7260764656719,41.1778436862897,0.));
#4079=CARTESIAN_POINT('Ctrl Pts',(23.7260764656719,41.1778436862897,500.));
#4080=CARTESIAN_POINT('Ctrl Pts',(22.4364062206796,41.5860347096335,0.));
#4081=CARTESIAN_POINT('Ctrl Pts',(22.4364062206796,41.5860347096335,500.));
#4082=CARTESIAN_POINT('Ctrl Pts',(21.1384566481234,41.9604808401517,0.));
#4083=CARTESIAN_POINT('Ctrl Pts',(21.1384566481234,41.9604808401517,500.));
#4084=CARTESIAN_POINT('Ctrl Pts',(19.8166349854699,42.3078714363648,0.));
#4085=CARTESIAN_POINT('Ctrl Pts',(19.8166349854699,42.3078714363648,500.));
#4086=CARTESIAN_POINT('Ctrl Pts',(18.4601758634566,42.6333157909092,0.));
#4087=CARTESIAN_POINT('Ctrl Pts',(18.4601758634566,42.6333157909092,500.));
#4088=CARTESIAN_POINT('Ctrl Pts',(17.0653569570382,42.9392252827101,0.));
#4089=CARTESIAN_POINT('Ctrl Pts',(17.0653569570382,42.9392252827101,500.));
#4090=CARTESIAN_POINT('Ctrl Pts',(15.6373205941123,43.2251184058716,0.));
#4091=CARTESIAN_POINT('Ctrl Pts',(15.6373205941123,43.2251184058716,500.));
#4092=CARTESIAN_POINT('Ctrl Pts',(14.1909361072779,43.4888079833824,0.));
#4093=CARTESIAN_POINT('Ctrl Pts',(14.1909361072779,43.4888079833824,500.));
#4094=CARTESIAN_POINT('Ctrl Pts',(12.7523958798527,43.7272846855776,0.));
#4095=CARTESIAN_POINT('Ctrl Pts',(12.7523958798527,43.7272846855776,500.));
#4096=CARTESIAN_POINT('Ctrl Pts',(11.3596739950725,43.937648108255,0.));
#4097=CARTESIAN_POINT('Ctrl Pts',(11.3596739950725,43.937648108255,500.));
#4098=CARTESIAN_POINT('Ctrl Pts',(10.0656435997727,44.118182131748,0.));
#4099=CARTESIAN_POINT('Ctrl Pts',(10.0656435997727,44.118182131748,500.));
#4100=CARTESIAN_POINT('Ctrl Pts',(8.93640305540664,44.2690885048805,0.));
#4101=CARTESIAN_POINT('Ctrl Pts',(8.93640305540664,44.2690885048805,500.));
#4102=CARTESIAN_POINT('Ctrl Pts',(7.98871380007502,44.3886752133471,0.));
#4103=CARTESIAN_POINT('Ctrl Pts',(7.98871380007502,44.3886752133471,500.));
#4104=CARTESIAN_POINT('Ctrl Pts',(7.20940081155172,44.4760626171319,0.));
#4105=CARTESIAN_POINT('Ctrl Pts',(7.20940081155172,44.4760626171319,500.));
#4106=CARTESIAN_POINT('Ctrl Pts',(6.55619719465448,44.5321033153934,0.));
#4107=CARTESIAN_POINT('Ctrl Pts',(6.55619719465448,44.5321033153934,500.));
#4108=CARTESIAN_POINT('Ctrl Pts',(5.96420829110018,44.5616619362934,0.));
#4109=CARTESIAN_POINT('Ctrl Pts',(5.96420829110018,44.5616619362934,500.));
#4110=CARTESIAN_POINT('Ctrl Pts',(5.35540492445161,44.5729286987778,0.));
#4111=CARTESIAN_POINT('Ctrl Pts',(5.35540492445161,44.5729286987778,500.));
#4112=CARTESIAN_POINT('Ctrl Pts',(4.65371300006147,44.574556409483,0.));
#4113=CARTESIAN_POINT('Ctrl Pts',(4.65371300006147,44.574556409483,500.));
#4114=CARTESIAN_POINT('Ctrl Pts',(3.80134603421475,44.5728619730244,0.));
#4115=CARTESIAN_POINT('Ctrl Pts',(3.80134603421475,44.5728619730244,500.));
#4116=CARTESIAN_POINT('Ctrl Pts',(2.76243596746767,44.5711490510711,0.));
#4117=CARTESIAN_POINT('Ctrl Pts',(2.76243596746767,44.5711490510711,500.));
#4118=CARTESIAN_POINT('Ctrl Pts',(1.76558220385433,44.5709393464898,0.));
#4119=CARTESIAN_POINT('Ctrl Pts',(1.76558220385433,44.5709393464898,500.));
#4120=CARTESIAN_POINT('Ctrl Pts',(0.92077001628037,44.5715409638851,0.));
#4121=CARTESIAN_POINT('Ctrl Pts',(0.92077001628037,44.5715409638851,500.));
#4122=CARTESIAN_POINT('Ctrl Pts',(0.314157146033834,44.5722583559365,0.));
#4123=CARTESIAN_POINT('Ctrl Pts',(0.314157146033834,44.5722583559365,500.));
#4124=CARTESIAN_POINT('Ctrl Pts',(0.,44.5726960423861,0.));
#4125=CARTESIAN_POINT('Ctrl Pts',(0.,44.5726960423861,500.));
#4126=CARTESIAN_POINT('Ctrl Pts',(0.,44.5726960423861,0.));
#4127=CARTESIAN_POINT('Ctrl Pts',(0.314157146033834,44.5722583559365,0.));
#4128=CARTESIAN_POINT('Ctrl Pts',(0.92077001628037,44.5715409638851,0.));
#4129=CARTESIAN_POINT('Ctrl Pts',(1.76558220385433,44.5709393464898,0.));
#4130=CARTESIAN_POINT('Ctrl Pts',(2.76243596746767,44.5711490510711,0.));
#4131=CARTESIAN_POINT('Ctrl Pts',(3.80134603421475,44.5728619730244,0.));
#4132=CARTESIAN_POINT('Ctrl Pts',(4.65371300006147,44.574556409483,0.));
#4133=CARTESIAN_POINT('Ctrl Pts',(5.35540492445161,44.5729286987778,0.));
#4134=CARTESIAN_POINT('Ctrl Pts',(5.96420829110018,44.5616619362934,0.));
#4135=CARTESIAN_POINT('Ctrl Pts',(6.55619719465448,44.5321033153934,0.));
#4136=CARTESIAN_POINT('Ctrl Pts',(7.20940081155172,44.4760626171319,0.));
#4137=CARTESIAN_POINT('Ctrl Pts',(7.98871380007502,44.3886752133471,0.));
#4138=CARTESIAN_POINT('Ctrl Pts',(8.93640305540664,44.2690885048805,0.));
#4139=CARTESIAN_POINT('Ctrl Pts',(10.0656435997727,44.118182131748,0.));
#4140=CARTESIAN_POINT('Ctrl Pts',(11.3596739950725,43.937648108255,0.));
#4141=CARTESIAN_POINT('Ctrl Pts',(12.7523958798527,43.7272846855776,0.));
#4142=CARTESIAN_POINT('Ctrl Pts',(14.1909361072779,43.4888079833824,0.));
#4143=CARTESIAN_POINT('Ctrl Pts',(15.6373205941123,43.2251184058716,0.));
#4144=CARTESIAN_POINT('Ctrl Pts',(17.0653569570382,42.9392252827101,0.));
#4145=CARTESIAN_POINT('Ctrl Pts',(18.4601758634566,42.6333157909092,0.));
#4146=CARTESIAN_POINT('Ctrl Pts',(19.8166349854699,42.3078714363648,0.));
#4147=CARTESIAN_POINT('Ctrl Pts',(21.1384566481234,41.9604808401517,0.));
#4148=CARTESIAN_POINT('Ctrl Pts',(22.4364062206796,41.5860347096335,0.));
#4149=CARTESIAN_POINT('Ctrl Pts',(23.7260764656719,41.1778436862897,0.));
#4150=CARTESIAN_POINT('Ctrl Pts',(25.0258182319722,40.7284729810135,0.));
#4151=CARTESIAN_POINT('Ctrl Pts',(26.3546449556995,40.2306906532102,0.));
#4152=CARTESIAN_POINT('Ctrl Pts',(27.7301453611117,39.678381580236,0.));
#4153=CARTESIAN_POINT('Ctrl Pts',(29.1664146669468,39.0674748964015,0.));
#4154=CARTESIAN_POINT('Ctrl Pts',(30.6744768226526,38.3955240570432,0.));
#4155=CARTESIAN_POINT('Ctrl Pts',(32.2626407236833,37.6613294239913,0.));
#4156=CARTESIAN_POINT('Ctrl Pts',(33.9368457167065,36.8645675680015,0.));
#4157=CARTESIAN_POINT('Ctrl Pts',(35.3481495513116,36.1772646733531,0.));
#4158=CARTESIAN_POINT('Ctrl Pts',(36.4480477956949,35.6338946915633,0.));
#4159=CARTESIAN_POINT('Ctrl Pts',(37.1998056379817,35.2592825523832,0.));
#4160=CARTESIAN_POINT('Ctrl Pts',(37.5803076493296,35.0688851102798,0.));
#4161=CARTESIAN_POINT('Ctrl Pts',(37.5803076493296,35.0688851102798,500.));
#4162=CARTESIAN_POINT('Ctrl Pts',(37.1998056379817,35.2592825523832,500.));
#4163=CARTESIAN_POINT('Ctrl Pts',(36.4480477956949,35.6338946915633,500.));
#4164=CARTESIAN_POINT('Ctrl Pts',(35.3481495513116,36.1772646733531,500.));
#4165=CARTESIAN_POINT('Ctrl Pts',(33.9368457167065,36.8645675680015,500.));
#4166=CARTESIAN_POINT('Ctrl Pts',(32.2626407236833,37.6613294239913,500.));
#4167=CARTESIAN_POINT('Ctrl Pts',(30.6744768226526,38.3955240570432,500.));
#4168=CARTESIAN_POINT('Ctrl Pts',(29.1664146669468,39.0674748964015,500.));
#4169=CARTESIAN_POINT('Ctrl Pts',(27.7301453611117,39.678381580236,500.));
#4170=CARTESIAN_POINT('Ctrl Pts',(26.3546449556995,40.2306906532102,500.));
#4171=CARTESIAN_POINT('Ctrl Pts',(25.0258182319722,40.7284729810135,500.));
#4172=CARTESIAN_POINT('Ctrl Pts',(23.7260764656719,41.1778436862897,500.));
#4173=CARTESIAN_POINT('Ctrl Pts',(22.4364062206796,41.5860347096335,500.));
#4174=CARTESIAN_POINT('Ctrl Pts',(21.1384566481234,41.9604808401517,500.));
#4175=CARTESIAN_POINT('Ctrl Pts',(19.8166349854699,42.3078714363648,500.));
#4176=CARTESIAN_POINT('Ctrl Pts',(18.4601758634566,42.6333157909092,500.));
#4177=CARTESIAN_POINT('Ctrl Pts',(17.0653569570382,42.9392252827101,500.));
#4178=CARTESIAN_POINT('Ctrl Pts',(15.6373205941123,43.2251184058716,500.));
#4179=CARTESIAN_POINT('Ctrl Pts',(14.1909361072779,43.4888079833824,500.));
#4180=CARTESIAN_POINT('Ctrl Pts',(12.7523958798527,43.7272846855776,500.));
#4181=CARTESIAN_POINT('Ctrl Pts',(11.3596739950725,43.937648108255,500.));
#4182=CARTESIAN_POINT('Ctrl Pts',(10.0656435997727,44.118182131748,500.));
#4183=CARTESIAN_POINT('Ctrl Pts',(8.93640305540664,44.2690885048805,500.));
#4184=CARTESIAN_POINT('Ctrl Pts',(7.98871380007502,44.3886752133471,500.));
#4185=CARTESIAN_POINT('Ctrl Pts',(7.20940081155172,44.4760626171319,500.));
#4186=CARTESIAN_POINT('Ctrl Pts',(6.55619719465448,44.5321033153934,500.));
#4187=CARTESIAN_POINT('Ctrl Pts',(5.96420829110018,44.5616619362934,500.));
#4188=CARTESIAN_POINT('Ctrl Pts',(5.35540492445161,44.5729286987778,500.));
#4189=CARTESIAN_POINT('Ctrl Pts',(4.65371300006147,44.574556409483,500.));
#4190=CARTESIAN_POINT('Ctrl Pts',(3.80134603421475,44.5728619730244,500.));
#4191=CARTESIAN_POINT('Ctrl Pts',(2.76243596746767,44.5711490510711,500.));
#4192=CARTESIAN_POINT('Ctrl Pts',(1.76558220385433,44.5709393464898,500.));
#4193=CARTESIAN_POINT('Ctrl Pts',(0.92077001628037,44.5715409638851,500.));
#4194=CARTESIAN_POINT('Ctrl Pts',(0.314157146033834,44.5722583559365,500.));
#4195=CARTESIAN_POINT('Ctrl Pts',(0.,44.5726960423861,500.));
#4196=CARTESIAN_POINT('Origin',(59.9878949308483,10.0000001490116,0.));
#4197=CARTESIAN_POINT('',(59.9878949308483,10.0000001490116,500.));
#4198=CARTESIAN_POINT('Origin',(-0.435355308952365,0.,500.));
#4199=CARTESIAN_POINT('Origin',(-0.435355308952365,0.,0.));
#4200=UNCERTAINTY_MEASURE_WITH_UNIT(LENGTH_MEASURE(0.01),#4204,
'DISTANCE_ACCURACY_VALUE',
'Maximum model space distance between geometric entities at asserted c
onnectivities');
#4201=UNCERTAINTY_MEASURE_WITH_UNIT(LENGTH_MEASURE(0.01),#4204,
'DISTANCE_ACCURACY_VALUE',
'Maximum model space distance between geometric entities at asserted c
onnectivities');
#4202=(
GEOMETRIC_REPRESENTATION_CONTEXT(3)
GLOBAL_UNCERTAINTY_ASSIGNED_CONTEXT((#4200))
GLOBAL_UNIT_ASSIGNED_CONTEXT((#4204,#4206,#4207))
REPRESENTATION_CONTEXT('','3D')
);
#4203=(
GEOMETRIC_REPRESENTATION_CONTEXT(3)
GLOBAL_UNCERTAINTY_ASSIGNED_CONTEXT((#4201))
GLOBAL_UNIT_ASSIGNED_CONTEXT((#4204,#4206,#4207))
REPRESENTATION_CONTEXT('','3D')
);
#4204=(
LENGTH_UNIT()
NAMED_UNIT(*)
SI_UNIT(.MILLI.,.METRE.)
);
#4205=(
LENGTH_UNIT()
NAMED_UNIT(*)
SI_UNIT($,.METRE.)
);
#4206=(
NAMED_UNIT(*)
PLANE_ANGLE_UNIT()
SI_UNIT($,.RADIAN.)
);
#4207=(
NAMED_UNIT(*)
SI_UNIT($,.STERADIAN.)
SOLID_ANGLE_UNIT()
);
#4208=SHAPE_DEFINITION_REPRESENTATION(#4209,#4210);
#4209=PRODUCT_DEFINITION_SHAPE('',$,#4212);
#4210=SHAPE_REPRESENTATION('',(#1335),#4202);
#4211=PRODUCT_DEFINITION_CONTEXT('part definition',#4216,'design');
#4212=PRODUCT_DEFINITION('Mast','Mast',#4213,#4211);
#4213=PRODUCT_DEFINITION_FORMATION('',$,#4218);
#4214=PRODUCT_RELATED_PRODUCT_CATEGORY('Mast','Mast',(#4218));
#4215=APPLICATION_PROTOCOL_DEFINITION('international standard',
'automotive_design',2009,#4216);
#4216=APPLICATION_CONTEXT(
'Core Data for Automotive Mechanical Design Process');
#4217=PRODUCT_CONTEXT('part definition',#4216,'mechanical');
#4218=PRODUCT('Mast','Mast',$,(#4217));
#4219=PRESENTATION_STYLE_ASSIGNMENT((#4220));
#4220=SURFACE_STYLE_USAGE(.BOTH.,#4221);
#4221=SURFACE_SIDE_STYLE('',(#4222));
#4222=SURFACE_STYLE_FILL_AREA(#4223);
#4223=FILL_AREA_STYLE('Steel - Satin',(#4224));
#4224=FILL_AREA_STYLE_COLOUR('Steel - Satin',#4225);
#4225=COLOUR_RGB('Steel - Satin',0.627450980392157,0.627450980392157,0.627450980392157);
ENDSEC;
END-ISO-10303-21;
